lat,lon,count,구,소재지지번주소,설치형태
35.07807,126.93794,1,동구,광주광역시 동구 내남동 131,한전주
35.07807,126.93799,1,동구,광주광역시 동구 내남동 131,한전주
35.08085,126.95256,1,동구,광주광역시 동구 선교동 483,한전주
35.08106,126.95139,1,동구,광주광역시 동구 선교동 산189-5,한전주
35.08201,126.93889,1,동구,광주광역시 동구 내남동 876,한전주
35.08245,126.95085,1,동구,광주광역시 동구 선교동 166-5,한전주
35.08287,126.92944,1,동구,광주광역시 동구 내남동 648,한전주
35.08341,126.93956,1,동구,광주광역시 동구 내남동 170-1,한전주
35.0835,126.92977,1,동구,광주광역시 동구 내남동 산128,한전주
35.08388,126.93012,1,동구,광주광역시 동구 내남동 산129,한전주
35.08425,126.9396,1,동구,광주광역시 동구 내남동 172,한전주
35.08624,126.93519,1,동구,광주광역시 동구 내남동 199,한전주
35.08634,126.93817,2,동구,광주광역시 동구 내남동 189-1,한전주
35.08642,126.93883,1,동구,광주광역시 동구 내남동 865-2,한전주
35.08643,126.93927,1,동구,광주광역시 동구 내남동 187-2,전용주
35.08655,126.93737,1,동구,광주광역시 동구 내남동 203-4,한전주
35.08656,126.93605,1,동구,광주광역시 동구 내남동 202,한전주
35.08658,126.93935,2,동구,광주광역시 동구 내남동 187-1,한전주
35.08658,126.93937,1,동구,광주광역시 동구 내남동 187-1,한전주
35.08672,126.94923,1,동구,광주광역시 동구 선교동 202,한전주
35.08676,126.93507,1,동구,광주광역시 동구 내남동 206-1,한전주
35.08677,126.93507,1,동구,광주광역시 동구 내남동 206-1,한전주
35.08677,126.93608,1,동구,광주광역시 동구 내남동 204-1,한전주
35.08678,126.93608,1,동구,광주광역시 동구 내남동 204-1,한전주
35.08685,126.94091,2,동구,광주광역시 동구 내남동 99-8,한전주
35.08702,126.93433,1,동구,광주광역시 동구 내남동 587-3,한전주
35.08723,126.94978,1,동구,광주광역시 동구 선교동 산133-5,한전주
35.08728,126.93301,1,동구,광주광역시 동구 내남동 578-1,한전주
35.08731,126.93339,2,동구,광주광역시 동구 내남동 577-2,한전주
35.08731,126.94128,1,동구,광주광역시 동구 내남동 99-7,한전주
35.08731,126.9413,1,동구,광주광역시 동구 내남동 99-7,한전주
35.08752,126.93312,1,동구,광주광역시 동구 내남동 581-3,한전주
35.08755,126.93245,1,동구,광주광역시 동구 내남동 576,한전주
35.08792,126.95005,1,동구,광주광역시 동구 선교동 산133-1,한전주
35.08797,126.95005,1,동구,광주광역시 동구 선교동 산133-1,한전주
35.08801,126.93211,1,동구,광주광역시 동구 내남동 567-2,한전주
35.0884,126.93172,1,동구,광주광역시 동구 내남동 538-2,한전주
35.08843,126.93178,1,동구,광주광역시 동구 내남동 884,한전주
35.08858,126.95044,1,동구,광주광역시 동구 선교동 268,한전주
35.08864,126.93135,1,동구,광주광역시 동구 내남동 538-1,한전주
35.08869,126.94957,1,동구,광주광역시 동구 선교동 262,전용주
35.08871,126.9314,1,동구,광주광역시 동구 내남동 861,한전주
35.08895,126.93097,1,동구,광주광역시 동구 내남동 537,한전주
35.08898,126.94878,1,동구,광주광역시 동구 선교동 472-24,한전주
35.08903,126.95264,1,동구,광주광역시 동구 선교동 474-2,한전주
35.08923,126.93108,1,동구,광주광역시 동구 내남동 506-1,전용주
35.0893,126.93141,1,동구,광주광역시 동구 내남동 544-1,한전주
35.08934,126.93108,1,동구,광주광역시 동구 내남동 545-2,한전주
35.08934,126.94853,1,동구,광주광역시 동구 선교동 231,한전주
35.08936,126.94829,1,동구,광주광역시 동구 선교동 229,한전주
35.08937,126.93121,1,동구,광주광역시 동구 내남동 545-1,한전주
35.08938,126.93084,1,동구,광주광역시 동구 내남동 505,한전주
35.08954,126.93101,1,동구,광주광역시 동구 내남동 484,한전주
35.08957,126.93154,1,동구,광주광역시 동구 내남동 483-1,한전주
35.08971,126.9492,1,동구,광주광역시 동구 선교동 244,전용주
35.08972,126.93037,1,동구,광주광역시 동구 내남동 499,한전주
35.08974,126.94946,1,동구,광주광역시 동구 선교동 248,한전주
35.08978,126.93009,1,동구,광주광역시 동구 내남동 510-1,한전주
35.08982,126.9497,1,동구,광주광역시 동구 선교동 247,한전주
35.08988,126.92996,1,동구,광주광역시 동구 내남동 511,한전주
35.08996,126.93009,1,동구,광주광역시 동구 내남동 497-1,전용주
35.09003,126.92941,1,동구,광주광역시 동구 내남동 684,한전주
35.09006,126.92941,1,동구,광주광역시 동구 내남동 684,한전주
35.09007,126.93019,1,동구,광주광역시 동구 내남동 496,한전주
35.09013,126.93026,1,동구,광주광역시 동구 내남동 882,한전주
35.09014,126.92863,1,동구,광주광역시 동구 내남동 678,한전주
35.09025,126.92976,1,동구,광주광역시 동구 내남동 470,한전주
35.09027,126.92889,1,동구,광주광역시 동구 내남동 685-1,한전주
35.09034,126.95287,1,동구,광주광역시 동구 선교동 472,전용주
35.0904,126.92964,1,동구,광주광역시 동구 내남동 460,한전주
35.09056,126.92907,1,동구,광주광역시 동구 내남동 696-1,한전주
35.09061,126.92999,1,동구,광주광역시 동구 내남동 462,한전주
35.09063,126.94106,5,동구,광주광역시 동구 내남동 902,전용주
35.09069,126.92897,1,동구,광주광역시 동구 내남동 703,한전주
35.09078,126.92816,1,동구,광주광역시 동구 내남동 887,한전주
35.0908,126.92985,1,동구,광주광역시 동구 내남동 457,한전주
35.09085,126.92896,1,동구,광주광역시 동구 내남동 706,한전주
35.09097,126.92945,1,동구,광주광역시 동구 내남동 692,한전주
35.09103,126.92881,1,동구,광주광역시 동구 내남동 708,건축물
35.09109,126.9389,1,동구,광주광역시 동구 내남동 232-1,한전주
35.09115,126.9549,1,동구,광주광역시 동구 선교동 395-1,한전주
35.09121,126.93939,1,동구,광주광역시 동구 내남동 861-17,전용주
35.09126,126.93907,1,동구,광주광역시 동구 내남동 230,전용주
35.0913,126.95403,1,동구,광주광역시 동구 선교동 404,한전주
35.09132,126.95413,1,동구,광주광역시 동구 선교동 402,한전주
35.09135,126.92691,1,동구,광주광역시 동구 내남동 767-1,한전주
35.09135,126.95544,1,동구,광주광역시 동구 선교동 385-1,전용주
35.09142,126.95451,1,동구,광주광역시 동구 선교동 392,건축물
35.09147,126.93902,1,동구,광주광역시 동구 내남동 235-1,전용주
35.09153,126.95625,1,동구,광주광역시 동구 선교동 473-15,한전주
35.09158,126.93893,1,동구,광주광역시 동구 내남동 236,한전주
35.09166,126.95622,1,동구,광주광역시 동구 선교동 358,한전주
35.09186,126.941,1,동구,광주광역시 동구 내남동 919,한전주
35.09187,126.93948,1,동구,광주광역시 동구 내남동 901,한전주
35.09187,126.95706,1,동구,광주광역시 동구 선교동 13-1,한전주
35.0919,126.9247,2,동구,광주광역시 동구 내남동 891,한전주
35.0919,126.94104,1,동구,광주광역시 동구 내남동 919,한전주
35.0919,126.95652,1,동구,광주광역시 동구 선교동 371,한전주
35.09197,126.94091,4,동구,광주광역시 동구 내남동 907,한전주
35.09199,126.95678,1,동구,광주광역시 동구 선교동 373,건축물
35.09204,126.9387,1,동구,광주광역시 동구 내남동 241-1,한전주
35.09207,126.94119,1,동구,광주광역시 동구 내남동 913,전용주
35.09221,126.93855,1,동구,광주광역시 동구 내남동 248,한전주
35.0923,126.93913,1,동구,광주광역시 동구 내남동 288-1,전용주
35.09236,126.81156,1,서구,전남광주통합특별시 서구 용두동 594,한전주
35.09236,126.93935,1,동구,광주광역시 동구 내남동 285-2,전용주
35.09247,126.93915,1,동구,광주광역시 동구 내남동 284-2,한전주
35.09253,126.81195,1,서구,전남광주통합특별시 서구 용두동 589-1,한전주
35.09257,126.94056,2,동구,광주광역시 동구 내남동 905,한전주
35.09263,126.94072,1,동구,광주광역시 동구 내남동 900,한전주
35.09274,126.93937,1,동구,광주광역시 동구 내남동 283-2,한전주
35.09274,126.94104,1,동구,광주광역시 동구 내남동 28,한전주
35.0928,126.81164,1,서구,전남광주통합특별시 서구 용두동 988-3,한전주
35.0928,126.81165,1,서구,전남광주통합특별시 서구 용두동 988-3,한전주
35.0928,126.94032,1,동구,광주광역시 동구 내남동 898,전용주
35.09284,126.93842,1,동구,광주광역시 동구 내남동 256,한전주
35.09287,126.9398,1,동구,광주광역시 동구 내남동 857-8,전용주
35.09289,126.81202,1,서구,전남광주통합특별시 서구 용두동 588,한전주
35.09291,126.9385,1,동구,광주광역시 동구 내남동 256-1,한전주
35.09294,126.94008,1,동구,광주광역시 동구 내남동 897,한전주
35.09295,126.9417,1,동구,광주광역시 동구 내남동 30,전용주
35.09295,126.94179,1,동구,광주광역시 동구 내남동 30,한전주
35.09298,126.96286,1,동구,광주광역시 동구 용연동 259,한전주
35.09298,126.96335,1,동구,광주광역시 동구 용연동 262,한전주
35.09302,126.95099,1,동구,광주광역시 동구 선교동 산51-1,한전주
35.09303,126.80912,1,서구,전남광주통합특별시 서구 용두동,한전주
35.09306,126.93965,1,동구,광주광역시 동구 내남동 857-33,한전주
35.09314,126.9404,1,동구,광주광역시 동구 내남동 895,한전주
35.09314,126.9638,1,동구,광주광역시 동구 용연동 249,한전주
35.09318,126.9404,1,동구,광주광역시 동구 내남동 895,한전주
35.0932,126.93998,1,동구,광주광역시 동구 내남동 50-5,한전주
35.09326,126.9247,1,동구,광주광역시 동구 내남동 800,한전주
35.09331,126.80949,1,서구,전남광주통합특별시 서구 용두동 608-3,한전주
35.09331,126.81074,1,서구,전남광주통합특별시 서구 용두동 987-4,한전주
35.09332,126.93914,1,동구,광주광역시 동구 내남동 279,한전주
35.09332,126.96389,1,동구,광주광역시 동구 용연동 242-1,한전주
35.09335,126.94026,1,동구,광주광역시 동구 내남동 24,전용주
35.09336,126.81005,1,서구,전남광주통합특별시 서구 용두동 600-11,한전주
35.09337,126.96348,2,동구,광주광역시 동구 용연동 267,한전주
35.09341,126.96428,1,동구,광주광역시 동구 용연동 241-1,한전주
35.09344,126.81477,1,서구,전남광주통합특별시 서구 용두동 578-1,한전주
35.09345,126.96315,1,동구,광주광역시 동구 용연동 650,한전주
35.09347,126.93925,1,동구,광주광역시 동구 내남동 857-28,전용주
35.09354,126.80908,1,서구,전남광주통합특별시 서구 용두동 610-4,한전주
35.09356,126.81035,1,서구,전남광주통합특별시 서구 용두동 987-7,한전주
35.09357,126.81006,1,서구,전남광주통합특별시 서구 용두동 602,한전주
35.09357,126.96393,1,동구,광주광역시 동구 용연동 245,한전주
35.09363,126.82184,1,서구,전남광주통합특별시 서구 용두동 산 80,한전주
35.09364,126.96469,1,동구,광주광역시 동구 용연동 236,한전주
35.09366,126.80937,1,서구,전남광주통합특별시 서구 용두동 606-1,한전주
35.09368,126.96264,1,동구,광주광역시 동구 용연동 278-2,한전주
35.09369,126.81444,1,서구,전남광주통합특별시 서구 용두동 513-2,한전주
35.09374,126.81042,1,서구,전남광주통합특별시 서구 용두동 617-4,한전주
35.09376,126.96194,1,동구,광주광역시 동구 용연동 564,한전주
35.09377,126.94162,1,동구,광주광역시 동구 내남동 산16-1,한전주
35.09377,126.96231,1,동구,광주광역시 동구 용연동 278-1,한전주
35.0938,126.96473,1,동구,광주광역시 동구 용연동 235,한전주
35.09383,126.96267,1,동구,광주광역시 동구 용연동 420,한전주
35.09386,126.96528,1,동구,광주광역시 동구 용연동 209,한전주
35.09393,126.81141,1,서구,전남광주통합특별시 서구 용두동 636-5,한전주
35.09398,126.9638,1,동구,광주광역시 동구 용연동 281-1,한전주
35.09401,126.81158,1,서구,전남광주통합특별시 서구 용두동 637-10,한전주
35.09401,126.81673,1,서구,전남광주통합특별시 서구 용두동 532-22,한전주
35.09403,126.96411,1,동구,광주광역시 동구 용연동 288-1,한전주
35.09403,126.96485,1,동구,광주광역시 동구 용연동 296,한전주
35.09409,126.81414,1,서구,전남광주통합특별시 서구 용두동 512-20,한전주
35.09409,126.94021,1,동구,광주광역시 동구 내남동 299-5,전용주
35.09411,126.96499,1,동구,광주광역시 동구 용연동 298,한전주
35.09414,126.81206,1,서구,전남광주통합특별시 서구 용두동 637-8,한전주
35.09414,126.81271,1,서구,전남광주통합특별시 서구 용두동 649,한전주
35.09416,126.96426,1,동구,광주광역시 동구 용연동 287,한전주
35.09418,126.96602,1,동구,광주광역시 동구 용연동 313,한전주
35.09419,126.81572,1,서구,전남광주통합특별시 서구 용두동 532-18,한전주
35.09419,126.96584,1,동구,광주광역시 동구 용연동 314,한전주
35.09425,126.81089,1,서구,전남광주통합특별시 서구 용두동 622-1,한전주
35.09425,126.96396,1,동구,광주광역시 동구 용연동 285,한전주
35.09427,126.81544,1,서구,전남광주통합특별시 서구 용두동 520-1,한전주
35.09427,126.9629,1,동구,광주광역시 동구 용연동 419,한전주
35.09428,126.80408,1,서구,전남광주통합특별시 서구 용두동 941-2,한전주
35.09433,126.96263,1,동구,광주광역시 동구 용연동 422-1,한전주
35.09433,126.96468,1,동구,광주광역시 동구 용연동 375,전용주
35.09434,126.96557,1,동구,광주광역시 동구 용연동 306,한전주
35.09435,126.81602,1,서구,전남광주통합특별시 서구 용두동 532-13,한전주
35.09436,126.81378,1,서구,전남광주통합특별시 서구 용두동 654-4,한전주
35.09437,126.80868,1,서구,전남광주통합특별시 서구 용두동 613-1,한전주
35.09439,126.81188,1,서구,전남광주통합특별시 서구 용두동 645-4,한전주
35.09444,126.96432,1,동구,광주광역시 동구 용연동 381,한전주
35.09445,126.81218,1,서구,전남광주통합특별시 서구 용두동 645,전용주
35.09446,126.9631,1,동구,광주광역시 동구 용연동 278-7,한전주
35.09447,126.96653,1,동구,광주광역시 동구 용연동 335,한전주
35.0945,126.82622,1,서구,전남광주통합특별시 서구 용두동 68-2,한전주
35.09457,126.81329,1,서구,전남광주통합특별시 서구 용두동 산 102-1,한전주
35.0946,126.81573,1,서구,전남광주통합특별시 서구 용두동 532-5,한전주
35.0946,126.82742,1,서구,전남광주통합특별시 서구 용두동 52-1,한전주
35.0946,126.82743,1,서구,전남광주통합특별시 서구 용두동 52-1,한전주
35.0946,126.96587,1,동구,광주광역시 동구 용연동 649,한전주
35.09462,126.81601,1,서구,전남광주통합특별시 서구 용두동 532-1,한전주
35.09465,126.81609,1,서구,전남광주통합특별시 서구 용두동 532-1,한전주
35.09468,126.81542,1,서구,전남광주통합특별시 서구 용두동 525-2,한전주
35.09477,126.82665,1,서구,전남광주통합특별시 서구 용두동 산 60-3,한전주
35.09478,126.81064,1,서구,전남광주통합특별시 서구 용두동 619-3,한전주
35.09478,126.82215,1,서구,전남광주통합특별시 서구 용두동 산 79-1,한전주
35.09479,126.8156,6,서구,전남광주통합특별시 서구 용두동 980-2,전용주
35.09479,126.82745,1,서구,전남광주통합특별시 서구 용두동 53,한전주
35.09484,126.82086,3,서구,전남광주통합특별시 서구 용두동 100-1,한전주
35.09484,126.8209,1,서구,전남광주통합특별시 서구 용두동 100-1,한전주
35.09501,126.80871,1,서구,전남광주통합특별시 서구 용두동 928,한전주
35.09501,126.80874,1,서구,전남광주통합특별시 서구 용두동 928,한전주
35.09502,126.81344,1,서구,전남광주통합특별시 서구 용두동 656-5,한전주
35.09508,126.81344,1,서구,전남광주통합특별시 서구 용두동 656-5,한전주
35.09512,126.81495,1,서구,전남광주통합특별시 서구 용두동 512-19,전용주
35.09514,126.82613,1,서구,전남광주통합특별시 서구 용두동 66-5,한전주
35.09519,126.82746,1,서구,전남광주통합특별시 서구 용두동 51,한전주
35.09524,126.81429,1,서구,전남광주통합특별시 서구 용두동 512-3,한전주
35.09527,126.96269,1,동구,광주광역시 동구 용연동 427-1,한전주
35.09533,126.82053,1,서구,전남광주통합특별시 서구 용두동 100,한전주
35.0954,126.82763,1,서구,전남광주통합특별시 서구 용두동 40,한전주
35.09545,126.81405,1,서구,전남광주통합특별시 서구 용두동 656-7,한전주
35.09546,126.82587,1,서구,전남광주통합특별시 서구 용두동 65-3,한전주
35.09551,126.82578,1,서구,전남광주통합특별시 서구 용두동 65-5,한전주
35.09561,126.81513,1,서구,전남광주통합특별시 서구 용두동 490-2,한전주
35.09566,126.8177,1,서구,전남광주통합특별시 서구 용두동 451,전용주
35.09567,126.81528,1,서구,전남광주통합특별시 서구 용두동 490-3,전용주
35.09567,126.82071,1,서구,전남광주통합특별시 서구 용두동 90-5,한전주
35.09578,126.81438,1,서구,전남광주통합특별시 서구 용두동 739-40,한전주
35.09584,126.96281,1,동구,광주광역시 동구 용연동 산251-3,한전주
35.09584,126.96284,1,동구,광주광역시 동구 용연동 634-12,한전주
35.09587,126.81741,1,서구,전남광주통합특별시 서구 용두동 458,한전주
35.0959,126.81742,1,서구,전남광주통합특별시 서구 용두동 458,한전주
35.09593,126.82092,1,서구,전남광주통합특별시 서구 용두동 90-1,한전주
35.09606,126.96351,1,동구,광주광역시 동구 용연동 645,한전주
35.09613,126.93903,1,동구,광주광역시 동구 내남동 855-13,한전주
35.09615,126.81711,1,서구,전남광주통합특별시 서구 용두동 979-1,한전주
35.09618,126.81659,1,서구,전남광주통합특별시 서구 용두동 493-1,한전주
35.0962,126.81711,1,서구,전남광주통합특별시 서구 용두동 979-1,한전주
35.09625,126.94007,1,동구,광주광역시 동구 내남동 318,한전주
35.09628,126.81529,1,서구,전남광주통합특별시 서구 용두동 487-4,전용주
35.0963,126.82067,1,서구,전남광주통합특별시 서구 용두동 108-1,한전주
35.09631,126.81682,1,서구,전남광주통합특별시 서구 용두동 474-1,한전주
35.09631,126.94117,1,동구,광주광역시 동구 내남동 10-4,한전주
35.09639,126.81569,1,서구,전남광주통합특별시 서구 용두동 492-6,전용주
35.09639,126.96307,1,동구,광주광역시 동구 용연동 243-8,한전주
35.09641,126.93894,1,동구,광주광역시 동구 내남동 328,한전주
35.09648,126.81707,1,서구,전남광주통합특별시 서구 용두동 470,한전주
35.09649,126.9404,3,동구,광주광역시 동구 내남동 17,한전주
35.09655,126.82034,1,서구,전남광주통합특별시 서구 용두동 107-1,한전주
35.09667,126.96318,1,동구,광주광역시 동구 용연동 243-7,한전주
35.09669,126.81624,1,서구,전남광주통합특별시 서구 용두동 478-4,한전주
35.09671,126.80483,1,서구,전남광주통합특별시 서구 용두동 2375,한전주
35.09671,126.81672,1,서구,전남광주통합특별시 서구 세하동 442-37,전용주
35.09672,126.9632,1,동구,광주광역시 동구 용연동 258-1,한전주
35.09674,126.82073,1,서구,전남광주통합특별시 서구 용두동 116-1,한전주
35.09677,126.81596,1,서구,전남광주통합특별시 서구 용두동 492-3,한전주
35.09684,126.932,1,동구,광주광역시 동구 내남동 409-1,한전주
35.09688,126.80479,1,서구,전남광주통합특별시 서구 용두동 938-4,한전주
35.09695,126.81979,1,서구,전남광주통합특별시 서구 용두동 429-4,한전주
35.09698,126.93877,1,동구,광주광역시 동구 내남동 857-79,한전주
35.09699,126.82496,1,서구,전남광주통합특별시 서구 용두동 78-4,한전주
35.09706,126.82374,1,서구,전남광주통합특별시 서구 용두동 83,한전주
35.09716,126.93933,1,동구,광주광역시 동구 내남동 332,한전주
35.09717,126.93158,1,동구,광주광역시 동구 내남동 400,한전주
35.09721,126.81619,1,서구,전남광주통합특별시 서구 용두동 752-16,한전주
35.09721,126.96335,1,동구,광주광역시 동구 용연동 258-2,한전주
35.09726,126.93188,1,동구,광주광역시 동구 내남동 399-1,한전주
35.09726,126.93207,1,동구,광주광역시 동구 내남동 398,한전주
35.09727,126.9386,1,동구,광주광역시 동구 내남동 857-59,한전주
35.09736,126.93494,1,동구,광주광역시 동구 내남동 393-3,한전주
35.09745,126.93537,1,동구,광주광역시 동구 내남동 349-8,한전주
35.09746,126.82454,1,서구,전남광주통합특별시 서구 용두동 산 53-6,한전주
35.09747,126.81643,1,서구,전남광주통합특별시 서구 용두동 442-50,한전주
35.09752,126.82034,1,서구,전남광주통합특별시 서구 용두동 133-3,한전주
35.09753,126.81954,1,서구,전남광주통합특별시 서구 용두동 422,한전주
35.09755,126.80489,1,서구,전남광주통합특별시 서구 용두동 896-60,한전주
35.09758,126.81973,2,서구,전남광주통합특별시 서구 용두동 978-1,한전주
35.09758,126.96346,1,동구,광주광역시 동구 용연동 649-2,한전주
35.0976,126.93851,1,동구,광주광역시 동구 내남동 867,한전주
35.09763,126.93492,1,동구,광주광역시 동구 내남동 348,한전주
35.09764,126.93568,1,동구,광주광역시 동구 내남동 349-9,한전주
35.09767,126.93403,2,동구,광주광역시 동구 내남동 391-1,한전주
35.09769,126.93273,1,동구,광주광역시 동구 내남동 390,한전주
35.09769,126.93278,1,동구,광주광역시 동구 내남동 390,한전주
35.0977,126.82546,1,서구,전남광주통합특별시 서구 용두동 33-1,한전주
35.09771,126.81956,1,서구,전남광주통합특별시 서구 용두동 418-1,전용주
35.09771,126.93209,1,동구,광주광역시 동구 내남동 386,한전주
35.09772,126.93243,1,동구,광주광역시 동구 내남동 390-1,한전주
35.09775,126.82397,3,서구,전남광주통합특별시 서구 용두동 163-4,전용주
35.09776,126.81918,1,서구,전남광주통합특별시 서구 용두동 417-1,한전주
35.09777,126.81918,1,서구,전남광주통합특별시 서구 용두동 417-1,한전주
35.09793,126.93655,1,동구,광주광역시 동구 내남동 868,한전주
35.09801,126.82469,1,서구,전남광주통합특별시 서구 용두동 157-1,한전주
35.09801,126.93589,1,동구,광주광역시 동구 내남동 349-4,한전주
35.09802,126.96358,1,동구,광주광역시 동구 용연동 259-1,한전주
35.09803,126.82526,1,서구,전남광주통합특별시 서구 용두동 153-1,한전주
35.09805,126.93678,1,동구,광주광역시 동구 내남동 349-5,한전주
35.09807,126.93622,1,동구,광주광역시 동구 내남동 349-1,한전주
35.0982,126.8244,1,서구,전남광주통합특별시 서구 용두동 151-1,한전주
35.09823,126.96371,1,동구,광주광역시 동구 용연동 448-3,한전주
35.09836,126.81795,1,서구,전남광주통합특별시 서구 용두동 409-5,한전주
35.09845,126.80543,1,서구,전남광주통합특별시 서구 용두동 2294,한전주
35.09848,126.81798,3,서구,전남광주통합특별시 서구 용두동 752-15,한전주
35.09849,126.81798,1,서구,전남광주통합특별시 서구 용두동 752-15,한전주
35.09855,126.81887,1,서구,전남광주통합특별시 서구 용두동 415-4,한전주
35.09869,126.82191,1,서구,전남광주통합특별시 서구 용두동 752-11,한전주
35.09876,126.81915,1,서구,전남광주통합특별시 서구 용두동 산 77-2,한전주
35.09881,126.82187,1,서구,전남광주통합특별시 서구 용두동 753-6,한전주
35.09881,126.93793,1,동구,광주광역시 동구 내남동 352-3,전용주
35.09884,126.93792,1,동구,광주광역시 동구 내남동 352-2,한전주
35.09884,126.93793,1,동구,광주광역시 동구 내남동 352-3,한전주
35.0989,126.82358,1,서구,전남광주통합특별시 서구 용두동 산 50-2,한전주
35.09893,126.81953,1,서구,전남광주통합특별시 서구 용두동 산 76-5,한전주
35.09901,126.82287,1,서구,전남광주통합특별시 서구 용두동 748-34,한전주
35.09903,126.8245,1,서구,전남광주통합특별시 서구 용두동 산 50,한전주
35.09904,126.964,1,동구,광주광역시 동구 용연동 227-3,한전주
35.09907,126.82219,1,서구,전남광주통합특별시 서구 용두동 748-12,한전주
35.09925,126.81985,1,서구,전남광주통합특별시 서구 용두동 414-1,한전주
35.09931,126.82028,1,서구,전남광주통합특별시 서구 용두동 산 76-8,한전주
35.09937,126.82134,1,서구,전남광주통합특별시 서구 용두동 산 76-2,한전주
35.09937,126.96401,1,동구,광주광역시 동구 용연동 255-1,한전주
35.09939,126.82348,1,서구,전남광주통합특별시 서구 용두동 163-1,한전주
35.0994,126.82093,1,서구,전남광주통합특별시 서구 용두동 산 76-2,한전주
35.09946,126.96319,1,동구,광주광역시 동구 용연동 643,한전주
35.09947,126.82063,1,서구,전남광주통합특별시 서구 용두동 산 76-8,한전주
35.09952,126.93778,1,동구,광주광역시 동구 내남동 353-2,한전주
35.09956,126.82211,1,서구,전남광주통합특별시 서구 용두동 971-9,한전주
35.0997,126.82418,1,서구,전남광주통합특별시 서구 용두동 165-1,한전주
35.09989,126.93822,1,동구,광주광역시 동구 월남동 167-1,한전주
35.10021,126.82471,1,서구,전남광주통합특별시 서구 용두동 산 48-1,한전주
35.10048,126.94581,1,동구,광주광역시 동구 월남동 145-1,한전주
35.10049,126.82204,2,서구,전남광주통합특별시 서구 용두동 748-20,한전주
35.1005,126.9444,1,동구,광주광역시 동구 월남동 153,한전주
35.10053,126.93772,1,동구,광주광역시 동구 월남동 산 122-2,한전주
35.10053,126.93773,1,동구,광주광역시 동구 월남동 산 122-2,한전주
35.10082,126.82456,1,서구,전남광주통합특별시 서구 용두동 166,한전주
35.10083,126.94547,1,동구,광주광역시 동구 월남동 143,한전주
35.10084,126.93841,1,동구,광주광역시 동구 월남동 642,한전주
35.10084,126.93845,1,동구,광주광역시 동구 월남동 643,한전주
35.10084,126.93849,1,동구,광주광역시 동구 월남동 642,전용주
35.10088,126.94547,1,동구,광주광역시 동구 월남동 143,한전주
35.10089,126.93705,1,동구,광주광역시 동구 월남동 산122,한전주
35.10097,126.8221,1,서구,전남광주통합특별시 서구 용두동 971-4,한전주
35.10123,126.94257,1,동구,광주광역시 동구 월남동 139-1,한전주
35.1014,126.94261,1,동구,광주광역시 동구 월남동 139,한전주
35.10141,126.94261,1,동구,광주광역시 동구 월남동 139,한전주
35.10162,126.9422,1,동구,광주광역시 동구 월남동 139-3,한전주
35.10166,126.94029,1,동구,광주광역시 동구 월남동 185,한전주
35.10169,126.93757,1,동구,광주광역시 동구 월남동 595-35,한전주
35.10174,126.82726,1,서구,전남광주통합특별시 서구 용두동 산 37-4,한전주
35.10183,126.94511,1,동구,광주광역시 동구 월남동 산49,한전주
35.10184,126.94088,1,동구,광주광역시 동구 월남동 136-3,한전주
35.10184,126.94149,2,동구,광주광역시 동구 월남동 136-1,전용주
35.10185,126.82188,1,서구,전남광주통합특별시 서구 용두동 971-2,한전주
35.10189,126.82682,1,서구,전남광주통합특별시 서구 용두동 9,한전주
35.10191,126.93776,1,동구,광주광역시 동구 월남동 595-38,한전주
35.10198,126.94155,1,동구,광주광역시 동구 월남동 136-12,한전주
35.10201,126.9416,2,동구,광주광역시 동구 월남동 136-15,한전주
35.10202,126.93748,1,동구,광주광역시 동구 월남동 595-11,한전주
35.10203,126.94222,1,동구,광주광역시 동구 월남동 64,한전주
35.10216,126.93745,1,동구,광주광역시 동구 월남동 595-31,한전주
35.10225,126.82748,1,서구,전남광주통합특별시 서구 용두동 8-7,한전주
35.10226,126.82153,1,서구,전남광주통합특별시 서구 용두동 144,한전주
35.10227,126.93989,1,동구,광주광역시 동구 월남동 187-1,한전주
35.10228,126.94049,1,동구,광주광역시 동구 월남동 186-3,한전주
35.10229,126.94104,1,동구,광주광역시 동구 월남동 116-1,전용주
35.10236,126.8351,2,서구,전남광주통합특별시 서구 서창동 31,한전주
35.10236,126.9407,1,동구,광주광역시 동구 월남동 116,한전주
35.10241,126.81882,1,서구,전남광주통합특별시 서구 용두동 산 23,한전주
35.10263,126.94137,1,동구,광주광역시 동구 월남동 121-1,한전주
35.10267,126.80709,1,서구,전남광주통합특별시 서구 용두동 857-18,한전주
35.10271,126.81866,1,서구,전남광주통합특별시 서구 용두동 314,한전주
35.10273,126.94095,1,동구,광주광역시 동구 월남동 113-2,전용주
35.10274,126.83654,1,서구,전남광주통합특별시 서구 서창동 산 91,한전주
35.10279,126.8272,1,서구,전남광주통합특별시 서구 용두동 산37-9,한전주
35.10281,126.94107,1,동구,광주광역시 동구 월남동 113,한전주
35.10283,126.93702,1,동구,광주광역시 동구 월남동 595-8,한전주
35.10291,126.82131,1,서구,전남광주통합특별시 서구 용두동 214-2,한전주
35.10294,126.94187,1,동구,광주광역시 동구 월남동 125-1,한전주
35.10305,126.93692,1,동구,광주광역시 동구 월남동 595-43,한전주
35.10307,126.93521,1,동구,광주광역시 동구 월남동 278-4,한전주
35.10321,126.81813,1,서구,전남광주통합특별시 서구 용두동 753-2,한전주
35.10321,126.8182,1,서구,전남광주통합특별시 서구 용두동 753-2,한전주
35.10326,126.9424,1,동구,광주광역시 동구 월남동 106,한전주
35.10338,126.93539,1,동구,광주광역시 동구 월남동 215,한전주
35.1034,126.94286,1,동구,광주광역시 동구 월남동 104,한전주
35.10354,126.93656,1,동구,광주광역시 동구 월남동 214,한전주
35.10359,126.80969,1,서구,전남광주통합특별시 서구 용두동 2145,한전주
35.10359,126.94328,1,동구,광주광역시 동구 월남동 99,한전주
35.1036,126.83494,1,서구,전남광주통합특별시 서구 서창동 34,한전주
35.10362,126.81793,2,서구,전남광주통합특별시 서구 용두동 732-18,한전주
35.10363,126.81817,1,서구,전남광주통합특별시 서구 용두동 975-5,한전주
35.10366,126.82119,1,서구,전남광주통합특별시 서구 용두동 산126-1,한전주
35.10367,126.935,1,동구,광주광역시 동구 월남동 산 126-2,한전주
35.10383,126.81855,2,서구,전남광주통합특별시 서구 용두동 산 14-2,전용주
35.10384,126.83513,1,서구,전남광주통합특별시 서구 서창동 35,한전주
35.10387,126.83444,2,서구,전남광주통합특별시 서구 서창동 38,한전주
35.10422,126.92834,1,동구,광주광역시 동구 월남동 523,한전주
35.10422,126.9352,1,동구,광주광역시 동구 월남동 278-2,한전주
35.10424,126.93593,1,동구,광주광역시 동구 월남동 220,한전주
35.1043,126.93606,1,동구,광주광역시 동구 월남동 220-4,한전주
35.10432,126.81806,1,서구,전남광주통합특별시 서구 용두동 306,한전주
35.10436,126.83481,1,서구,전남광주통합특별시 서구 서창동 37-1,한전주
35.10437,126.83448,1,서구,전남광주통합특별시 서구 서창동 40-1,한전주
35.10438,126.83375,1,서구,전남광주통합특별시 서구 서창동 46,한전주
35.10438,126.93416,1,동구,광주광역시 동구 월남동 374,한전주
35.10439,126.8348,1,서구,전남광주통합특별시 서구 서창동 37-1,한전주
35.10439,126.92751,1,동구,광주광역시 동구 월남동 516,한전주
35.1044,126.93436,1,동구,광주광역시 동구 월남동 380-2,한전주
35.10442,126.93579,1,동구,광주광역시 동구 월남동 223-13,한전주
35.10443,126.81923,1,서구,전남광주통합특별시 서구 용두동 258-2,전용주
35.10445,126.93531,1,동구,광주광역시 동구 월남동 278-1,한전주
35.10465,126.93409,1,동구,광주광역시 동구 월남동 373,한전주
35.10466,126.81857,1,서구,전남광주통합특별시 서구 용두동 산 14-5,한전주
35.10467,126.81107,1,서구,전남광주통합특별시 서구 용두동 805-14,한전주
35.10479,126.818,1,서구,전남광주통합특별시 서구 용두동 280-2,한전주
35.10479,126.9346,1,동구,광주광역시 동구 월남동 292,한전주
35.10481,126.93479,1,동구,광주광역시 동구 월남동 290,한전주
35.10485,126.93422,1,동구,광주광역시 동구 월남동 293-1,전용주
35.10488,126.9332,1,동구,광주광역시 동구 월남동 280-4,한전주
35.10492,126.8188,1,서구,전남광주통합특별시 서구 용두동 258,한전주
35.10493,126.81976,1,서구,전남광주통합특별시 서구 용두동 255-2,한전주
35.10496,126.83375,1,서구,전남광주통합특별시 서구 서창동 115-7,한전주
35.10497,126.92904,1,동구,광주광역시 동구 월남동 395,건축물
35.10497,126.9345,1,동구,광주광역시 동구 월남동 289,한전주
35.10498,126.93344,1,동구,광주광역시 동구 월남동 281,한전주
35.10501,126.92767,1,동구,광주광역시 동구 월남동 475-1,한전주
35.10505,126.81711,1,서구,전남광주통합특별시 서구 용두동 1995,한전주
35.10507,126.93491,1,동구,광주광역시 동구 월남동 260,한전주
35.10508,126.82105,1,서구,전남광주통합특별시 서구 서창동 378-2,한전주
35.10511,126.81977,1,서구,전남광주통합특별시 서구 용두동 254,한전주
35.10513,126.83409,1,서구,전남광주통합특별시 서구 서창동 115-2,한전주
35.10513,126.93714,1,동구,광주광역시 동구 월남동 620,한전주
35.10516,126.93416,1,동구,광주광역시 동구 월남동 287,한전주
35.10521,126.81995,1,서구,전남광주통합특별시 서구 용두동 산 7,한전주
35.10521,126.92723,1,동구,광주광역시 동구 월남동 464,한전주
35.10523,126.92667,1,동구,광주광역시 동구 월남동 459,한전주
35.10524,126.93345,1,동구,광주광역시 동구 월남동 276,전용주
35.10525,126.83435,1,서구,전남광주통합특별시 서구 서창동 157-1,한전주
35.10526,126.8347,1,서구,전남광주통합특별시 서구 서창동 159,한전주
35.10539,126.82099,1,서구,전남광주통합특별시 서구 서창동 1045,한전주
35.1054,126.83386,1,서구,전남광주통합특별시 서구 서창동 156-2,한전주
35.10546,126.81306,1,서구,전남광주통합특별시 서구 용두동 2329,한전주
35.10546,126.93326,1,동구,광주광역시 동구 월남동 278,한전주
35.10548,126.92874,1,동구,광주광역시 동구 월남동 403-1,한전주
35.10551,126.81675,1,서구,전남광주통합특별시 서구 용두동 1993,한전주
35.10557,126.93372,1,동구,광주광역시 동구 월남동 271,전용주
35.10559,126.92858,2,동구,광주광역시 동구 월남동 606-9,한전주
35.1057,126.93353,1,동구,광주광역시 동구 월남동 270-1,한전주
35.10572,126.83422,1,서구,전남광주통합특별시 서구 서창동 153,한전주
35.10579,126.82096,1,서구,전남광주통합특별시 서구 서창동 376-4,한전주
35.10585,126.93,1,동구,광주광역시 동구 월남동 370-1,한전주
35.10587,126.93,1,동구,광주광역시 동구 월남동 370-1,한전주
35.10597,126.92927,1,동구,광주광역시 동구 월남동 370-5,한전주
35.10598,126.93402,1,동구,광주광역시 동구 월남동 268-1,한전주
35.10601,126.93315,1,동구,광주광역시 동구 월남동 316,한전주
35.10602,126.93282,1,동구,광주광역시 동구 월남동 318,전용주
35.10606,126.83371,1,서구,전남광주통합특별시 서구 서창동 125-3,한전주
35.10606,126.83377,1,서구,전남광주통합특별시 서구 서창동 125-3,한전주
35.10608,126.93298,1,동구,광주광역시 동구 월남동 317,한전주
35.10615,126.82089,1,서구,전남광주통합특별시 서구 서창동 산 129-3,한전주
35.10617,126.93332,1,동구,광주광역시 동구 월남동 330-1,한전주
35.10636,126.81683,1,서구,전남광주통합특별시 서구 용두동 2310,전용주
35.10639,126.93245,1,동구,광주광역시 동구 월남동 606-11,한전주
35.10644,126.93251,1,동구,광주광역시 동구 월남동 347-2,한전주
35.1065,126.83335,1,서구,전남광주통합특별시 서구 서창동 127-1,한전주
35.10651,126.81514,1,서구,전남광주통합특별시 서구 용두동 234-15,한전주
35.10652,126.93377,1,동구,광주광역시 동구 월남동 222-4,한전주
35.10662,126.82161,1,서구,전남광주통합특별시 서구 서창동 1042-5,한전주
35.10664,126.8326,1,서구,전남광주통합특별시 서구 서창동 101-1,한전주
35.10664,126.83409,1,서구,전남광주통합특별시 서구 서창동 140,한전주
35.10665,126.82161,1,서구,전남광주통합특별시 서구 서창동 1042-5,한전주
35.10667,126.82093,1,서구,전남광주통합특별시 서구 서창동 383-4,한전주
35.10669,126.93302,1,동구,광주광역시 동구 월남동 345-4,한전주
35.10673,126.8241,1,서구,전남광주통합특별시 서구 서창동 393-1,한전주
35.10674,126.82113,1,서구,전남광주통합특별시 서구 서창동 384-4,한전주
35.10678,126.93341,1,동구,광주광역시 동구 월남동 340-2,한전주
35.10688,126.824,3,서구,전남광주통합특별시 서구 서창동 1039-21,한전주
35.1069,126.82239,2,서구,전남광주통합특별시 서구 서창동 427-40,한전주
35.10694,126.81995,1,서구,전남광주통합특별시 서구 용두동 245-6,한전주
35.107,126.82391,1,서구,전남광주통합특별시 서구 서창동 424-4,한전주
35.10701,126.83282,2,서구,전남광주통합특별시 서구 서창동 1033-6,한전주
35.10702,126.83362,2,서구,전남광주통합특별시 서구 서창동 1037,한전주
35.10702,126.83367,1,서구,전남광주통합특별시 서구 서창동 1037,한전주
35.10704,126.93338,1,동구,광주광역시 동구 월남동 345,한전주
35.10708,126.8317,1,서구,전남광주통합특별시 서구 서창동 93-1,한전주
35.1071,126.83105,1,서구,전남광주통합특별시 서구 서창동 91-1,한전주
35.10714,126.82101,1,서구,전남광주통합특별시 서구 서창동 427-19,한전주
35.10715,126.82204,1,서구,전남광주통합특별시 서구 서창동 427-50,한전주
35.10716,126.83521,1,서구,전남광주통합특별시 서구 서창동 191,한전주
35.10723,126.82115,1,서구,전남광주통합특별시 서구 서창동 427-7,한전주
35.10725,126.81693,1,서구,전남광주통합특별시 서구 용두동 2308,한전주
35.1073,126.82276,1,서구,전남광주통합특별시 서구 서창동 464-3,한전주
35.10738,126.82398,1,서구,전남광주통합특별시 서구 서창동 402-1,한전주
35.1075,126.82334,1,서구,전남광주통합특별시 서구 서창동 416-8,한전주
35.1075,126.82404,1,서구,전남광주통합특별시 서구 서창동 403-2,전용주
35.10756,126.82371,1,서구,전남광주통합특별시 서구 서창동 406-2,전용주
35.10759,126.82422,1,서구,전남광주통합특별시 서구 서창동 404,전용주
35.10761,126.82068,12,서구,전남광주통합특별시 서구 서창동 1039,한전주
35.10763,126.82068,1,서구,전남광주통합특별시 서구 서창동 1039,한전주
35.10764,126.82352,1,서구,전남광주통합특별시 서구 서창동 415-2,한전주
35.10765,126.8219,1,서구,전남광주통합특별시 서구 서창동 455-1,전용주
35.10766,126.82068,1,서구,전남광주통합특별시 서구 서창동 1039,한전주
35.10775,126.82458,1,서구,전남광주통합특별시 서구 서창동 산 26-3,전용주
35.10777,126.82458,1,서구,전남광주통합특별시 서구 서창동 산 26-3,전용주
35.10779,126.83019,1,서구,전남광주통합특별시 서구 서창동 92-2,한전주
35.1078,126.82238,1,서구,전남광주통합특별시 서구 서창동 462,한전주
35.1078,126.82253,1,서구,전남광주통합특별시 서구 서창동 463-4,전용주
35.10782,126.82315,1,서구,전남광주통합특별시 서구 서창동 1039-12,전용주
35.10783,126.81941,1,서구,전남광주통합특별시 서구 서창동 1042,한전주
35.10789,126.82389,1,서구,전남광주통합특별시 서구 서창동 408,한전주
35.10794,126.81939,1,서구,전남광주통합특별시 서구 서창동 814-12,한전주
35.10794,126.82054,1,서구,전남광주통합특별시 서구 서창동 437-3,한전주
35.10798,126.82081,1,서구,전남광주통합특별시 서구 서창동 438-13,한전주
35.10798,126.82232,1,서구,전남광주통합특별시 서구 서창동 460-1,전용주
35.10804,126.9338,1,동구,광주광역시 동구 용산동 41-1,한전주
35.10805,126.81843,2,서구,전남광주통합특별시 서구 용두동 243-7,한전주
35.10808,126.82428,1,서구,전남광주통합특별시 서구 서창동 506-3,전용주
35.1081,126.82459,1,서구,전남광주통합특별시 서구 서창동 1078,전용주
35.10814,126.82307,1,서구,전남광주통합특별시 서구 서창동 490-1,한전주
35.10816,126.82007,1,서구,전남광주통합특별시 서구 서창동 582-7,한전주
35.10817,126.82506,1,서구,전남광주통합특별시 서구 서창동 1079,전용주
35.10817,126.93376,1,동구,광주광역시 동구 용산동 61-2,한전주
35.1082,126.81945,1,서구,전남광주통합특별시 서구 서창동 813-1,한전주
35.10821,126.82521,1,서구,전남광주통합특별시 서구 서창동 1081,전용주
35.10823,126.82371,1,서구,전남광주통합특별시 서구 서창동 1039-18,한전주
35.10823,126.82374,1,서구,전남광주통합특별시 서구 서창동 1039-18,한전주
35.10827,126.82051,1,서구,전남광주통합특별시 서구 서창동 579-3,전용주
35.10829,126.82069,1,서구,전남광주통합특별시 서구 서창동 577-2,한전주
35.1083,126.82249,1,서구,전남광주통합특별시 서구 서창동 548-8,한전주
35.1083,126.83026,2,서구,전남광주통합특별시 서구 서창동 92-4,한전주
35.10834,126.82416,1,서구,전남광주통합특별시 서구 서창동 508,전용주
35.10834,126.82542,1,서구,전남광주통합특별시 서구 서창동 1085,전용주
35.10835,126.82213,1,서구,전남광주통합특별시 서구 서창동 552-4,한전주
35.10835,126.82216,1,서구,전남광주통합특별시 서구 서창동 552-4,한전주
35.10838,126.82419,1,서구,전남광주통합특별시 서구 서창동 500-2,한전주
35.10842,126.81915,1,서구,전남광주통합특별시 서구 서창동 814-6,한전주
35.10843,126.82097,1,서구,전남광주통합특별시 서구 서창동 574,한전주
35.10849,126.82276,1,서구,전남광주통합특별시 서구 서창동 548-5,전용주
35.1085,126.8397,1,서구,전남광주통합특별시 서구 서창동 산 59,한전주
35.10852,126.82242,1,서구,전남광주통합특별시 서구 서창동 548-7,한전주
35.10852,126.8397,1,서구,전남광주통합특별시 서구 서창동 산 59,한전주
35.10854,126.93361,1,동구,광주광역시 동구 용산동 60-1,한전주
35.10855,126.82012,1,서구,전남광주통합특별시 서구 서창동 584-3,전용주
35.10856,126.82126,1,서구,전남광주통합특별시 서구 서창동 562-2,전용주
35.10856,126.82134,1,서구,전남광주통합특별시 서구 서창동 563-1,전용주
35.10858,126.82053,1,서구,전남광주통합특별시 서구 서창동 586,전용주
35.10859,126.82396,1,서구,전남광주통합특별시 서구 서창동 497,전용주
35.10859,126.83645,1,서구,전남광주통합특별시 서구 서창동 197,한전주
35.10861,126.82271,1,서구,전남광주통합특별시 서구 서창동 533-1,한전주
35.10863,126.83799,1,서구,전남광주통합특별시 서구 서창동 4-1,한전주
35.10867,126.82366,1,서구,전남광주통합특별시 서구 서창동 493,한전주
35.10868,126.82173,1,서구,전남광주통합특별시 서구 서창동 산 4-1,한전주
35.10869,126.82195,1,서구,전남광주통합특별시 서구 서창동 555-4,한전주
35.10871,126.82216,1,서구,전남광주통합특별시 서구 서창동 544,전용주
35.10872,126.82015,1,서구,전남광주통합특별시 서구 서창동 588-1,한전주
35.10872,126.82182,1,서구,전남광주통합특별시 서구 서창동 산 4-4,한전주
35.10873,126.82297,1,서구,전남광주통합특별시 서구 서창동 532,전용주
35.10876,126.81989,1,서구,전남광주통합특별시 서구 서창동 589-5,한전주
35.10882,126.82374,1,서구,전남광주통합특별시 서구 서창동 494,전용주
35.10886,126.82121,1,서구,전남광주통합특별시 서구 서창동 570,전용주
35.10886,126.8234,1,서구,전남광주통합특별시 서구 서창동 531-5,전용주
35.10889,126.82177,1,서구,전남광주통합특별시 서구 서창동 산 4-1,한전주
35.10891,126.82946,1,서구,전남광주통합특별시 서구 서창동 259-1,한전주
35.10894,126.82317,1,서구,전남광주통합특별시 서구 서창동 산 10-1,전용주
35.10894,126.93368,1,동구,광주광역시 동구 용산동 59-1,전용주
35.10898,126.82378,1,서구,전남광주통합특별시 서구 서창동 산 17-4,전용주
35.109,126.93378,1,동구,광주광역시 동구 용산동 58-2,한전주
35.10901,126.8223,1,서구,전남광주통합특별시 서구 서창동 537-3,전용주
35.10903,126.82241,1,서구,전남광주통합특별시 서구 서창동 산 10-9,전용주
35.10906,126.83605,1,서구,전남광주통합특별시 서구 서창동 199,한전주
35.10909,126.83605,1,서구,전남광주통합특별시 서구 서창동 199,한전주
35.10911,126.821,1,서구,전남광주통합특별시 서구 서창동 597-1,한전주
35.10912,126.82258,1,서구,전남광주통합특별시 서구 서창동 산 10-9,한전주
35.10913,126.82122,1,서구,전남광주통합특별시 서구 서창동 564-6,한전주
35.10921,126.8209,1,서구,전남광주통합특별시 서구 서창동 595-2,한전주
35.10921,126.82274,1,서구,전남광주통합특별시 서구 서창동 산 8-7,전용주
35.10921,126.93376,1,동구,광주광역시 동구 용산동 58-1,한전주
35.10926,126.82349,1,서구,전남광주통합특별시 서구 서창동 산 8-7,전용주
35.10927,126.82936,1,서구,전남광주통합특별시 서구 서창동 260-8,한전주
35.1093,126.83527,1,서구,전남광주통합특별시 서구 서창동 200-1,한전주
35.10933,126.82206,1,서구,전남광주통합특별시 서구 서창동 산 8-3,한전주
35.10933,126.82299,1,서구,전남광주통합특별시 서구 서창동 산 8-7,전용주
35.10934,126.82251,2,서구,전남광주통합특별시 서구 서창동 산 8-1,전용주
35.10939,126.82341,1,서구,전남광주통합특별시 서구 서창동 산 8-7,전용주
35.10944,126.82319,1,서구,전남광주통합특별시 서구 서창동 산 8-7,전용주
35.10944,126.82336,1,서구,전남광주통합특별시 서구 서창동 산 8-7,한전주
35.10945,126.82389,1,서구,전남광주통합특별시 서구 서창동 525-1,한전주
35.10947,126.82191,1,서구,전남광주통합특별시 서구 서창동 564-8,한전주
35.10956,126.85995,1,서구,전남광주통합특별시 서구 매월동 663-22,한전주
35.10958,126.85992,1,서구,전남광주통합특별시 서구 매월동 663-22,한전주
35.10966,126.82429,1,서구,전남광주통합특별시 서구 서창동 산 24-3,한전주
35.10968,126.82365,1,서구,전남광주통합특별시 서구 서창동 525-2,한전주
35.10972,126.82237,1,서구,전남광주통합특별시 서구 서창동 산 7-4,한전주
35.10975,126.93388,1,동구,광주광역시 동구 용산동 55-1,한전주
35.10977,126.83563,1,서구,전남광주통합특별시 서구 서창동 206-3,한전주
35.11004,126.82275,1,서구,전남광주통합특별시 서구 서창동 산 7-3,한전주
35.11011,126.83641,1,서구,전남광주통합특별시 서구 서창동 206-5,한전주
35.11011,126.83642,1,서구,전남광주통합특별시 서구 서창동 206-5,한전주
35.11011,126.84884,3,서구,전남광주통합특별시 서구 매월동 750-3,한전주
35.11017,126.82319,1,서구,전남광주통합특별시 서구 서창동 산 22-2,한전주
35.11027,126.82895,1,서구,전남광주통합특별시 서구 서창동 263-3,한전주
35.11034,126.93394,1,동구,광주광역시 동구 용산동 73-1,한전주
35.11037,126.93396,1,동구,광주광역시 동구 용산동 73-1,한전주
35.1104,126.82358,1,서구,전남광주통합특별시 서구 서창동 산 24-2,한전주
35.11047,126.82354,1,서구,전남광주통합특별시 서구 세하동 924-1,한전주
35.11055,126.83617,1,서구,전남광주통합특별시 서구 서창동 산 56,한전주
35.11061,126.82934,1,서구,전남광주통합특별시 서구 서창동 1033-2,한전주
35.11063,126.83653,1,서구,전남광주통합특별시 서구 서창동 산 58-2,한전주
35.11065,126.82419,1,서구,전남광주통합특별시 서구 서창동 523-2,한전주
35.11077,126.83473,1,서구,전남광주통합특별시 서구 서창동 1035,한전주
35.11081,126.829,1,서구,전남광주통합특별시 서구 세하동 569-11,한전주
35.11083,126.82901,1,서구,전남광주통합특별시 서구 세하동 569-16,전용주
35.11084,126.82405,1,서구,전남광주통합특별시 서구 세하동 586-4,한전주
35.11091,126.82915,1,서구,전남광주통합특별시 서구 세하동 602-2,한전주
35.11092,126.93388,2,동구,광주광역시 동구 용산동 75-1,한전주
35.11093,126.82499,1,서구,전남광주통합특별시 서구 세하동 607-2,한전주
35.11095,126.82499,1,서구,전남광주통합특별시 서구 세하동 607-2,한전주
35.11095,126.85979,1,서구,전남광주통합특별시 서구 매월동 742,한전주
35.11097,126.85412,1,서구,전남광주통합특별시 서구 매월동 637,한전주
35.11097,126.86,1,서구,전남광주통합특별시 서구 매월동 39-2,한전주
35.11101,126.82644,1,서구,전남광주통합특별시 서구 서창동 522-7,한전주
35.11101,126.83771,1,서구,전남광주통합특별시 서구 매월동 762,한전주
35.11103,126.83081,1,서구,전남광주통합특별시 서구 서창동 252-12,한전주
35.11106,126.82548,1,서구,전남광주통합특별시 서구 세하동 605-2,한전주
35.11106,126.82678,1,서구,전남광주통합특별시 서구 서창동 522-8,한전주
35.11115,126.82774,2,서구,전남광주통합특별시 서구 세하동 924-3,한전주
35.11115,126.84071,1,서구,전남광주통합특별시 서구 매월동 734-1,한전주
35.11117,126.82774,1,서구,전남광주통합특별시 서구 세하동 924-3,한전주
35.11123,126.82643,1,서구,전남광주통합특별시 서구 서창동 산 48-4,한전주
35.11123,126.93238,1,동구,광주광역시 동구 용산동 산300-1,한전주
35.11124,126.82633,4,서구,전남광주통합특별시 서구 서창동 523-15,전용주
35.11128,126.85394,5,서구,전남광주통합특별시 서구 매월동 742-6,한전주
35.11128,126.85948,1,서구,전남광주통합특별시 서구 매월동 741-13,한전주
35.1113,126.82726,1,서구,전남광주통합특별시 서구 서창동 산 49-2,한전주
35.11131,126.93147,1,동구,광주광역시 동구 용산동 90-1,한전주
35.11135,126.83931,1,서구,전남광주통합특별시 서구 매월동 756,한전주
35.11149,126.85331,1,서구,전남광주통합특별시 서구 매월동 699,한전주
35.11156,126.83071,1,서구,전남광주통합특별시 서구 서창동 산 53,한전주
35.11158,126.83251,1,서구,전남광주통합특별시 서구 서창동 산 54-3,한전주
35.1117,126.82983,1,서구,전남광주통합특별시 서구 세하동 산 95-3,한전주
35.11179,126.82752,1,서구,전남광주통합특별시 서구 세하동 523-15,전용주
35.11183,126.93233,1,동구,광주광역시 동구 용산동 91,한전주
35.11184,126.85314,1,서구,전남광주통합특별시 서구 매월동 750-5,한전주
35.11201,126.93255,1,동구,광주광역시 동구 용산동 651,한전주
35.11206,126.93282,2,동구,광주광역시 동구 용산동 101,한전주
35.1121,126.85239,2,서구,전남광주통합특별시 서구 매월동 488-1,한전주
35.11223,126.85548,1,서구,전남광주통합특별시 서구 매월동 621-09,전용주
35.11223,126.85636,1,서구,전남광주통합특별시 서구 매월동 621-20,전용주
35.11225,126.84147,1,서구,전남광주통합특별시 서구 매월동 367,한전주
35.11226,126.85081,1,서구,전남광주통합특별시 서구 매월동 486,한전주
35.11227,126.85636,1,서구,전남광주통합특별시 서구 매월동 621-20,한전주
35.11231,126.84742,1,서구,전남광주통합특별시 서구 매월동 466-7,한전주
35.11232,126.84129,1,서구,전남광주통합특별시 서구 매월동 367-1,전용주
35.11235,126.84623,1,서구,전남광주통합특별시 서구 매월동 466-1,한전주
35.11238,126.82919,1,서구,전남광주통합특별시 서구 세하동 523-15,전용주
35.1125,126.84623,2,서구,전남광주통합특별시 서구 매월동 758-3,한전주
35.11252,126.85662,2,서구,전남광주통합특별시 서구 매월동 621-13,한전주
35.11257,126.81735,1,서구,전남광주통합특별시 서구 서창동 1048,한전주
35.11264,126.82952,1,서구,전남광주통합특별시 서구 세하동 543-7,전용주
35.11267,126.8481,1,서구,전남광주통합특별시 서구 매월동 711-2,한전주
35.1127,126.82934,1,서구,전남광주통합특별시 서구 세하동 523-15,전용주
35.11276,126.84808,3,서구,전남광주통합특별시 서구 매월동 758,한전주
35.11277,126.84446,1,서구,전남광주통합특별시 서구 매월동 산 146-2,한전주
35.11278,126.84847,1,서구,전남광주통합특별시 서구 매월동 475-2,한전주
35.1128,126.84588,1,서구,전남광주통합특별시 서구 매월동 461-2,한전주
35.11283,126.84905,1,서구,전남광주통합특별시 서구 매월동 484-2,한전주
35.11286,126.84257,1,서구,전남광주통합특별시 서구 매월동 378,한전주
35.1129,126.84987,1,서구,전남광주통합특별시 서구 매월동 482-4,한전주
35.11294,126.84935,1,서구,전남광주통합특별시 서구 매월동 483-2,한전주
35.11295,126.84477,1,서구,전남광주통합특별시 서구 매월동 375-3,전용주
35.11298,126.82953,1,서구,전남광주통합특별시 서구 세하동 542-9,한전주
35.11305,126.83035,1,서구,전남광주통합특별시 서구 세하동 532,한전주
35.11306,126.84975,1,서구,전남광주통합특별시 서구 매월동 481-3,한전주
35.11315,126.84567,1,서구,전남광주통합특별시 서구 매월동 460-10,한전주
35.11318,126.85049,1,서구,전남광주통합특별시 서구 매월동 498-3,한전주
35.11326,126.82956,1,서구,전남광주통합특별시 서구 세하동 548-2,한전주
35.11328,126.9553,1,동구,광주광역시 동구 소태동 37-5,한전주
35.11331,126.85642,7,서구,전남광주통합특별시 서구 매월동 621-12,한전주
35.11344,126.84507,1,서구,전남광주통합특별시 서구 매월동 460-5,한전주
35.11345,126.85192,1,서구,전남광주통합특별시 서구 매월동 492-4,한전주
35.1135,126.84962,1,서구,전남광주통합특별시 서구 매월동 742-1,전용주
35.1135,126.95447,1,동구,광주광역시 동구 소태동 41,한전주
35.11351,126.92226,2,동구,광주광역시 동구 용산동 649-14,한전주
35.11359,126.84962,1,서구,전남광주통합특별시 서구 매월동 742-1,전용주
35.11363,126.81653,2,서구,전남광주통합특별시 서구 서창동 1049,한전주
35.11363,126.84938,1,서구,전남광주통합특별시 서구 매월동 499-3,한전주
35.11364,126.85282,1,서구,전남광주통합특별시 서구 매월동 산 85-2,한전주
35.11365,126.81657,1,서구,전남광주통합특별시 서구 서창동 1049,한전주
35.11365,126.84567,1,서구,전남광주통합특별시 서구 매월동 423-2,한전주
35.11366,126.84434,1,서구,전남광주통합특별시 서구 매월동 394,한전주
35.11366,126.95333,1,동구,광주광역시 동구 소태동 45,한전주
35.11369,126.84938,1,서구,전남광주통합특별시 서구 매월동 499-3,전용주
35.1137,126.85309,1,서구,전남광주통합특별시 서구 매월동 산 85-2,한전주
35.11372,126.84416,1,서구,전남광주통합특별시 서구 매월동 761-2,전용주
35.11378,126.84576,1,서구,전남광주통합특별시 서구 매월동 424-1,한전주
35.11379,126.84627,4,서구,전남광주통합특별시 서구 매월동 458-2,한전주
35.11382,126.82979,1,서구,전남광주통합특별시 서구 세하동 549-6,한전주
35.11382,126.92233,1,동구,광주광역시 동구 용산동 482,한전주
35.11385,126.84605,1,서구,전남광주통합특별시 서구 매월동 438-1,한전주
35.11385,126.8488,3,서구,전남광주통합특별시 서구 매월동 507,한전주
35.11386,126.84516,1,서구,전남광주통합특별시 서구 매월동 403,한전주
35.1139,126.84576,1,서구,전남광주통합특별시 서구 매월동 427,한전주
35.11393,126.84527,1,서구,전남광주통합특별시 서구 매월동 421,한전주
35.114,126.84636,4,서구,전남광주통합특별시 서구 매월동 756-7,한전주
35.11403,126.84636,1,서구,전남광주통합특별시 서구 매월동 756-7,한전주
35.11405,126.82979,1,서구,전남광주통합특별시 서구 세하동 549-10,한전주
35.11409,126.84567,1,서구,전남광주통합특별시 서구 매월동 428,한전주
35.1141,126.82937,1,서구,전남광주통합특별시 서구 세하동 566-1,한전주
35.11411,126.92164,1,동구,광주광역시 동구 용산동 466,한전주
35.11415,126.92197,1,동구,광주광역시 동구 용산동 467,한전주
35.11416,126.8296,1,서구,전남광주통합특별시 서구 세하동 920-10,한전주
35.1142,126.84525,1,서구,전남광주통합특별시 서구 매월동 419,한전주
35.11422,126.95177,1,동구,광주광역시 동구 소태동 50,한전주
35.11426,126.84729,1,서구,전남광주통합특별시 서구 매월동 756-11,한전주
35.11426,126.92214,1,동구,광주광역시 동구 용산동 482-1,한전주
35.11433,126.8471,1,서구,전남광주통합특별시 서구 매월동 457-1,한전주
35.11435,126.84528,1,서구,전남광주통합특별시 서구 매월동 417-2,한전주
35.11435,126.84548,1,서구,전남광주통합특별시 서구 매월동 417-1,한전주
35.11442,126.81971,1,서구,전남광주통합특별시 서구 서창동 722-2,한전주
35.11446,126.84574,1,서구,전남광주통합특별시 서구 매월동 432,한전주
35.1145,126.83029,1,서구,전남광주통합특별시 서구 세하동 553-1,한전주
35.11461,126.8151,3,서구,전남광주통합특별시 서구 서창동 1047,한전주
35.11461,126.81518,1,서구,전남광주통합특별시 서구 서창동 1047,한전주
35.11464,126.92178,1,동구,광주광역시 동구 용산동 463-1,한전주
35.11466,126.83041,1,서구,전남광주통합특별시 서구 세하동 915-1,한전주
35.11467,126.8151,1,서구,전남광주통합특별시 서구 서창동 1047,한전주
35.11474,126.92144,1,동구,광주광역시 동구 용산동 461-1,한전주
35.11477,126.84719,1,서구,전남광주통합특별시 서구 매월동 455,한전주
35.11478,126.83125,1,서구,전남광주통합특별시 서구 세하동 509,한전주
35.1148,126.83193,1,서구,전남광주통합특별시 서구 세하동 516,전용주
35.11486,126.86831,1,서구,전남광주통합특별시 서구 풍암동 815,한전주
35.1149,126.92164,1,동구,광주광역시 동구 용산동 459,한전주
35.11494,126.81525,1,서구,전남광주통합특별시 서구 서창동 697-9,한전주
35.11495,126.82929,1,서구,전남광주통합특별시 서구 세하동 565-2,한전주
35.11497,126.81524,1,서구,전남광주통합특별시 서구 서창동 697-9,한전주
35.11497,126.86946,1,서구,전남광주통합특별시 서구 풍암동 802-17,한전주
35.11504,126.92195,1,동구,광주광역시 동구 용산동 472,전용주
35.1151,126.81334,1,서구,전남광주통합특별시 서구 서창동 937-3,한전주
35.1151,126.83103,1,서구,전남광주통합특별시 서구 세하동 529-1,한전주
35.11514,126.83119,1,서구,전남광주통합특별시 서구 세하동 531-4,한전주
35.11519,126.82999,3,서구,전남광주통합특별시 서구 세하동 915,한전주
35.11524,126.81537,1,서구,전남광주통합특별시 서구 서창동 697-7,한전주
35.11525,126.85006,2,서구,전남광주통합특별시 서구 매월동 536,한전주
35.11525,126.92155,1,동구,광주광역시 동구 용산동 458,한전주
35.11526,126.92201,1,동구,광주광역시 동구 용산동 475,건축물
35.11527,126.81128,1,서구,전남광주통합특별시 서구 서창동 946-13,한전주
35.11528,126.81552,1,서구,전남광주통합특별시 서구 서창동 700-10,한전주
35.11532,126.83122,1,서구,전남광주통합특별시 서구 세하동 524-1,한전주
35.11532,126.9212,2,동구,광주광역시 동구 용산동 457,한전주
35.11535,126.84371,1,서구,전남광주통합특별시 서구 매월동 388-1,한전주
35.11536,126.83034,1,서구,전남광주통합특별시 서구 세하동 559-3,한전주
35.11547,126.83009,1,서구,전남광주통합특별시 서구 세하동 682-3,한전주
35.11549,126.94942,1,동구,광주광역시 동구 소태동 139,한전주
35.11551,126.92185,1,동구,광주광역시 동구 용산동 404,한전주
35.11553,126.8158,1,서구,전남광주통합특별시 서구 서창동 700-4,한전주
35.11555,126.83213,1,서구,전남광주통합특별시 서구 세하동 478-2,한전주
35.11558,126.84842,3,서구,전남광주통합특별시 서구 매월동 519-1,한전주
35.11559,126.83116,1,서구,전남광주통합특별시 서구 세하동 470,한전주
35.11559,126.86768,2,서구,전남광주통합특별시 서구 풍암동 산 95-9,전용주
35.11565,126.92167,1,동구,광주광역시 동구 용산동 405-1,한전주
35.11567,126.81206,1,서구,전남광주통합특별시 서구 서창동 1053,한전주
35.11568,126.82999,1,서구,전남광주통합특별시 서구 세하동 920,한전주
35.11578,126.83229,1,서구,전남광주통합특별시 서구 세하동 441-2,한전주
35.11582,126.8504,3,서구,전남광주통합특별시 서구 매월동 755,한전주
35.11595,126.83174,1,서구,전남광주통합특별시 서구 세하동 444,한전주
35.11601,126.851,1,서구,전남광주통합특별시 서구 매월동 568-1,전용주
35.11601,126.92178,1,동구,광주광역시 동구 용산동 401-2,한전주
35.11609,126.83332,1,서구,전남광주통합특별시 서구 세하동 485,한전주
35.11612,126.93607,1,동구,광주광역시 동구 소태동 200-2,한전주
35.11613,126.94911,1,동구,광주광역시 동구 소태동 55-1,한전주
35.11629,126.85107,1,서구,전남광주통합특별시 서구 매월동 571,한전주
35.11634,126.92212,1,동구,광주광역시 동구 용산동 400,한전주
35.11639,126.811,1,서구,전남광주통합특별시 서구 서창동 945-17,한전주
35.1164,126.83147,1,서구,전남광주통합특별시 서구 세하동 453-1,한전주
35.11643,126.85021,1,서구,전남광주통합특별시 서구 매월동 545-1,한전주
35.11646,126.8312,1,서구,전남광주통합특별시 서구 세하동 407-2,한전주
35.11646,126.83242,1,서구,전남광주통합특별시 서구 세하동 416-1,한전주
35.1165,126.83125,1,서구,전남광주통합특별시 서구 세하동 407-1,한전주
35.11653,126.83052,1,서구,전남광주통합특별시 서구 세하동 919-2,한전주
35.11653,126.83053,1,서구,전남광주통합특별시 서구 세하동 919-2,한전주
35.11655,126.83099,3,서구,전남광주통합특별시 서구 세하동 911-4,한전주
35.11661,126.83057,1,서구,전남광주통합특별시 서구 세하동 403-4,한전주
35.11675,126.83187,1,서구,전남광주통합특별시 서구 세하동 416-2,한전주
35.11676,126.8316,1,서구,전남광주통합특별시 서구 세하동 412,한전주
35.11678,126.86827,1,서구,전남광주통합특별시 서구 풍암동 713-1,한전주
35.1168,126.85056,1,서구,전남광주통합특별시 서구 매월동 554-1,한전주
35.11683,126.83022,3,서구,전남광주통합특별시 서구 세하동 547-6,한전주
35.11691,126.86741,1,서구,전남광주통합특별시 서구 풍암동 산 95-67,전용주
35.11695,126.8675,1,서구,전남광주통합특별시 서구 풍암동 산 95-27,전용주
35.11699,126.86751,1,서구,전남광주통합특별시 서구 풍암동 산 95-27,한전주
35.11702,126.92923,1,동구,광주광역시 동구 용산동 337-2,한전주
35.11709,126.82828,1,서구,전남광주통합특별시 서구 세하동 564-7,한전주
35.11712,126.93347,2,동구,광주광역시 동구 용산동 636-172,한전주
35.11713,126.83105,1,서구,전남광주통합특별시 서구 세하동 394-2,한전주
35.11718,126.93346,1,동구,광주광역시 동구 용산동 636-172,한전주
35.1173,126.82997,1,서구,전남광주통합특별시 서구 세하동 547-5,한전주
35.11731,126.83094,1,서구,전남광주통합특별시 서구 세하동 393-3,한전주
35.11734,126.94732,1,동구,광주광역시 동구 소태동 80,한전주
35.11742,126.93278,1,동구,광주광역시 동구 용산동 151,한전주
35.11745,126.86748,1,서구,전남광주통합특별시 서구 풍암동 707,한전주
35.1175,126.94661,1,동구,광주광역시 동구 소태동 77-1,한전주
35.11761,126.83131,1,서구,전남광주통합특별시 서구 세하동 392-3,한전주
35.11761,126.9327,1,동구,광주광역시 동구 용산동 173,한전주
35.11763,126.84746,1,서구,전남광주통합특별시 서구 매월동 750-4,한전주
35.11766,126.84746,1,서구,전남광주통합특별시 서구 매월동 750-4,한전주
35.11768,126.8316,1,서구,전남광주통합특별시 서구 세하동 418-3,전용주
35.11771,126.83063,1,서구,전남광주통합특별시 서구 세하동 701,한전주
35.11771,126.9321,1,동구,광주광역시 동구 용산동 174-3,한전주
35.11773,126.83153,1,서구,전남광주통합특별시 서구 세하동 912,한전주
35.11773,126.8316,1,서구,전남광주통합특별시 서구 세하동 912,한전주
35.11779,126.8305,1,서구,전남광주통합특별시 서구 세하동 545-2,한전주
35.11782,126.83035,1,서구,전남광주통합특별시 서구 세하동 545-3,한전주
35.11783,126.84746,1,서구,전남광주통합특별시 서구 매월동 521-3,한전주
35.11789,126.93158,1,동구,광주광역시 동구 용산동 650,한전주
35.1179,126.86694,1,서구,전남광주통합특별시 서구 풍암동 682-2,한전주
35.11794,126.93287,3,동구,광주광역시 동구 용산동 636-139,한전주
35.11797,126.83174,1,서구,전남광주통합특별시 서구 세하동 390-2,전용주
35.11797,126.83175,1,서구,전남광주통합특별시 서구 세하동 390-2,한전주
35.11802,126.9462,1,동구,광주광역시 동구 소태동 75-1,한전주
35.11816,126.82973,1,서구,전남광주통합특별시 서구 세하동 547,한전주
35.11817,126.94621,1,동구,광주광역시 동구 소태동 75,한전주
35.11818,126.94524,1,동구,광주광역시 동구 소태동 130,한전주
35.11824,126.83046,1,서구,전남광주통합특별시 서구 세하동 703-6,한전주
35.11827,126.85718,1,서구,전남광주통합특별시 서구 매월동 99,전용주
35.1183,126.95944,1,동구,광주광역시 동구 운림동 815-1,전용주
35.11834,126.83192,1,서구,전남광주통합특별시 서구 세하동 418-12,한전주
35.11838,126.86624,7,서구,전남광주통합특별시 서구 풍암동 929-4,전용주
35.11843,126.84543,1,서구,전남광주통합특별시 서구 매월동 770-5,한전주
35.11843,126.94577,1,동구,광주광역시 동구 소태동 854,한전주
35.11845,126.93031,1,동구,광주광역시 동구 용산동 194,전용주
35.11848,126.8669,1,서구,전남광주통합특별시 서구 풍암동 682-19,한전주
35.1185,126.82976,1,서구,전남광주통합특별시 서구 세하동 705-1,한전주
35.11852,126.9302,1,동구,광주광역시 동구 용산동 193,한전주
35.11852,126.93048,1,동구,광주광역시 동구 용산동 196,한전주
35.11856,126.94545,1,동구,광주광역시 동구 소태동 120-1,한전주
35.11858,126.93226,1,동구,광주광역시 동구 용산동 177,한전주
35.11859,126.83564,1,서구,전남광주통합특별시 서구 세하동 357,전용주
35.11865,126.93048,1,동구,광주광역시 동구 용산동 197,한전주
35.1187,126.83583,1,서구,전남광주통합특별시 서구 세하동 357-7,한전주
35.1187,126.93011,1,동구,광주광역시 동구 용산동 199,한전주
35.11873,126.92968,1,동구,광주광역시 동구 용산동 183-2,한전주
35.11874,126.93165,1,동구,광주광역시 동구 용산동 180,한전주
35.11877,126.93165,1,동구,광주광역시 동구 용산동 175-1,한전주
35.11877,126.93166,1,동구,광주광역시 동구 용산동 649-6,한전주
35.11877,126.94516,1,동구,광주광역시 동구 소태동 121-1,한전주
35.11881,126.83216,1,서구,전남광주통합특별시 서구 세하동 388-1,한전주
35.11885,126.92978,1,동구,광주광역시 동구 용산동 211,한전주
35.11888,126.94476,1,동구,광주광역시 동구 소태동 850,한전주
35.11894,126.82137,1,서구,전남광주통합특별시 서구 서창동 648-3,한전주
35.11894,126.95053,1,동구,광주광역시 동구 소태동 산82-2,한전주
35.11895,126.8367,1,서구,전남광주통합특별시 서구 세하동 34-3,한전주
35.11901,126.93187,1,동구,광주광역시 동구 용산동 178,한전주
35.11902,126.83564,2,서구,전남광주통합특별시 서구 세하동 347-1,한전주
35.11906,126.86628,1,서구,전남광주통합특별시 서구 풍암동 609-12,전용주
35.11908,126.93076,1,동구,광주광역시 동구 용산동 226,한전주
35.1191,126.86966,3,서구,전남광주통합특별시 서구 풍암동 769-3,전용주
35.11912,126.93046,1,동구,광주광역시 동구 용산동 215-3,전용주
35.11916,126.83677,1,서구,전남광주통합특별시 서구 세하동 38-1,한전주
35.11918,126.93025,1,동구,광주광역시 동구 용산동 215,한전주
35.1192,126.84652,6,서구,전남광주통합특별시 서구 매월동 769-4,한전주
35.1192,126.84657,1,서구,전남광주통합특별시 서구 매월동 769-4,전용주
35.11924,126.84652,1,서구,전남광주통합특별시 서구 매월동 769-4,한전주
35.11925,126.86466,1,서구,전남광주통합특별시 서구 풍암동 929-5,한전주
35.11926,126.83232,1,서구,전남광주통합특별시 서구 세하동 262-4,한전주
35.11926,126.83572,1,서구,전남광주통합특별시 서구 세하동 910-4,한전주
35.1193,126.83232,1,서구,전남광주통합특별시 서구 세하동 262-2,한전주
35.1193,126.83237,1,서구,전남광주통합특별시 서구 세하동 262-2,한전주
35.1193,126.93096,1,동구,광주광역시 동구 용산동 227-3,한전주
35.11931,126.82834,1,서구,전남광주통합특별시 서구 세하동 723-2,전용주
35.11932,126.94461,1,동구,광주광역시 동구 소태동 115-2,한전주
35.11935,126.93282,1,동구,광주광역시 동구 용산동 636-31,한전주
35.11938,126.83558,1,서구,전남광주통합특별시 서구 세하동 280-11,한전주
35.11939,126.83819,1,서구,전남광주통합특별시 서구 세하동 산 31,한전주
35.1194,126.93188,1,동구,광주광역시 동구 용산동 263,한전주
35.11941,126.95809,1,동구,광주광역시 동구 운림동 815-2,전용주
35.11942,126.86602,1,서구,전남광주통합특별시 서구 풍암동 609-5,전용주
35.11943,126.83534,1,서구,전남광주통합특별시 서구 세하동 280-1,한전주
35.11947,126.95809,3,동구,광주광역시 동구 운림동 815-2,한전주
35.11949,126.86393,1,서구,전남광주통합특별시 서구 풍암동 888-2,전용주
35.11949,126.93165,1,동구,광주광역시 동구 용산동 262-4,한전주
35.11952,126.86323,1,서구,전남광주통합특별시 서구 풍암동 863,전용주
35.11954,126.93019,1,동구,광주광역시 동구 용산동 222,한전주
35.11955,126.86628,1,서구,전남광주통합특별시 서구 풍암동 609-11,전용주
35.11956,126.93016,1,동구,광주광역시 동구 용산동 648-8,한전주
35.11958,126.94493,1,동구,광주광역시 동구 소태동 115-1,한전주
35.11962,126.83595,1,서구,전남광주통합특별시 서구 세하동 335,전용주
35.11962,126.94423,1,동구,광주광역시 동구 소태동 111,한전주
35.11964,126.93095,1,동구,광주광역시 동구 용산동 255-1,전용주
35.11965,126.83621,1,서구,전남광주통합특별시 서구 세하동 910-7,한전주
35.11965,126.83628,3,서구,전남광주통합특별시 서구 세하동 910-7,한전주
35.11965,126.8363,1,서구,전남광주통합특별시 서구 세하동 910-7,전용주
35.11971,126.82158,1,서구,전남광주통합특별시 서구 세하동 884-1,한전주
35.11972,126.83333,1,서구,전남광주통합특별시 서구 세하동 277-7,한전주
35.11972,126.93225,1,동구,광주광역시 동구 용산동 636-49,한전주
35.11973,126.95786,1,동구,광주광역시 동구 운림동 815,한전주
35.11973,126.95787,1,동구,광주광역시 동구 운림동 815,전용주
35.11973,126.95789,1,동구,광주광역시 동구 운림동 815,한전주
35.11974,126.82772,1,서구,전남광주통합특별시 서구 세하동 721-3,한전주
35.11974,126.83618,1,서구,전남광주통합특별시 서구 세하동 332-1,한전주
35.11975,126.93336,1,동구,광주광역시 동구 용산동 264-11,전용주
35.11977,126.83687,1,서구,전남광주통합특별시 서구 세하동 61-1,한전주
35.11977,126.83785,1,서구,전남광주통합특별시 서구 세하동 93-3,한전주
35.11979,126.86361,1,서구,전남광주통합특별시 서구 풍암동 884-6,전용주
35.11979,126.93106,1,동구,광주광역시 동구 용산동 649,한전주
35.11979,126.94467,1,동구,광주광역시 동구 소태동 113,한전주
35.1198,126.93278,1,동구,광주광역시 동구 용산동 636-38,한전주
35.11983,126.83272,1,서구,전남광주통합특별시 서구 세하동 277-24,한전주
35.11983,126.93119,1,동구,광주광역시 동구 용산동 649-2,전용주
35.11986,126.8372,1,서구,전남광주통합특별시 서구 세하동 65,한전주
35.11986,126.856,1,서구,전남광주통합특별시 서구 매월동 146-3,한전주
35.11987,126.86393,1,서구,전남광주통합특별시 서구 풍암동 884-1,전용주
35.11989,126.93043,1,동구,광주광역시 동구 용산동 243-7,한전주
35.11991,126.86368,1,서구,전남광주통합특별시 서구 풍암동 883,전용주
35.11992,126.85672,1,서구,전남광주통합특별시 서구 매월동 147,한전주
35.11994,126.93156,1,동구,광주광역시 동구 용산동 259-8,한전주
35.11994,126.94363,1,동구,광주광역시 동구 소태동 94,한전주
35.11995,126.83837,1,서구,전남광주통합특별시 서구 세하동 산 31,한전주
35.11995,126.94367,1,동구,광주광역시 동구 소태동 94,한전주
35.12,126.86342,1,서구,전남광주통합특별시 서구 풍암동 882-7,전용주
35.12002,126.83323,1,서구,전남광주통합특별시 서구 세하동 277-5,전용주
35.12005,126.81783,2,서구,전남광주통합특별시 서구 세하동 926-2,한전주
35.12005,126.86342,1,서구,전남광주통합특별시 서구 풍암동 882-7,전용주
35.12005,126.93229,1,동구,광주광역시 동구 용산동 636-197,한전주
35.12006,126.83429,1,서구,전남광주통합특별시 서구 세하동 281-1,전용주
35.12006,126.85654,1,서구,전남광주통합특별시 서구 매월동 146,한전주
35.12007,126.9325,1,동구,광주광역시 동구 용산동 636-208,한전주
35.1201,126.93053,1,동구,광주광역시 동구 용산동 243-8,건축물
35.12011,126.86301,1,서구,전남광주통합특별시 서구 풍암동 880-6,전용주
35.12011,126.86332,1,서구,전남광주통합특별시 서구 풍암동 881,전용주
35.12012,126.93153,1,동구,광주광역시 동구 용산동 259-1,한전주
35.12013,126.83657,1,서구,전남광주통합특별시 서구 세하동 58-1,한전주
35.12016,126.95807,1,동구,광주광역시 동구 운림동 813,한전주
35.12017,126.86261,1,서구,전남광주통합특별시 서구 풍암동 878-5,전용주
35.12019,126.8656,1,서구,전남광주통합특별시 서구 풍암동 927,전용주
35.12021,126.93251,1,동구,광주광역시 동구 용산동 636-20,한전주
35.12022,126.85699,1,서구,전남광주통합특별시 서구 매월동 148-1,한전주
35.12022,126.94301,1,동구,광주광역시 동구 소태동 산63-3,한전주
35.12023,126.93147,1,동구,광주광역시 동구 용산동 258-1,한전주
35.12023,126.93539,1,동구,광주광역시 동구 소태동 산223-17,한전주
35.12024,126.83556,1,서구,전남광주통합특별시 서구 세하동 303-9,한전주
35.12025,126.83272,1,서구,전남광주통합특별시 서구 세하동 275-6,한전주
35.12025,126.93084,1,동구,광주광역시 동구 용산동 243-13,한전주
35.12028,126.81819,2,서구,전남광주통합특별시 서구 세하동 896-3,한전주
35.12028,126.86309,1,서구,전남광주통합특별시 서구 풍암동 879,전용주
35.12029,126.86552,3,서구,전남광주통합특별시 서구 풍암동 919,전용주
35.1203,126.93539,1,동구,광주광역시 동구 소태동 산223-17,한전주
35.1203,126.94285,1,동구,광주광역시 동구 소태동 861-13,한전주
35.12031,126.83587,1,서구,전남광주통합특별시 서구 세하동 324,한전주
35.12032,126.83813,1,서구,전남광주통합특별시 서구 세하동 85-2,한전주
35.12032,126.8648,1,서구,전남광주통합특별시 서구 풍암동 920-3,전용주
35.12038,126.8585,1,서구,전남광주통합특별시 서구 매월동 741-5,한전주
35.12038,126.95811,1,동구,광주광역시 동구 운림동 812-3,한전주
35.12039,126.86523,1,서구,전남광주통합특별시 서구 풍암동 922-3,전용주
35.1204,126.86367,1,서구,전남광주통합특별시 서구 풍암동 885,전용주
35.1204,126.93128,1,동구,광주광역시 동구 용산동 243-25,한전주
35.1204,126.93129,1,동구,광주광역시 동구 용산동 243-26,한전주
35.12042,126.93036,1,동구,광주광역시 동구 용산동 산39-9,한전주
35.12043,126.93284,1,동구,광주광역시 동구 용산동 269-1,한전주
35.12044,126.86239,1,서구,전남광주통합특별시 서구 풍암동 874-6,전용주
35.12047,126.83571,1,서구,전남광주통합특별시 서구 세하동 311,한전주
35.12047,126.86236,1,서구,전남광주통합특별시 서구 풍암동 874-6,전용주
35.12048,126.93284,1,동구,광주광역시 동구 용산동 269-1,전용주
35.1205,126.83547,1,서구,전남광주통합특별시 서구 세하동 303-4,한전주
35.12051,126.84653,4,서구,전남광주통합특별시 서구 매월동 355-6,한전주
35.12052,126.86355,1,서구,전남광주통합특별시 서구 풍암동 886-4,전용주
35.12054,126.86175,10,서구,전남광주통합특별시 서구 풍암동 865,전용주
35.12054,126.86179,1,서구,전남광주통합특별시 서구 풍암동 865,전용주
35.12054,126.86537,1,서구,전남광주통합특별시 서구 풍암동 923,전용주
35.12054,126.88464,1,서구,전남광주통합특별시 서구 풍암동 1046-2,전용주
35.12054,126.88465,6,서구,전남광주통합특별시 서구 풍암동 1046-2,전용주
35.12054,126.93076,1,동구,광주광역시 동구 용산동 243-17,한전주
35.12056,126.83283,1,서구,전남광주통합특별시 서구 세하동 270-2,한전주
35.12057,126.86276,1,서구,전남광주통합특별시 서구 풍암동 877,전용주
35.12057,126.9425,1,동구,광주광역시 동구 소태동 96-2,한전주
35.12058,126.85667,1,서구,전남광주통합특별시 서구 매월동 159,한전주
35.12059,126.93523,1,동구,광주광역시 동구 소태동 208-4,한전주
35.1206,126.85789,1,서구,전남광주통합특별시 서구 매월동 140-13,한전주
35.12061,126.94059,1,동구,광주광역시 동구 소태동 100,한전주
35.12062,126.83503,1,서구,전남광주통합특별시 서구 세하동 303-7,한전주
35.12063,126.85692,1,서구,전남광주통합특별시 서구 매월동 155-2,한전주
35.12064,126.86508,1,서구,전남광주통합특별시 서구 풍암동 915,전용주
35.12066,126.86206,1,서구,전남광주통합특별시 서구 풍암동 872-6,전용주
35.12066,126.86269,1,서구,전남광주통합특별시 서구 풍암동 874-1,전용주
35.12066,126.86567,1,서구,전남광주통합특별시 서구 풍암동 925,전용주
35.12066,126.94253,1,동구,광주광역시 동구 소태동 산54,한전주
35.12068,126.86421,2,서구,전남광주통합특별시 서구 풍암동 907,전용주
35.12069,126.93104,1,동구,광주광역시 동구 용산동 243-18,한전주
35.12069,126.93125,1,동구,광주광역시 동구 용산동 243-20,한전주
35.12071,126.8572,1,서구,전남광주통합특별시 서구 매월동 151-1,한전주
35.12071,126.86676,2,서구,전남광주통합특별시 서구 풍암동 973,전용주
35.12072,126.86676,1,서구,전남광주통합특별시 서구 풍암동 973,전용주
35.12073,126.83542,1,서구,전남광주통합특별시 서구 세하동 302-3,한전주
35.12074,126.85633,1,서구,전남광주통합특별시 서구 매월동 163-1,전용주
35.12074,126.93481,1,동구,광주광역시 동구 소태동 682-12,건축물
35.12075,126.86325,1,서구,전남광주통합특별시 서구 풍암동 886-1,전용주
35.12077,126.83471,1,서구,전남광주통합특별시 서구 세하동 281-17,한전주
35.12077,126.86115,1,서구,전남광주통합특별시 서구 풍암동 860,전용주
35.12077,126.93255,1,동구,광주광역시 동구 용산동 636-277,한전주
35.12078,126.93581,1,동구,광주광역시 동구 소태동 278-1,한전주
35.1208,126.85767,1,서구,전남광주통합특별시 서구 매월동 151-3,한전주
35.1208,126.86237,1,서구,전남광주통합특별시 서구 풍암동 872-1,전용주
35.12081,126.9371,1,동구,광주광역시 동구 소태동 850-14,한전주
35.12082,126.86373,1,서구,전남광주통합특별시 서구 풍암동 906,전용주
35.12083,126.83292,1,서구,전남광주통합특별시 서구 세하동 269-2,한전주
35.12084,126.93522,1,동구,광주광역시 동구 소태동 208-6,한전주
35.12086,126.93661,1,동구,광주광역시 동구 소태동 323-5,건축물
35.12087,126.93619,1,동구,광주광역시 동구 소태동 316,한전주
35.12088,126.86449,2,서구,전남광주통합특별시 서구 풍암동 909,전용주
35.12089,126.95761,1,동구,광주광역시 동구 운림동 807,한전주
35.12089,126.9577,1,동구,광주광역시 동구 운림동 807,한전주
35.12093,126.86159,1,서구,전남광주통합특별시 서구 풍암동 868-3,전용주
35.12094,126.86797,1,서구,전남광주통합특별시 서구 풍암동 1014,전용주
35.12096,126.93583,1,동구,광주광역시 동구 소태동 281,한전주
35.12097,126.93742,1,동구,광주광역시 동구 소태동 861-26,한전주
35.12098,126.86176,1,서구,전남광주통합특별시 서구 풍암동 869,전용주
35.12098,126.9309,1,동구,광주광역시 동구 용산동 243-37,한전주
35.12099,126.93215,1,동구,광주광역시 동구 용산동 636-137,한전주
35.121,126.86147,1,서구,전남광주통합특별시 서구 풍암동 868-6,전용주
35.12102,126.93539,1,동구,광주광역시 동구 소태동 210-12,한전주
35.12105,126.88482,1,서구,전남광주통합특별시 서구 풍암동 1065-1,전용주
35.12106,126.86639,1,서구,전남광주통합특별시 서구 풍암동 968,전용주
35.12107,126.81835,1,서구,전남광주통합특별시 서구 세하동 896-1,한전주
35.12107,126.83426,1,서구,전남광주통합특별시 서구 세하동 282-5,한전주
35.12107,126.93742,1,동구,광주광역시 동구 소태동 343,건축물
35.12108,126.86216,1,서구,전남광주통합특별시 서구 풍암동 870,전용주
35.12108,126.86495,1,서구,전남광주통합특별시 서구 풍암동 912-8,전용주
35.12109,126.86638,1,서구,전남광주통합특별시 서구 풍암동 968,전용주
35.12109,126.93095,1,동구,광주광역시 동구 용산동 243-59,한전주
35.1211,126.93206,1,동구,광주광역시 동구 용산동 636-17,한전주
35.1211,126.93725,1,동구,광주광역시 동구 소태동 341,전용주
35.12111,126.93518,1,동구,광주광역시 동구 소태동 208-9,건축물
35.12112,126.86473,2,서구,전남광주통합특별시 서구 풍암동 911,전용주
35.12113,126.86204,1,서구,전남광주통합특별시 서구 풍암동 870-9,전용주
35.12113,126.937,1,동구,광주광역시 동구 소태동 336-1,건축물
35.12115,126.86665,1,서구,전남광주통합특별시 서구 풍암동 970-8,전용주
35.12115,126.94136,1,동구,광주광역시 동구 소태동 산50,한전주
35.12116,126.86154,1,서구,전남광주통합특별시 서구 풍암동 868-7,전용주
35.12116,126.86742,1,서구,전남광주통합특별시 서구 풍암동 977,전용주
35.12117,126.94019,1,동구,광주광역시 동구 소태동 377-1,한전주
35.12118,126.93109,1,동구,광주광역시 동구 용산동 243-34,전용주
35.1212,126.86218,3,서구,전남광주통합특별시 서구 풍암동 875,전용주
35.12121,126.83295,1,서구,전남광주통합특별시 서구 세하동 270-2,한전주
35.12122,126.86218,1,서구,전남광주통합특별시 서구 풍암동 875,전용주
35.12122,126.8671,1,서구,전남광주통합특별시 서구 풍암동 972-7,전용주
35.12122,126.93656,1,동구,광주광역시 동구 소태동 309,전용주
35.12122,126.93769,1,동구,광주광역시 동구 소태동 359,한전주
35.12123,126.93228,1,동구,광주광역시 동구 용산동 636-16,한전주
35.12126,126.86865,1,서구,전남광주통합특별시 서구 풍암동 1038-6,전용주
35.12127,126.93511,1,동구,광주광역시 동구 소태동 209,건축물
35.12128,126.86792,1,서구,전남광주통합특별시 서구 풍암동 1011-4,전용주
35.12129,126.93873,1,동구,광주광역시 동구 소태동 377-7,한전주
35.1213,126.83414,1,서구,전남광주통합특별시 서구 세하동 282-12,한전주
35.1213,126.93734,1,동구,광주광역시 동구 소태동 346,건축물
35.12131,126.86408,1,서구,전남광주통합특별시 서구 풍암동 905,전용주
35.12133,126.84095,1,서구,전남광주통합특별시 서구 세하동 941-26,한전주
35.12133,126.85602,1,서구,전남광주통합특별시 서구 매월동 170,한전주
35.12134,126.86128,1,서구,전남광주통합특별시 서구 풍암동 866-7,전용주
35.12134,126.86499,2,서구,전남광주통합특별시 서구 풍암동 913,전용주
35.12134,126.93455,1,동구,광주광역시 동구 소태동 681-8,한전주
35.12135,126.88338,1,서구,전남광주통합특별시 서구 풍암동 1090-8,전용주
35.12136,126.86408,1,서구,전남광주통합특별시 서구 풍암동 905,전용주
35.12138,126.8683,1,서구,전남광주통합특별시 서구 풍암동 1013-7,전용주
35.12138,126.93272,1,동구,광주광역시 동구 용산동 273,한전주
35.12139,126.83389,1,서구,전남광주통합특별시 서구 세하동 282-7,한전주
35.12139,126.93595,1,동구,광주광역시 동구 소태동 223-7,한전주
35.1214,126.82188,1,서구,전남광주통합특별시 서구 세하동 871,한전주
35.1214,126.95759,2,동구,광주광역시 동구 운림동 841,전용주
35.12143,126.83294,1,서구,전남광주통합특별시 서구 세하동 272-5,전용주
35.12143,126.83296,1,서구,전남광주통합특별시 서구 세하동 272-5,전용주
35.12144,126.93544,1,동구,광주광역시 동구 소태동 223-3,한전주
35.12145,126.86617,1,서구,전남광주통합특별시 서구 풍암동 960-7,전용주
35.12145,126.88332,1,서구,전남광주통합특별시 서구 풍암동 1090-7,전용주
35.12145,126.88349,1,서구,전남광주통합특별시 서구 풍암동 1089,전용주
35.12146,126.86503,1,서구,전남광주통합특별시 서구 풍암동 914-4,전용주
35.12146,126.88302,1,서구,전남광주통합특별시 서구 풍암동 1090-5,전용주
35.12147,126.83306,1,서구,전남광주통합특별시 서구 세하동 273-5,한전주
35.12147,126.88371,1,서구,전남광주통합특별시 서구 풍암동 1091-3,건축물
35.12148,126.9398,1,동구,광주광역시 동구 소태동 377-5,한전주
35.1215,126.93134,1,동구,광주광역시 동구 용산동 636,전용주
35.12151,126.85552,2,서구,전남광주통합특별시 서구 매월동 산 39,한전주
35.12154,126.86737,1,서구,전남광주통합특별시 서구 풍암동 1009-9,전용주
35.12154,126.86738,1,서구,전남광주통합특별시 서구 풍암동 1009-9,전용주
35.12155,126.82103,1,서구,전남광주통합특별시 서구 세하동 875-1,한전주
35.12155,126.86707,1,서구,전남광주통합특별시 서구 풍암동 965,전용주
35.12156,126.86653,1,서구,전남광주통합특별시 서구 풍암동 962-7,전용주
35.12156,126.86782,1,서구,전남광주통합특별시 서구 풍암동 1011-6,전용주
35.12156,126.93712,1,동구,광주광역시 동구 소태동 355,한전주
35.12157,126.84107,1,서구,전남광주통합특별시 서구 세하동 941-17,한전주
35.12158,126.8671,4,서구,전남광주통합특별시 서구 풍암동 965,전용주
35.12158,126.93204,1,동구,광주광역시 동구 용산동 636-95,전용주
35.12159,126.936,1,동구,광주광역시 동구 소태동 288,한전주
35.12159,126.93768,1,동구,광주광역시 동구 소태동 419,한전주
35.12159,126.93849,1,동구,광주광역시 동구 소태동 861-35,한전주
35.12161,126.86879,1,서구,전남광주통합특별시 서구 풍암동 1038-3,전용주
35.12162,126.95734,1,동구,광주광역시 동구 운림동 781-1,한전주
35.12164,126.83379,1,서구,전남광주통합특별시 서구 세하동 284-2,한전주
35.12164,126.93739,1,동구,광주광역시 동구 소태동 425-1,한전주
35.12166,126.88233,1,서구,전남광주통합특별시 서구 풍암동 1088-10,전용주
35.12167,126.86697,1,서구,전남광주통합특별시 서구 풍암동 964-7,전용주
35.12167,126.93517,1,동구,광주광역시 동구 소태동 212-3,한전주
35.12169,126.93413,1,동구,광주광역시 동구 소태동 678-60,한전주
35.12169,126.93507,1,동구,광주광역시 동구 소태동 산30-2,한전주
35.1217,126.86814,1,서구,전남광주통합특별시 서구 풍암동 1013,전용주
35.1217,126.93237,1,동구,광주광역시 동구 용산동 636-93,한전주
35.12171,126.86427,1,서구,전남광주통합특별시 서구 풍암동 904-2,전용주
35.12172,126.86262,1,서구,전남광주통합특별시 서구 풍암동 897,전용주
35.12172,126.93392,1,동구,광주광역시 동구 소태동 678-55,한전주
35.12174,126.83285,1,서구,전남광주통합특별시 서구 세하동 247-4,한전주
35.12175,126.93864,1,동구,광주광역시 동구 소태동 399,한전주
35.12176,126.83349,1,서구,전남광주통합특별시 서구 세하동 292-6,한전주
35.12176,126.93187,1,동구,광주광역시 동구 용산동 636-9,전용주
35.12177,126.83245,1,서구,전남광주통합특별시 서구 세하동 767-10,한전주
35.12179,126.86262,1,서구,전남광주통합특별시 서구 풍암동 897,전용주
35.12179,126.8653,1,서구,전남광주통합특별시 서구 풍암동 957,전용주
35.12179,126.86534,1,서구,전남광주통합특별시 서구 풍암동 957,전용주
35.1218,126.86035,1,서구,전남광주통합특별시 서구 금호동 858-4,전용주
35.12181,126.93745,1,동구,광주광역시 동구 소태동 422-2,전용주
35.12182,126.93707,1,동구,광주광역시 동구 소태동 423-6,한전주
35.12184,126.93362,1,동구,광주광역시 동구 소태동 676-11,한전주
35.12184,126.93779,1,동구,광주광역시 동구 소태동 415,한전주
35.12185,126.93606,1,동구,광주광역시 동구 소태동 216,한전주
35.12186,126.85973,1,서구,전남광주통합특별시 서구 금호동 864-2,전용주
35.12186,126.93684,1,동구,광주광역시 동구 소태동 428,한전주
35.12187,126.9357,1,동구,광주광역시 동구 소태동 214,한전주
35.12187,126.93651,1,동구,광주광역시 동구 소태동 298,한전주
35.12188,126.93421,1,동구,광주광역시 동구 소태동 678-38,한전주
35.12188,126.93584,1,동구,광주광역시 동구 소태동 215-4,전용주
35.1219,126.83291,1,서구,전남광주통합특별시 서구 세하동 286-1,한전주
35.12191,126.93197,1,동구,광주광역시 동구 용산동 636-27,한전주
35.12192,126.93372,1,동구,광주광역시 동구 소태동 674-2,한전주
35.12192,126.93373,1,동구,광주광역시 동구 소태동 674-2,한전주
35.12193,126.86592,1,서구,전남광주통합특별시 서구 풍암동 960-11,전용주
35.12193,126.93409,1,동구,광주광역시 동구 소태동 678-24,한전주
35.12194,126.86046,1,서구,전남광주통합특별시 서구 금호동 858-2,전용주
35.122,126.85332,1,서구,전남광주통합특별시 서구 매월동 174-55,전용주
35.122,126.88225,1,서구,전남광주통합특별시 서구 풍암동 1088-7,전용주
35.12201,126.83527,1,서구,전남광주통합특별시 서구 세하동 229-8,한전주
35.12201,126.83802,1,서구,전남광주통합특별시 서구 세하동 941-1,한전주
35.12202,126.83471,1,서구,전남광주통합특별시 서구 세하동 294-1,한전주
35.12202,126.93394,1,동구,광주광역시 동구 소태동 678-34,건축물
35.12204,126.95772,1,동구,광주광역시 동구 운림동 787,전용주
35.12205,126.86625,1,서구,전남광주통합특별시 서구 풍암동 962-11,전용주
35.12205,126.88262,1,서구,전남광주통합특별시 서구 풍암동 1085,전용주
35.12206,126.86672,1,서구,전남광주통합특별시 서구 풍암동 964-10,전용주
35.12207,126.85332,4,서구,전남광주통합특별시 서구 매월동 174-55,전용주
35.12207,126.93163,1,동구,광주광역시 동구 용산동 636-7,전용주
35.12208,126.86876,1,서구,전남광주통합특별시 서구 풍암동 1038,전용주
35.12211,126.83276,1,서구,전남광주통합특별시 서구 세하동 247-1,한전주
35.12211,126.86264,1,서구,전남광주통합특별시 서구 풍암동 896,전용주
35.12212,126.86339,2,서구,전남광주통합특별시 서구 풍암동 898,전용주
35.12212,126.93677,1,동구,광주광역시 동구 소태동 861-30,한전주
35.12213,126.83465,1,서구,전남광주통합특별시 서구 세하동 293-1,한전주
35.12213,126.85928,1,서구,전남광주통합특별시 서구 금호동 866-3,전용주
35.12213,126.95779,1,동구,광주광역시 동구 운림동 788,한전주
35.12214,126.93345,1,동구,광주광역시 동구 소태동 674,한전주
35.12215,126.86339,1,서구,전남광주통합특별시 서구 풍암동 898,전용주
35.12215,126.93407,1,동구,광주광역시 동구 소태동 678-25,한전주
35.12217,126.83383,1,서구,전남광주통합특별시 서구 세하동 288-3,한전주
35.12217,126.93372,1,동구,광주광역시 동구 소태동 676-8,전용주
35.12219,126.88218,1,서구,전남광주통합특별시 서구 풍암동 1088-6,전용주
35.12221,126.83261,1,서구,전남광주통합특별시 서구 세하동 247-4,한전주
35.12222,126.86529,1,서구,전남광주통합특별시 서구 풍암동 952-10,전용주
35.12225,126.8636,2,서구,전남광주통합특별시 서구 풍암동 900,전용주
35.12226,126.95702,1,동구,광주광역시 동구 운림동 782-1,한전주
35.12226,126.95706,2,동구,광주광역시 동구 운림동 782-1,한전주
35.12228,126.86225,1,서구,전남광주통합특별시 서구 풍암동 894,전용주
35.12229,126.86574,1,서구,전남광주통합특별시 서구 풍암동 955,전용주
35.12229,126.86909,2,서구,전남광주통합특별시 서구 풍암동 1037,전용주
35.12231,126.86204,1,서구,전남광주통합특별시 서구 풍암동 893-3,전용주
35.12232,126.95745,1,동구,광주광역시 동구 운림동 783,전용주
35.12232,126.95747,1,동구,광주광역시 동구 운림동 786,한전주
35.12233,126.88219,1,서구,전남광주통합특별시 서구 풍암동 1088-4,전용주
35.12236,126.86563,1,서구,전남광주통합특별시 서구 풍암동 954-15,전용주
35.12236,126.95826,1,동구,광주광역시 동구 운림동 791,한전주
35.12237,126.83523,1,서구,전남광주통합특별시 서구 세하동 229-5,한전주
35.12238,126.85989,1,서구,전남광주통합특별시 서구 금호동 861,전용주
35.12241,126.93354,1,동구,광주광역시 동구 소태동 673-16,한전주
35.12242,126.8554,1,서구,전남광주통합특별시 서구 매월동 174-1,한전주
35.12242,126.86581,1,서구,전남광주통합특별시 서구 풍암동 954-14,전용주
35.12242,126.88204,1,서구,전남광주통합특별시 서구 풍암동 1088-3,전용주
35.12242,126.88263,1,서구,전남광주통합특별시 서구 풍암동 1081-3,전용주
35.12243,126.93418,1,동구,광주광역시 동구 소태동 678-4,한전주
35.12245,126.85923,1,서구,전남광주통합특별시 서구 금호동 867,전용주
35.12246,126.86115,1,서구,전남광주통합특별시 서구 금호동 852-7,전용주
35.12247,126.8554,1,서구,전남광주통합특별시 서구 매월동 174-1,한전주
35.12248,126.85919,1,서구,전남광주통합특별시 서구 금호동 870-1,전용주
35.12248,126.88483,1,서구,전남광주통합특별시 서구 풍암동 1191-8,전용주
35.12249,126.88246,1,서구,전남광주통합특별시 서구 풍암동 1083-3,전용주
35.1225,126.85882,1,서구,전남광주통합특별시 서구 금호동 871,전용주
35.1225,126.86272,1,서구,전남광주통합특별시 서구 풍암동 895-8,전용주
35.1225,126.93722,4,동구,광주광역시 동구 소태동 산20-22,한전주
35.12251,126.86339,1,서구,전남광주통합특별시 서구 풍암동 901,전용주
35.12251,126.8656,1,서구,전남광주통합특별시 서구 풍암동 954,전용주
35.12251,126.93337,1,동구,광주광역시 동구 소태동 672-4,한전주
35.12252,126.81944,1,서구,전남광주통합특별시 서구 세하동 840-2,한전주
35.12253,126.85981,1,서구,전남광주통합특별시 서구 금호동 860-2,전용주
35.12253,126.86233,1,서구,전남광주통합특별시 서구 풍암동 893-5,전용주
35.12253,126.86632,1,서구,전남광주통합특별시 서구 풍암동 954-10,전용주
35.12255,126.8533,1,서구,전남광주통합특별시 서구 매월동 174-3,한전주
35.12256,126.85899,1,서구,전남광주통합특별시 서구 금호동 870-8,전용주
35.12259,126.85325,9,서구,전남광주통합특별시 서구 매월동 174-3,한전주
35.12259,126.93426,1,동구,광주광역시 동구 소태동 678,한전주
35.12261,126.88426,1,서구,전남광주통합특별시 서구 풍암동 1068,전용주
35.12266,126.8585,1,서구,전남광주통합특별시 서구 금호동 873,전용주
35.12267,126.93384,1,동구,광주광역시 동구 소태동 673-8,한전주
35.12268,126.93338,1,동구,광주광역시 동구 소태동 672-5,한전주
35.12268,126.95694,1,동구,광주광역시 동구 운림동 754-5,한전주
35.12269,126.85792,1,서구,전남광주통합특별시 서구 금호동 876-4,전용주
35.12269,126.86034,1,서구,전남광주통합특별시 서구 금호동 855-5,전용주
35.12269,126.88426,1,서구,전남광주통합특별시 서구 풍암동 1068,전용주
35.12272,126.83829,1,서구,전남광주통합특별시 서구 세하동 936-15,한전주
35.12272,126.88347,1,서구,전남광주통합특별시 서구 풍암동 127-1,전용주
35.12274,126.93387,1,동구,광주광역시 동구 소태동 673-7,한전주
35.12277,126.86264,1,서구,전남광주통합특별시 서구 풍암동 893-7,전용주
35.12278,126.86153,1,서구,전남광주통합특별시 서구 금호동 852-4,전용주
35.12279,126.86505,1,서구,전남광주통합특별시 서구 풍암동 943-10,전용주
35.12279,126.88347,1,서구,전남광주통합특별시 서구 풍암동 127-1,전용주
35.1228,126.83238,1,서구,전남광주통합특별시 서구 세하동 238-2,한전주
35.1228,126.85728,1,서구,전남광주통합특별시 서구 금호동 859,전용주
35.1228,126.86919,1,서구,전남광주통합특별시 서구 풍암동 1034-6,전용주
35.12282,126.84891,1,서구,전남광주통합특별시 서구 매월동 214-1,전용주
35.12282,126.86035,1,서구,전남광주통합특별시 서구 금호동 854,전용주
35.12282,126.93433,1,동구,광주광역시 동구 소태동 638-11,한전주
35.12283,126.85789,1,서구,전남광주통합특별시 서구 금호동 876-6,전용주
35.12283,126.9345,1,동구,광주광역시 동구 소태동 638-13,한전주
35.12284,126.85879,1,서구,전남광주통합특별시 서구 금호동 872-9,전용주
35.12285,126.86008,1,서구,전남광주통합특별시 서구 금호동 855-2,전용주
35.12286,126.83222,1,서구,전남광주통합특별시 서구 세하동 247-4,한전주
35.12286,126.85816,1,서구,전남광주통합특별시 서구 금호동 875,전용주
35.12286,126.86079,1,서구,전남광주통합특별시 서구 금호동 848-6,전용주
35.12286,126.87002,4,서구,전남광주통합특별시 서구 풍암동 1044,전용주
35.12286,126.93489,1,동구,광주광역시 동구 소태동 638-37,한전주
35.12287,126.88458,1,서구,전남광주통합특별시 서구 풍암동 1191-5,전용주
35.12288,126.87002,1,서구,전남광주통합특별시 서구 풍암동 1044,전용주
35.12289,126.84891,15,서구,전남광주통합특별시 서구 매월동 214-1,전용주
35.12289,126.86343,1,서구,전남광주통합특별시 서구 풍암동 932-6,전용주
35.1229,126.85728,20,서구,전남광주통합특별시 서구 금호동 859,전용주
35.12291,126.85149,2,서구,전남광주통합특별시 서구 매월동 174-25,한전주
35.12294,126.86888,1,서구,전남광주통합특별시 서구 풍암동 1032-5,전용주
35.12295,126.8674,3,서구,전남광주통합특별시 서구 풍암동 1006,전용주
35.12299,126.86178,1,서구,전남광주통합특별시 서구 금호동 852-2,전용주
35.12302,126.93317,1,동구,광주광역시 동구 소태동 645-9,한전주
35.12304,126.85811,1,서구,전남광주통합특별시 서구 금호동 876-1,전용주
35.12304,126.85862,1,서구,전남광주통합특별시 서구 금호동 869,전용주
35.12304,126.86493,1,서구,전남광주통합특별시 서구 풍암동 943-12,전용주
35.12304,126.88201,1,서구,전남광주통합특별시 서구 풍암동 1080-11,전용주
35.12305,126.85094,1,서구,전남광주통합특별시 서구 매월동 213-8,전용주
35.12305,126.85782,1,서구,전남광주통합특별시 서구 금호동 877,전용주
35.12305,126.86097,1,서구,전남광주통합특별시 서구 금호동 848-4,전용주
35.12306,126.93393,1,동구,광주광역시 동구 소태동 640-5,한전주
35.12307,126.85862,4,서구,전남광주통합특별시 서구 금호동 869,전용주
35.12307,126.9567,1,동구,광주광역시 동구 운림동 754,한전주
35.12311,126.86135,1,서구,전남광주통합특별시 서구 금호동 850-11,전용주
35.12311,126.88297,1,서구,전남광주통합특별시 서구 풍암동 1071-6,전용주
35.12312,126.83211,1,서구,전남광주통합특별시 서구 세하동 237-4,한전주
35.12312,126.86367,1,서구,전남광주통합특별시 서구 풍암동 940,전용주
35.12313,126.85071,1,서구,전남광주통합특별시 서구 매월동 213-8,전용주
35.12313,126.86055,1,서구,전남광주통합특별시 서구 금호동 846-2,전용주
35.12315,126.93423,1,동구,광주광역시 동구 소태동 638-8,한전주
35.12316,126.85814,1,서구,전남광주통합특별시 서구 금호동 876-9,전용주
35.12316,126.86181,1,서구,전남광주통합특별시 서구 금호동 842,전용주
35.12316,126.88308,1,서구,전남광주통합특별시 서구 풍암동 1071-5,전용주
35.12317,126.82056,1,서구,전남광주통합특별시 서구 세하동 839,한전주
35.12317,126.88284,2,서구,전남광주통합특별시 서구 풍암동 1072,전용주
35.1232,126.85047,1,서구,전남광주통합특별시 서구 매월동 213-8,전용주
35.12321,126.8826,1,서구,전남광주통합특별시 서구 풍암동 1080-7,전용주
35.12322,126.93364,1,동구,광주광역시 동구 소태동 644-6,한전주
35.12323,126.86987,4,서구,전남광주통합특별시 서구 풍암동 1041,전용주
35.12324,126.86944,2,서구,전남광주통합특별시 서구 풍암동 1035,전용주
35.12328,126.86485,1,서구,전남광주통합특별시 서구 풍암동 943-14,전용주
35.12328,126.86656,1,서구,전남광주통합특별시 서구 풍암동 989-10,전용주
35.12328,126.9331,1,동구,광주광역시 동구 소태동 650-17,한전주
35.12329,126.86406,1,서구,전남광주통합특별시 서구 풍암동 941-7,전용주
35.1233,126.85735,1,서구,전남광주통합특별시 서구 금호동 883,전용주
35.1233,126.86024,1,서구,전남광주통합특별시 서구 금호동 843-4,전용주
35.12331,126.88212,1,서구,전남광주통합특별시 서구 풍암동 1079,전용주
35.12332,126.8818,1,서구,전남광주통합특별시 서구 풍암동 1078-10,전용주
35.12333,126.88255,1,서구,전남광주통합특별시 서구 풍암동 1080-6,전용주
35.12334,126.88427,1,서구,전남광주통합특별시 서구 풍암동 1191-1,전용주
35.12334,126.93326,1,동구,광주광역시 동구 소태동 646-11,건축물
35.12335,126.9337,1,동구,광주광역시 동구 소태동 644-3,한전주
35.12337,126.88468,1,서구,전남광주통합특별시 서구 풍암동 1185-2,전용주
35.12337,126.93787,1,동구,광주광역시 동구 소태동 산20-20,한전주
35.12338,126.93262,1,동구,광주광역시 동구 소태동 650-2,전용주
35.12339,126.85903,1,서구,전남광주통합특별시 서구 금호동 838-5,전용주
35.1234,126.93398,1,동구,광주광역시 동구 소태동 642-14,건축물
35.12341,126.84823,1,서구,전남광주통합특별시 서구 매월동 214,전용주
35.12342,126.86136,1,서구,전남광주통합특별시 서구 금호동 848,전용주
35.12342,126.88358,1,서구,전남광주통합특별시 서구 풍암동 1073-5,전용주
35.12343,126.86352,1,서구,전남광주통합특별시 서구 풍암동 932-1,전용주
35.12346,126.93308,1,동구,광주광역시 동구 소태동 650-15,한전주
35.12346,126.93428,1,동구,광주광역시 동구 소태동 641,한전주
35.12347,126.84787,1,서구,전남광주통합특별시 서구 매월동 760-1,전용주
35.12347,126.86894,1,서구,전남광주통합특별시 서구 풍암동 1032-1,전용주
35.12348,126.84823,1,서구,전남광주통합특별시 서구 매월동 214,전용주
35.12348,126.86963,1,서구,전남광주통합특별시 서구 풍암동 1036-22,전용주
35.1235,126.84823,1,서구,전남광주통합특별시 서구 매월동 214,전용주
35.1235,126.85702,1,서구,전남광주통합특별시 서구 금호동 885,전용주
35.1235,126.88351,1,서구,전남광주통합특별시 서구 풍암동 1073-5,전용주
35.1235,126.93465,1,동구,광주광역시 동구 소태동 637-12,한전주
35.12351,126.86008,3,서구,전남광주통합특별시 서구 금호동 839,전용주
35.12351,126.93369,1,동구,광주광역시 동구 소태동 644-1,한전주
35.12353,126.8319,1,서구,전남광주통합특별시 서구 세하동 240-4,한전주
35.12353,126.8609,1,서구,전남광주통합특별시 서구 금호동 845,전용주
35.12354,126.85719,1,서구,전남광주통합특별시 서구 금호동 884-8,전용주
35.12355,126.8669,1,서구,전남광주통합특별시 서구 풍암동 991-11,전용주
35.12356,126.864,1,서구,전남광주통합특별시 서구 풍암동 939,전용주
35.12358,126.85951,1,서구,전남광주통합특별시 서구 금호동 835-3,전용주
35.12358,126.93351,1,동구,광주광역시 동구 소태동 646-9,한전주
35.12359,126.8574,1,서구,전남광주통합특별시 서구 금호동 884,전용주
35.1236,126.84786,1,서구,전남광주통합특별시 서구 매월동 216,전용주
35.1236,126.86155,1,서구,전남광주통합특별시 서구 금호동 841-6,전용주
35.12361,126.86047,1,서구,전남광주통합특별시 서구 금호동 843-1,전용주
35.12362,126.86398,1,서구,전남광주통합특별시 서구 풍암동 935-1,전용주
35.12363,126.88314,1,서구,전남광주통합특별시 서구 풍암동 1075,전용주
35.12364,126.86641,1,서구,전남광주통합특별시 서구 풍암동 989-13,전용주
35.12366,126.88408,1,서구,전남광주통합특별시 서구 풍암동 1189-9,전용주
35.12367,126.88294,1,서구,전남광주통합특별시 서구 풍암동 1076-8,전용주
35.12367,126.88367,1,서구,전남광주통합특별시 서구 풍암동 1073-3,전용주
35.12367,126.93399,1,동구,광주광역시 동구 소태동 642-10,한전주
35.12367,126.93519,1,동구,광주광역시 동구 소태동 635-6,한전주
35.12368,126.85671,1,서구,전남광주통합특별시 서구 금호동 887,전용주
35.12368,126.86566,2,서구,전남광주통합특별시 서구 풍암동 950,전용주
35.12368,126.9343,1,동구,광주광역시 동구 소태동 637-18,한전주
35.12369,126.88441,1,서구,전남광주통합특별시 서구 풍암동 1184,전용주
35.1237,126.85453,1,서구,전남광주통합특별시 서구 매월동 195,한전주
35.12371,126.86946,1,서구,전남광주통합특별시 서구 풍암동 1034,전용주
35.12373,126.86481,1,서구,전남광주통합특별시 서구 풍암동 943,전용주
35.12374,126.8672,1,서구,전남광주통합특별시 서구 풍암동 993-12,전용주
35.12375,126.85863,3,서구,전남광주통합특별시 서구 금호동 830,전용주
35.12376,126.93507,1,동구,광주광역시 동구 소태동 635-5,전용주
35.12378,126.86127,1,서구,전남광주통합특별시 서구 금호동 841-4,전용주
35.12382,126.86434,1,서구,전남광주통합특별시 서구 풍암동 935-4,전용주
35.12382,126.86972,1,서구,전남광주통합특별시 서구 풍암동 1036-25,전용주
35.12383,126.85665,1,서구,전남광주통합특별시 서구 금호동 888-8,전용주
35.12383,126.93545,1,동구,광주광역시 동구 소태동 446-10,한전주
35.12384,126.85634,1,서구,전남광주통합특별시 서구 금호동 889,전용주
35.12384,126.85665,1,서구,전남광주통합특별시 서구 금호동 888-1,전용주
35.12384,126.85919,1,서구,전남광주통합특별시 서구 금호동 833,전용주
35.12386,126.86525,1,서구,전남광주통합특별시 서구 풍암동 945-2,전용주
35.12386,126.86848,1,서구,전남광주통합특별시 서구 풍암동 1005-9,전용주
35.12388,126.86754,1,서구,전남광주통합특별시 서구 풍암동 995-12,전용주
35.12388,126.86792,1,서구,전남광주통합특별시 서구 풍암동 997-11,전용주
35.12388,126.93503,1,동구,광주광역시 동구 소태동 445-8,한전주
35.12389,126.84611,1,서구,전남광주통합특별시 서구 매월동 산 183-2,한전주
35.12389,126.84796,1,서구,전남광주통합특별시 서구 매월동 산 185,전용주
35.12391,126.85704,3,서구,전남광주통합특별시 서구 금호동 881,전용주
35.12392,126.86956,2,서구,전남광주통합특별시 서구 풍암동 1031,전용주
35.12393,126.83152,1,서구,전남광주통합특별시 서구 세하동 747-8,한전주
35.12393,126.85899,1,서구,전남광주통합특별시 서구 금호동 831-1,전용주
35.12393,126.86077,1,서구,전남광주통합특별시 서구 금호동 841-1,전용주
35.12394,126.88432,1,서구,전남광주통합특별시 서구 풍암동 1183-6,전용주
35.12395,126.86474,1,서구,전남광주통합특별시 서구 풍암동 935-7,전용주
35.12395,126.86568,1,서구,전남광주통합특별시 서구 풍암동 945-5,전용주
35.12395,126.86901,1,서구,전남광주통합특별시 서구 풍암동 1024-5,전용주
35.12395,126.93268,1,동구,광주광역시 동구 소태동 653-17,건축물
35.12396,126.85874,1,서구,전남광주통합특별시 서구 금호동 831-5,전용주
35.12397,126.86956,1,서구,전남광주통합특별시 서구 풍암동 1031,전용주
35.12397,126.93454,1,동구,광주광역시 동구 소태동 860-7,한전주
35.12397,126.9567,2,동구,광주광역시 동구 운림동 755,한전주
35.12398,126.85701,1,서구,전남광주통합특별시 서구 금호동 881,전용주
35.124,126.85895,1,서구,전남광주통합특별시 서구 금호동 831-1,전용주
35.124,126.86006,1,서구,전남광주통합특별시 서구 금호동 829-8,전용주
35.12401,126.86623,1,서구,전남광주통합특별시 서구 풍암동 989-16,전용주
35.12401,126.86662,1,서구,전남광주통합특별시 서구 풍암동 991-15,전용주
35.12401,126.86723,1,서구,전남광주통합특별시 서구 풍암동 993-3,전용주
35.12402,126.86516,1,서구,전남광주통합특별시 서구 풍암동 938-2,전용주
35.12403,126.9402,3,동구,광주광역시 동구 소태동 산20-14,한전주
35.1241,126.93266,1,동구,광주광역시 동구 소태동 653-13,한전주
35.1241,126.95643,1,동구,광주광역시 동구 운림동 756,한전주
35.12411,126.93665,1,동구,광주광역시 동구 소태동 450-11,한전주
35.12412,126.85618,2,서구,전남광주통합특별시 서구 금호동 891,전용주
35.12413,126.867,1,서구,전남광주통합특별시 서구 풍암동 993-15,전용주
35.12414,126.86867,1,서구,전남광주통합특별시 서구 풍암동 1005-4,전용주
35.12415,126.85959,1,서구,전남광주통합특별시 서구 금호동 829-5,전용주
35.12416,126.85576,1,서구,전남광주통합특별시 서구 금호동 895,전용주
35.12416,126.8838,1,서구,전남광주통합특별시 서구 풍암동 1189-5,전용주
35.12419,126.94144,1,동구,광주광역시 동구 소태동 463-3,한전주
35.1242,126.86557,1,서구,전남광주통합특별시 서구 풍암동 938-5,전용주
35.12421,126.87011,1,서구,전남광주통합특별시 서구 풍암동 1030-3,전용주
35.12421,126.93846,1,동구,광주광역시 동구 소태동 470,한전주
35.12422,126.86818,1,서구,전남광주통합특별시 서구 풍암동 998,전용주
35.12424,126.8657,1,서구,전남광주통합특별시 서구 풍암동 938-6,전용주
35.12424,126.86737,1,서구,전남광주통합특별시 서구 풍암동 995-15,전용주
35.12425,126.86796,1,서구,전남광주통합특별시 서구 풍암동 997-3,전용주
35.12426,126.86959,1,서구,전남광주통합특별시 서구 풍암동 1027,전용주
35.12427,126.93504,1,동구,광주광역시 동구 소태동 450-9,한전주
35.12428,126.86651,1,서구,전남광주통합특별시 서구 풍암동 991-17,전용주
35.12428,126.86697,1,서구,전남광주통합특별시 서구 풍암동 993-16,전용주
35.12428,126.936,1,동구,광주광역시 동구 소태동 449,건축물
35.12428,126.9362,1,동구,광주광역시 동구 소태동 450-1,한전주
35.12428,126.93635,1,동구,광주광역시 동구 소태동 450-6,한전주
35.12429,126.93533,1,동구,광주광역시 동구 소태동 447-3,한전주
35.1243,126.85544,1,서구,전남광주통합특별시 서구 금호동 897,전용주
35.1243,126.93551,1,동구,광주광역시 동구 소태동 448-15,한전주
35.12431,126.85573,1,서구,전남광주통합특별시 서구 금호동 896-1,전용주
35.12431,126.85906,1,서구,전남광주통합특별시 서구 금호동 829,전용주
35.12431,126.86771,1,서구,전남광주통합특별시 서구 풍암동 997-15,전용주
35.12434,126.85544,1,서구,전남광주통합특별시 서구 금호동 897,전용주
35.12435,126.86906,1,서구,전남광주통합특별시 서구 풍암동 1024-1,전용주
35.12436,126.86606,1,서구,전남광주통합특별시 서구 풍암동 981,전용주
35.12436,126.87,1,서구,전남광주통합특별시 서구 풍암동 1029,전용주
35.12437,126.8455,1,서구,전남광주통합특별시 서구 매월동 332-5,한전주
35.12437,126.86717,1,서구,전남광주통합특별시 서구 풍암동 993-1,전용주
35.12439,126.88399,1,서구,전남광주통합특별시 서구 풍암동 1183-12,전용주
35.1244,126.85442,1,서구,전남광주통합특별시 서구 금호동 906,전용주
35.1244,126.95616,1,동구,광주광역시 동구 운림동 774-1,한전주
35.12448,126.85543,1,서구,전남광주통합특별시 서구 금호동 898-1,전용주
35.12448,126.93515,1,동구,광주광역시 동구 소태동 446-1,한전주
35.12449,126.86857,1,서구,전남광주통합특별시 서구 풍암동 1002,전용주
35.12449,126.8837,1,서구,전남광주통합특별시 서구 풍암동 1189-3,전용주
35.12451,126.85513,1,서구,전남광주통합특별시 서구 금호동 899,전용주
35.12451,126.86784,1,서구,전남광주통합특별시 서구 풍암동 997-1,전용주
35.12453,126.86654,1,서구,전남광주통합특별시 서구 풍암동 981-4,전용주
35.12453,126.86741,1,서구,전남광주통합특별시 서구 풍암동 995,전용주
35.12453,126.95635,1,동구,광주광역시 동구 운림동 773,전용주
35.12454,126.93596,1,동구,광주광역시 동구 소태동 480-2,한전주
35.12455,126.86828,1,서구,전남광주통합특별시 서구 풍암동 1000,전용주
35.12456,126.86936,1,서구,전남광주통합특별시 서구 풍암동 1026-9,전용주
35.1246,126.88388,1,서구,전남광주통합특별시 서구 풍암동 1183-2,전용주
35.12461,126.88409,4,서구,전남광주통합특별시 서구 풍암동 1180,전용주
35.12462,126.85572,4,서구,전남광주통합특별시 서구 금호동 893,전용주
35.12463,126.86704,1,서구,전남광주통합특별시 서구 풍암동 982,전용주
35.12464,126.86651,1,서구,전남광주통합특별시 서구 풍암동 980,전용주
35.12466,126.8548,1,서구,전남광주통합특별시 서구 금호동 901,전용주
35.1247,126.83136,2,서구,전남광주통합특별시 서구 세하동 742-10,한전주
35.1247,126.83138,1,서구,전남광주통합특별시 서구 세하동 742-10,한전주
35.12471,126.93227,1,동구,광주광역시 동구 소태동 656,건축물
35.12473,126.84502,1,서구,전남광주통합특별시 서구 매월동 173-7,한전주
35.12474,126.93227,1,동구,광주광역시 동구 소태동 656,한전주
35.1248,126.83146,1,서구,전남광주통합특별시 서구 세하동 743-10,한전주
35.12482,126.86751,1,서구,전남광주통합특별시 서구 풍암동 984-3,전용주
35.12485,126.93558,1,동구,광주광역시 동구 소태동 485-25,한전주
35.12486,126.93212,1,동구,광주광역시 동구 소태동 657,한전주
35.12489,126.93259,1,동구,광주광역시 동구 소태동 604-18,한전주
35.12491,126.85404,1,서구,전남광주통합특별시 서구 금호동 916-3,전용주
35.12491,126.86914,1,서구,전남광주통합특별시 서구 풍암동 1018-4,전용주
35.12496,126.93667,1,동구,광주광역시 동구 소태동 480-1,한전주
35.12497,126.85487,1,서구,전남광주통합특별시 서구 금호동 903,전용주
35.12497,126.88344,1,서구,전남광주통합특별시 서구 풍암동 1187-9,전용주
35.12497,126.88373,1,서구,전남광주통합특별시 서구 풍암동 1182,전용주
35.12498,126.85393,1,서구,전남광주통합특별시 서구 금호동 916-6,전용주
35.12498,126.85422,1,서구,전남광주통합특별시 서구 금호동 915,전용주
35.125,126.86803,1,서구,전남광주통합특별시 서구 풍암동 984-7,전용주
35.125,126.9352,1,동구,광주광역시 동구 소태동 485-6,한전주
35.12508,126.86916,1,서구,전남광주통합특별시 서구 풍암동 1018-3,전용주
35.12512,126.93511,1,동구,광주광역시 동구 소태동 485-9,한전주
35.12513,126.84075,1,서구,전남광주통합특별시 서구 세하동 941-32,한전주
35.12514,126.93649,1,동구,광주광역시 동구 소태동 495-5,한전주
35.12514,126.93655,1,동구,광주광역시 동구 소태동 480-4,한전주
35.12515,126.85391,1,서구,전남광주통합특별시 서구 금호동 917,전용주
35.12515,126.87005,4,서구,전남광주통합특별시 서구 풍암동 1022,전용주
35.12516,126.88371,1,서구,전남광주통합특별시 서구 풍암동 1181-7,전용주
35.12521,126.95576,1,동구,광주광역시 동구 운림동 772,한전주
35.12529,126.85268,1,서구,전남광주통합특별시 서구 금호동 924-4,전용주
35.12529,126.8541,1,서구,전남광주통합특별시 서구 금호동 916-8,전용주
35.12529,126.93465,1,동구,광주광역시 동구 소태동 617-10,한전주
35.12529,126.93631,2,동구,광주광역시 동구 소태동 480-3,한전주
35.12531,126.84709,3,서구,전남광주통합특별시 서구 매월동 173-3,전용주
35.12532,126.92847,1,동구,광주광역시 동구 용산동 300-1,한전주
35.12534,126.88327,1,서구,전남광주통합특별시 서구 풍암동 1187-6,전용주
35.12535,126.85359,1,서구,전남광주통합특별시 서구 금호동 919,전용주
35.12547,126.85309,1,서구,전남광주통합특별시 서구 금호동 922-4,전용주
35.12547,126.93642,1,동구,광주광역시 동구 소태동 496-10,한전주
35.12548,126.85274,6,서구,전남광주통합특별시 서구 금호동 923,전용주
35.12554,126.93307,1,동구,광주광역시 동구 소태동 566-2,한전주
35.12554,126.95639,1,동구,광주광역시 동구 운림동 764,한전주
35.12562,126.87825,1,서구,전남광주통합특별시 서구 풍암동 1111-5,전용주
35.12563,126.85312,2,서구,전남광주통합특별시 서구 금호동 921,전용주
35.12571,126.85267,1,서구,전남광주통합특별시 서구 금호동 924-2,전용주
35.12571,126.8537,6,서구,전남광주통합특별시 서구 금호동 914,전용주
35.12572,126.93652,1,동구,광주광역시 동구 소태동 496-4,한전주
35.12576,126.84106,1,서구,전남광주통합특별시 서구 세하동 934-46,한전주
35.12576,126.8537,1,서구,전남광주통합특별시 서구 금호동 914,전용주
35.12577,126.83137,1,서구,전남광주통합특별시 서구 세하동 204-2,한전주
35.1258,126.84191,1,서구,전남광주통합특별시 서구 세하동 산 8-9,한전주
35.1258,126.88381,1,서구,전남광주통합특별시 서구 풍암동 1175,전용주
35.12581,126.93681,1,동구,광주광역시 동구 소태동 501-28,한전주
35.12584,126.88303,1,서구,전남광주통합특별시 서구 풍암동 1187-2,전용주
35.12588,126.93467,1,동구,광주광역시 동구 소태동 619-8,건축물
35.12589,126.93198,1,동구,광주광역시 동구 소태동 601-1,전용주
35.12589,126.93505,1,동구,광주광역시 동구 소태동 489-10,한전주
35.1259,126.88338,1,서구,전남광주통합특별시 서구 풍암동 1181-2,전용주
35.12591,126.95532,1,동구,광주광역시 동구 운림동 771-1,한전주
35.12594,126.8311,1,서구,전남광주통합특별시 서구 세하동 738-4,한전주
35.12595,126.8311,1,서구,전남광주통합특별시 서구 세하동 738-4,한전주
35.12595,126.935,1,동구,광주광역시 동구 소태동 489-8,한전주
35.12596,126.85269,1,서구,전남광주통합특별시 서구 금호동 924,전용주
35.12598,126.87957,1,서구,전남광주통합특별시 서구 풍암동 1117-4,전용주
35.12601,126.83783,2,서구,전남광주통합특별시 서구 세하동 941-10,한전주
35.12602,126.95534,1,동구,광주광역시 동구 운림동 771,한전주
35.12602,126.95536,1,동구,광주광역시 동구 운림동 771,한전주
35.12604,126.83654,1,서구,전남광주통합특별시 서구 세하동 931-28,한전주
35.12604,126.88358,1,서구,전남광주통합특별시 서구 풍암동 1173-3,전용주
35.12607,126.85287,1,서구,전남광주통합특별시 서구 금호동 922-16,전용주
35.12611,126.83134,1,서구,전남광주통합특별시 서구 세하동 204-6,전용주
35.12612,126.93165,1,동구,광주광역시 동구 소태동 599-2,건축물
35.12615,126.93645,1,동구,광주광역시 동구 소태동 508-4,한전주
35.12618,126.87796,1,서구,전남광주통합특별시 서구 풍암동 1111-1,전용주
35.12619,126.88384,1,서구,전남광주통합특별시 서구 풍암동 1173-1,전용주
35.12621,126.83148,2,서구,전남광주통합특별시 서구 벽진동 834,전용주
35.12629,126.93668,1,동구,광주광역시 동구 소태동 508-7,한전주
35.12633,126.95521,1,동구,광주광역시 동구 운림동 735,한전주
35.12637,126.93209,1,동구,광주광역시 동구 소태동 566-27,전용주
35.12638,126.93104,1,동구,광주광역시 동구 소태동 579,전용주
35.12643,126.88404,1,서구,전남광주통합특별시 서구 풍암동 1171-1,전용주
35.12644,126.84176,1,서구,전남광주통합특별시 서구 세하동 934-22,건축물
35.12645,126.83761,1,서구,전남광주통합특별시 서구 세하동 942-15,한전주
35.12647,126.93035,2,동구,광주광역시 동구 용산동 297-11,전용주
35.12651,126.93059,1,동구,광주광역시 동구 소태동 639-3,건축물
35.12651,126.93373,1,동구,광주광역시 동구 소태동 856-5,한전주
35.12652,126.83115,1,서구,전남광주통합특별시 서구 벽진동 910-4,한전주
35.12658,126.83205,1,서구,전남광주통합특별시 서구 벽진동 344-1,한전주
35.12658,126.87933,1,서구,전남광주통합특별시 서구 풍암동 1117,전용주
35.1266,126.93375,1,동구,광주광역시 동구 소태동 564-5,한전주
35.12663,126.93417,1,동구,광주광역시 동구 소태동 562-11,한전주
35.12664,126.85341,1,서구,전남광주통합특별시 서구 금호동 195-16,전용주
35.12666,126.93463,1,동구,광주광역시 동구 소태동 618,한전주
35.12667,126.93589,3,동구,광주광역시 동구 소태동 491,한전주
35.12672,126.93078,1,동구,광주광역시 동구 소태동 585-20,한전주
35.12674,126.83151,1,서구,전남광주통합특별시 서구 벽진동 346-3,한전주
35.12679,126.9337,1,동구,광주광역시 동구 소태동 564-3,건축물
35.12682,126.8423,1,서구,전남광주통합특별시 서구 세하동 941-12,한전주
35.12684,126.92932,1,동구,광주광역시 동구 소태동 1002,한전주
35.12685,126.83684,1,서구,전남광주통합특별시 서구 세하동 930-56,한전주
35.12686,126.83121,1,서구,전남광주통합특별시 서구 벽진동 347-9,한전주
35.12686,126.85368,1,서구,전남광주통합특별시 서구 금호동 195-10,전용주
35.12688,126.93349,1,동구,광주광역시 동구 소태동 566-18,한전주
35.12691,126.95436,1,동구,광주광역시 동구 운림동 732-2,한전주
35.12692,126.93198,1,동구,광주광역시 동구 소태동 573-19,한전주
35.12694,126.83046,1,서구,전남광주통합특별시 서구 벽진동 731-6,한전주
35.12694,126.85328,1,서구,전남광주통합특별시 서구 금호동 195-13,한전주
35.12694,126.93407,1,동구,광주광역시 동구 소태동 560-11,한전주
35.12695,126.8324,1,서구,전남광주통합특별시 서구 벽진동 331,한전주
35.12695,126.93022,1,동구,광주광역시 동구 소태동 587-1,한전주
35.12696,126.8326,1,서구,전남광주통합특별시 서구 벽진동 332,한전주
35.12696,126.854,1,서구,전남광주통합특별시 서구 금호동 195-8,한전주
35.12696,126.93283,1,동구,광주광역시 동구 소태동 566-35,한전주
35.12697,126.93488,1,동구,광주광역시 동구 소태동 512-19,한전주
35.127,126.88298,2,서구,전남광주통합특별시 서구 풍암동 1141,전용주
35.12702,126.95423,1,동구,광주광역시 동구 운림동 732-1,한전주
35.12705,126.93531,1,동구,광주광역시 동구 소태동 512-21,한전주
35.12706,126.93026,1,동구,광주광역시 동구 소태동 587-16,한전주
35.12709,126.83035,1,서구,전남광주통합특별시 서구 벽진동 834-1,한전주
35.12709,126.92936,1,동구,광주광역시 동구 소태동 1080,전용주
35.1271,126.93224,1,동구,광주광역시 동구 소태동 573-23,건축물
35.1271,126.93354,1,동구,광주광역시 동구 소태동 565-1,한전주
35.12711,126.83195,1,서구,전남광주통합특별시 서구 벽진동 354-1,한전주
35.12711,126.92906,1,동구,광주광역시 동구 소태동 1006,한전주
35.12713,126.95416,1,동구,광주광역시 동구 운림동 732,한전주
35.12714,126.85432,2,서구,전남광주통합특별시 서구 금호동 816,전용주
35.12714,126.88364,1,서구,전남광주통합특별시 서구 풍암동 1143,전용주
35.12714,126.9333,1,동구,광주광역시 동구 소태동 550-25,한전주
35.12715,126.93456,1,동구,광주광역시 동구 소태동 559-3,한전주
35.12715,126.93532,1,동구,광주광역시 동구 소태동 512-15,한전주
35.12716,126.93562,1,동구,광주광역시 동구 소태동 507,한전주
35.12717,126.88368,4,서구,전남광주통합특별시 서구 풍암동 1143,전용주
35.12718,126.85154,1,서구,전남광주통합특별시 서구 매월동 754,한전주
35.12719,126.93368,1,동구,광주광역시 동구 소태동 565-8,한전주
35.1272,126.83181,1,서구,전남광주통합특별시 서구 벽진동 354-2,한전주
35.12724,126.92937,1,동구,광주광역시 동구 소태동 1085,한전주
35.12724,126.93047,1,동구,광주광역시 동구 소태동 585-7,한전주
35.12725,126.93492,1,동구,광주광역시 동구 소태동 512-4,한전주
35.12726,126.93182,1,동구,광주광역시 동구 소태동 540-7,한전주
35.12728,126.93304,1,동구,광주광역시 동구 소태동 570-3,한전주
35.1273,126.93414,1,동구,광주광역시 동구 소태동 560-10,건축물
35.12732,126.88292,2,서구,전남광주통합특별시 서구 풍암동 1140,전용주
35.12733,126.85414,2,서구,전남광주통합특별시 서구 금호동 613-6,전용주
35.12733,126.88405,1,서구,전남광주통합특별시 서구 풍암동 1163-7,전용주
35.12733,126.9319,1,동구,광주광역시 동구 소태동 540-18,한전주
35.12734,126.83139,1,서구,전남광주통합특별시 서구 벽진동 361-1,한전주
35.12734,126.92899,1,동구,광주광역시 동구 소태동 1009,전용주
35.12735,126.85414,1,서구,전남광주통합특별시 서구 금호동 613-6,전용주
35.12738,126.836,1,서구,전남광주통합특별시 서구 세하동 927-22,한전주
35.12738,126.85164,1,서구,전남광주통합특별시 서구 매월동 754,한전주
35.12739,126.88292,1,서구,전남광주통합특별시 서구 풍암동 1140,전용주
35.12739,126.93136,1,동구,광주광역시 동구 소태동 532-30,전용주
35.1274,126.92862,1,동구,광주광역시 동구 소태동 1017,한전주
35.1274,126.93256,1,동구,광주광역시 동구 소태동 540-53,한전주
35.12741,126.88454,1,서구,전남광주통합특별시 서구 풍암동 1159-12,전용주
35.12742,126.93344,1,동구,광주광역시 동구 소태동 550-9,전용주
35.12744,126.93271,1,동구,광주광역시 동구 소태동 540-55,건축물
35.12745,126.92943,1,동구,광주광역시 동구 소태동 1088,전용주
35.12745,126.93017,1,동구,광주광역시 동구 소태동 855-84,한전주
35.12746,126.95161,1,동구,광주광역시 동구 운림동 산267,한전주
35.12748,126.83198,1,서구,전남광주통합특별시 서구 벽진동 835-5,한전주
35.12749,126.83247,1,서구,전남광주통합특별시 서구 벽진동 320-2,한전주
35.12749,126.93335,1,동구,광주광역시 동구 소태동 569-3,한전주
35.12751,126.83244,1,서구,전남광주통합특별시 서구 벽진동 825-24,한전주
35.12751,126.9354,1,동구,광주광역시 동구 소태동 506-7,한전주
35.12754,126.83092,1,서구,전남광주통합특별시 서구 벽진동 633-21,한전주
35.12756,126.83704,1,서구,전남광주통합특별시 서구 세하동 930-55,한전주
35.12756,126.85266,7,서구,전남광주통합특별시 서구 금호동 702-116,전용주
35.12757,126.88476,1,서구,전남광주통합특별시 서구 풍암동 1157-7,전용주
35.1276,126.83177,1,서구,전남광주통합특별시 서구 벽진동 362-6,전용주
35.1276,126.93299,1,동구,광주광역시 동구 소태동 540-3,전용주
35.12761,126.93546,1,동구,광주광역시 동구 소태동 506-5,한전주
35.12762,126.85161,1,서구,전남광주통합특별시 서구 금호동 1083,전용주
35.12762,126.88432,1,서구,전남광주통합특별시 서구 풍암동 1162,전용주
35.12763,126.92902,1,동구,광주광역시 동구 소태동 1094,전용주
35.12764,126.85182,1,서구,전남광주통합특별시 서구 매월동 754,한전주
35.12764,126.93272,1,동구,광주광역시 동구 소태동 540-38,건축물
35.12764,126.95358,1,동구,광주광역시 동구 운림동 725-9,한전주
35.12766,126.88454,3,서구,전남광주통합특별시 서구 풍암동 1160,전용주
35.12769,126.93337,1,동구,광주광역시 동구 소태동 540-35,한전주
35.12771,126.93159,1,동구,광주광역시 동구 소태동 532-84,한전주
35.12773,126.92932,1,동구,광주광역시 동구 소태동 994,한전주
35.12773,126.93235,1,동구,광주광역시 동구 소태동 532-88,한전주
35.12773,126.93398,1,동구,광주광역시 동구 소태동 552-12,한전주
35.12774,126.83589,1,서구,전남광주통합특별시 서구 세하동 927-17,한전주
35.12775,126.9323,1,동구,광주광역시 동구 소태동 532-88,한전주
35.12776,126.88414,1,서구,전남광주통합특별시 서구 풍암동 1164,전용주
35.12776,126.88418,2,서구,전남광주통합특별시 서구 풍암동 1164,전용주
35.12777,126.88363,1,서구,전남광주통합특별시 서구 풍암동 1166,전용주
35.12778,126.83296,1,서구,전남광주통합특별시 서구 벽진동 312-3,한전주
35.12778,126.93552,1,동구,광주광역시 동구 소태동 505-1,한전주
35.12781,126.93203,1,동구,광주광역시 동구 소태동 532-94,한전주
35.12782,126.9327,1,동구,광주광역시 동구 소태동 532-80,한전주
35.12783,126.93147,1,동구,광주광역시 동구 소태동 532-83,한전주
35.12784,126.83153,3,서구,전남광주통합특별시 서구 벽진동 315-6,한전주
35.12785,126.92889,1,동구,광주광역시 동구 소태동 1066,한전주
35.12785,126.95394,1,동구,광주광역시 동구 운림동 729,한전주
35.12789,126.83173,1,서구,전남광주통합특별시 서구 벽진동 315-5,한전주
35.12789,126.85182,1,서구,전남광주통합특별시 서구 금호동 1084,한전주
35.1279,126.83223,1,서구,전남광주통합특별시 서구 벽진동 364,한전주
35.12793,126.92838,1,동구,광주광역시 동구 소태동 973,한전주
35.12794,126.84976,1,서구,전남광주통합특별시 서구 매월동 285-3,전용주
35.12794,126.9314,1,동구,광주광역시 동구 소태동 532-78,한전주
35.12794,126.95324,1,동구,광주광역시 동구 운림동 725,한전주
35.12795,126.93482,1,동구,광주광역시 동구 소태동 556,한전주
35.12796,126.92768,1,동구,광주광역시 동구 소태동 952,한전주
35.12796,126.93166,1,동구,광주광역시 동구 소태동 532-108,한전주
35.12798,126.85228,5,서구,전남광주통합특별시 서구 금호동 702-48,한전주
35.12798,126.93321,1,동구,광주광역시 동구 소태동 532-81,한전주
35.12798,126.95294,1,동구,광주광역시 동구 운림동 721-2,한전주
35.12799,126.83565,1,서구,전남광주통합특별시 서구 세하동 927-13,한전주
35.12799,126.92907,1,동구,광주광역시 동구 소태동 1067,한전주
35.12799,126.93452,1,동구,광주광역시 동구 소태동 553-34,한전주
35.128,126.83088,1,서구,전남광주통합특별시 서구 벽진동 633-2,한전주
35.12801,126.88486,1,서구,전남광주통합특별시 서구 풍암동 1157-11,전용주
35.12801,126.93481,1,동구,광주광역시 동구 소태동 554,한전주
35.12803,126.83754,1,서구,전남광주통합특별시 서구 벽진동 289,한전주
35.12805,126.88446,1,서구,전남광주통합특별시 서구 풍암동 1161-7,전용주
35.12805,126.9312,1,동구,광주광역시 동구 소태동 532-174,한전주
35.12805,126.93227,1,동구,광주광역시 동구 소태동 532-153,한전주
35.12806,126.92807,1,동구,광주광역시 동구 소태동 924,한전주
35.12806,126.92864,1,동구,광주광역시 동구 소태동 1056,전용주
35.12807,126.93531,2,동구,광주광역시 동구 소태동 산8,전용주
35.12808,126.9275,1,동구,광주광역시 동구 소태동 950,전용주
35.12809,126.93242,1,동구,광주광역시 동구 소태동 532-141,건축물
35.12811,126.93095,1,동구,광주광역시 동구 소태동 536-2,건축물
35.12811,126.93365,1,동구,광주광역시 동구 소태동 550-2,한전주
35.12813,126.85184,1,서구,전남광주통합특별시 서구 매월동 751-31,한전주
35.12815,126.93392,1,동구,광주광역시 동구 소태동 552-3,한전주
35.12816,126.92884,1,동구,광주광역시 동구 소태동 1058,전용주
35.12819,126.8517,1,서구,전남광주통합특별시 서구 매월동 751-31,한전주
35.1282,126.92829,1,동구,광주광역시 동구 소태동 930,한전주
35.1282,126.93526,1,동구,광주광역시 동구 소태동 554-2,한전주
35.12823,126.93253,1,동구,광주광역시 동구 소태동 532-139,한전주
35.12824,126.88493,1,서구,전남광주통합특별시 서구 풍암동 1157-13,전용주
35.12824,126.9317,1,동구,광주광역시 동구 소태동 532-155,한전주
35.12825,126.9293,1,동구,광주광역시 동구 소태동 988,한전주
35.12825,126.93435,1,동구,광주광역시 동구 소태동 701-3,한전주
35.12827,126.8332,1,서구,전남광주통합특별시 서구 벽진동 309-21,한전주
35.12828,126.92759,1,동구,광주광역시 동구 소태동 938,한전주
35.12829,126.88507,1,서구,전남광주통합특별시 서구 풍암동 1157-2,전용주
35.12829,126.951,1,동구,광주광역시 동구 운림동 산269,한전주
35.12829,126.95107,1,동구,광주광역시 동구 운림동 산269,한전주
35.1283,126.88408,1,서구,전남광주통합특별시 서구 풍암동 1145-9,전용주
35.12831,126.95195,1,동구,광주광역시 동구 운림동 산268,한전주
35.12832,126.85207,1,서구,전남광주통합특별시 서구 금호동 613-3,한전주
35.12832,126.93163,1,동구,광주광역시 동구 소태동 532-154,건축물
35.12832,126.93378,1,동구,광주광역시 동구 소태동 550-18,한전주
35.12833,126.92918,1,동구,광주광역시 동구 소태동 1099,한전주
35.12836,126.9275,1,동구,광주광역시 동구 소태동 936,한전주
35.12837,126.83201,1,서구,전남광주통합특별시 서구 벽진동 315-4,한전주
35.12837,126.88444,12,서구,전남광주통합특별시 서구 풍암동 1138,전용주
35.12837,126.88448,1,서구,전남광주통합특별시 서구 풍암동 1138,전용주
35.12838,126.93128,1,동구,광주광역시 동구 소태동 532-199,한전주
35.12838,126.93214,1,동구,광주광역시 동구 소태동 532-150,한전주
35.12841,126.93292,1,동구,광주광역시 동구 소태동 532-168,전용주
35.12842,126.92758,1,동구,광주광역시 동구 소태동 915,건축물
35.12843,126.93384,1,동구,광주광역시 동구 소태동 551-6,한전주
35.12844,126.93468,1,동구,광주광역시 동구 소태동 701-5,한전주
35.12845,126.88493,1,서구,전남광주통합특별시 서구 풍암동 1157-14,전용주
35.12845,126.93504,1,동구,광주광역시 동구 소태동 698-38,전용주
35.12846,126.93221,1,동구,광주광역시 동구 소태동 532-145,한전주
35.12847,126.929,1,동구,광주광역시 동구 소태동 1046,전용주
35.12847,126.9345,1,동구,광주광역시 동구 소태동 701-2,한전주
35.12852,126.84981,1,서구,전남광주통합특별시 서구 매월동 288-2,전용주
35.12852,126.92909,1,동구,광주광역시 동구 소태동 1102,한전주
35.12852,126.93426,1,동구,광주광역시 동구 소태동 702-9,한전주
35.12853,126.92851,1,동구,광주광역시 동구 소태동 1030,한전주
35.12853,126.95243,1,동구,광주광역시 동구 운림동 721-1,한전주
35.12856,126.93238,1,동구,광주광역시 동구 소태동 532-135,한전주
35.12856,126.93489,1,동구,광주광역시 동구 소태동 698-10,한전주
35.12857,126.93462,1,동구,광주광역시 동구 소태동 701-11,한전주
35.12858,126.93371,1,동구,광주광역시 동구 소태동 855-10,한전주
35.12858,126.95267,1,동구,광주광역시 동구 운림동 720,한전주
35.12861,126.92894,1,동구,광주광역시 동구 소태동 1037,한전주
35.12863,126.84993,1,서구,전남광주통합특별시 서구 금호동 1059,전용주
35.12863,126.93443,1,동구,광주광역시 동구 소태동 702-6,건축물
35.12864,126.95287,1,동구,광주광역시 동구 운림동 838-30,한전주
35.12868,126.92847,1,동구,광주광역시 동구 소태동 1031,전용주
35.12868,126.95171,1,동구,광주광역시 동구 운림동 713-2,한전주
35.12869,126.93494,1,동구,광주광역시 동구 소태동 698-9,한전주
35.1287,126.93337,1,동구,광주광역시 동구 소태동 547-10,한전주
35.12871,126.83139,1,서구,전남광주통합특별시 서구 벽진동 309-12,한전주
35.12873,126.83142,1,서구,전남광주통합특별시 서구 벽진동 309-9,한전주
35.12873,126.83386,1,서구,전남광주통합특별시 서구 벽진동 309-28,한전주
35.12874,126.93285,1,동구,광주광역시 동구 소태동 532-163,한전주
35.12874,126.9343,1,동구,광주광역시 동구 소태동 703-7,한전주
35.12875,126.88481,1,서구,전남광주통합특별시 서구 풍암동 1145-2,전용주
35.12879,126.88481,1,서구,전남광주통합특별시 서구 풍암동 1145,전용주
35.12881,126.92868,1,동구,광주광역시 동구 소태동 979,전용주
35.12886,126.84965,1,서구,전남광주통합특별시 서구 금호동 946,전용주
35.12886,126.8497,1,서구,전남광주통합특별시 서구 금호동 946,전용주
35.12887,126.93459,1,동구,광주광역시 동구 소태동 700,한전주
35.12891,126.92754,1,동구,광주광역시 동구 소태동 881,전용주
35.12891,126.95088,1,동구,광주광역시 동구 운림동 710,한전주
35.12893,126.93468,1,동구,광주광역시 동구 소태동 700-1,한전주
35.12897,126.85034,2,서구,전남광주통합특별시 서구 금호동 609-3,전용주
35.12897,126.93421,1,동구,광주광역시 동구 소태동 704-11,한전주
35.12898,126.85036,1,서구,전남광주통합특별시 서구 금호동 609-3,전용주
35.12898,126.95194,1,동구,광주광역시 동구 운림동 714-3,전용주
35.12899,126.85034,1,서구,전남광주통합특별시 서구 금호동 609-3,전용주
35.12901,126.94049,1,동구,광주광역시 동구 소태동 산267-1,한전주
35.12903,126.9515,1,동구,광주광역시 동구 운림동 712,한전주
35.12903,126.95154,1,동구,광주광역시 동구 운림동 712,한전주
35.12904,126.85071,1,서구,전남광주통합특별시 서구 금호동 610,전용주
35.12904,126.85078,1,서구,전남광주통합특별시 서구 금호동 610,전용주
35.12905,126.84977,1,서구,전남광주통합특별시 서구 금호동 942,전용주
35.12906,126.93429,1,동구,광주광역시 동구 소태동 704-10,한전주
35.12907,126.93327,1,동구,광주광역시 동구 소태동 536-17,한전주
35.12907,126.93481,1,동구,광주광역시 동구 소태동 700-2,한전주
35.12907,126.93485,1,동구,광주광역시 동구 소태동 700-2,한전주
35.12911,126.84993,1,서구,전남광주통합특별시 서구 금호동 702-115,전용주
35.12911,126.93328,1,동구,광주광역시 동구 소태동 535-21,한전주
35.12912,126.82807,1,서구,전남광주통합특별시 서구 벽진동 628-11,한전주
35.12913,126.83635,1,서구,전남광주통합특별시 서구 벽진동 419-10,한전주
35.12914,126.95085,1,동구,광주광역시 동구 운림동 710-1,한전주
35.12924,126.93504,1,동구,광주광역시 동구 소태동 698-32,한전주
35.12925,126.84959,2,서구,전남광주통합특별시 서구 금호동 941,전용주
35.12927,126.9342,1,동구,광주광역시 동구 소태동 709-3,한전주
35.12929,126.93433,1,동구,광주광역시 동구 소태동 709,한전주
35.12931,126.82838,1,서구,전남광주통합특별시 서구 벽진동 628-10,한전주
35.12931,126.93337,1,동구,광주광역시 동구 소태동 535-6,한전주
35.12931,126.93404,1,동구,광주광역시 동구 소태동 855-32,한전주
35.12933,126.83606,1,서구,전남광주통합특별시 서구 벽진동 419-9,한전주
35.12934,126.82732,1,서구,전남광주통합특별시 서구 벽진동 628-13,한전주
35.12937,126.93497,1,동구,광주광역시 동구 소태동 698-29,한전주
35.12938,126.93472,1,동구,광주광역시 동구 소태동 709-2,한전주
35.12938,126.93475,1,동구,광주광역시 동구 소태동 709-2,전용주
35.12939,126.94021,1,동구,광주광역시 동구 소태동 786-1,한전주
35.1294,126.82901,1,서구,전남광주통합특별시 서구 벽진동 628-8,한전주
35.1294,126.84914,7,서구,전남광주통합특별시 서구 금호동 945,건축물
35.1294,126.84916,1,서구,전남광주통합특별시 서구 금호동 945,전용주
35.1294,126.95022,1,동구,광주광역시 동구 운림동 706-2,한전주
35.12943,126.84001,1,서구,전남광주통합특별시 서구 벽진동 271,한전주
35.12944,126.93515,1,동구,광주광역시 동구 소태동 698-40,전용주
35.12945,126.82773,1,서구,전남광주통합특별시 서구 벽진동 628-12,한전주
35.12945,126.82934,1,서구,전남광주통합특별시 서구 벽진동 628-7,한전주
35.12946,126.88609,1,서구,전남광주통합특별시 서구 풍암동 1148,전용주
35.12947,126.83716,1,서구,전남광주통합특별시 서구 벽진동 293-3,한전주
35.12947,126.93304,1,동구,광주광역시 동구 소태동 535-13,한전주
35.12948,126.93382,1,동구,광주광역시 동구 소태동 706-10,한전주
35.12948,126.93385,1,동구,광주광역시 동구 소태동 706-10,한전주
35.12952,126.84917,6,서구,전남광주통합특별시 서구 금호동 943,전용주
35.12953,126.83886,1,서구,전남광주통합특별시 서구 벽진동 279,한전주
35.12953,126.94978,1,동구,광주광역시 동구 운림동 706,한전주
35.12955,126.93549,1,동구,광주광역시 동구 소태동 698-48,한전주
35.12955,126.94337,1,동구,광주광역시 동구 소태동 855-38,전용주
35.12957,126.93464,1,동구,광주광역시 동구 소태동 709-4,한전주
35.12958,126.83031,1,서구,전남광주통합특별시 서구 벽진동 628-4,한전주
35.12958,126.94031,1,동구,광주광역시 동구 소태동 827-9,한전주
35.12959,126.93271,1,동구,광주광역시 동구 소태동 534-8,한전주
35.12959,126.93454,1,동구,광주광역시 동구 소태동 709-13,전용주
35.12959,126.93589,1,동구,광주광역시 동구 소태동 산259-19,건축물
35.1296,126.93512,1,동구,광주광역시 동구 소태동 856-25,한전주
35.12962,126.83151,1,서구,전남광주통합특별시 서구 벽진동 422-7,한전주
35.12962,126.83154,2,서구,전남광주통합특별시 서구 벽진동 422-7,한전주
35.12962,126.93389,1,동구,광주광역시 동구 소태동 706-17,건축물
35.12962,126.93449,1,동구,광주광역시 동구 소태동 708-6,한전주
35.12963,126.93328,1,동구,광주광역시 동구 소태동 534-24,한전주
35.12964,126.83063,1,서구,전남광주통합특별시 서구 벽진동 628-3,한전주
35.12969,126.83942,1,서구,전남광주통합특별시 서구 벽진동 276,한전주
35.12972,126.9336,1,동구,광주광역시 동구 소태동 706-4,한전주
35.12972,126.93407,1,동구,광주광역시 동구 소태동 706-16,한전주
35.12973,126.83103,1,서구,전남광주통합특별시 서구 벽진동 628-1,한전주
35.12973,126.93439,1,동구,광주광역시 동구 소태동 712-11,전용주
35.12975,126.93296,1,동구,광주광역시 동구 소태동 534-46,한전주
35.12976,126.94004,1,동구,광주광역시 동구 소태동 859,한전주
35.12977,126.93416,1,동구,광주광역시 동구 소태동 713-2,전용주
35.12977,126.94013,1,동구,광주광역시 동구 소태동 788,한전주
35.12978,126.94932,1,동구,광주광역시 동구 운림동 703,한전주
35.12979,126.83876,1,서구,전남광주통합특별시 서구 벽진동 281-1,한전주
35.1298,126.84491,3,서구,전남광주통합특별시 서구 매월동 751-18,전용주
35.12983,126.94063,1,동구,광주광역시 동구 소태동 827,한전주
35.12984,126.83406,2,서구,전남광주통합특별시 서구 벽진동 420-4,한전주
35.12984,126.93372,1,동구,광주광역시 동구 소태동 706-1,한전주
35.12989,126.93562,1,동구,광주광역시 동구 소태동 697-5,전용주
35.12989,126.94931,1,동구,광주광역시 동구 운림동 458-12,한전주
35.12991,126.84604,1,서구,전남광주통합특별시 서구 매월동 751-21,전용주
35.12992,126.93283,1,동구,광주광역시 동구 소태동 514-5,한전주
35.12992,126.93335,1,동구,광주광역시 동구 소태동 715-3,한전주
35.12992,126.93624,1,동구,광주광역시 동구 소태동 724-6,전용주
35.12993,126.83476,1,서구,전남광주통합특별시 서구 벽진동 420-5,한전주
35.12993,126.94895,1,동구,광주광역시 동구 운림동 산272-1,한전주
35.12994,126.93465,1,동구,광주광역시 동구 소태동 716-6,한전주
35.12997,126.93326,1,동구,광주광역시 동구 소태동 534-2,한전주
35.12998,126.94132,1,동구,광주광역시 동구 소태동 818,한전주
35.12999,126.84606,1,서구,전남광주통합특별시 서구 매월동 751-21,전용주
35.12999,126.93381,1,동구,광주광역시 동구 소태동 715-13,한전주
35.13,126.94155,1,동구,광주광역시 동구 소태동 817,한전주
35.13001,126.93364,1,동구,광주광역시 동구 소태동 715-16,건축물
35.13002,126.93263,1,동구,광주광역시 동구 소태동 514-6,한전주
35.13002,126.93303,1,동구,광주광역시 동구 소태동 514-2,한전주
35.13002,126.93615,1,동구,광주광역시 동구 소태동 724-21,한전주
35.13003,126.84762,1,서구,전남광주통합특별시 서구 매월동 751-60,전용주
35.13003,126.94936,1,동구,광주광역시 동구 운림동 448-1,한전주
35.13005,126.84612,1,서구,전남광주통합특별시 서구 매월동 751-51,전용주
35.13005,126.84769,3,서구,전남광주통합특별시 서구 매월동 751-60,전용주
35.13005,126.93333,1,동구,광주광역시 동구 소태동 715-21,전용주
35.13005,126.93441,1,동구,광주광역시 동구 소태동 712-8,한전주
35.13006,126.83859,1,서구,전남광주통합특별시 서구 벽진동 223-1,한전주
35.13007,126.83682,2,서구,전남광주통합특별시 서구 벽진동 416-9,한전주
35.13008,126.84612,16,서구,전남광주통합특별시 서구 매월동 751-51,전용주
35.13008,126.84617,1,서구,전남광주통합특별시 서구 매월동 751-51,전용주
35.13011,126.94883,1,동구,광주광역시 동구 운림동 458-9,한전주
35.13013,126.93405,1,동구,광주광역시 동구 소태동 715-7,전용주
35.13014,126.93615,1,동구,광주광역시 동구 소태동 724-20,한전주
35.13014,126.9402,1,동구,광주광역시 동구 소태동 790,한전주
35.13014,126.94183,1,동구,광주광역시 동구 소태동 815,한전주
35.13015,126.93468,1,동구,광주광역시 동구 소태동 716-13,한전주
35.13018,126.94865,1,동구,광주광역시 동구 운림동 458-8,한전주
35.13019,126.84722,1,서구,전남광주통합특별시 서구 매월동 751-23,전용주
35.13019,126.94006,1,동구,광주광역시 동구 소태동 791-1,전용주
35.13021,126.83801,2,서구,전남광주통합특별시 서구 벽진동 225-2,한전주
35.13023,126.93247,1,동구,광주광역시 동구 소태동 855-1,전용주
35.13023,126.94017,1,동구,광주광역시 동구 소태동 858,전용주
35.13024,126.83904,1,서구,전남광주통합특별시 서구 벽진동 233-2,한전주
35.13026,126.8544,1,서구,전남광주통합특별시 서구 금호동 237-9,전용주
35.13026,126.9484,1,동구,광주광역시 동구 운림동 458-7,한전주
35.13027,126.94923,1,동구,광주광역시 동구 운림동 449-4,한전주
35.13029,126.94017,1,동구,광주광역시 동구 소태동 793-1,한전주
35.1303,126.94017,1,동구,광주광역시 동구 소태동 793-2,한전주
35.13031,126.93468,1,동구,광주광역시 동구 소태동 715-1,한전주
35.13032,126.93501,1,동구,광주광역시 동구 소태동 716-3,한전주
35.13035,126.838,1,서구,전남광주통합특별시 서구 벽진동 226-3,한전주
35.13035,126.85488,1,서구,전남광주통합특별시 서구 금호동 237-5,전용주
35.13037,126.82683,1,서구,전남광주통합특별시 서구 벽진동 587-17,한전주
35.13039,126.93582,3,동구,광주광역시 동구 소태동 717-1,전용주
35.13041,126.83015,2,서구,전남광주통합특별시 서구 벽진동 587-35,한전주
35.13043,126.84119,1,서구,전남광주통합특별시 서구 벽진동 255,한전주
35.13043,126.94082,1,동구,광주광역시 동구 소태동 823,전용주
35.13045,126.83872,1,서구,전남광주통합특별시 서구 벽진동 230-1,한전주
35.13045,126.94165,1,동구,광주광역시 동구 소태동 805,한전주
35.13046,126.94789,1,동구,광주광역시 동구 운림동 458-11,한전주
35.13047,126.94931,1,동구,광주광역시 동구 운림동 838-9,한전주
35.1305,126.82782,1,서구,전남광주통합특별시 서구 벽진동 587-14,한전주
35.1305,126.93622,1,동구,광주광역시 동구 소태동 723-33,건축물
35.13052,126.93053,2,동구,광주광역시 동구 학동 750-1,한전주
35.13054,126.94763,1,동구,광주광역시 동구 운림동 458-1,한전주
35.13055,126.93319,1,동구,광주광역시 동구 학동 1004-41,전용주
35.13055,126.93663,1,동구,광주광역시 동구 소태동 856-22,전용주
35.13055,126.93995,1,동구,광주광역시 동구 소태동 794-1,한전주
35.13055,126.94017,1,동구,광주광역시 동구 소태동 798,전용주
35.13058,126.93557,1,동구,광주광역시 동구 소태동 717-4,한전주
35.13062,126.83357,1,서구,전남광주통합특별시 서구 벽진동 420-27,전용주
35.13062,126.93339,1,동구,광주광역시 동구 학동 814,한전주
35.13063,126.84168,1,서구,전남광주통합특별시 서구 벽진동 260-1,전용주
35.13064,126.93403,1,동구,광주광역시 동구 학동 822-1,한전주
35.13064,126.93639,1,동구,광주광역시 동구 소태동 722-25,한전주
35.13065,126.83359,4,서구,전남광주통합특별시 서구 벽진동 420-27,전용주
35.13066,126.9326,1,동구,광주광역시 동구 학동 800,한전주
35.13066,126.94911,1,동구,광주광역시 동구 운림동 838-7,한전주
35.13068,126.83806,1,서구,전남광주통합특별시 서구 벽진동 226-5,한전주
35.13068,126.93313,1,동구,광주광역시 동구 학동 811,한전주
35.13068,126.94135,1,동구,광주광역시 동구 소태동 803-3,전용주
35.13069,126.9371,1,동구,광주광역시 동구 소태동 725-1,전용주
35.13069,126.9397,1,동구,광주광역시 동구 소태동 771-1,한전주
35.1307,126.94089,1,동구,광주광역시 동구 소태동 799,한전주
35.1307,126.94106,1,동구,광주광역시 동구 소태동 801,한전주
35.13071,126.83161,1,서구,전남광주통합특별시 서구 벽진동 413-15,전용주
35.13071,126.93421,1,동구,광주광역시 동구 학동 823-2,한전주
35.13072,126.82932,1,서구,전남광주통합특별시 서구 벽진동 587-9,한전주
35.13072,126.93341,1,동구,광주광역시 동구 학동 1004-43,한전주
35.13072,126.93983,1,동구,광주광역시 동구 소태동 795,한전주
35.13072,126.94726,1,동구,광주광역시 동구 운림동 461,한전주
35.13079,126.84157,1,서구,전남광주통합특별시 서구 벽진동 259-7,전용주
35.1308,126.83868,1,서구,전남광주통합특별시 서구 벽진동 820-2,한전주
35.1308,126.93744,1,동구,광주광역시 동구 소태동 726-15,한전주
35.1308,126.94897,1,동구,광주광역시 동구 운림동 838-5,한전주
35.13082,126.8328,1,서구,전남광주통합특별시 서구 벽진동 413-4,전용주
35.13082,126.9332,1,동구,광주광역시 동구 학동 795-7,전용주
35.13085,126.83187,2,서구,전남광주통합특별시 서구 벽진동 413-35,전용주
35.13087,126.8328,3,서구,전남광주통합특별시 서구 벽진동 413-4,전용주
35.13087,126.83798,3,서구,전남광주통합특별시 서구 벽진동 213-13,한전주
35.13088,126.93743,1,동구,광주광역시 동구 소태동 725-18,한전주
35.13091,126.93663,1,동구,광주광역시 동구 소태동 722-44,한전주
35.13091,126.93893,1,동구,광주광역시 동구 소태동 769-2,한전주
35.13092,126.83442,1,서구,전남광주통합특별시 서구 벽진동 419-1,전용주
35.13092,126.93269,1,동구,광주광역시 동구 학동 766-13,전용주
35.13093,126.83233,1,서구,전남광주통합특별시 서구 벽진동 413-34,전용주
35.13094,126.94887,1,동구,광주광역시 동구 운림동 443,한전주
35.13095,126.83444,1,서구,전남광주통합특별시 서구 벽진동 419-1,전용주
35.13096,126.84142,1,서구,전남광주통합특별시 서구 벽진동 259-6,전용주
35.13097,126.93423,1,동구,광주광역시 동구 학동 789-1,전용주
35.131,126.93306,1,동구,광주광역시 동구 학동 805-1,한전주
35.13101,126.93732,1,동구,광주광역시 동구 소태동 727-7,전용주
35.13102,126.93287,1,동구,광주광역시 동구 학동 796-1,한전주
35.13102,126.93658,1,동구,광주광역시 동구 소태동 722-22,한전주
35.13103,126.9324,1,동구,광주광역시 동구 학동 768-6,한전주
35.13103,126.934,1,동구,광주광역시 동구 학동 790-3,한전주
35.13105,126.93266,1,동구,광주광역시 동구 학동 796-2,전용주
35.13105,126.94257,1,동구,광주광역시 동구 운림동 838-20,한전주
35.13106,126.93342,1,동구,광주광역시 동구 학동 793-4,전용주
35.13108,126.93836,1,동구,광주광역시 동구 소태동 769-1,한전주
35.13109,126.94254,1,동구,광주광역시 동구 운림동 838-20,한전주
35.13111,126.8375,1,서구,전남광주통합특별시 서구 벽진동 213-12,한전주
35.13111,126.93296,1,동구,광주광역시 동구 학동 795-2,전용주
35.13111,126.93752,1,동구,광주광역시 동구 소태동 727-9,한전주
35.13111,126.94439,1,동구,광주광역시 동구 운림동 666-11,한전주
35.13116,126.83466,1,서구,전남광주통합특별시 서구 벽진동 419-21,전용주
35.13116,126.84087,1,서구,전남광주통합특별시 서구 벽진동 244-6,전용주
35.13116,126.93709,1,동구,광주광역시 동구 소태동 722-8,한전주
35.13117,126.83466,1,서구,전남광주통합특별시 서구 벽진동 419-21,전용주
35.13118,126.84087,2,서구,전남광주통합특별시 서구 벽진동 244-6,전용주
35.13118,126.84088,1,서구,전남광주통합특별시 서구 벽진동 244-6,전용주
35.13118,126.93259,1,동구,광주광역시 동구 학동 781-7,전용주
35.13121,126.93361,1,동구,광주광역시 동구 학동 792-2,건축물
35.13121,126.9472,1,동구,광주광역시 동구 운림동 464,한전주
35.13122,126.83847,1,서구,전남광주통합특별시 서구 벽진동 241-3,한전주
35.13122,126.93215,1,동구,광주광역시 동구 학동 768-4,한전주
35.13122,126.9481,1,동구,광주광역시 동구 운림동 440-1,한전주
35.13123,126.83841,1,서구,전남광주통합특별시 서구 벽진동 241-2,한전주
35.13123,126.94783,1,동구,광주광역시 동구 운림동 439,한전주
35.13125,126.93415,1,동구,광주광역시 동구 학동 790-1,한전주
35.13126,126.93223,1,동구,광주광역시 동구 학동 768-5,한전주
35.13126,126.93225,1,동구,광주광역시 동구 학동 768-5,한전주
35.13126,126.94607,1,동구,광주광역시 동구 운림동 467-4,한전주
35.13127,126.93297,1,동구,광주광역시 동구 학동 794-4,전용주
35.13127,126.94749,1,동구,광주광역시 동구 운림동 439,한전주
35.13132,126.93382,1,동구,광주광역시 동구 학동 791,한전주
35.13132,126.93383,1,동구,광주광역시 동구 학동 791,한전주
35.13132,126.94526,1,동구,광주광역시 동구 운림동 668-4,한전주
35.13132,126.94653,1,동구,광주광역시 동구 운림동 465-1,한전주
35.13133,126.94425,1,동구,광주광역시 동구 운림동 666-7,한전주
35.13134,126.84022,1,서구,전남광주통합특별시 서구 벽진동 244-7,전용주
35.13135,126.83386,1,서구,전남광주통합특별시 서구 벽진동 413-2,전용주
35.13136,126.93534,1,동구,광주광역시 동구 학동 281-9,한전주
35.13136,126.93637,1,동구,광주광역시 동구 소태동 722-33,전용주
35.1314,126.93268,1,동구,광주광역시 동구 학동 781-5,전용주
35.13141,126.93715,1,동구,광주광역시 동구 소태동 722-6,한전주
35.13143,126.83398,1,서구,전남광주통합특별시 서구 벽진동 413-1,전용주
35.13143,126.94734,1,동구,광주광역시 동구 운림동 439-2,전용주
35.13143,126.94807,1,동구,광주광역시 동구 운림동 440,한전주
35.13144,126.83398,3,서구,전남광주통합특별시 서구 벽진동 413-1,전용주
35.13144,126.83399,1,서구,전남광주통합특별시 서구 벽진동 413-1,전용주
35.13144,126.83536,1,서구,전남광주통합특별시 서구 벽진동 416-16,전용주
35.13144,126.93335,1,동구,광주광역시 동구 학동 783-13,한전주
35.13144,126.93623,1,동구,광주광역시 동구 소태동 722-41,건축물
35.13144,126.93841,1,동구,광주광역시 동구 소태동 855-77,한전주
35.13145,126.83884,1,서구,전남광주통합특별시 서구 벽진동 270-26,한전주
35.13145,126.93957,1,동구,광주광역시 동구 소태동 산280-1,한전주
35.13146,126.94475,1,동구,광주광역시 동구 운림동 667-5,한전주
35.13148,126.94734,1,동구,광주광역시 동구 운림동 439-2,전용주
35.13149,126.83536,1,서구,전남광주통합특별시 서구 벽진동 416-16,전용주
35.13149,126.93811,1,동구,광주광역시 동구 소태동 729-1,한전주
35.13151,126.93711,1,동구,광주광역시 동구 소태동 722-5,한전주
35.13154,126.93683,3,동구,광주광역시 동구 소태동 722-72,한전주
35.13154,126.93826,1,동구,광주광역시 동구 소태동 729-2,한전주
35.13154,126.94826,1,동구,광주광역시 동구 운림동 438,한전주
35.13157,126.93554,1,동구,광주광역시 동구 학동 281-6,전용주
35.13157,126.94523,1,동구,광주광역시 동구 운림동 668-3,한전주
35.13157,126.94835,1,동구,광주광역시 동구 운림동 853,한전주
35.13159,126.83293,1,서구,전남광주통합특별시 서구 벽진동 177-6,한전주
35.13159,126.933,1,동구,광주광역시 동구 학동 783-4,건축물
35.13159,126.93364,1,동구,광주광역시 동구 학동 784,전용주
35.13159,126.94167,1,동구,광주광역시 동구 소태동 855-56,전용주
35.13161,126.94423,1,동구,광주광역시 동구 운림동 666-3,한전주
35.13162,126.83572,1,서구,전남광주통합특별시 서구 벽진동 416-18,전용주
35.13164,126.93398,1,동구,광주광역시 동구 학동 784-1,한전주
35.13165,126.83851,1,서구,전남광주통합특별시 서구 벽진동 184-5,한전주
35.13165,126.93331,1,동구,광주광역시 동구 학동 783-11,한전주
35.13166,126.93668,1,동구,광주광역시 동구 소태동 722-73,한전주
35.13169,126.93267,1,동구,광주광역시 동구 학동 1004-49,한전주
35.13171,126.83933,1,서구,전남광주통합특별시 서구 벽진동 270-17,한전주
35.13174,126.83194,1,서구,전남광주통합특별시 서구 벽진동 412-4,한전주
35.13175,126.94475,1,동구,광주광역시 동구 운림동 667-1,한전주
35.13176,126.93223,1,동구,광주광역시 동구 학동 778-10,한전주
35.13176,126.93642,2,동구,광주광역시 동구 소태동 722-38,한전주
35.13176,126.94424,1,동구,광주광역시 동구 운림동 666-1,한전주
35.13176,126.94668,1,동구,광주광역시 동구 운림동 469-2,한전주
35.1318,126.83601,3,서구,전남광주통합특별시 서구 벽진동 416-19,전용주
35.1318,126.93413,1,동구,광주광역시 동구 학동 784-2,전용주
35.13183,126.83893,1,서구,전남광주통합특별시 서구 벽진동 243-1,한전주
35.13184,126.84959,2,서구,전남광주통합특별시 서구 금호동 715,한전주
35.13188,126.93652,1,동구,광주광역시 동구 소태동 722-70,한전주
35.13188,126.93764,1,동구,광주광역시 동구 소태동 730-1,한전주
35.13189,126.83485,1,서구,전남광주통합특별시 서구 벽진동 177-4,전용주
35.1319,126.92611,1,동구,광주광역시 동구 학동 901-53,한전주
35.1319,126.93588,1,동구,광주광역시 동구 학동 281-1,건축물
35.1319,126.94373,1,동구,광주광역시 동구 운림동 661-1,한전주
35.1319,126.94465,1,동구,광주광역시 동구 운림동 661-7,한전주
35.13192,126.93327,1,동구,광주광역시 동구 학동 730-34,한전주
35.13192,126.94499,1,동구,광주광역시 동구 운림동 661-9,한전주
35.13193,126.83234,1,서구,전남광주통합특별시 서구 벽진동 409-14,한전주
35.13194,126.83512,3,서구,전남광주통합특별시 서구 벽진동 177-13,전용주
35.13194,126.8352,1,서구,전남광주통합특별시 서구 벽진동 177-11,전용주
35.13194,126.94043,1,동구,광주광역시 동구 소태동 761-3,전용주
35.13195,126.92661,1,동구,광주광역시 동구 학동 901-318,한전주
35.13195,126.93118,1,동구,광주광역시 동구 학동 768,한전주
35.13197,126.93221,1,동구,광주광역시 동구 학동 731-39,한전주
35.13199,126.83206,1,서구,전남광주통합특별시 서구 벽진동 409-13,한전주
35.132,126.93392,1,동구,광주광역시 동구 학동 730-21,전용주
35.13201,126.83591,5,서구,전남광주통합특별시 서구 벽진동 587-26,전용주
35.13201,126.93193,1,동구,광주광역시 동구 학동 731-25,한전주
35.13203,126.93352,1,동구,광주광역시 동구 학동 730-9,전용주
35.13206,126.93418,1,동구,광주광역시 동구 학동 728-3,한전주
35.13208,126.8365,2,서구,전남광주통합특별시 서구 벽진동 213-24,전용주
35.13208,126.83657,1,서구,전남광주통합특별시 서구 벽진동 213-24,전용주
35.13208,126.92657,1,동구,광주광역시 동구 학동 901-317,한전주
35.13212,126.83977,1,서구,전남광주통합특별시 서구 벽진동 821,전용주
35.13212,126.83978,48,서구,전남광주통합특별시 서구 벽진동 821,전용주
35.13213,126.83189,2,서구,전남광주통합특별시 서구 벽진동 177-5,한전주
35.13216,126.93362,1,동구,광주광역시 동구 학동 729-25,전용주
35.13217,126.83318,1,서구,전남광주통합특별시 서구 벽진동 411-1,한전주
35.13217,126.92717,1,동구,광주광역시 동구 학동 901-71,건축물
35.13217,126.9338,1,동구,광주광역시 동구 학동 730-8,전용주
35.13221,126.93315,1,동구,광주광역시 동구 학동 729-6,한전주
35.13222,126.92735,1,동구,광주광역시 동구 학동 888-3,한전주
35.13222,126.93204,1,동구,광주광역시 동구 학동 719-8,한전주
35.13226,126.85056,1,서구,전남광주통합특별시 서구 금호동 536-6,한전주
35.13226,126.85139,1,서구,전남광주통합특별시 서구 금호동 598,한전주
35.13226,126.931,1,동구,광주광역시 동구 학동 731-44,한전주
35.13229,126.93205,1,동구,광주광역시 동구 학동 719-8,한전주
35.13229,126.93274,1,동구,광주광역시 동구 학동 729-12,한전주
35.1323,126.93453,1,동구,광주광역시 동구 학동 727-13,전용주
35.13231,126.93144,1,동구,광주광역시 동구 학동 731-35,한전주
35.13235,126.83612,1,서구,전남광주통합특별시 서구 벽진동 177-22,전용주
35.13238,126.9439,1,동구,광주광역시 동구 운림동 669-8,한전주
35.13239,126.84804,1,서구,전남광주통합특별시 서구 금호동 528-1,한전주
35.13239,126.92728,1,동구,광주광역시 동구 학동 1007-113,한전주
35.13239,126.93254,1,동구,광주광역시 동구 학동 732-1,한전주
35.13241,126.83611,1,서구,전남광주통합특별시 서구 벽진동 177-2,전용주
35.13241,126.83615,1,서구,전남광주통합특별시 서구 벽진동 177-2,전용주
35.13241,126.9347,1,동구,광주광역시 동구 학동 1011-3,한전주
35.13242,126.93022,1,동구,광주광역시 동구 학동 739-3,한전주
35.13245,126.84726,1,서구,전남광주통합특별시 서구 금호동 668-1,한전주
35.13245,126.85653,1,서구,전남광주통합특별시 서구 금호동 245-3,한전주
35.13245,126.92769,1,동구,광주광역시 동구 학동 890-6,한전주
35.13245,126.93497,1,동구,광주광역시 동구 학동 276-8,한전주
35.13246,126.83894,1,서구,전남광주통합특별시 서구 벽진동 184-2,한전주
35.13246,126.85732,1,서구,전남광주통합특별시 서구 금호동 764,전용주
35.13246,126.85736,3,서구,전남광주통합특별시 서구 금호동 764,전용주
35.13247,126.83968,2,서구,전남광주통합특별시 서구 벽진동 200-6,전용주
35.13247,126.93082,1,동구,광주광역시 동구 학동 735-2,건축물
35.13248,126.93355,1,동구,광주광역시 동구 학동 720-10,전용주
35.13249,126.83663,1,서구,전남광주통합특별시 서구 벽진동 177-7,전용주
35.13249,126.85129,1,서구,전남광주통합특별시 서구 금호동 536-15,전용주
35.1325,126.94536,1,동구,광주광역시 동구 운림동 689,한전주
35.13252,126.93413,1,동구,광주광역시 동구 학동 727-1,한전주
35.13255,126.83503,1,서구,전남광주통합특별시 서구 벽진동 447,한전주
35.13255,126.93453,1,동구,광주광역시 동구 학동 723-26,한전주
35.13256,126.83195,1,서구,전남광주통합특별시 서구 벽진동 825-19,한전주
35.13256,126.929,1,동구,광주광역시 동구 학동 872-4,한전주
35.13256,126.92974,1,동구,광주광역시 동구 학동 739-1,한전주
35.13256,126.96062,1,동구,광주광역시 동구 운림동 101-4,한전주
35.13257,126.83586,1,서구,전남광주통합특별시 서구 벽진동 469-2,한전주
35.13259,126.83202,1,서구,전남광주통합특별시 서구 벽진동 830-2,한전주
35.13259,126.93111,1,동구,광주광역시 동구 학동 734-9,한전주
35.1326,126.83527,1,서구,전남광주통합특별시 서구 벽진동 460,한전주
35.13261,126.83602,10,서구,전남광주통합특별시 서구 벽진동 177-8,한전주
35.13262,126.93015,1,동구,광주광역시 동구 학동 735-18,한전주
35.13262,126.93162,1,동구,광주광역시 동구 학동 1004-35,한전주
35.13262,126.93444,1,동구,광주광역시 동구 학동 723-35,전용주
35.13262,126.94456,1,동구,광주광역시 동구 운림동 681,한전주
35.13263,126.84987,1,서구,전남광주통합특별시 서구 금호동 503-13,한전주
35.13263,126.9304,1,동구,광주광역시 동구 학동 735-14,한전주
35.13266,126.85127,1,서구,전남광주통합특별시 서구 금호동 554-3,한전주
35.13266,126.94398,1,동구,광주광역시 동구 운림동 680,한전주
35.13268,126.93,1,동구,광주광역시 동구 학동 735-19,건축물
35.13269,126.93256,1,동구,광주광역시 동구 학동 719-28,한전주
35.1327,126.93312,2,동구,광주광역시 동구 학동 721-5,한전주
35.13272,126.83737,2,서구,전남광주통합특별시 서구 벽진동 213-22,전용주
35.13273,126.83802,1,서구,전남광주통합특별시 서구 벽진동 184-1,한전주
35.13275,126.8321,1,서구,전남광주통합특별시 서구 벽진동 401-9,한전주
35.13275,126.94066,1,동구,광주광역시 동구 운림동 626-1,한전주
35.13276,126.83739,1,서구,전남광주통합특별시 서구 벽진동 213-22,전용주
35.13276,126.93163,1,동구,광주광역시 동구 학동 719-31,한전주
35.13277,126.83575,1,서구,전남광주통합특별시 서구 벽진동 456-2,한전주
35.13278,126.9457,1,동구,광주광역시 동구 운림동 475-4,전용주
35.13279,126.96014,1,동구,광주광역시 동구 운림동 107-2,한전주
35.1328,126.93427,1,동구,광주광역시 동구 학동 723-8,한전주
35.13281,126.84814,2,서구,전남광주통합특별시 서구 금호동 524-3,한전주
35.13281,126.93414,1,동구,광주광역시 동구 학동 723-7,한전주
35.13283,126.83676,2,서구,전남광주통합특별시 서구 벽진동 177-1,전용주
35.13283,126.84739,1,서구,전남광주통합특별시 서구 금호동 518-2,한전주
35.13284,126.83979,1,서구,전남광주통합특별시 서구 벽진동 191-1,전용주
35.13286,126.83543,1,서구,전남광주통합특별시 서구 벽진동 831-3,한전주
35.13287,126.8577,1,서구,전남광주통합특별시 서구 금호동 758-7,전용주
35.13288,126.83242,1,서구,전남광주통합특별시 서구 벽진동 407-1,한전주
35.13289,126.93383,1,동구,광주광역시 동구 학동 1004-55,한전주
35.13289,126.93685,1,동구,광주광역시 동구 운림동 868-1,한전주
35.1329,126.83321,1,서구,전남광주통합특별시 서구 벽진동 산 29-2,한전주
35.1329,126.84786,1,서구,전남광주통합특별시 서구 금호동 702-79,한전주
35.1329,126.85652,1,서구,전남광주통합특별시 서구 금호동 246-5,전용주
35.13292,126.83321,1,서구,전남광주통합특별시 서구 벽진동 산 29-2,한전주
35.13293,126.85686,1,서구,전남광주통합특별시 서구 금호동 756-9,전용주
35.13294,126.93004,1,동구,광주광역시 동구 학동 676-6,한전주
35.13295,126.85652,1,서구,전남광주통합특별시 서구 금호동 246-5,한전주
35.13296,126.93231,1,동구,광주광역시 동구 학동 719-33,한전주
35.13296,126.9598,1,동구,광주광역시 동구 운림동 106-2,한전주
35.13298,126.83769,1,서구,전남광주통합특별시 서구 벽진동 179-6,전용주
35.13301,126.9324,1,동구,광주광역시 동구 학동 719-34,한전주
35.13301,126.93242,1,동구,광주광역시 동구 학동 719-34,한전주
35.13303,126.85123,1,서구,전남광주통합특별시 서구 금호동 555,한전주
35.13303,126.93291,1,동구,광주광역시 동구 학동 721,한전주
35.13303,126.93298,1,동구,광주광역시 동구 학동 721,한전주
35.13305,126.83992,1,서구,전남광주통합특별시 서구 벽진동 818-5,전용주
35.13305,126.85165,1,서구,전남광주통합특별시 서구 금호동 574-1,전용주
35.13306,126.9338,1,동구,광주광역시 동구 학동 723-15,한전주
35.13307,126.85751,1,서구,전남광주통합특별시 서구 금호동 757-8,전용주
35.13308,126.85165,1,서구,전남광주통합특별시 서구 금호동 574-1,한전주
35.13309,126.85694,1,서구,전남광주통합특별시 서구 금호동 756-1,전용주
35.1331,126.93184,1,동구,광주광역시 동구 학동 719-10,한전주
35.13311,126.83977,1,서구,전남광주통합특별시 서구 벽진동 190-3,전용주
35.13311,126.93008,1,동구,광주광역시 동구 학동 737-3,한전주
35.13312,126.9315,1,동구,광주광역시 동구 학동 719-36,한전주
35.13314,126.93402,1,동구,광주광역시 동구 학동 723-36,한전주
35.13316,126.83814,1,서구,전남광주통합특별시 서구 벽진동 821-16,전용주
35.13317,126.83521,1,서구,전남광주통합특별시 서구 벽진동 453,전용주
35.13317,126.83814,1,서구,전남광주통합특별시 서구 벽진동 821-16,전용주
35.13317,126.95732,1,동구,광주광역시 동구 운림동 979,한전주
35.13318,126.92955,1,동구,광주광역시 동구 학동 873-3,전용주
35.13319,126.93079,1,동구,광주광역시 동구 학동 676-76,한전주
35.1332,126.83716,1,서구,전남광주통합특별시 서구 벽진동 177-27,전용주
35.13323,126.92931,1,동구,광주광역시 동구 학동 873-23,한전주
35.13323,126.94186,1,동구,광주광역시 동구 운림동 650,한전주
35.13323,126.9419,2,동구,광주광역시 동구 운림동 588-1,한전주
35.13324,126.83742,1,서구,전남광주통합특별시 서구 벽진동 825-31,전용주
35.13324,126.85977,1,서구,전남광주통합특별시 서구 금호동 766-8,전용주
35.13326,126.83851,2,서구,전남광주통합특별시 서구 벽진동 188-2,전용주
35.13326,126.85739,1,서구,전남광주통합특별시 서구 금호동 773,전용주
35.13326,126.93182,1,동구,광주광역시 동구 학동 719-22,한전주
35.13326,126.9555,1,동구,광주광역시 동구 운림동 413,한전주
35.13327,126.83742,2,서구,전남광주통합특별시 서구 벽진동 825-31,한전주
35.13327,126.93245,1,동구,광주광역시 동구 학동 722-2,한전주
35.13327,126.94715,3,동구,광주광역시 동구 운림동 482,한전주
35.13328,126.85734,1,서구,전남광주통합특별시 서구 금호동 773,전용주
35.13328,126.85738,1,서구,전남광주통합특별시 서구 금호동 773,전용주
35.13328,126.85739,3,서구,전남광주통합특별시 서구 금호동 773,전용주
35.13328,126.93245,1,동구,광주광역시 동구 학동 722-2,한전주
35.13329,126.83851,1,서구,전남광주통합특별시 서구 벽진동 188-2,전용주
35.13329,126.92916,1,동구,광주광역시 동구 학동 873-43,전용주
35.1333,126.8396,1,서구,전남광주통합특별시 서구 벽진동 189-8,전용주
35.13332,126.85756,1,서구,전남광주통합특별시 서구 금호동 757-11,전용주
35.13332,126.93099,1,동구,광주광역시 동구 학동 676-45,한전주
35.13333,126.94427,2,동구,광주광역시 동구 운림동 654,한전주
35.13335,126.93353,1,동구,광주광역시 동구 학동 724-7,전용주
35.13336,126.83918,1,서구,전남광주통합특별시 서구 벽진동 189-6,전용주
35.13336,126.85976,1,서구,전남광주통합특별시 서구 금호동 766-7,전용주
35.13336,126.94048,4,동구,광주광역시 동구 운림동 619,한전주
35.13337,126.93866,1,동구,광주광역시 동구 학동 262-1,한전주
35.13339,126.83185,1,서구,전남광주통합특별시 서구 벽진동 산 28,한전주
35.13339,126.93182,1,동구,광주광역시 동구 학동 676-34,전용주
35.1334,126.85874,1,서구,전남광주통합특별시 서구 금호동 776,전용주
35.13341,126.85441,3,서구,전남광주통합특별시 서구 금호동 272,한전주
35.13343,126.93157,1,동구,광주광역시 동구 학동 674-10,전용주
35.13344,126.92828,2,동구,광주광역시 동구 학동 873-8,한전주
35.13345,126.83782,1,서구,전남광주통합특별시 서구 벽진동 119-14,전용주
35.1335,126.83787,1,서구,전남광주통합특별시 서구 벽진동 119-14,전용주
35.1335,126.84007,1,서구,전남광주통합특별시 서구 벽진동 117-2,전용주
35.1335,126.92992,1,동구,광주광역시 동구 학동 737-1,전용주
35.13351,126.92992,2,동구,광주광역시 동구 학동 737-1,전용주
35.13351,126.92998,1,동구,광주광역시 동구 학동 737-1,전용주
35.13354,126.94393,2,동구,광주광역시 동구 운림동 674,한전주
35.13354,126.94474,3,동구,광주광역시 동구 운림동 675,한전주
35.13356,126.85807,1,서구,전남광주통합특별시 서구 금호동 760,전용주
35.13357,126.92449,1,동구,광주광역시 동구 학동 1003-1,한전주
35.13357,126.93218,1,동구,광주광역시 동구 학동 676-17,한전주
35.13358,126.85841,1,서구,전남광주통합특별시 서구 금호동 761-9,전용주
35.13358,126.93333,1,동구,광주광역시 동구 학동 716-15,한전주
35.13359,126.85974,1,서구,전남광주통합특별시 서구 금호동 766-5,전용주
35.1336,126.93709,1,동구,광주광역시 동구 학동 999-13,한전주
35.13361,126.83661,1,서구,전남광주통합특별시 서구 벽진동 158,한전주
35.13362,126.83846,1,서구,전남광주통합특별시 서구 벽진동 119-12,전용주
35.13362,126.9319,1,동구,광주광역시 동구 학동 676-26,한전주
35.13363,126.93725,1,동구,광주광역시 동구 학동 262-19,전용주
35.13364,126.85712,1,서구,전남광주통합특별시 서구 금호동 755,전용주
35.13365,126.93056,1,동구,광주광역시 동구 학동 676-1,한전주
35.13367,126.9332,1,동구,광주광역시 동구 학동 716-1,한전주
35.13368,126.93219,1,동구,광주광역시 동구 학동 1005-12,한전주
35.13369,126.93177,1,동구,광주광역시 동구 학동 676-4,한전주
35.13371,126.83965,1,서구,전남광주통합특별시 서구 벽진동 117-7,전용주
35.13371,126.83968,1,서구,전남광주통합특별시 서구 벽진동 117-7,전용주
35.13371,126.85727,1,서구,전남광주통합특별시 서구 금호동 755-1,전용주
35.13372,126.8366,1,서구,전남광주통합특별시 서구 벽진동 150-1,전용주
35.13373,126.83924,1,서구,전남광주통합특별시 서구 벽진동 117-5,전용주
35.13373,126.83968,1,서구,전남광주통합특별시 서구 벽진동 117-7,전용주
35.13373,126.95557,1,동구,광주광역시 동구 운림동 400,한전주
35.13374,126.8366,2,서구,전남광주통합특별시 서구 벽진동 815-1,한전주
35.13375,126.83896,2,서구,전남광주통합특별시 서구 벽진동 119-11,전용주
35.13376,126.83131,1,서구,전남광주통합특별시 서구 벽진동 521-22,전용주
35.13377,126.8366,1,서구,전남광주통합특별시 서구 벽진동 815-1,한전주
35.13377,126.83767,1,서구,전남광주통합특별시 서구 벽진동 136-3,한전주
35.13377,126.93304,1,동구,광주광역시 동구 학동 714-6,한전주
35.13378,126.92827,1,동구,광주광역시 동구 학동 664-33,전용주
35.13378,126.93288,1,동구,광주광역시 동구 학동 710-4,전용주
35.1338,126.84837,1,서구,전남광주통합특별시 서구 금호동 503,한전주
35.13383,126.85758,1,서구,전남광주통합특별시 서구 금호동 754-5,전용주
35.13383,126.93238,1,동구,광주광역시 동구 학동 1005-11,한전주
35.13384,126.83703,1,서구,전남광주통합특별시 서구 벽진동 143,한전주
35.13385,126.93715,1,동구,광주광역시 동구 학동 265-15,한전주
35.13386,126.83637,1,서구,전남광주통합특별시 서구 벽진동 150-2,한전주
35.13386,126.94482,1,동구,광주광역시 동구 운림동 581,한전주
35.13387,126.9301,1,동구,광주광역시 동구 학동 676-57,전용주
35.13389,126.93351,1,동구,광주광역시 동구 학동 713-41,전용주
35.1339,126.857,12,서구,전남광주통합특별시 서구 금호동 268-1,한전주
35.1339,126.85821,1,서구,전남광주통합특별시 서구 금호동 759-7,전용주
35.13392,126.83757,1,서구,전남광주통합특별시 서구 벽진동 135-4,한전주
35.13392,126.93182,1,동구,광주광역시 동구 학동 676-82,전용주
35.13398,126.93014,2,동구,광주광역시 동구 학동 1005-3,건축물
35.13399,126.93198,1,동구,광주광역시 동구 학동 677-4,한전주
35.134,126.94189,1,동구,광주광역시 동구 운림동 588-5,건축물
35.13401,126.83749,1,서구,전남광주통합특별시 서구 벽진동 134-2,한전주
35.13402,126.9483,1,동구,광주광역시 동구 운림동 490,한전주
35.13404,126.92803,1,동구,광주광역시 동구 학동 664-15,전용주
35.13406,126.93147,1,동구,광주광역시 동구 학동 677-21,한전주
35.13407,126.93356,1,동구,광주광역시 동구 학동 713-9,전용주
35.13408,126.93323,1,동구,광주광역시 동구 학동 714,전용주
35.13409,126.85741,1,서구,전남광주통합특별시 서구 금호동 754-1,전용주
35.13409,126.93185,1,동구,광주광역시 동구 학동 677-1,한전주
35.13409,126.93342,1,동구,광주광역시 동구 학동 713-51,한전주
35.1341,126.86117,5,서구,전남광주통합특별시 서구 금호동 778,전용주
35.1341,126.93382,1,동구,광주광역시 동구 학동 269-3,한전주
35.13412,126.9529,1,동구,광주광역시 동구 운림동 333-1,한전주
35.13414,126.93765,1,동구,광주광역시 동구 학동 265,한전주
35.13417,126.83813,2,서구,전남광주통합특별시 서구 벽진동 119-1,한전주
35.13417,126.93319,1,동구,광주광역시 동구 학동 714-5,한전주
35.13417,126.93681,1,동구,광주광역시 동구 학동 269-2,한전주
35.13417,126.93687,1,동구,광주광역시 동구 학동 269-2,한전주
35.13417,126.93792,3,동구,광주광역시 동구 학동 265-2,한전주
35.13419,126.93165,1,동구,광주광역시 동구 학동 677-2,전용주
35.13422,126.8379,1,서구,전남광주통합특별시 서구 벽진동 124-2,한전주
35.13424,126.92799,1,동구,광주광역시 동구 학동 664-36,전용주
35.13425,126.85564,1,서구,전남광주통합특별시 서구 금호동 341-6,한전주
35.13426,126.83156,1,서구,전남광주통합특별시 서구 벽진동 476-12,한전주
35.13426,126.93905,1,동구,광주광역시 동구 운림동 610-2,한전주
35.13427,126.85852,1,서구,전남광주통합특별시 서구 금호동 752-8,전용주
35.13427,126.93361,1,동구,광주광역시 동구 학동 713-17,한전주
35.13428,126.85742,2,서구,전남광주통합특별시 서구 금호동 749-5,전용주
35.13429,126.85836,1,서구,전남광주통합특별시 서구 금호동 752-9,전용주
35.13429,126.93149,1,동구,광주광역시 동구 학동 677-10,한전주
35.13429,126.95304,1,동구,광주광역시 동구 운림동 331-1,한전주
35.1343,126.95348,1,동구,광주광역시 동구 운림동 344-1,한전주
35.13431,126.92994,1,동구,광주광역시 동구 학동 산150,전용주
35.13432,126.95438,1,동구,광주광역시 동구 운림동 343-2,한전주
35.13433,126.9417,1,동구,광주광역시 동구 운림동 589-1,한전주
35.13434,126.94488,2,동구,광주광역시 동구 운림동 580,한전주
35.13435,126.95438,1,동구,광주광역시 동구 운림동 343-2,한전주
35.13437,126.93883,1,동구,광주광역시 동구 학동 262-12,한전주
35.13438,126.8579,1,서구,전남광주통합특별시 서구 금호동 751-10,전용주
35.13438,126.94274,1,동구,광주광역시 동구 운림동 600-4,한전주
35.1344,126.94097,2,동구,광주광역시 동구 운림동 603,한전주
35.13442,126.93626,1,동구,광주광역시 동구 학동 269-5,한전주
35.13445,126.8476,1,서구,전남광주통합특별시 서구 금호동 산 104,한전주
35.13445,126.92783,1,동구,광주광역시 동구 학동 664-38,전용주
35.13445,126.95442,1,동구,광주광역시 동구 운림동 347,한전주
35.13445,126.95574,1,동구,광주광역시 동구 운림동 387,한전주
35.13446,126.83824,1,서구,전남광주통합특별시 서구 벽진동 43-3,한전주
35.13446,126.93626,1,동구,광주광역시 동구 학동 269-5,한전주
35.13446,126.94384,3,동구,광주광역시 동구 운림동 583,한전주
35.13446,126.9529,1,동구,광주광역시 동구 운림동 329,전용주
35.13447,126.83906,1,서구,전남광주통합특별시 서구 벽진동 45-2,한전주
35.13447,126.95629,1,동구,광주광역시 동구 운림동 394,한전주
35.13448,126.85857,1,서구,전남광주통합특별시 서구 금호동 752-6,전용주
35.1345,126.85769,1,서구,전남광주통합특별시 서구 금호동 749-2,전용주
35.13451,126.93193,1,동구,광주광역시 동구 학동 689-4,전용주
35.13451,126.9451,1,동구,광주광역시 동구 운림동 580-4,한전주
35.13454,126.9536,1,동구,광주광역시 동구 운림동 344-3,한전주
35.13455,126.94091,1,동구,광주광역시 동구 운림동 602-1,한전주
35.13455,126.9536,1,동구,광주광역시 동구 운림동 344-3,한전주
35.13455,126.95394,1,동구,광주광역시 동구 운림동 345-1,한전주
35.13456,126.85602,2,서구,전남광주통합특별시 서구 금호동 333-7,전용주
35.13456,126.85608,1,서구,전남광주통합특별시 서구 금호동 333-7,전용주
35.13456,126.93104,1,동구,광주광역시 동구 학동 1005-4,전용주
35.13459,126.9282,1,동구,광주광역시 동구 학동 664-41,한전주
35.13462,126.85735,1,서구,전남광주통합특별시 서구 금호동 749,한전주
35.13462,126.94328,1,동구,광주광역시 동구 운림동 573-9,한전주
35.13464,126.94414,1,동구,광주광역시 동구 운림동 575-3,한전주
35.13465,126.83931,1,서구,전남광주통합특별시 서구 벽진동 49-5,한전주
35.13467,126.8578,1,서구,전남광주통합특별시 서구 금호동 751-13,전용주
35.13468,126.85849,1,서구,전남광주통합특별시 서구 금호동 752-4,전용주
35.1347,126.85861,1,서구,전남광주통합특별시 서구 금호동 775,전용주
35.13471,126.95279,1,동구,광주광역시 동구 운림동 312,한전주
35.13473,126.85861,2,서구,전남광주통합특별시 서구 금호동 775,전용주
35.13475,126.84744,1,서구,전남광주통합특별시 서구 금호동 514,한전주
35.13475,126.93906,1,동구,광주광역시 동구 학동 257-18,한전주
35.13482,126.8569,2,서구,전남광주통합특별시 서구 금호동 772,전용주
35.13482,126.93202,1,동구,광주광역시 동구 학동 1005,한전주
35.13483,126.85754,1,서구,전남광주통합특별시 서구 금호동 748-6,전용주
35.13483,126.95279,1,동구,광주광역시 동구 운림동 311,한전주
35.13484,126.94004,1,동구,광주광역시 동구 학동 256-10,한전주
35.13485,126.85687,1,서구,전남광주통합특별시 서구 금호동 772,전용주
35.13485,126.92776,1,동구,광주광역시 동구 학동 654-1,한전주
35.13487,126.85786,1,서구,전남광주통합특별시 서구 금호동 751-15,전용주
35.13487,126.85964,1,서구,전남광주통합특별시 서구 금호동 765-5,전용주
35.13488,126.83922,1,서구,전남광주통합특별시 서구 벽진동 49-1,한전주
35.13488,126.8393,1,서구,전남광주통합특별시 서구 벽진동 49-1,한전주
35.13488,126.85847,1,서구,전남광주통합특별시 서구 금호동 752-2,전용주
35.13491,126.93837,2,동구,광주광역시 동구 학동 1020,한전주
35.13492,126.95341,1,동구,광주광역시 동구 운림동 302,전용주
35.13493,126.85562,1,서구,전남광주통합특별시 서구 금호동 341-28,한전주
35.13495,126.93992,1,동구,광주광역시 동구 학동 256-7,한전주
35.13496,126.93695,1,동구,광주광역시 동구 학동 산80-17,한전주
35.13496,126.93975,1,동구,광주광역시 동구 학동 256-12,한전주
35.13496,126.95439,1,동구,광주광역시 동구 운림동 292,한전주
35.13497,126.85728,1,서구,전남광주통합특별시 서구 금호동 748-2,전용주
35.13498,126.93887,1,동구,광주광역시 동구 학동 1001-1,한전주
35.13498,126.94027,1,동구,광주광역시 동구 학동 254-6,한전주
35.13499,126.85746,1,서구,전남광주통합특별시 서구 금호동 748-4,전용주
35.13499,126.92801,1,동구,광주광역시 동구 학동 662-14,전용주
35.135,126.85696,2,서구,전남광주통합특별시 서구 금호동 748,전용주
35.135,126.85785,1,서구,전남광주통합특별시 서구 금호동 751,전용주
35.13504,126.95375,1,동구,광주광역시 동구 운림동 287,한전주
35.13506,126.85597,1,서구,전남광주통합특별시 서구 금호동 699-13,한전주
35.13506,126.93081,2,동구,광주광역시 동구 학동 680,한전주
35.13507,126.85968,1,서구,전남광주통합특별시 서구 금호동 765-3,전용주
35.13509,126.85622,2,서구,전남광주통합특별시 서구 금호동 340-3,한전주
35.1351,126.85597,1,서구,전남광주통합특별시 서구 금호동 699-13,전용주
35.13512,126.95361,1,동구,광주광역시 동구 운림동 282-1,한전주
35.13515,126.85819,1,서구,전남광주통합특별시 서구 금호동 750-7,전용주
35.13519,126.95644,2,동구,광주광역시 동구 운림동 산92,한전주
35.1352,126.85844,1,서구,전남광주통합특별시 서구 금호동 750-5,전용주
35.13521,126.85791,1,서구,전남광주통합특별시 서구 금호동 750-8,전용주
35.13523,126.93948,1,동구,광주광역시 동구 학동 250-5,한전주
35.13524,126.85862,1,서구,전남광주통합특별시 서구 금호동 753-21,전용주
35.13525,126.92779,1,동구,광주광역시 동구 학동 661-46,전용주
35.13525,126.95294,1,동구,광주광역시 동구 운림동 279-2,전용주
35.13526,126.85783,1,서구,전남광주통합특별시 서구 금호동 750-9,전용주
35.13528,126.95364,1,동구,광주광역시 동구 운림동 847,한전주
35.13532,126.94333,1,동구,광주광역시 동구 운림동 570-1,한전주
35.13533,126.93903,1,동구,광주광역시 동구 학동 248-5,한전주
35.13534,126.84763,4,서구,전남광주통합특별시 서구 금호동 702-9,한전주
35.13534,126.95327,1,동구,광주광역시 동구 운림동 278,전용주
35.13539,126.83725,1,서구,전남광주통합특별시 서구 벽진동 37-1,한전주
35.13539,126.95325,1,동구,광주광역시 동구 운림동 278,한전주
35.1354,126.95366,1,동구,광주광역시 동구 운림동 285,전용주
35.13541,126.9376,1,동구,광주광역시 동구 학동 산80-2,한전주
35.13542,126.93894,1,동구,광주광역시 동구 학동 248-7,한전주
35.13549,126.95652,1,동구,광주광역시 동구 운림동 산92-1,한전주
35.13556,126.93917,1,동구,광주광역시 동구 학동 250-2,한전주
35.13557,126.95322,1,동구,광주광역시 동구 운림동 276,한전주
35.13558,126.83767,1,서구,전남광주통합특별시 서구 벽진동 38-2,한전주
35.13558,126.93203,1,동구,광주광역시 동구 학동 683-2,한전주
35.13559,126.94179,1,동구,광주광역시 동구 운림동 565-4,한전주
35.13561,126.85715,1,서구,전남광주통합특별시 서구 금호동 333-1,한전주
35.13561,126.93979,1,동구,광주광역시 동구 학동 237-1,한전주
35.13566,126.85681,1,서구,전남광주통합특별시 서구 금호동 331-4,한전주
35.13567,126.9536,1,동구,광주광역시 동구 운림동 270,한전주
35.1357,126.87247,1,서구,전남광주통합특별시 서구 화정동 1707,전용주
35.13571,126.87247,1,서구,전남광주통합특별시 서구 화정동 1707,전용주
35.13574,126.83791,1,서구,전남광주통합특별시 서구 벽진동 산 8,한전주
35.13574,126.93956,1,동구,광주광역시 동구 학동 1000-1,한전주
35.13574,126.94368,1,동구,광주광역시 동구 운림동 558-2,한전주
35.13576,126.87246,1,서구,전남광주통합특별시 서구 화정동 1707,전용주
35.13576,126.87247,2,서구,전남광주통합특별시 서구 화정동 1707,전용주
35.13579,126.83845,1,서구,전남광주통합특별시 서구 벽진동 56-2,한전주
35.13581,126.87154,1,서구,전남광주통합특별시 서구 화정동 산 119,한전주
35.13585,126.83707,1,서구,전남광주통합특별시 서구 벽진동 33-2,한전주
35.13591,126.93208,1,동구,광주광역시 동구 학동 683-1,한전주
35.13597,126.95349,1,동구,광주광역시 동구 운림동 259,한전주
35.13598,126.84772,2,서구,전남광주통합특별시 서구 금호동 507,한전주
35.13598,126.9321,1,동구,광주광역시 동구 학동 683-1,한전주
35.13599,126.95345,1,동구,광주광역시 동구 운림동 258,한전주
35.13602,126.87071,1,서구,전남광주통합특별시 서구 화정동 440,한전주
35.13602,126.87145,1,서구,전남광주통합특별시 서구 화정동 산 117-17,한전주
35.13604,126.92802,1,동구,광주광역시 동구 학동 662-38,전용주
35.13606,126.9264,1,동구,광주광역시 동구 학동 628-7,건축물
35.13607,126.92754,1,동구,광주광역시 동구 학동 662-34,한전주
35.13608,126.92717,1,동구,광주광역시 동구 학동 659,한전주
35.13613,126.9427,1,동구,광주광역시 동구 운림동 565-8,한전주
35.13615,126.93895,1,동구,광주광역시 동구 학동 230-1,한전주
35.13618,126.95296,1,동구,광주광역시 동구 운림동 254,한전주
35.13621,126.85693,1,서구,전남광주통합특별시 서구 금호동 328-4,한전주
35.13622,126.95306,1,동구,광주광역시 동구 운림동 251,한전주
35.13627,126.83822,1,서구,전남광주통합특별시 서구 벽진동 59-1,한전주
35.13627,126.94265,1,동구,광주광역시 동구 운림동 562,한전주
35.13628,126.92738,0,동구,광주광역시 동구 학동 662-35,한전주
35.1363,126.8478,1,서구,전남광주통합특별시 서구 금호동 508,한전주
35.13635,126.92732,1,동구,광주광역시 동구 학동 621-2,건축물
35.13638,126.87142,1,서구,전남광주통합특별시 서구 화정동 433,한전주
35.13639,126.92741,1,동구,광주광역시 동구 학동 622-7,한전주
35.13639,126.93983,1,동구,광주광역시 동구 학동 223-10,한전주
35.13641,126.95383,1,동구,광주광역시 동구 운림동 산72,한전주
35.13645,126.93902,1,동구,광주광역시 동구 학동 230,한전주
35.13647,126.85604,1,서구,전남광주통합특별시 서구 금호동 1112,전용주
35.13647,126.85607,2,서구,전남광주통합특별시 서구 금호동 1112,전용주
35.13647,126.9246,1,동구,광주광역시 동구 학동 633-3,한전주
35.13647,126.93165,1,동구,광주광역시 동구 학동 산134-1,한전주
35.13648,126.94316,1,동구,광주광역시 동구 운림동 563,한전주
35.13654,126.85682,1,서구,전남광주통합특별시 서구 금호동 322-1,한전주
35.13658,126.92704,1,동구,광주광역시 동구 학동 621-5,건축물
35.13659,126.93229,1,동구,광주광역시 동구 학동 687-2,전용주
35.1366,126.93999,1,동구,광주광역시 동구 학동 223-7,한전주
35.13661,126.95284,1,동구,광주광역시 동구 운림동 233,전용주
35.13663,126.95314,1,동구,광주광역시 동구 운림동 237,한전주
35.13666,126.83778,1,서구,전남광주통합특별시 서구 벽진동 62,한전주
35.13668,126.92712,1,동구,광주광역시 동구 학동 622,건축물
35.13669,126.8714,1,서구,전남광주통합특별시 서구 화정동 449,한전주
35.13676,126.92653,3,동구,광주광역시 동구 학동 623,한전주
35.13684,126.93903,1,동구,광주광역시 동구 학동 228-2,전용주
35.13689,126.94324,1,동구,광주광역시 동구 운림동 560-1,한전주
35.13693,126.95305,1,동구,광주광역시 동구 운림동 229,한전주
35.13695,126.8712,1,서구,전남광주통합특별시 서구 화정동 산 126,한전주
35.13699,126.92568,1,동구,광주광역시 동구 학동 618-3,전용주
35.13699,126.95227,1,동구,광주광역시 동구 운림동 222,전용주
35.13708,126.83823,1,서구,전남광주통합특별시 서구 벽진동 19-2,한전주
35.13712,126.92718,1,동구,광주광역시 동구 학동 595-42,한전주
35.13713,126.84831,1,서구,전남광주통합특별시 서구 금호동 491-2,한전주
35.13715,126.95274,1,동구,광주광역시 동구 운림동 산68-1,한전주
35.13716,126.86213,2,서구,전남광주통합특별시 서구 금호동 743-3,한전주
35.13719,126.84717,1,서구,전남광주통합특별시 서구 금호동 489-1,한전주
35.1372,126.926,1,동구,광주광역시 동구 학동 619-7,한전주
35.13723,126.92665,1,동구,광주광역시 동구 학동 595-1,한전주
35.13727,126.92655,1,동구,광주광역시 동구 학동 595,전용주
35.13728,126.84658,1,서구,전남광주통합특별시 서구 마륵동 281,한전주
35.13729,126.83792,1,서구,전남광주통합특별시 서구 벽진동 20-1,한전주
35.1373,126.92641,1,동구,광주광역시 동구 학동 591-6,한전주
35.13731,126.95221,2,동구,광주광역시 동구 운림동 220,한전주
35.13732,126.85706,15,서구,전남광주통합특별시 서구 금호동 731,한전주
35.13732,126.85707,2,서구,전남광주통합특별시 서구 금호동 731,전용주
35.13732,126.85708,1,서구,전남광주통합특별시 서구 금호동 731,전용주
35.13732,126.85709,4,서구,전남광주통합특별시 서구 금호동 731,전용주
35.13732,126.92539,1,동구,광주광역시 동구 학동 31-40,한전주
35.13733,126.92522,1,동구,광주광역시 동구 학동 37-12,전용주
35.13733,126.92715,1,동구,광주광역시 동구 학동 595-29,한전주
35.13733,126.94009,1,동구,광주광역시 동구 학동 192,한전주
35.13734,126.83816,1,서구,전남광주통합특별시 서구 벽진동 13-2,한전주
35.13737,126.85084,2,서구,전남광주통합특별시 서구 금호동 495,한전주
35.13747,126.84788,2,서구,전남광주통합특별시 서구 금호동 489,한전주
35.13748,126.87172,4,서구,전남광주통합특별시 서구 화정동 929-2,한전주
35.13749,126.92502,1,동구,광주광역시 동구 학동 38-3,한전주
35.13753,126.9518,1,동구,광주광역시 동구 운림동 213,전용주
35.13755,126.92676,1,동구,광주광역시 동구 학동 592-6,전용주
35.13759,126.86085,1,서구,전남광주통합특별시 서구 금호동 745,한전주
35.13759,126.92639,1,동구,광주광역시 동구 학동 595-5,한전주
35.1376,126.8379,1,서구,전남광주통합특별시 서구 벽진동 17-1,한전주
35.1376,126.84666,1,서구,전남광주통합특별시 서구 마륵동 281-4,한전주
35.13762,126.95203,1,동구,광주광역시 동구 운림동 195,한전주
35.13763,126.83146,2,서구,전남광주통합특별시 서구 벽진동 483-7,한전주
35.13763,126.84721,1,서구,전남광주통합특별시 서구 마륵동 281-5,한전주
35.13765,126.92554,1,동구,광주광역시 동구 학동 31-27,한전주
35.13765,126.92661,1,동구,광주광역시 동구 학동 592-5,전용주
35.13766,126.86261,1,서구,전남광주통합특별시 서구 금호동 746,한전주
35.13766,126.86264,7,서구,전남광주통합특별시 서구 금호동 746,한전주
35.13768,126.86199,1,서구,전남광주통합특별시 서구 금호동 743-2,한전주
35.1377,126.92583,1,동구,광주광역시 동구 학동 34-22,전용주
35.13782,126.8466,1,서구,전남광주통합특별시 서구 마륵동 281-3,한전주
35.13784,126.92497,1,동구,광주광역시 동구 학동 38-9,한전주
35.13786,126.8465,1,서구,전남광주통합특별시 서구 마륵동 281-3,한전주
35.13787,126.84392,1,서구,전남광주통합특별시 서구 마륵동 산 36,전용주
35.13787,126.84661,1,서구,전남광주통합특별시 서구 마륵동 280-2,한전주
35.13787,126.85618,1,서구,전남광주통합특별시 서구 금호동 699-9,한전주
35.13788,126.83802,1,서구,전남광주통합특별시 서구 마륵동 369,한전주
35.13792,126.84465,1,서구,전남광주통합특별시 서구 마륵동 293-4,한전주
35.13793,126.84291,1,서구,전남광주통합특별시 서구 마륵동 795-3,한전주
35.13796,126.92499,1,동구,광주광역시 동구 학동 40-6,한전주
35.13796,126.92639,1,동구,광주광역시 동구 학동 593-3,한전주
35.13797,126.92473,1,동구,광주광역시 동구 학동 40-4,전용주
35.13797,126.92618,1,동구,광주광역시 동구 학동 593-21,한전주
35.13801,126.84258,1,서구,전남광주통합특별시 서구 마륵동 305-1,한전주
35.13802,126.87509,1,서구,전남광주통합특별시 서구 화정동 895,전용주
35.13804,126.84718,1,서구,전남광주통합특별시 서구 마륵동 산 31,전용주
35.13807,126.84211,1,서구,전남광주통합특별시 서구 마륵동 306-8,한전주
35.13807,126.92537,1,동구,광주광역시 동구 학동 31-12,한전주
35.13808,126.84823,1,서구,전남광주통합특별시 서구 금호동 산 136,한전주
35.13813,126.84639,1,서구,전남광주통합특별시 서구 마륵동 278-24,한전주
35.13818,126.83904,1,서구,전남광주통합특별시 서구 마륵동 363-4,한전주
35.13821,126.92609,1,동구,광주광역시 동구 학동 593-9,한전주
35.13826,126.84618,1,서구,전남광주통합특별시 서구 마륵동 278-13,건축물
35.13827,126.84451,1,서구,전남광주통합특별시 서구 마륵동 288-3,한전주
35.13829,126.92447,1,동구,광주광역시 동구 학동 29-10,한전주
35.13829,126.92487,1,동구,광주광역시 동구 학동 40-11,한전주
35.13829,126.93841,1,동구,광주광역시 동구 학동 215,전용주
35.13837,126.92582,1,동구,광주광역시 동구 학동 539-6,건축물
35.13838,126.83769,1,서구,전남광주통합특별시 서구 마륵동 797-4,한전주
35.13839,126.92582,1,동구,광주광역시 동구 학동 539-6,한전주
35.13839,126.95112,1,동구,광주광역시 동구 운림동 845,전용주
35.13843,126.84676,1,서구,전남광주통합특별시 서구 마륵동 278-6,한전주
35.13844,126.86125,1,서구,전남광주통합특별시 서구 금호동 740-2,한전주
35.13845,126.92506,1,동구,광주광역시 동구 학동 30-35,한전주
35.13846,126.84501,1,서구,전남광주통합특별시 서구 마륵동 290-2,한전주
35.13846,126.84623,1,서구,전남광주통합특별시 서구 마륵동 289-2,한전주
35.13846,126.92572,1,동구,광주광역시 동구 학동 산206-1,한전주
35.13847,126.87125,6,서구,전남광주통합특별시 서구 화정동 930-1,한전주
35.13847,126.87126,1,서구,전남광주통합특별시 서구 화정동 930-1,한전주
35.13849,126.87125,1,서구,전남광주통합특별시 서구 화정동 930-1,전용주
35.13853,126.84805,1,서구,전남광주통합특별시 서구 마륵동 산 30-2,한전주
35.13859,126.92559,1,동구,광주광역시 동구 학동 30-8,전용주
35.13865,126.8322,1,서구,전남광주통합특별시 서구 벽진동 484-8,전용주
35.13865,126.84617,1,서구,전남광주통합특별시 서구 마륵동 289-3,한전주
35.13868,126.83221,1,서구,전남광주통합특별시 서구 벽진동 484-8,한전주
35.13868,126.92045,1,동구,광주광역시 동구 학동 55-35,한전주
35.13871,126.93724,1,동구,광주광역시 동구 학동 산 69,전용주
35.13873,126.92405,1,동구,광주광역시 동구 학동 44-18,한전주
35.1388,126.93662,4,동구,광주광역시 동구 서석동 산 84-3,전용주
35.1388,126.93667,1,동구,광주광역시 동구 서석동 산 84-3,전용주
35.13881,126.83117,1,서구,전남광주통합특별시 서구 벽진동 178-47,한전주
35.13883,126.92436,1,동구,광주광역시 동구 학동 28-20,전용주
35.13885,126.92011,1,동구,광주광역시 동구 학동 81-5,한전주
35.13889,126.94326,2,동구,광주광역시 동구 학동 산31,한전주
35.1389,126.84815,1,서구,전남광주통합특별시 서구 마륵동 6-4,한전주
35.13891,126.92419,1,동구,광주광역시 동구 학동 28-8,전용주
35.13898,126.92463,1,동구,광주광역시 동구 학동 24-34,전용주
35.13898,126.92488,1,동구,광주광역시 동구 학동 24-28,한전주
35.139,126.92377,1,동구,광주광역시 동구 학동 27-4,한전주
35.13902,126.88047,4,서구,전남광주통합특별시 서구 화정동 1028,한전주
35.13907,126.93759,1,동구,광주광역시 동구 학동 211,전용주
35.13915,126.84608,1,서구,전남광주통합특별시 서구 마륵동 291-2,한전주
35.13917,126.84186,1,서구,전남광주통합특별시 서구 마륵동 172-28,한전주
35.13919,126.92034,1,동구,광주광역시 동구 학동 55-32,건축물
35.13922,126.83292,1,서구,전남광주통합특별시 서구 벽진동 185-1,한전주
35.13922,126.83299,1,서구,전남광주통합특별시 서구 벽진동 185-1,한전주
35.13922,126.8369,1,서구,전남광주통합특별시 서구 마륵동 383-9,한전주
35.13925,126.83571,1,서구,전남광주통합특별시 서구 마륵동 759-11,전용주
35.13926,126.83079,1,서구,전남광주통합특별시 서구 벽진동 515-14,전용주
35.1393,126.92124,1,동구,광주광역시 동구 학동 55-137,한전주
35.13933,126.83298,1,서구,전남광주통합특별시 서구 벽진동 178-13,한전주
35.13933,126.88025,1,서구,전남광주통합특별시 서구 화정동 1024-13,전용주
35.13936,126.84756,2,서구,전남광주통합특별시 서구 마륵동 7-5,한전주
35.13937,126.82985,2,서구,전남광주통합특별시 서구 벽진동 515-8,전용주
35.1394,126.92048,1,동구,광주광역시 동구 학동 85-13,한전주
35.13942,126.92209,3,동구,광주광역시 동구 학동 55,한전주
35.13946,126.83013,1,서구,전남광주통합특별시 서구 벽진동 515-7,전용주
35.13946,126.8339,1,서구,전남광주통합특별시 서구 벽진동 178-11,한전주
35.13947,126.8355,4,서구,전남광주통합특별시 서구 마륵동 187-7,한전주
35.13948,126.83047,1,서구,전남광주통합특별시 서구 벽진동 515-6,전용주
35.13948,126.8355,1,서구,전남광주통합특별시 서구 마륵동 187-7,한전주
35.13949,126.87871,2,서구,전남광주통합특별시 서구 화정동 859-2,전용주
35.13955,126.92103,1,동구,광주광역시 동구 학동 55-12,한전주
35.13957,126.8307,1,서구,전남광주통합특별시 서구 벽진동 515-30,한전주
35.13958,126.86122,2,서구,전남광주통합특별시 서구 금호동 740-1,한전주
35.13964,126.85693,1,서구,전남광주통합특별시 서구 금호동 450-5,전용주
35.13964,126.91964,1,동구,광주광역시 동구 학동 81-63,한전주
35.13966,126.92201,1,동구,광주광역시 동구 학동 61-60,건축물
35.13969,126.83091,1,서구,전남광주통합특별시 서구 벽진동 515-3,한전주
35.13971,126.83112,1,서구,전남광주통합특별시 서구 벽진동 515-4,한전주
35.13973,126.84683,1,서구,전남광주통합특별시 서구 마륵동 275-3,한전주
35.13973,126.87116,3,서구,전남광주통합특별시 서구 화정동 928-1,전용주
35.13973,126.91977,1,동구,광주광역시 동구 학동 81-26,한전주
35.13974,126.84689,1,서구,전남광주통합특별시 서구 마륵동 12-7,한전주
35.13974,126.86176,1,서구,전남광주통합특별시 서구 금호동 740--1,한전주
35.13976,126.85804,1,서구,전남광주통합특별시 서구 금호동 723-9,한전주
35.13977,126.84716,1,서구,전남광주통합특별시 서구 마륵동 7-4,한전주
35.13978,126.92,1,동구,광주광역시 동구 학동 85-19,전용주
35.13981,126.84685,5,서구,전남광주통합특별시 서구 마륵동 162-13,한전주
35.13984,126.92088,1,동구,광주광역시 동구 학동 76-5,한전주
35.13986,126.92221,1,동구,광주광역시 동구 학동 61-28,전용주
35.13989,126.83706,1,서구,전남광주통합특별시 서구 마륵동 175-31,한전주
35.13989,126.85751,1,서구,전남광주통합특별시 서구 금호동 723-4,한전주
35.13991,126.91987,1,동구,광주광역시 동구 학동 84-9,한전주
35.13993,126.85331,2,서구,전남광주통합특별시 서구 마륵동 97-89,전용주
35.13994,126.85331,1,서구,전남광주통합특별시 서구 마륵동 97-89,전용주
35.13994,126.93721,1,동구,광주광역시 동구 학동 산 68,전용주
35.13995,126.92191,1,동구,광주광역시 동구 학동 61-38,한전주
35.13997,126.92031,1,동구,광주광역시 동구 학동 55-24,한전주
35.13998,126.8602,1,서구,전남광주통합특별시 서구 금호동 737-20,한전주
35.13998,126.88192,1,서구,전남광주통합특별시 서구 화정동 1020,한전주
35.13998,126.88195,2,서구,전남광주통합특별시 서구 화정동 1020,한전주
35.13998,126.92169,1,동구,광주광역시 동구 학동 61-83,한전주
35.14002,126.8707,67,서구,전남광주통합특별시 서구 화정동 932-1,한전주
35.14002,126.87073,1,서구,전남광주통합특별시 서구 화정동 932-1,한전주
35.14003,126.92076,1,동구,광주광역시 동구 학동 74-24,한전주
35.14004,126.85353,1,서구,전남광주통합특별시 서구 마륵동 53-9,전용주
35.14005,126.92023,1,동구,광주광역시 동구 학동 55-34,한전주
35.14006,126.85984,1,서구,전남광주통합특별시 서구 금호동 734-12,한전주
35.14006,126.91953,1,동구,광주광역시 동구 학동 73-14,한전주
35.14008,126.85354,1,서구,전남광주통합특별시 서구 마륵동 53-9,전용주
35.14009,126.85918,1,서구,전남광주통합특별시 서구 금호동 732-6,한전주
35.1401,126.91983,1,동구,광주광역시 동구 학동 73-9,전용주
35.14011,126.85701,1,서구,전남광주통합특별시 서구 금호동 444-18,한전주
35.14011,126.87736,2,서구,전남광주통합특별시 서구 화정동 886,한전주
35.14014,126.87704,1,서구,전남광주통합특별시 서구 화정동 855-9,한전주
35.14014,126.87705,1,서구,전남광주통합특별시 서구 화정동 855-9,한전주
35.14014,126.87736,1,서구,전남광주통합특별시 서구 화정동 886,한전주
35.14018,126.86993,4,서구,전남광주통합특별시 서구 화정동 931-1,한전주
35.14019,126.85249,4,서구,전남광주통합특별시 서구 마륵동 47-12,전용주
35.1402,126.85388,5,서구,전남광주통합특별시 서구 마륵동 산20-1,전용주
35.14021,126.8777,1,서구,전남광주통합특별시 서구 화정동 852-10,한전주
35.14021,126.87932,1,서구,전남광주통합특별시 서구 화정동 859-3,전용주
35.14021,126.92015,1,동구,광주광역시 동구 학동 74-19,전용주
35.14022,126.87748,1,서구,전남광주통합특별시 서구 화정동 853-9,한전주
35.14022,126.88054,1,서구,전남광주통합특별시 서구 화정동 1024-6,한전주
35.14023,126.88006,1,서구,전남광주통합특별시 서구 화정동 860-7,한전주
35.14026,126.85291,5,서구,전남광주통합특별시 서구 마륵동 1,전용주
35.14026,126.92032,1,동구,광주광역시 동구 학동 70-3,한전주
35.14029,126.85696,1,서구,전남광주통합특별시 서구 금호동 444-17,전용주
35.14029,126.85748,4,서구,전남광주통합특별시 서구 금호동 725,한전주
35.14029,126.91959,1,동구,광주광역시 동구 학동 92-15,한전주
35.14031,126.8614,1,서구,전남광주통합특별시 서구 금호동 736-11,한전주
35.14035,126.87745,1,서구,전남광주통합특별시 서구 화정동 853-8,한전주
35.14036,126.86097,1,서구,전남광주통합특별시 서구 금호동 736-14,한전주
35.14037,126.92517,1,동구,광주광역시 동구 학동 535-2,건축물
35.1404,126.8615,12,서구,전남광주통합특별시 서구 금호동 728,건축물
35.1404,126.86153,1,서구,전남광주통합특별시 서구 금호동 728,한전주
35.1404,126.87102,4,서구,전남광주통합특별시 서구 화정동 927-1,한전주
35.14041,126.85022,1,서구,전남광주통합특별시 서구 마륵동 산 26-4,한전주
35.14042,126.88177,1,서구,전남광주통합특별시 서구 화정동 1039,한전주
35.14043,126.85447,1,서구,전남광주통합특별시 서구 금호동 446-3,전용주
35.14043,126.85449,1,서구,전남광주통합특별시 서구 금호동 446-3,전용주
35.14043,126.85679,1,서구,전남광주통합특별시 서구 금호동 444-15,한전주
35.14044,126.85913,1,서구,전남광주통합특별시 서구 금호동 732-3,한전주
35.14044,126.87972,1,서구,전남광주통합특별시 서구 화정동 849-12,한전주
35.14047,126.86058,1,서구,전남광주통합특별시 서구 금호동 736-4,한전주
35.14048,126.87744,1,서구,전남광주통합특별시 서구 화정동 853-7,건축물
35.14049,126.91926,1,동구,광주광역시 동구 학동 95-6,한전주
35.1405,126.86131,1,서구,전남광주통합특별시 서구 금호동 736-10,한전주
35.1405,126.86137,1,서구,전남광주통합특별시 서구 금호동 736-10,한전주
35.14051,126.88068,1,서구,전남광주통합특별시 서구 화정동 산 210,한전주
35.14052,126.8571,1,서구,전남광주통합특별시 서구 금호동 444,한전주
35.14052,126.87648,4,서구,전남광주통합특별시 서구 화정동 879,한전주
35.14052,126.87785,1,서구,전남광주통합특별시 서구 화정동 852-7,전용주
35.14052,126.91977,1,동구,광주광역시 동구 학동 93-1,한전주
35.14054,126.88015,2,서구,전남광주통합특별시 서구 화정동 848-11,한전주
35.14055,126.88068,1,서구,전남광주통합특별시 서구 화정동 산 210,한전주
35.14056,126.835,7,서구,전남광주통합특별시 서구 마륵동 182-10,전용주
35.14056,126.91996,1,동구,광주광역시 동구 학동 72-2,한전주
35.14058,126.85646,1,서구,전남광주통합특별시 서구 금호동 산 17-2,한전주
35.14058,126.88107,1,서구,전남광주통합특별시 서구 화정동 1031,한전주
35.14061,126.87701,1,서구,전남광주통합특별시 서구 화정동 854,전용주
35.14061,126.88128,1,서구,전남광주통합특별시 서구 화정동 1149,한전주
35.14061,126.91958,1,동구,광주광역시 동구 학동 95-17,한전주
35.14062,126.91981,1,동구,광주광역시 동구 학동 103-10,건축물
35.14063,126.85971,1,서구,전남광주통합특별시 서구 금호동 734-18,한전주
35.14065,126.87684,5,서구,전남광주통합특별시 서구 화정동 880,전용주
35.14065,126.8769,1,서구,전남광주통합특별시 서구 화정동 880,한전주
35.14067,126.84623,1,서구,전남광주통합특별시 서구 마륵동 168-22,한전주
35.14067,126.84991,2,서구,전남광주통합특별시 서구 마륵동 2,한전주
35.14067,126.84992,1,서구,전남광주통합특별시 서구 마륵동 2,한전주
35.14068,126.85181,1,서구,전남광주통합특별시 서구 마륵동 52-4,전용주
35.1407,126.85781,1,서구,전남광주통합특별시 서구 금호동 721-2,한전주
35.1407,126.85787,4,서구,전남광주통합특별시 서구 금호동 721-2,전용주
35.14072,126.87641,1,서구,전남광주통합특별시 서구 화정동 855-16,한전주
35.14074,126.84828,3,서구,전남광주통합특별시 서구 마륵동 12-6,한전주
35.14074,126.87793,1,서구,전남광주통합특별시 서구 화정동 882,한전주
35.14075,126.87789,1,서구,전남광주통합특별시 서구 화정동 852-5,전용주
35.14076,126.8516,1,서구,전남광주통합특별시 서구 마륵동 52-4,전용주
35.14078,126.91879,1,동구,광주광역시 동구 학동 165-7,한전주
35.1408,126.8575,1,서구,전남광주통합특별시 서구 금호동 721-1,한전주
35.1408,126.92021,1,동구,광주광역시 동구 학동 104-2,한전주
35.14081,126.88097,2,서구,전남광주통합특별시 서구 화정동 1150,한전주
35.14083,126.87738,1,서구,전남광주통합특별시 서구 화정동 853-4,건축물
35.14084,126.85137,1,서구,전남광주통합특별시 서구 마륵동 47-8,전용주
35.14085,126.8612,1,서구,전남광주통합특별시 서구 금호동 735-9,한전주
35.14085,126.87699,1,서구,전남광주통합특별시 서구 화정동 892,전용주
35.14085,126.88141,1,서구,전남광주통합특별시 서구 화정동 1357-3,전용주
35.14086,126.87598,1,서구,전남광주통합특별시 서구 화정동 856-18,전용주
35.14086,126.88149,1,서구,전남광주통합특별시 서구 화정동 1357-3,전용주
35.14087,126.85759,1,서구,전남광주통합특별시 서구 금호동 721-1,전용주
35.14091,126.85742,1,서구,전남광주통합특별시 서구 금호동 444-9,전용주
35.14092,126.85112,1,서구,전남광주통합특별시 서구 마륵동 47-8,전용주
35.14093,126.8817,1,서구,전남광주통합특별시 서구 화정동 1060,한전주
35.14093,126.88171,1,서구,전남광주통합특별시 서구 화정동 1060,한전주
35.14093,126.88172,3,서구,전남광주통합특별시 서구 화정동 1060,전용주
35.14093,126.88178,1,서구,전남광주통합특별시 서구 화정동 1060,한전주
35.14095,126.87995,1,서구,전남광주통합특별시 서구 화정동 884,한전주
35.14096,126.91932,1,동구,광주광역시 동구 학동 101,건축물
35.14096,126.92,1,동구,광주광역시 동구 학동 103-11,한전주
35.14098,126.91885,1,동구,광주광역시 동구 학동 98,한전주
35.14098,126.9213,1,동구,광주광역시 동구 학동 68-8,한전주
35.14099,126.84847,1,서구,전남광주통합특별시 서구 마륵동 162-84,한전주
35.14099,126.87776,1,서구,전남광주통합특별시 서구 화정동 852-3,전용주
35.141,126.87997,1,서구,전남광주통합특별시 서구 화정동 884,한전주
35.14101,126.85081,1,서구,전남광주통합특별시 서구 마륵동 47-13,전용주
35.14102,126.91941,1,동구,광주광역시 동구 학동 102-1,전용주
35.14105,126.85056,1,서구,전남광주통합특별시 서구 마륵동 47-13,전용주
35.14105,126.85762,1,서구,전남광주통합특별시 서구 쌍촌동 902-26,한전주
35.14105,126.88024,1,서구,전남광주통합특별시 서구 화정동 848-6,한전주
35.14106,126.88037,1,서구,전남광주통합특별시 서구 화정동 885,한전주
35.14108,126.87874,1,서구,전남광주통합특별시 서구 화정동 850,한전주
35.14108,126.87879,3,서구,전남광주통합특별시 서구 화정동 850,한전주
35.14109,126.85033,1,서구,전남광주통합특별시 서구 마륵동 47-13,전용주
35.14109,126.85676,1,서구,전남광주통합특별시 서구 금호동 444-7,한전주
35.14109,126.91894,1,동구,광주광역시 동구 학동 99-2,전용주
35.1411,126.8481,1,서구,전남광주통합특별시 서구 마륵동 166-32,한전주
35.1411,126.87981,1,서구,전남광주통합특별시 서구 화정동 849-5,한전주
35.14111,126.91919,1,동구,광주광역시 동구 학동 99-4,한전주
35.14113,126.87635,1,서구,전남광주통합특별시 서구 화정동 878,한전주
35.14113,126.9195,1,동구,광주광역시 동구 학동 157-2,한전주
35.14117,126.92001,1,동구,광주광역시 동구 학동 129-1,전용주
35.14117,126.92451,1,동구,광주광역시 동구 학동 524-25,한전주
35.14118,126.9248,1,동구,광주광역시 동구 학동 515-11,한전주
35.1412,126.92088,1,동구,광주광역시 동구 학동 110-9,한전주
35.14121,126.86052,3,서구,전남광주통합특별시 서구 쌍촌동 1258-3,한전주
35.14123,126.85816,1,서구,전남광주통합특별시 서구 쌍촌동 1252,
35.14124,126.83933,2,서구,전남광주통합특별시 서구 마륵동 173-14,한전주
35.14124,126.91972,1,동구,광주광역시 동구 학동 156-2,한전주
35.14125,126.91875,1,동구,광주광역시 동구 학동 166-1,전용주
35.14126,126.87349,1,서구,전남광주통합특별시 서구 화정동 919-17,한전주
35.14127,126.8502,1,서구,전남광주통합특별시 서구 마륵동 47-14,전용주
35.14128,126.84837,2,서구,전남광주통합특별시 서구 마륵동 166-23,한전주
35.14129,126.87977,1,서구,전남광주통합특별시 서구 화정동 849-3,한전주
35.14132,126.86032,1,서구,전남광주통합특별시 서구 쌍촌동 1257-12,한전주
35.14132,126.87277,1,서구,전남광주통합특별시 서구 화정동 921-10,한전주
35.14133,126.87688,1,서구,전남광주통합특별시 서구 화정동 838-9,한전주
35.14134,126.87541,1,서구,전남광주통합특별시 서구 화정동 863,한전주
35.14134,126.87688,1,서구,전남광주통합특별시 서구 화정동 838-9,한전주
35.14135,126.92516,1,동구,광주광역시 동구 서석동 515-16,한전주
35.14136,126.85346,2,서구,전남광주통합특별시 서구 마륵동 97-26,전용주
35.14136,126.85795,1,서구,전남광주통합특별시 서구 쌍촌동 913,전용주
35.14137,126.87729,3,서구,전남광주통합특별시 서구 화정동 839-9,한전주
35.14139,126.91831,1,동구,광주광역시 동구 학동 165-3,전용주
35.1414,126.88226,1,서구,전남광주통합특별시 서구 화정동 1044,한전주
35.14141,126.91883,1,동구,광주광역시 동구 학동 145,한전주
35.14142,126.88019,1,서구,전남광주통합특별시 서구 화정동 848-2,한전주
35.14142,126.91901,1,동구,광주광역시 동구 학동 146,전용주
35.14142,126.92042,2,동구,광주광역시 동구 학동 108-3,한전주
35.14143,126.87816,1,서구,전남광주통합특별시 서구 화정동 841-9,한전주
35.14143,126.88121,1,서구,전남광주통합특별시 서구 화정동 1373-2,한전주
35.14143,126.91963,1,동구,광주광역시 동구 학동 151-3,전용주
35.14143,126.92017,1,동구,광주광역시 동구 학동 126-2,건축물
35.14145,126.87215,1,서구,전남광주통합특별시 서구 화정동 922-12,한전주
35.14146,126.87267,1,서구,전남광주통합특별시 서구 화정동 921-14,한전주
35.14146,126.87818,1,서구,전남광주통합특별시 서구 화정동 841-9,전용주
35.14147,126.88153,1,서구,전남광주통합특별시 서구 화정동 1146,한전주
35.14148,126.88167,1,서구,전남광주통합특별시 서구 화정동 1142,한전주
35.14149,126.88129,1,서구,전남광주통합특별시 서구 화정동 1133,전용주
35.14151,126.85025,1,서구,전남광주통합특별시 서구 마륵동 47-14,전용주
35.14151,126.88182,1,서구,전남광주통합특별시 서구 화정동 1043,전용주
35.14152,126.87918,3,서구,전남광주통합특별시 서구 화정동 881,한전주
35.14152,126.88041,1,서구,전남광주통합특별시 서구 화정동 847-1,한전주
35.14152,126.91938,1,동구,광주광역시 동구 학동 151-4,한전주
35.14153,126.85691,1,서구,전남광주통합특별시 서구 쌍촌동 902-46,한전주
35.14153,126.85695,5,서구,전남광주통합특별시 서구 쌍촌동 902-46,한전주
35.14153,126.87925,1,서구,전남광주통합특별시 서구 화정동 843,한전주
35.14153,126.88002,1,서구,전남광주통합특별시 서구 화정동 848-20,한전주
35.14154,126.87918,1,서구,전남광주통합특별시 서구 화정동 881,한전주
35.14155,126.83287,3,서구,전남광주통합특별시 서구 마륵동 797,한전주
35.14156,126.88062,2,서구,전남광주통합특별시 서구 화정동 847-3,전용주
35.14156,126.91901,1,동구,광주광역시 동구 학동 147-2,건축물
35.14157,126.87683,1,서구,전남광주통합특별시 서구 화정동 838-7,전용주
35.14157,126.87726,1,서구,전남광주통합특별시 서구 화정동 839-8,
35.14159,126.88116,1,서구,전남광주통합특별시 서구 화정동 1158,전용주
35.1416,126.87923,1,서구,전남광주통합특별시 서구 화정동 843,한전주
35.1416,126.87925,4,서구,전남광주통합특별시 서구 화정동 843,전용주
35.14161,126.87149,1,서구,전남광주통합특별시 서구 화정동 924-11,한전주
35.14163,126.83567,1,서구,전남광주통합특별시 서구 마륵동 186-12,한전주
35.14163,126.87641,1,서구,전남광주통합특별시 서구 화정동 837-6,한전주
35.14164,126.87298,1,서구,전남광주통합특별시 서구 화정동 921-7,한전주
35.14164,126.87939,2,서구,전남광주통합특별시 서구 화정동 883,한전주
35.14164,126.88206,1,서구,전남광주통합특별시 서구 화정동 1041,전용주
35.14165,126.92086,1,동구,광주광역시 동구 학동 111-1,전용주
35.14168,126.92,1,동구,광주광역시 동구 학동 132,한전주
35.14169,126.88127,1,서구,전남광주통합특별시 서구 화정동 1161-2,한전주
35.14169,126.88239,1,서구,전남광주통합특별시 서구 화정동 1357,전용주
35.1417,126.92045,1,동구,광주광역시 동구 학동 112-3,한전주
35.14171,126.85041,1,서구,전남광주통합특별시 서구 마륵동 47-14,전용주
35.14171,126.85697,1,서구,전남광주통합특별시 서구 쌍촌동 902-44,한전주
35.14171,126.86019,1,서구,전남광주통합특별시 서구 쌍촌동 1256-12,한전주
35.14171,126.87667,1,서구,전남광주통합특별시 서구 화정동 838-15,전용주
35.14172,126.87154,1,서구,전남광주통합특별시 서구 화정동 924-10,전용주
35.14175,126.85801,1,서구,전남광주통합특별시 서구 쌍촌동 912-9,한전주
35.14175,126.88225,1,서구,전남광주통합특별시 서구 화정동 1115,전용주
35.14175,126.92499,1,동구,광주광역시 동구 서석동 523-1,한전주
35.14177,126.8759,1,서구,전남광주통합특별시 서구 화정동 836-17,한전주
35.14178,126.83869,12,서구,전남광주통합특별시 서구 마륵동 187-1,한전주
35.14178,126.87688,1,서구,전남광주통합특별시 서구 화정동 838-6,한전주
35.14178,126.88168,1,서구,전남광주통합특별시 서구 화정동 1147,한전주
35.14178,126.93721,0,동구,광주광역시 동구 학동 산 54,전용주
35.14182,126.87308,1,서구,전남광주통합특별시 서구 화정동 921-5,한전주
35.14188,126.85053,1,서구,전남광주통합특별시 서구 마륵동 79,전용주
35.14188,126.8718,1,서구,전남광주통합특별시 서구 화정동 923-15,한전주
35.14188,126.87613,1,서구,전남광주통합특별시 서구 화정동 875,한전주
35.14189,126.87613,13,서구,전남광주통합특별시 서구 화정동 875,한전주
35.14189,126.87614,1,서구,전남광주통합특별시 서구 화정동 875,한전주
35.14189,126.87617,1,서구,전남광주통합특별시 서구 화정동 875,한전주
35.1419,126.87719,1,서구,전남광주통합특별시 서구 화정동 839-5,한전주
35.14193,126.84974,1,서구,전남광주통합특별시 서구 마륵동 41,한전주
35.14193,126.91992,1,동구,광주광역시 동구 학동 121-1,건축물
35.14195,126.87967,1,서구,전남광주통합특별시 서구 화정동 844-8,한전주
35.14196,126.87829,1,서구,전남광주통합특별시 서구 화정동 842-6,한전주
35.14197,126.88224,1,서구,전남광주통합특별시 서구 화정동 1119,한전주
35.14197,126.92491,1,동구,광주광역시 동구 서석동 522-9,전용주
35.14198,126.91773,1,동구,광주광역시 동구 금동 211-25,건축물
35.142,126.91799,1,동구,광주광역시 동구 금동 211-20,전용주
35.14201,126.85039,1,서구,전남광주통합특별시 서구 마륵동 86,전용주
35.14202,126.85654,1,서구,전남광주통합특별시 서구 쌍촌동 905-34,전용주
35.14202,126.86045,1,서구,전남광주통합특별시 서구 쌍촌동 1267,한전주
35.14202,126.87318,1,서구,전남광주통합특별시 서구 화정동 921-3,한전주
35.14202,126.91836,1,동구,광주광역시 동구 금동 201-4,전용주
35.14202,126.91974,1,동구,광주광역시 동구 학동 120-8,전용주
35.14203,126.87548,1,서구,전남광주통합특별시 서구 화정동 835-3,전용주
35.14204,126.91819,1,동구,광주광역시 동구 금동 215-2,전용주
35.14205,126.85795,1,서구,전남광주통합특별시 서구 쌍촌동 912-12,한전주
35.14205,126.86045,32,서구,전남광주통합특별시 서구 쌍촌동 1267,한전주
35.14205,126.93587,0,동구,광주광역시 동구 서석동 산 60-1,전용주
35.14207,126.86045,1,서구,전남광주통합특별시 서구 쌍촌동 1267,한전주
35.14207,126.91829,1,동구,광주광역시 동구 금동 217-3,전용주
35.14208,126.8777,8,서구,전남광주통합특별시 서구 화정동 874,한전주
35.14208,126.87772,1,서구,전남광주통합특별시 서구 화정동 874,한전주
35.14208,126.87777,1,서구,전남광주통합특별시 서구 화정동 874,한전주
35.14208,126.88218,1,서구,전남광주통합특별시 서구 화정동 1211,한전주
35.1421,126.872,1,서구,전남광주통합특별시 서구 화정동 923-17,한전주
35.14211,126.92053,1,동구,광주광역시 동구 학동 114-4,건축물
35.14212,126.84919,1,서구,전남광주통합특별시 서구 마륵동 42-8,전용주
35.14212,126.85681,1,서구,전남광주통합특별시 서구 쌍촌동 902-31,한전주
35.14212,126.85682,1,서구,전남광주통합특별시 서구 쌍촌동 902-31,전용주
35.14212,126.87824,1,서구,전남광주통합특별시 서구 화정동 842-5,한전주
35.14213,126.85632,1,서구,전남광주통합특별시 서구 쌍촌동 905-32,한전주
35.14213,126.91891,1,동구,광주광역시 동구 금동 193-3,전용주
35.14216,126.84863,1,서구,전남광주통합특별시 서구 마륵동 165-20,한전주
35.14216,126.87714,1,서구,전남광주통합특별시 서구 화정동 839-3,한전주
35.14217,126.84106,1,서구,전남광주통합특별시 서구 마륵동 171-13,한전주
35.14217,126.85682,1,서구,전남광주통합특별시 서구 쌍촌동 902-31,전용주
35.14217,126.88277,1,서구,전남광주통합특별시 서구 화정동 1232,한전주
35.14217,126.91797,1,동구,광주광역시 동구 금동 215-12,전용주
35.14219,126.83504,1,서구,전남광주통합특별시 서구 마륵동 182-9,한전주
35.14219,126.85017,1,서구,전남광주통합특별시 서구 마륵동 790-4,전용주
35.14219,126.87318,1,서구,전남광주통합특별시 서구 화정동 921-2,한전주
35.1422,126.87975,1,서구,전남광주통합특별시 서구 화정동 873,한전주
35.1422,126.91811,1,동구,광주광역시 동구 금동 215-1,전용주
35.14221,126.87397,1,서구,전남광주통합특별시 서구 화정동 918-12,한전주
35.14222,126.92491,1,동구,광주광역시 동구 서석동 520-4,한전주
35.14223,126.84975,1,서구,전남광주통합특별시 서구 마륵동 39-5,한전주
35.14223,126.91849,1,동구,광주광역시 동구 금동 201-1,전용주
35.14225,126.91743,1,동구,광주광역시 동구 금동 211-11,한전주
35.14226,126.85316,1,서구,전남광주통합특별시 서구 마륵동 97-79,전용주
35.14226,126.85604,1,서구,전남광주통합특별시 서구 쌍촌동 903-29,전용주
35.14226,126.87327,1,서구,전남광주통합특별시 서구 화정동 916-6,한전주
35.14226,126.88747,1,서구,전남광주통합특별시 서구 화정동 1390,한전주
35.14226,126.9191,1,동구,광주광역시 동구 금동 186-3,한전주
35.14227,126.87974,1,서구,전남광주통합특별시 서구 화정동 873,한전주
35.14227,126.87975,6,서구,전남광주통합특별시 서구 화정동 873,한전주
35.14228,126.8778,1,서구,전남광주통합특별시 서구 화정동 841-16,한전주
35.14229,126.91775,1,동구,광주광역시 동구 금동 211-3,한전주
35.14229,126.91811,1,동구,광주광역시 동구 금동 207,전용주
35.14231,126.91875,1,동구,광주광역시 동구 금동 192-2,전용주
35.14232,126.86558,1,서구,전남광주통합특별시 서구 화정동 909-8,한전주
35.14233,126.91842,1,동구,광주광역시 동구 금동 202-8,전용주
35.14235,126.83816,1,서구,전남광주통합특별시 서구 마륵동 174-27,한전주
35.14235,126.87656,1,서구,전남광주통합특별시 서구 화정동 838-20,한전주
35.14235,126.88316,1,서구,전남광주통합특별시 서구 화정동 1231,한전주
35.14236,126.87779,1,서구,전남광주통합특별시 서구 화정동 841-18,한전주
35.14237,126.84928,1,서구,전남광주통합특별시 서구 마륵동 162-82,한전주
35.14237,126.88058,1,서구,전남광주통합특별시 서구 화정동 872,한전주
35.14238,126.88058,1,서구,전남광주통합특별시 서구 화정동 872,한전주
35.14238,126.88059,1,서구,전남광주통합특별시 서구 화정동 872,한전주
35.14239,126.85002,1,서구,전남광주통합특별시 서구 마륵동 790-4,전용주
35.14239,126.9192,1,동구,광주광역시 동구 금동 187,전용주
35.14241,126.88218,1,서구,전남광주통합특별시 서구 화정동 1373,한전주
35.14241,126.88219,5,서구,전남광주통합특별시 서구 화정동 1373,전용주
35.14242,126.83665,1,서구,전남광주통합특별시 서구 마륵동 162-11,한전주
35.14242,126.87821,1,서구,전남광주통합특별시 서구 화정동 842-2,한전주
35.14242,126.9178,1,동구,광주광역시 동구 금동 210,한전주
35.14243,126.83665,4,서구,전남광주통합특별시 서구 마륵동 162-11,한전주
35.14243,126.85406,1,서구,전남광주통합특별시 서구 쌍촌동 897-37,전용주
35.14243,126.85407,13,서구,전남광주통합특별시 서구 쌍촌동 897-37,전용주
35.14243,126.87289,1,서구,전남광주통합특별시 서구 화정동 915-11,한전주
35.14243,126.87719,1,서구,전남광주통합특별시 서구 화정동 839-1,전용주
35.14246,126.84499,1,서구,전남광주통합특별시 서구 마륵동 168-14,한전주
35.14246,126.85052,1,서구,전남광주통합특별시 서구 마륵동 91,한전주
35.14246,126.85408,1,서구,전남광주통합특별시 서구 쌍촌동 897-37,전용주
35.14246,126.85641,1,서구,전남광주통합특별시 서구 쌍촌동 905-61,전용주
35.14246,126.85644,1,서구,전남광주통합특별시 서구 쌍촌동 905-61,전용주
35.14246,126.9178,1,동구,광주광역시 동구 금동 210,전용주
35.14247,126.87714,1,서구,전남광주통합특별시 서구 화정동 839-1,한전주
35.14247,126.87958,1,서구,전남광주통합특별시 서구 화정동 844-3,한전주
35.14248,126.87338,1,서구,전남광주통합특별시 서구 화정동 916-4,한전주
35.14249,126.87538,1,서구,전남광주통합특별시 서구 화정동 834-6,전용주
35.1425,126.91954,1,동구,광주광역시 동구 금동 173-2,한전주
35.14251,126.8782,1,서구,전남광주통합특별시 서구 화정동 842-1,한전주
35.14252,126.85666,1,서구,전남광주통합특별시 서구 쌍촌동 905-83,전용주
35.14252,126.91854,1,동구,광주광역시 동구 금동 191-4,전용주
35.14253,126.8518,2,서구,전남광주통합특별시 서구 마륵동 793-74,한전주
35.14253,126.85183,1,서구,전남광주통합특별시 서구 마륵동 793-74,전용주
35.14253,126.8732,1,서구,전남광주통합특별시 서구 화정동 916-9,전용주
35.14253,126.91678,1,동구,광주광역시 동구 금동 225,전용주
35.14255,126.85661,1,서구,전남광주통합특별시 서구 쌍촌동 905-83,전용주
35.14255,126.91726,1,동구,광주광역시 동구 금동 54-22,한전주
35.14256,126.8782,2,서구,전남광주통합특별시 서구 화정동 842-1,한전주
35.14256,126.88256,2,서구,전남광주통합특별시 서구 화정동 1204,한전주
35.14256,126.88258,1,서구,전남광주통합특별시 서구 화정동 1204,한전주
35.1426,126.8735,1,서구,전남광주통합특별시 서구 화정동 916-3,한전주
35.1426,126.8782,1,서구,전남광주통합특별시 서구 화정동 842-1,한전주
35.1426,126.88279,1,서구,전남광주통합특별시 서구 화정동 1242,한전주
35.1426,126.91866,1,동구,광주광역시 동구 금동 190-2,한전주
35.14261,126.88133,2,서구,전남광주통합특별시 서구 화정동 830,한전주
35.14261,126.88392,1,서구,전남광주통합특별시 서구 화정동 1365-2,전용주
35.14262,126.88315,1,서구,전남광주통합특별시 서구 화정동 1271,한전주
35.14262,126.92426,1,동구,광주광역시 동구 서석동 999-16,한전주
35.14263,126.87585,1,서구,전남광주통합특별시 서구 화정동 834-8,전용주
35.14264,126.91834,1,동구,광주광역시 동구 금동 203-3,전용주
35.14267,126.85026,1,서구,전남광주통합특별시 서구 마륵동 793-29,한전주
35.14268,126.91802,1,동구,광주광역시 동구 금동 149-5,전용주
35.14269,126.91779,1,동구,광주광역시 동구 금동 147-31,한전주
35.1427,126.86577,1,서구,전남광주통합특별시 서구 화정동 906-8,한전주
35.14271,126.85398,1,서구,전남광주통합특별시 서구 쌍촌동 904-1,전용주
35.14271,126.87309,1,서구,전남광주통합특별시 서구 화정동 915-8,한전주
35.14271,126.87953,1,서구,전남광주통합특별시 서구 화정동 844-1,한전주
35.14271,126.88237,1,서구,전남광주통합특별시 서구 화정동 1202,한전주
35.14271,126.88766,1,서구,전남광주통합특별시 서구 화정동 1396,전용주
35.14271,126.91712,1,동구,광주광역시 동구 금동 56-4,한전주
35.14272,126.85923,3,서구,전남광주통합특별시 서구 쌍촌동 1249,한전주
35.14272,126.85926,1,서구,전남광주통합특별시 서구 쌍촌동 1249,한전주
35.14272,126.86512,1,서구,전남광주통합특별시 서구 화정동 908-6,한전주
35.14273,126.91819,1,동구,광주광역시 동구 금동 149-4,건축물
35.14273,126.91901,1,동구,광주광역시 동구 금동 188-7,전용주
35.14273,126.92089,1,동구,광주광역시 동구 남동 71-3,한전주
35.14275,126.84997,1,서구,전남광주통합특별시 서구 마륵동 30-12,한전주
35.14275,126.86573,1,서구,전남광주통합특별시 서구 화정동 906-8,한전주
35.14275,126.91829,1,동구,광주광역시 동구 금동 150-3,전용주
35.14276,126.87415,1,서구,전남광주통합특별시 서구 화정동 918-16,한전주
35.14277,126.87705,1,서구,전남광주통합특별시 서구 화정동 833-7,한전주
35.14277,126.88313,1,서구,전남광주통합특별시 서구 화정동 1250,전용주
35.14278,126.88023,1,서구,전남광주통합특별시 서구 화정동 846-22,한전주
35.14279,126.92456,1,동구,광주광역시 동구 서석동 473-15,한전주
35.1428,126.88418,1,서구,전남광주통합특별시 서구 화정동 1314,한전주
35.1428,126.91689,1,동구,광주광역시 동구 금동 55-8,전용주
35.14281,126.87946,1,서구,전남광주통합특별시 서구 화정동 831-15,한전주
35.14281,126.88782,1,서구,전남광주통합특별시 서구 화정동 1420,한전주
35.14282,126.87907,1,서구,전남광주통합특별시 서구 화정동 832-13,한전주
35.14282,126.88326,1,서구,전남광주통합특별시 서구 화정동 1254,한전주
35.14283,126.84482,1,서구,전남광주통합특별시 서구 마륵동 168-13,한전주
35.14283,126.87522,1,서구,전남광주통합특별시 서구 화정동 825-10,전용주
35.14284,126.87234,1,서구,전남광주통합특별시 서구 화정동 914-1,한전주
35.14284,126.8834,2,서구,전남광주통합특별시 서구 화정동 1250-1,한전주
35.14284,126.91907,1,동구,광주광역시 동구 금동 188-9,전용주
35.14285,126.87337,1,서구,전남광주통합특별시 서구 화정동 916-12,전용주
35.14285,126.87548,1,서구,전남광주통합특별시 서구 화정동 825-9,전용주
35.14285,126.91721,1,동구,광주광역시 동구 금동 145-1,한전주
35.14285,126.91813,1,동구,광주광역시 동구 금동 151-2,전용주
35.14286,126.84028,1,서구,전남광주통합특별시 서구 마륵동 172-48,한전주
35.14286,126.91995,1,동구,광주광역시 동구 남동 122-1,한전주
35.14287,126.87234,1,서구,전남광주통합특별시 서구 화정동 914-1,한전주
35.14287,126.8839,1,서구,전남광주통합특별시 서구 화정동 1263,한전주
35.14287,126.91667,1,동구,광주광역시 동구 금동 54-2,전용주
35.14288,126.85402,1,서구,전남광주통합특별시 서구 쌍촌동 904-1,전용주
35.14288,126.87502,1,서구,전남광주통합특별시 서구 화정동 825-5,전용주
35.14288,126.87522,1,서구,전남광주통합특별시 서구 화정동 825-10,전용주
35.14288,126.91971,1,동구,광주광역시 동구 금동 168-1,한전주
35.14288,126.91978,1,동구,광주광역시 동구 금동 168-1,전용주
35.14288,126.92125,1,동구,광주광역시 동구 남동 70-9,전용주
35.14291,126.87491,1,서구,전남광주통합특별시 서구 화정동 825-4,전용주
35.14292,126.85819,1,서구,전남광주통합특별시 서구 쌍촌동 1243-10,한전주
35.14292,126.92445,1,동구,광주광역시 동구 서석동 473-8,한전주
35.14293,126.85174,1,서구,전남광주통합특별시 서구 마륵동 99-7,전용주
35.14294,126.87317,1,서구,전남광주통합특별시 서구 화정동 915-5,한전주
35.14295,126.86035,2,서구,전남광주통합특별시 서구 쌍촌동 산 89-1,한전주
35.14295,126.8799,1,서구,전남광주통합특별시 서구 화정동 831-12,전용주
35.14295,126.91775,1,동구,광주광역시 동구 금동 147-3,한전주
35.14296,126.88216,1,서구,전남광주통합특별시 서구 화정동 1171-2,한전주
35.14296,126.91685,1,동구,광주광역시 동구 금동 53-25,전용주
35.14296,126.91887,1,동구,광주광역시 동구 금동 160-1,건축물
35.14296,126.92415,1,동구,광주광역시 동구 서석동 473-5,한전주
35.14297,126.85191,1,서구,전남광주통합특별시 서구 마륵동 99-7,전용주
35.14298,126.83975,1,서구,전남광주통합특별시 서구 마륵동 172-8,한전주
35.14298,126.87317,1,서구,전남광주통합특별시 서구 화정동 915-5,전용주
35.14299,126.87402,1,서구,전남광주통합특별시 서구 화정동 918-18,한전주
35.143,126.85208,1,서구,전남광주통합특별시 서구 마륵동 97-10,전용주
35.143,126.87606,1,서구,전남광주통합특별시 서구 화정동 826-14,한전주
35.14302,126.87706,1,서구,전남광주통합특별시 서구 화정동 826-8,한전주
35.14303,126.85024,3,서구,전남광주통합특별시 서구 마륵동 108-7,전용주
35.14303,126.85227,1,서구,전남광주통합특별시 서구 매월동 97-10,전용주
35.14303,126.91718,1,동구,광주광역시 동구 금동 57-41,한전주
35.14303,126.92136,1,동구,광주광역시 동구 남동 70-3,한전주
35.14304,126.88358,1,서구,전남광주통합특별시 서구 화정동 1259,한전주
35.14305,126.91838,1,동구,광주광역시 동구 금동 155-2,건축물
35.14305,126.92381,1,동구,광주광역시 동구 서석동 999-17,한전주
35.14305,126.92383,1,동구,광주광역시 동구 서석동 999-17,전용주
35.14306,126.85246,1,서구,전남광주통합특별시 서구 마륵동 97-10,전용주
35.14306,126.86569,1,서구,전남광주통합특별시 서구 화정동 906-5,한전주
35.14306,126.91918,1,동구,광주광역시 동구 금동 162-2,전용주
35.14306,126.92423,1,동구,광주광역시 동구 서석동 472-10,한전주
35.14307,126.87822,1,서구,전남광주통합특별시 서구 화정동 870,한전주
35.14307,126.92052,1,동구,광주광역시 동구 남동 115-11,전용주
35.14308,126.88316,1,서구,전남광주통합특별시 서구 화정동 1200,한전주
35.14309,126.84777,1,서구,전남광주통합특별시 서구 매월동 165-30,한전주
35.1431,126.87395,1,서구,전남광주통합특별시 서구 화정동 918-19,한전주
35.1431,126.88214,1,서구,전남광주통합특별시 서구 화정동 1175,한전주
35.14312,126.91695,1,동구,광주광역시 동구 금동 57-36,건축물
35.14314,126.91656,1,동구,광주광역시 동구 금동 53-11,한전주
35.14314,126.91698,1,동구,광주광역시 동구 금동 57-36,한전주
35.14315,126.85033,1,서구,전남광주통합특별시 서구 마륵동 108-3,한전주
35.14315,126.87485,1,서구,전남광주통합특별시 서구 화정동 824-14,한전주
35.14316,126.91639,1,동구,광주광역시 동구 금동 54-1,전용주
35.14317,126.9196,1,동구,광주광역시 동구 금동 166,한전주
35.14317,126.92325,1,동구,광주광역시 동구 서석동 999,전용주
35.14318,126.88214,1,서구,전남광주통합특별시 서구 화정동 1175,한전주
35.14318,126.92125,1,동구,광주광역시 동구 남동 80-3,전용주
35.14318,126.92431,1,동구,광주광역시 동구 서석동 472-6,건축물
35.14319,126.88332,1,서구,전남광주통합특별시 서구 화정동 1201,한전주
35.14319,126.92452,1,동구,광주광역시 동구 서석동 472-5,전용주
35.1432,126.88344,1,서구,전남광주통합특별시 서구 화정동 1377,한전주
35.1432,126.9174,1,동구,광주광역시 동구 금동 140-1,한전주
35.14322,126.92047,1,동구,광주광역시 동구 남동 110-1,한전주
35.14323,126.84461,1,서구,전남광주통합특별시 서구 마륵동 168-11,한전주
35.14323,126.85863,1,서구,전남광주통합특별시 서구 쌍촌동 1245-8,한전주
35.14323,126.91672,1,동구,광주광역시 동구 금동 57-33,한전주
35.14323,126.92213,1,동구,광주광역시 동구 서석동 126-4,한전주
35.14324,126.87505,1,서구,전남광주통합특별시 서구 화정동 822-14,전용주
35.14324,126.88742,1,서구,전남광주통합특별시 서구 화정동 1412,한전주
35.14325,126.87334,1,서구,전남광주통합특별시 서구 화정동 915-2,한전주
35.14325,126.91921,1,동구,광주광역시 동구 금동 120-3,전용주
35.14326,126.84937,1,서구,전남광주통합특별시 서구 마륵동 164-30,한전주
35.14326,126.8502,1,서구,전남광주통합특별시 서구 마륵동 108-2,한전주
35.14326,126.85727,1,서구,전남광주통합특별시 서구 쌍촌동 1264,한전주
35.14327,126.85039,3,서구,전남광주통합특별시 서구 마륵동 108-4,전용주
35.14327,126.87285,1,서구,전남광주통합특별시 서구 화정동 913-11,한전주
35.14327,126.876,1,서구,전남광주통합특별시 서구 화정동 820-12,한전주
35.14327,126.91759,1,동구,광주광역시 동구 금동 140,한전주
35.14328,126.85724,1,서구,전남광주통합특별시 서구 쌍촌동 1264,한전주
35.14328,126.85727,13,서구,전남광주통합특별시 서구 쌍촌동 1264,전용주
35.14328,126.91864,1,동구,광주광역시 동구 금동 126,전용주
35.14329,126.85411,1,서구,전남광주통합특별시 서구 쌍촌동 904-1,전용주
35.14329,126.85818,1,서구,전남광주통합특별시 서구 쌍촌동 1243-8,한전주
35.14329,126.9248,1,동구,광주광역시 동구 서석동 473-2,한전주
35.1433,126.91694,1,동구,광주광역시 동구 금동 64,한전주
35.14332,126.87501,1,서구,전남광주통합특별시 서구 화정동 822-16,한전주
35.14332,126.87642,1,서구,전남광주통합특별시 서구 화정동 891,한전주
35.14332,126.91732,1,동구,광주광역시 동구 금동 95-3,건축물
35.14335,126.87642,1,서구,전남광주통합특별시 서구 화정동 891,한전주
35.14335,126.88771,1,서구,전남광주통합특별시 서구 화정동 1405,한전주
35.14335,126.91958,1,동구,광주광역시 동구 남동 132-6,전용주
35.14336,126.85857,1,서구,전남광주통합특별시 서구 쌍촌동 1245-7,한전주
35.14337,126.92486,1,동구,광주광역시 동구 서석동 471-20,전용주
35.14338,126.86549,1,서구,전남광주통합특별시 서구 화정동 906-1,한전주
35.14338,126.92064,1,동구,광주광역시 동구 남동 184-1,전용주
35.14339,126.88354,1,서구,전남광주통합특별시 서구 화정동 1198,전용주
35.1434,126.87175,1,서구,전남광주통합특별시 서구 화정동 911-3,한전주
35.1434,126.87691,1,서구,전남광주통합특별시 서구 화정동 818-10,한전주
35.1434,126.92163,1,동구,광주광역시 동구 남동 81-1,전용주
35.14341,126.87533,1,서구,전남광주통합특별시 서구 화정동 822-10,한전주
35.14341,126.91711,1,동구,광주광역시 동구 금동 62,한전주
35.14341,126.92022,1,동구,광주광역시 동구 남동 104-11,한전주
35.14341,126.92194,1,동구,광주광역시 동구 서석동 122-3,한전주
35.14342,126.85002,1,서구,전남광주통합특별시 서구 마륵동 30-1,한전주
35.14342,126.87365,1,서구,전남광주통합특별시 서구 화정동 912-4,한전주
35.14342,126.87406,1,서구,전남광주통합특별시 서구 화정동 912-6,한전주
35.14343,126.8727,1,서구,전남광주통합특별시 서구 화정동 911-8,한전주
35.14343,126.91669,1,동구,광주광역시 동구 금동 73-1,건축물
35.14343,126.92431,1,동구,광주광역시 동구 서석동 470-22,한전주
35.14344,126.88666,1,서구,전남광주통합특별시 서구 화정동 1366-2,한전주
35.14345,126.84943,1,서구,전남광주통합특별시 서구 마륵동 162-74,한전주
35.14345,126.84947,1,서구,전남광주통합특별시 서구 마륵동 162-74,한전주
35.14345,126.8495,2,서구,전남광주통합특별시 서구 마륵동 162-74,한전주
35.14345,126.85878,1,서구,전남광주통합특별시 서구 쌍촌동 1246-2,한전주
35.14345,126.8588,1,서구,전남광주통합특별시 서구 쌍촌동 1246-2,전용주
35.14345,126.87699,1,서구,전남광주통합특별시 서구 화정동 818-8,한전주
35.14345,126.91782,0,동구,광주광역시 동구 금동 224-17,전용주
35.14345,126.91954,1,동구,광주광역시 동구 남동 133,전용주
35.14345,126.91958,1,동구,광주광역시 동구 남동 133-1,전용주
35.14345,126.9238,1,동구,광주광역시 동구 서석동 470-49,한전주
35.14346,126.9165,1,동구,광주광역시 동구 금동 57-27,한전주
35.14346,126.91781,1,동구,광주광역시 동구 금동 98-15,한전주
35.14348,126.87596,1,서구,전남광주통합특별시 서구 화정동 820-14,한전주
35.14348,126.91643,1,동구,광주광역시 동구 금동 57-26,전용주
35.14348,126.92389,1,동구,광주광역시 동구 서석동 470-50,한전주
35.14349,126.83768,1,서구,전남광주통합특별시 서구 마륵동 162-67,한전주
35.14349,126.9207,1,동구,광주광역시 동구 남동 112-3,한전주
35.14351,126.9213,1,동구,광주광역시 동구 남동 85,한전주
35.14353,126.85416,1,서구,전남광주통합특별시 서구 쌍촌동 904-1,전용주
35.14353,126.91811,1,동구,광주광역시 동구 금동 98-11,전용주
35.14353,126.91903,1,동구,광주광역시 동구 금동 118,전용주
35.14354,126.86462,24,서구,전남광주통합특별시 서구 화정동 910-1,한전주
35.14354,126.86468,1,서구,전남광주통합특별시 서구 화정동 910-1,한전주
35.14354,126.86469,1,서구,전남광주통합특별시 서구 화정동 910-1,한전주
35.14354,126.8748,1,서구,전남광주통합특별시 서구 화정동 823-7,한전주
35.14354,126.92208,1,동구,광주광역시 동구 서석동 121,한전주
35.14354,126.92491,1,동구,광주광역시 동구 서석동 471-17,한전주
35.14355,126.85951,13,서구,전남광주통합특별시 서구 쌍촌동 1266,한전주
35.14356,126.87488,1,서구,전남광주통합특별시 서구 화정동 823-7,한전주
35.14356,126.91862,1,동구,광주광역시 동구 금동 133-6,전용주
35.14356,126.92155,1,동구,광주광역시 동구 남동 66-1,한전주
35.14358,126.85807,1,서구,전남광주통합특별시 서구 쌍촌동 1243-6,한전주
35.14358,126.9246,1,동구,광주광역시 동구 서석동 471-13,한전주
35.14359,126.83958,2,서구,전남광주통합특별시 서구 마륵동 172-58,한전주
35.14359,126.91579,1,동구,광주광역시 동구 금동 57,한전주
35.14359,126.91962,1,동구,광주광역시 동구 남동 134-4,전용주
35.14359,126.92217,1,동구,광주광역시 동구 서석동 122-1,한전주
35.1436,126.88714,1,서구,전남광주통합특별시 서구 화정동 1443,한전주
35.1436,126.91598,1,동구,광주광역시 동구 금동 57-14,한전주
35.1436,126.91982,1,동구,광주광역시 동구 남동 135,한전주
35.1436,126.92291,1,동구,광주광역시 동구 서석동 98-1,한전주
35.14361,126.87471,20,서구,전남광주통합특별시 서구 화정동 865,한전주
35.14361,126.87753,1,서구,전남광주통합특별시 서구 화정동 816-10,전용주
35.14361,126.91622,1,동구,광주광역시 동구 금동 76,한전주
35.14361,126.91628,1,동구,광주광역시 동구 금동 76,전용주
35.14362,126.87471,1,서구,전남광주통합특별시 서구 화정동 865,한전주
35.14362,126.91772,1,동구,광주광역시 동구 금동 93-2,전용주
35.14362,126.92118,1,동구,광주광역시 동구 남동 86-2,전용주
35.14362,126.92259,1,동구,광주광역시 동구 서석동 100-11,한전주
35.14362,126.92416,1,동구,광주광역시 동구 서석동 470-28,건축물
35.14362,126.92483,1,동구,광주광역시 동구 서석동 471-11,한전주
35.14363,126.87554,1,서구,전남광주통합특별시 서구 화정동 821-16,전용주
35.14364,126.91712,1,동구,광주광역시 동구 금동 82-4,전용주
35.14365,126.87805,1,서구,전남광주통합특별시 서구 화정동 815-2,한전주
35.14366,126.91783,1,동구,광주광역시 동구 금동 98-3,한전주
35.14366,126.91786,1,동구,광주광역시 동구 금동 98-3,한전주
35.14366,126.92037,1,동구,광주광역시 동구 남동 104-3,한전주
35.14366,126.92195,1,동구,광주광역시 동구 서석동 120-3,전용주
35.14367,126.87336,1,서구,전남광주통합특별시 서구 화정동 805-12,한전주
35.14367,126.91726,1,동구,광주광역시 동구 금동 90-3,한전주
35.14368,126.84992,1,서구,전남광주통합특별시 서구 마륵동 28-8,전용주
35.14368,126.91906,1,동구,광주광역시 동구 금동 117-2,전용주
35.14368,126.92319,1,동구,광주광역시 동구 서석동 97-10,한전주
35.14368,126.92385,1,동구,광주광역시 동구 서석동 470-59,한전주
35.14369,126.87768,1,서구,전남광주통합특별시 서구 화정동 816-7,전용주
35.14369,126.87836,1,서구,전남광주통합특별시 서구 화정동 815-4,전용주
35.1437,126.87287,1,서구,전남광주통합특별시 서구 화정동 804-13,한전주
35.1437,126.92412,1,동구,광주광역시 동구 서석동 469-4,한전주
35.1437,126.92505,1,동구,광주광역시 동구 서석동 467-12,전용주
35.14372,126.84149,1,서구,전남광주통합특별시 서구 치평동 1294-5,전용주
35.14372,126.92258,1,동구,광주광역시 동구 서석동 100-9,한전주
35.14374,126.85797,1,서구,전남광주통합특별시 서구 쌍촌동 1243-4,한전주
35.14374,126.87477,1,서구,전남광주통합특별시 서구 화정동 823-9,한전주
35.14374,126.88337,1,서구,전남광주통합특별시 서구 화정동 1193,한전주
35.14375,126.87592,1,서구,전남광주통합특별시 서구 화정동 820-17,한전주
35.14375,126.91722,1,동구,광주광역시 동구 금동 90-1,전용주
35.14376,126.86626,1,서구,전남광주통합특별시 서구 화정동 904-1,전용주
35.14378,126.91898,1,동구,광주광역시 동구 금동 117-3,전용주
35.14378,126.92525,1,동구,광주광역시 동구 서석동 466-17,한전주
35.14379,126.87526,1,서구,전남광주통합특별시 서구 화정동 822-6,한전주
35.14379,126.91592,1,동구,광주광역시 동구 금동 44-2,건축물
35.14379,126.9281,1,동구,광주광역시 동구 서석동 421,한전주
35.1438,126.92017,1,동구,광주광역시 동구 남동 185-33,전용주
35.14381,126.87775,1,서구,전남광주통합특별시 서구 화정동 869,한전주
35.14381,126.91897,1,동구,광주광역시 동구 금동 224,전용주
35.14382,126.85713,1,서구,전남광주통합특별시 서구 쌍촌동 1240-2,전용주
35.14382,126.8652,1,서구,전남광주통합특별시 서구 화정동 432-67,한전주
35.14382,126.87775,1,서구,전남광주통합특별시 서구 화정동 869,한전주
35.14382,126.88149,2,서구,전남광주통합특별시 서구 화정동 871,한전주
35.14382,126.92309,1,동구,광주광역시 동구 서석동 97-5,한전주
35.14383,126.91607,1,동구,광주광역시 동구 금동 44-1,한전주
35.14383,126.91643,1,동구,광주광역시 동구 금동 79,건축물
35.14384,126.87763,1,서구,전남광주통합특별시 서구 화정동 816-5,한전주
35.14385,126.92513,1,동구,광주광역시 동구 서석동 467-11,한전주
35.14386,126.88744,1,서구,전남광주통합특별시 서구 화정동 1438,한전주
35.14386,126.92273,1,동구,광주광역시 동구 서석동 100,한전주
35.14387,126.87775,9,서구,전남광주통합특별시 서구 화정동 869,전용주
35.14388,126.84984,1,서구,전남광주통합특별시 서구 마륵동 28-7,전용주
35.14388,126.87581,1,서구,전남광주통합특별시 서구 화정동 820-18,한전주
35.14388,126.92342,1,동구,광주광역시 동구 서석동 97-43,건축물
35.14388,126.92346,1,동구,광주광역시 동구 서석동 97-43,한전주
35.14389,126.84984,1,서구,전남광주통합특별시 서구 마륵동 28-7,전용주
35.14389,126.85963,1,서구,전남광주통합특별시 서구 쌍촌동 459,한전주
35.14389,126.88156,1,서구,전남광주통합특별시 서구 화정동 647-33,한전주
35.1439,126.85518,1,서구,전남광주통합특별시 서구 쌍촌동 901-1,전용주
35.1439,126.92191,1,동구,광주광역시 동구 서석동 120-1,한전주
35.1439,126.92216,1,동구,광주광역시 동구 서석동 118-13,전용주
35.14391,126.86462,1,서구,전남광주통합특별시 서구 쌍촌동 432-51,전용주
35.14392,126.83743,1,서구,전남광주통합특별시 서구 마륵동 173-52,한전주
35.14392,126.84229,1,서구,전남광주통합특별시 서구 치평동 1294-12,전용주
35.14392,126.91967,1,동구,광주광역시 동구 남동 138,한전주
35.14393,126.91879,1,동구,광주광역시 동구 금동 116,전용주
35.14393,126.91939,1,동구,광주광역시 동구 남동 185,전용주
35.14393,126.92184,1,동구,광주광역시 동구 서석동 115-3,한전주
35.14395,126.87189,1,서구,전남광주통합특별시 서구 화정동 803-1,한전주
35.14396,126.87747,1,서구,전남광주통합특별시 서구 화정동 816-13,한전주
35.14396,126.91792,1,동구,광주광역시 동구 금동 100-2,전용주
35.14396,126.92485,1,동구,광주광역시 동구 서석동 467-14,한전주
35.14397,126.92245,1,동구,광주광역시 동구 서석동 118-8,전용주
35.14398,126.92164,1,동구,광주광역시 동구 남동 64,전용주
35.14399,126.84125,1,서구,전남광주통합특별시 서구 치평동 1294-3,전용주
35.14399,126.86794,1,서구,전남광주통합특별시 서구 화정동 903-2,한전주
35.14399,126.92294,1,동구,광주광역시 동구 서석동 101-1,한전주
35.14399,126.92367,1,동구,광주광역시 동구 서석동 96-4,한전주
35.144,126.837,12,서구,전남광주통합특별시 서구 마륵동 798-1,한전주
35.144,126.84848,1,서구,전남광주통합특별시 서구 마륵동 165-65,한전주
35.144,126.87319,1,서구,전남광주통합특별시 서구 화정동 806-9,한전주
35.144,126.91791,1,동구,광주광역시 동구 금동 100-9,전용주
35.14401,126.87465,1,서구,전남광주통합특별시 서구 화정동 823-12,한전주
35.14401,126.87683,1,서구,전남광주통합특별시 서구 화정동 818-4,한전주
35.14401,126.91682,1,동구,광주광역시 동구 금동 37-4,한전주
35.14401,126.91688,1,동구,광주광역시 동구 금동 37-4,한전주
35.14401,126.92385,1,동구,광주광역시 동구 서석동 96-2,전용주
35.14402,126.8417,2,서구,전남광주통합특별시 서구 치평동 1298-1,전용주
35.14402,126.86597,1,서구,전남광주통합특별시 서구 화정동 902-7,한전주
35.14402,126.9248,1,동구,광주광역시 동구 서석동 1005-9,한전주
35.14403,126.87626,1,서구,전남광주통합특별시 서구 화정동 819-10,한전주
35.14403,126.9353,0,동구,광주광역시 동구 서석동 산 56-1,전용주
35.14404,126.92455,1,동구,광주광역시 동구 서석동 468-30,전용주
35.14404,126.92919,1,동구,광주광역시 동구 서석동 445-20,한전주
35.14404,126.9295,1,동구,광주광역시 동구 서석동 351-12,한전주
35.14405,126.86556,1,서구,전남광주통합특별시 서구 쌍촌동 432-70,한전주
35.14405,126.8656,1,서구,전남광주통합특별시 서구 쌍촌동 432-70,한전주
35.14405,126.86628,1,서구,전남광주통합특별시 서구 화정동 902-5,한전주
35.14405,126.91743,1,동구,광주광역시 동구 금동 17-2,전용주
35.14405,126.91951,1,동구,광주광역시 동구 남동 163,한전주
35.14406,126.92278,1,동구,광주광역시 동구 서석동 101,한전주
35.14407,126.86451,1,서구,전남광주통합특별시 서구 쌍촌동 432-27,한전주
35.14407,126.91552,1,동구,광주광역시 동구 불로동 188-2,한전주
35.14407,126.92091,1,동구,광주광역시 동구 남동 91,한전주
35.14408,126.91881,1,동구,광주광역시 동구 남동 146-1,전용주
35.14408,126.92054,1,동구,광주광역시 동구 남동 95-2,건축물
35.1441,126.83914,1,서구,전남광주통합특별시 서구 마륵동 172-4,한전주
35.1441,126.84207,1,서구,전남광주통합특별시 서구 치평동 1298-6,전용주
35.1441,126.8498,1,서구,전남광주통합특별시 서구 마륵동 28-4,전용주
35.1441,126.91932,1,동구,광주광역시 동구 남동 162,전용주
35.1441,126.92189,1,동구,광주광역시 동구 서석동 111-5,전용주
35.14411,126.86664,1,서구,전남광주통합특별시 서구 화정동 901-5,한전주
35.14411,126.87797,1,서구,전남광주통합특별시 서구 화정동 814-14,한전주
35.14412,126.9236,1,동구,광주광역시 동구 서석동 95,한전주
35.14412,126.9249,1,동구,광주광역시 동구 서석동 468-11,한전주
35.14413,126.86485,1,서구,전남광주통합특별시 서구 쌍촌동 432-28,전용주
35.14413,126.87267,1,서구,전남광주통합특별시 서구 화정동 802,한전주
35.14413,126.92523,1,동구,광주광역시 동구 서석동 466-1,한전주
35.14413,126.92916,1,동구,광주광역시 동구 서석동 445-8,한전주
35.14414,126.84261,1,서구,전남광주통합특별시 서구 치평동 1294-14,전용주
35.14414,126.87758,1,서구,전남광주통합특별시 서구 화정동 816-3,한전주
35.14414,126.92346,1,동구,광주광역시 동구 서석동 97-42,한전주
35.14415,126.86567,1,서구,전남광주통합특별시 서구 쌍촌동 432-57,한전주
35.14415,126.91858,1,동구,광주광역시 동구 금동 110,전용주
35.14415,126.92233,1,동구,광주광역시 동구 서석동 117-2,한전주
35.14416,126.92008,1,동구,광주광역시 동구 남동 100-1,한전주
35.14417,126.85523,1,서구,전남광주통합특별시 서구 쌍촌동 897-11,전용주
35.14417,126.87694,7,서구,전남광주통합특별시 서구 화정동 866,한전주
35.14417,126.87697,1,서구,전남광주통합특별시 서구 화정동 866,한전주
35.14417,126.92105,1,동구,광주광역시 동구 남동 90-2,전용주
35.14418,126.8372,1,서구,전남광주통합특별시 서구 마륵동 468-2,한전주
35.14418,126.9157,1,동구,광주광역시 동구 금동 47-7,한전주
35.14418,126.91604,1,동구,광주광역시 동구 금동 34-12,전용주
35.14418,126.92374,1,동구,광주광역시 동구 서석동 95-2,한전주
35.1442,126.87696,1,서구,전남광주통합특별시 서구 화정동 866,한전주
35.1442,126.91626,1,동구,광주광역시 동구 금동 41,전용주
35.1442,126.91707,1,동구,광주광역시 동구 금동 19-3,한전주
35.14421,126.91773,1,동구,광주광역시 동구 금동 15-2,전용주
35.14421,126.91922,1,동구,광주광역시 동구 남동 161,전용주
35.14423,126.86482,1,서구,전남광주통합특별시 서구 쌍촌동 432-38,전용주
35.14423,126.91662,1,동구,광주광역시 동구 금동 39-4,한전주
35.14423,126.92201,1,동구,광주광역시 동구 서석동 116-2,전용주
35.14424,126.86488,1,서구,전남광주통합특별시 서구 쌍촌동 432-38,한전주
35.14424,126.87225,4,서구,전남광주통합특별시 서구 화정동 862,한전주
35.14424,126.91662,1,동구,광주광역시 동구 금동 39-4,한전주
35.14424,126.91756,1,동구,광주광역시 동구 금동 16,전용주
35.14424,126.92435,1,동구,광주광역시 동구 서석동 23-36,한전주
35.14425,126.85953,1,서구,전남광주통합특별시 서구 쌍촌동 470-5,한전주
35.14425,126.92172,1,동구,광주광역시 동구 서석동 111-4,전용주
35.14426,126.83972,1,서구,전남광주통합특별시 서구 마륵동 162-68,한전주
35.14427,126.87287,1,서구,전남광주통합특별시 서구 화정동 806-13,한전주
35.14428,126.87518,1,서구,전남광주통합특별시 서구 화정동 822-1,한전주
35.14428,126.91861,1,동구,광주광역시 동구 금동 110-1,전용주
35.14429,126.84198,1,서구,전남광주통합특별시 서구 치평동 1298-3,전용주
35.14429,126.84299,1,서구,전남광주통합특별시 서구 치평동 1294-17,전용주
35.14429,126.88693,1,서구,전남광주통합특별시 서구 화정동 1491,한전주
35.14429,126.92896,1,동구,광주광역시 동구 서석동 420-5,한전주
35.1443,126.84178,1,서구,전남광주통합특별시 서구 치평동 1297,전용주
35.1443,126.86625,1,서구,전남광주통합특별시 서구 화정동 902-4,한전주
35.1443,126.87309,1,서구,전남광주통합특별시 서구 화정동 806-6,한전주
35.1443,126.87838,1,서구,전남광주통합특별시 서구 화정동 813-3,전용주
35.14431,126.87794,1,서구,전남광주통합특별시 서구 화정동 814-2,한전주
35.14431,126.91809,1,동구,광주광역시 동구 금동 8-19,한전주
35.14432,126.87844,7,서구,전남광주통합특별시 서구 화정동 868,한전주
35.14432,126.92458,1,동구,광주광역시 동구 서석동 23-6,한전주
35.14433,126.84009,1,서구,전남광주통합특별시 서구 마륵동 171-3,한전주
35.14433,126.87268,7,서구,전남광주통합특별시 서구 화정동 861,한전주
35.14433,126.87709,1,서구,전남광주통합특별시 서구 화정동 817-16,전용주
35.14433,126.88647,19,서구,전남광주통합특별시 서구 화정동 1607,전용주
35.14433,126.88648,1,서구,전남광주통합특별시 서구 화정동 1607,한전주
35.14433,126.91753,1,동구,광주광역시 동구 금동 20-4,전용주
35.14434,126.84936,3,서구,전남광주통합특별시 서구 마륵동 164-76,전용주
35.14434,126.86511,1,서구,전남광주통합특별시 서구 쌍촌동 432-22,한전주
35.14434,126.86552,1,서구,전남광주통합특별시 서구 쌍촌동 432-19,한전주
35.14434,126.87678,1,서구,전남광주통합특별시 서구 화정동 818-1,한전주
35.14434,126.92236,1,동구,광주광역시 동구 서석동 106-14,전용주
35.14435,126.84158,1,서구,전남광주통합특별시 서구 치평동 1296-2,전용주
35.14435,126.88644,1,서구,전남광주통합특별시 서구 화정동 1607,한전주
35.14435,126.91883,1,동구,광주광역시 동구 남동 152,전용주
35.14436,126.92983,1,동구,광주광역시 동구 서석동 350-1,한전주
35.14437,126.84315,1,서구,전남광주통합특별시 서구 치평동 1294-18,전용주
35.14437,126.92369,1,동구,광주광역시 동구 서석동 95-26,한전주
35.14438,126.91601,1,동구,광주광역시 동구 금동 34-5,한전주
35.14438,126.93021,1,동구,광주광역시 동구 서석동 419-3,한전주
35.14439,126.93022,1,동구,광주광역시 동구 서석동 419-3,한전주
35.1444,126.8553,1,서구,전남광주통합특별시 서구 쌍촌동 897-21,전용주
35.1444,126.87487,1,서구,전남광주통합특별시 서구 화정동 809-20,한전주
35.1444,126.87527,1,서구,전남광주통합특별시 서구 화정동 809-27,한전주
35.1444,126.87754,1,서구,전남광주통합특별시 서구 화정동 816-1,한전주
35.1444,126.92322,1,동구,광주광역시 동구 서석동 95-6,건축물
35.14441,126.87516,1,서구,전남광주통합특별시 서구 화정동 809-24,전용주
35.14441,126.91918,1,동구,광주광역시 동구 남동 156-2,전용주
35.14442,126.91761,1,동구,광주광역시 동구 금동 20-2,한전주
35.14443,126.92245,1,동구,광주광역시 동구 서석동 106-3,한전주
35.14443,126.9255,1,동구,광주광역시 동구 서석동 435-8,한전주
35.14444,126.84223,2,서구,전남광주통합특별시 서구 치평동 1299,전용주
35.14444,126.87638,1,서구,전남광주통합특별시 서구 화정동 809-39,한전주
35.14444,126.9202,1,동구,광주광역시 동구 남동 47-1,한전주
35.14445,126.91785,1,동구,광주광역시 동구 금동 8-11,전용주
35.14445,126.92291,1,동구,광주광역시 동구 서석동 94-2,전용주
35.14445,126.92908,1,동구,광주광역시 동구 서석동 420-4,한전주
35.14445,126.92958,1,동구,광주광역시 동구 서석동 445-1,전용주
35.14446,126.88697,1,서구,전남광주통합특별시 서구 화정동 1500,한전주
35.14447,126.84304,1,서구,전남광주통합특별시 서구 치평동 1295,전용주
35.14447,126.87439,1,서구,전남광주통합특별시 서구 화정동 809-15,한전주
35.14447,126.87798,1,서구,전남광주통합특별시 서구 화정동 814-1,한전주
35.14447,126.88587,1,서구,전남광주통합특별시 서구 화정동 945,한전주
35.14447,126.91874,1,동구,광주광역시 동구 남동 175-5,전용주
35.14447,126.92342,1,동구,광주광역시 동구 서석동 95-5,전용주
35.14447,126.93,1,동구,광주광역시 동구 서석동 419-9,한전주
35.14448,126.87828,1,서구,전남광주통합특별시 서구 화정동 813-1,한전주
35.14448,126.91856,1,동구,광주광역시 동구 남동 176-2,한전주
35.14448,126.92046,3,동구,광주광역시 동구 남동 55,한전주
35.14449,126.84267,1,서구,전남광주통합특별시 서구 치평동 1300-6,전용주
35.14449,126.87289,1,서구,전남광주통합특별시 서구 화정동 806-4,한전주
35.14449,126.92934,1,동구,광주광역시 동구 서석동 420-3,한전주
35.14451,126.84289,1,서구,전남광주통합특별시 서구 치평동 1304-8,전용주
35.14451,126.87674,1,서구,전남광주통합특별시 서구 화정동 809-44,한전주
35.14451,126.87737,1,서구,전남광주통합특별시 서구 화정동 810-7,한전주
35.14451,126.91509,1,동구,광주광역시 동구 불로동 181-3,전용주
35.14451,126.91693,1,동구,광주광역시 동구 금동 35-4,전용주
35.14452,126.84087,1,서구,전남광주통합특별시 서구 치평동 1278-3,전용주
35.14452,126.93681,0,동구,광주광역시 동구 지산동 산 122-2,전용주
35.14453,126.8649,1,서구,전남광주통합특별시 서구 쌍촌동 432-11,한전주
35.14453,126.92153,1,동구,광주광역시 동구 서석동 85-3,한전주
35.14454,126.87544,1,서구,전남광주통합특별시 서구 화정동 809-29,전용주
35.14454,126.87618,1,서구,전남광주통합특별시 서구 화정동 809-37,전용주
35.14455,126.84245,1,서구,전남광주통합특별시 서구 치평동 1300-2,전용주
35.14455,126.87578,1,서구,전남광주통합특별시 서구 화정동 809-33,건축물
35.14455,126.91867,1,동구,광주광역시 동구 남동 175-4,건축물
35.14455,126.92028,1,동구,광주광역시 동구 남동 49,전용주
35.14456,126.92558,1,동구,광주광역시 동구 서석동 436-6,한전주
35.14457,126.8717,1,서구,전남광주통합특별시 서구 화정동 350-19,한전주
35.14458,126.87645,1,서구,전남광주통합특별시 서구 화정동 809-41,전용주
35.14458,126.91797,1,동구,광주광역시 동구 금동 8-14,전용주
35.14458,126.91989,1,동구,광주광역시 동구 남동 40-4,전용주
35.14459,126.91853,1,동구,광주광역시 동구 남동 176-1,한전주
35.1446,126.84141,1,서구,전남광주통합특별시 서구 치평동 1284-2,전용주
35.1446,126.91932,1,동구,광주광역시 동구 남동 166-3,건축물
35.1446,126.92229,1,동구,광주광역시 동구 서석동 108-2,한전주
35.1446,126.92313,1,동구,광주광역시 동구 서석동 94-23,전용주
35.14461,126.83877,1,서구,전남광주통합특별시 서구 마륵동 459-2,한전주
35.14461,126.87813,1,서구,전남광주통합특별시 서구 화정동 812-7,전용주
35.14461,126.92176,1,동구,광주광역시 동구 서석동 83-7,전용주
35.14461,126.92194,1,동구,광주광역시 동구 서석동 86-2,전용주
35.14462,126.83621,1,서구,전남광주통합특별시 서구 마륵동 178-19,한전주
35.14462,126.83629,1,서구,전남광주통합특별시 서구 마륵동 178-19,한전주
35.14462,126.83724,1,서구,전남광주통합특별시 서구 마륵동 798-19,한전주
35.14462,126.8554,1,서구,전남광주통합특별시 서구 쌍촌동 894-41,한전주
35.14462,126.91894,1,동구,광주광역시 동구 남동 174-1,한전주
35.14463,126.84446,1,서구,전남광주통합특별시 서구 마륵동 168-35,한전주
35.14463,126.87813,1,서구,전남광주통합특별시 서구 화정동 812-7,한전주
35.14463,126.88684,1,서구,전남광주통합특별시 서구 화정동 1502,한전주
35.14463,126.91902,1,동구,광주광역시 동구 남동 167-6,전용주
35.14463,126.92294,1,동구,광주광역시 동구 서석동 93-14,전용주
35.14463,126.92782,1,동구,광주광역시 동구 서석동 423-25,한전주
35.14464,126.83676,1,서구,전남광주통합특별시 서구 마륵동 473,한전주
35.14464,126.91724,1,동구,광주광역시 동구 금동 21-3,전용주
35.14464,126.92218,1,동구,광주광역시 동구 서석동 109-1,한전주
35.14465,126.84252,1,서구,전남광주통합특별시 서구 치평동 1300-4,전용주
35.14465,126.91633,1,동구,광주광역시 동구 금동 32-7,한전주
35.14466,126.92943,1,동구,광주광역시 동구 지산동 507-28,한전주
35.14468,126.84222,1,서구,전남광주통합특별시 서구 치평동 1300-1,전용주
35.14468,126.86573,1,서구,전남광주통합특별시 서구 쌍촌동 433,한전주
35.14468,126.92554,1,동구,광주광역시 동구 서석동 435-27,한전주
35.14469,126.84962,3,서구,전남광주통합특별시 서구 마륵동 162-59,전용주
35.14469,126.85919,2,서구,전남광주통합특별시 서구 쌍촌동 472,한전주
35.14469,126.8785,1,서구,전남광주통합특별시 서구 화정동 707,한전주
35.14469,126.92913,1,동구,광주광역시 동구 서석동 420-1,한전주
35.1447,126.84114,1,서구,전남광주통합특별시 서구 치평동 1280-2,전용주
35.1447,126.84169,1,서구,전남광주통합특별시 서구 치평동 1284-4,전용주
35.1447,126.85612,3,서구,전남광주통합특별시 서구 쌍촌동 943-7,한전주
35.14471,126.84141,1,서구,전남광주통합특별시 서구 치평동 1283,전용주
35.14471,126.9299,1,동구,광주광역시 동구 지산동 507-17,전용주
35.14472,126.87767,1,서구,전남광주통합특별시 서구 화정동 811-6,한전주
35.14472,126.92868,1,동구,광주광역시 동구 서석동 421-5,한전주
35.14472,126.92997,1,동구,광주광역시 동구 지산동 507-17,한전주
35.14473,126.84071,1,서구,전남광주통합특별시 서구 치평동 1278-5,전용주
35.14473,126.85593,1,서구,전남광주통합특별시 서구 쌍촌동 898-1,전용주
35.14473,126.92291,1,동구,광주광역시 동구 서석동 93-3,한전주
35.14474,126.84324,1,서구,전남광주통합특별시 서구 치평동 1304-5,전용주
35.14474,126.85611,1,서구,전남광주통합특별시 서구 쌍촌동 943-7,한전주
35.14474,126.92834,1,동구,광주광역시 동구 서석동 423-27,한전주
35.14475,126.83967,1,서구,전남광주통합특별시 서구 마륵동 171-1,한전주
35.14475,126.84292,1,서구,전남광주통합특별시 서구 치평동 1304-2,전용주
35.14475,126.92119,1,동구,광주광역시 동구 남동 54-3,전용주
35.14476,126.92794,1,동구,광주광역시 동구 서석동 423-15,전용주
35.14477,126.87255,1,서구,전남광주통합특별시 서구 화정동 806-18,전용주
35.14477,126.87407,1,서구,전남광주통합특별시 서구 화정동 864,한전주
35.14477,126.91507,1,동구,광주광역시 동구 불로동 183,전용주
35.14477,126.91618,1,동구,광주광역시 동구 불로동 148-1,한전주
35.14477,126.9302,1,동구,광주광역시 동구 서석동 419-13,전용주
35.14478,126.83629,1,서구,전남광주통합특별시 서구 마륵동 675-8,한전주
35.14479,126.87255,1,서구,전남광주통합특별시 서구 화정동 806-18,한전주
35.14479,126.87272,1,서구,전남광주통합특별시 서구 화정동 806-1,한전주
35.14481,126.85547,1,서구,전남광주통합특별시 서구 쌍촌동 900-10,전용주
35.14481,126.92984,1,동구,광주광역시 동구 지산동 507-16,한전주
35.14481,126.92989,1,동구,광주광역시 동구 지산동 507-16,한전주
35.14482,126.91841,1,동구,광주광역시 동구 남동 178-7,전용주
35.14482,126.92268,1,동구,광주광역시 동구 서석동 92-8,한전주
35.14483,126.8482,1,서구,전남광주통합특별시 서구 마륵동 164-64,전용주
35.14483,126.86029,1,서구,전남광주통합특별시 서구 쌍촌동 1238-4,한전주
35.14483,126.91804,1,동구,광주광역시 동구 금동 8,전용주
35.14483,126.92236,1,동구,광주광역시 동구 서석동 92-2,전용주
35.14483,126.92355,1,동구,광주광역시 동구 서석동 27-17,전용주
35.14484,126.87649,1,서구,전남광주통합특별시 서구 화정동 654-18,한전주
35.14485,126.92228,1,동구,광주광역시 동구 서석동 90-36,한전주
35.14485,126.92843,1,동구,광주광역시 동구 서석동 422-14,한전주
35.14485,126.92964,1,동구,광주광역시 동구 지산동 507-4,한전주
35.14486,126.85496,1,서구,전남광주통합특별시 서구 쌍촌동 894-15,전용주
35.14486,126.88602,1,서구,전남광주통합특별시 서구 화정동 1555,한전주
35.14486,126.9173,1,동구,광주광역시 동구 금동 24,전용주
35.14487,126.88652,1,서구,전남광주통합특별시 서구 화정동 1526,한전주
35.14487,126.92256,1,동구,광주광역시 동구 서석동 92-11,한전주
35.14488,126.9158,1,동구,광주광역시 동구 불로동 161,한전주
35.14488,126.92971,1,동구,광주광역시 동구 지산동 507-15,한전주
35.14488,126.93049,1,동구,광주광역시 동구 서석동 418-1,한전주
35.14489,126.85551,1,서구,전남광주통합특별시 서구 쌍촌동 900-10,한전주
35.14489,126.86002,1,서구,전남광주통합특별시 서구 쌍촌동 1238-3,한전주
35.14489,126.91674,2,동구,광주광역시 동구 금동 30-10,한전주
35.1449,126.83412,1,서구,전남광주통합특별시 서구 마륵동 178-20,한전주
35.1449,126.92508,1,동구,광주광역시 동구 서석동 22-3,한전주
35.1449,126.92971,1,동구,광주광역시 동구 지산동 507-15,전용주
35.14491,126.83642,1,서구,전남광주통합특별시 서구 마륵동 561-1,한전주
35.14491,126.8408,2,서구,전남광주통합특별시 서구 치평동 1279,전용주
35.14491,126.87273,1,서구,전남광주통합특별시 서구 화정동 807-26,전용주
35.14492,126.87742,1,서구,전남광주통합특별시 서구 화정동 811-11,한전주
35.14492,126.91675,1,동구,광주광역시 동구 금동 30-24,한전주
35.14492,126.92562,1,동구,광주광역시 동구 서석동 21-44,건축물
35.14493,126.92731,1,동구,광주광역시 동구 서석동 430-26,한전주
35.14494,126.84284,1,서구,전남광주통합특별시 서구 치평동 1302-3,전용주
35.14494,126.91899,1,동구,광주광역시 동구 남동 168-9,한전주
35.14494,126.92504,1,동구,광주광역시 동구 서석동 22-3,한전주
35.14495,126.84923,1,서구,전남광주통합특별시 서구 매월동 164-39,한전주
35.14495,126.85606,1,서구,전남광주통합특별시 서구 쌍촌동 887-5,전용주
35.14496,126.87194,2,서구,전남광주통합특별시 서구 화정동 799-6,전용주
35.14496,126.87701,1,서구,전남광주통합특별시 서구 화정동 810-13,한전주
35.14496,126.87764,1,서구,전남광주통합특별시 서구 화정동 811-4,한전주
35.14497,126.83739,5,서구,전남광주통합특별시 서구 마륵동 177-52,한전주
35.14497,126.92569,1,동구,광주광역시 동구 서석동 21-50,한전주
35.14498,126.84056,1,서구,전남광주통합특별시 서구 치평동 1278-7,전용주
35.14498,126.84228,1,서구,전남광주통합특별시 서구 치평동 1288-6,전용주
35.14498,126.84229,1,서구,전남광주통합특별시 서구 치평동 1288-6,전용주
35.14498,126.87433,1,서구,전남광주통합특별시 서구 화정동 713-11,전용주
35.14498,126.87435,1,서구,전남광주통합특별시 서구 화정동 713-11,한전주
35.14498,126.87803,1,서구,전남광주통합특별시 서구 화정동 812-4,한전주
35.14499,126.91409,1,동구,광주광역시 동구 불로동 79,전용주
35.14499,126.91794,1,동구,광주광역시 동구 금동 6,전용주
35.14499,126.91891,1,동구,광주광역시 동구 남동 185-23,전용주
35.145,126.83722,1,서구,전남광주통합특별시 서구 마륵동 552,한전주
35.145,126.84135,1,서구,전남광주통합특별시 서구 치평동 1281,전용주
35.145,126.86227,1,서구,전남광주통합특별시 서구 쌍촌동 1261,한전주
35.145,126.91492,1,동구,광주광역시 동구 불로동 170,한전주
35.145,126.91814,1,동구,광주광역시 동구 남동 181,전용주
35.14501,126.84408,1,서구,전남광주통합특별시 서구 치평동 1310-5,전용주
35.14501,126.92931,1,동구,광주광역시 동구 지산동 507-29,한전주
35.14502,126.92797,1,동구,광주광역시 동구 서석동 423-18,한전주
35.14502,126.92964,1,동구,광주광역시 동구 지산동 506-5,한전주
35.14503,126.88589,1,서구,전남광주통합특별시 서구 화정동 1560,한전주
35.14503,126.92179,1,동구,광주광역시 동구 서석동 89-1,한전주
35.14503,126.93058,1,동구,광주광역시 동구 지산동 503-1,한전주
35.14504,126.83833,1,서구,전남광주통합특별시 서구 마륵동 496-2,한전주
35.14504,126.85994,1,서구,전남광주통합특별시 서구 쌍촌동 1235-2,전용주
35.14504,126.9274,1,동구,광주광역시 동구 서석동 429-26,한전주
35.14505,126.92714,1,동구,광주광역시 동구 서석동 428-9,한전주
35.14505,126.92776,1,동구,광주광역시 동구 서석동 423-3,한전주
35.14506,126.8664,1,서구,전남광주통합특별시 서구 쌍촌동 1224-7,한전주
35.14507,126.8713,2,서구,전남광주통합특별시 서구 화정동 350-12,한전주
35.14508,126.86227,16,서구,전남광주통합특별시 서구 쌍촌동 1261,한전주
35.14508,126.92609,1,동구,광주광역시 동구 서석동 435-11,건축물
35.14509,126.84969,2,서구,전남광주통합특별시 서구 마륵동 127-6,전용주
35.14509,126.86227,2,서구,전남광주통합특별시 서구 쌍촌동 1261,한전주
35.14509,126.92566,1,동구,광주광역시 동구 서석동 21-33,건축물
35.1451,126.84219,3,서구,전남광주통합특별시 서구 치평동 1288-5,전용주
35.1451,126.87417,1,서구,전남광주통합특별시 서구 화정동 809-5,전용주
35.1451,126.92761,1,동구,광주광역시 동구 서석동 423-2,전용주
35.14511,126.84174,1,서구,전남광주통합특별시 서구 치평동 1285,전용주
35.14511,126.85545,1,서구,전남광주통합특별시 서구 쌍촌동 894-26,전용주
35.14511,126.92193,1,동구,광주광역시 동구 서석동 91-23,전용주
35.14511,126.92275,1,동구,광주광역시 동구 서석동 30-12,전용주
35.14511,126.92701,2,동구,광주광역시 동구 서석동 428-7,한전주
35.14512,126.87226,1,서구,전남광주통합특별시 서구 화정동 799-3,한전주
35.14512,126.92088,1,동구,광주광역시 동구 서석동 70-2,전용주
35.14513,126.84178,1,서구,전남광주통합특별시 서구 치평동 1285,전용주
35.14513,126.92756,1,동구,광주광역시 동구 서석동 429-4,한전주
35.14514,126.92421,1,동구,광주광역시 동구 서석동 26-7,한전주
35.14514,126.92526,1,동구,광주광역시 동구 서석동 21-23,한전주
35.14515,126.85617,1,서구,전남광주통합특별시 서구 쌍촌동 885-34,한전주
35.14515,126.88098,1,서구,전남광주통합특별시 서구 화정동 647-12,한전주
35.14516,126.92438,1,동구,광주광역시 동구 서석동 26-1,한전주
35.14517,126.84325,1,서구,전남광주통합특별시 서구 치평동 1294-27,전용주
35.14517,126.84477,1,서구,전남광주통합특별시 서구 치평동 1310-12,전용주
35.14517,126.92934,1,동구,광주광역시 동구 지산동 505-7,건축물
35.14518,126.85545,1,서구,전남광주통합특별시 서구 쌍촌동 894-27,한전주
35.14518,126.92249,1,동구,광주광역시 동구 서석동 91-42,전용주
35.14518,126.92812,1,동구,광주광역시 동구 서석동 422-2,한전주
35.14519,126.85003,1,서구,전남광주통합특별시 서구 마륵동 788-11,한전주
35.14519,126.88123,1,서구,전남광주통합특별시 서구 화정동 647-15,한전주
35.14519,126.91611,1,동구,광주광역시 동구 불로동 139-1,건축물
35.14519,126.92678,1,동구,광주광역시 동구 서석동 433-2,한전주
35.14519,126.9286,1,동구,광주광역시 동구 서석동 510-15,한전주
35.1452,126.85514,1,서구,전남광주통합특별시 서구 쌍촌동 894-23,전용주
35.1452,126.87685,1,서구,전남광주통합특별시 서구 화정동 366-19,한전주
35.1452,126.8769,1,서구,전남광주통합특별시 서구 화정동 366-19,한전주
35.1452,126.88634,1,서구,전남광주통합특별시 서구 화정동 1513,한전주
35.1452,126.91684,1,동구,광주광역시 동구 불로동 129,전용주
35.1452,126.93041,1,동구,광주광역시 동구 지산동 503-17,한전주
35.14521,126.85549,1,서구,전남광주통합특별시 서구 쌍촌동 900-18,한전주
35.14521,126.87393,1,서구,전남광주통합특별시 서구 화정동 809-3,한전주
35.14521,126.87396,1,서구,전남광주통합특별시 서구 화정동 809-3,한전주
35.14522,126.87796,1,서구,전남광주통합특별시 서구 화정동 812-2,전용주
35.14522,126.92942,1,동구,광주광역시 동구 지산동 505-6,한전주
35.14522,126.93013,1,동구,광주광역시 동구 지산동 504-8,한전주
35.14523,126.87744,1,서구,전남광주통합특별시 서구 화정동 811-14,한전주
35.14523,126.91746,1,동구,광주광역시 동구 광산동 62,전용주
35.14523,126.92594,1,동구,광주광역시 동구 서석동 7-8,한전주
35.14524,126.8496,1,서구,전남광주통합특별시 서구 마륵동 165-45,한전주
35.14524,126.927,1,동구,광주광역시 동구 서석동 428-4,한전주
35.14524,126.92776,1,동구,광주광역시 동구 서석동 424-6,한전주
35.14525,126.87458,1,서구,전남광주통합특별시 서구 화정동 334-229,한전주
35.14525,126.92598,1,동구,광주광역시 동구 서석동 7-9,한전주
35.14526,126.83789,1,서구,전남광주통합특별시 서구 마륵동 530,한전주
35.14526,126.84441,1,서구,전남광주통합특별시 서구 치평동 1314-5,전용주
35.14526,126.87455,1,서구,전남광주통합특별시 서구 화정동 334-229,한전주
35.14527,126.84236,1,서구,전남광주통합특별시 서구 치평동 1290-6,전용주
35.14527,126.87685,1,서구,전남광주통합특별시 서구 화정동 366-19,한전주
35.14527,126.92145,1,동구,광주광역시 동구 서석동 91-14,전용주
35.14528,126.84213,1,서구,전남광주통합특별시 서구 치평동 1288-4,전용주
35.14528,126.87744,1,서구,전남광주통합특별시 서구 화정동 811-14,한전주
35.14528,126.87757,1,서구,전남광주통합특별시 서구 화정동 811-1,한전주
35.14528,126.92612,1,동구,광주광역시 동구 서석동 6-17,한전주
35.14529,126.8553,1,서구,전남광주통합특별시 서구 쌍촌동 894-19,전용주
35.14529,126.87685,1,서구,전남광주통합특별시 서구 화정동 366-19,한전주
35.14529,126.91847,1,동구,광주광역시 동구 남동 179-1,전용주
35.14529,126.92263,1,동구,광주광역시 동구 서석동 31-5,전용주
35.14529,126.92446,1,동구,광주광역시 동구 서석동 19-4,건축물
35.14529,126.92689,1,동구,광주광역시 동구 서석동 428-3,전용주
35.1453,126.91766,1,동구,광주광역시 동구 광산동 60-2,한전주
35.1453,126.92567,1,동구,광주광역시 동구 서석동 21-30,건축물
35.1453,126.92828,1,동구,광주광역시 동구 서석동 422-1,한전주
35.14531,126.83692,2,서구,전남광주통합특별시 서구 마륵동 798-14,한전주
35.14531,126.83843,1,서구,전남광주통합특별시 서구 마륵동 619-67,한전주
35.14531,126.84104,1,서구,전남광주통합특별시 서구 치평동 1278-11,전용주
35.14531,126.84998,1,서구,전남광주통합특별시 서구 마륵동 143-8,한전주
35.14531,126.85554,1,서구,전남광주통합특별시 서구 쌍촌동 894-34,전용주
35.14531,126.92906,1,동구,광주광역시 동구 지산동 509-10,한전주
35.14531,126.93078,1,동구,광주광역시 동구 지산동 502-5,한전주
35.14533,126.84516,1,서구,전남광주통합특별시 서구 치평동 1310-15,전용주
35.14533,126.84977,1,서구,전남광주통합특별시 서구 마륵동 143-16,전용주
35.14533,126.88153,1,서구,전남광주통합특별시 서구 화정동 647-1,한전주
35.14534,126.87595,2,서구,전남광주통합특별시 서구 화정동 366-20,한전주
35.14535,126.84253,1,서구,전남광주통합특별시 서구 치평동 1290-5,전용주
35.14535,126.87146,7,서구,전남광주통합특별시 서구 화정동 896-1,한전주
35.14535,126.91375,1,동구,광주광역시 동구 불로동 64-2,한전주
35.14535,126.92538,1,동구,광주광역시 동구 서석동 21-21,건축물
35.14536,126.84456,1,서구,전남광주통합특별시 서구 치평동 1314-4,전용주
35.14536,126.8815,1,서구,전남광주통합특별시 서구 화정동 647-1,한전주
35.14536,126.91402,1,동구,광주광역시 동구 불로동 67-1,건축물
35.14536,126.91485,1,동구,광주광역시 동구 불로동 99-1,전용주
35.14536,126.92384,1,동구,광주광역시 동구 서석동 28-17,한전주
35.14537,126.92239,1,동구,광주광역시 동구 서석동 33-4,전용주
35.14539,126.84313,1,서구,전남광주통합특별시 서구 치평동 1286-14,전용주
35.14539,126.92984,1,동구,광주광역시 동구 지산동 505-1,한전주
35.1454,126.92887,1,동구,광주광역시 동구 지산동 510-6,전용주
35.14541,126.85616,1,서구,전남광주통합특별시 서구 쌍촌동 887-7,전용주
35.14542,126.88534,1,서구,전남광주통합특별시 서구 화정동 1568,한전주
35.14543,126.84203,1,서구,전남광주통합특별시 서구 치평동 1287,전용주
35.14543,126.85594,1,서구,전남광주통합특별시 서구 쌍촌동 887-7,한전주
35.14544,126.85575,1,서구,전남광주통합특별시 서구 쌍촌동 887-7,전용주
35.14544,126.86463,1,서구,전남광주통합특별시 서구 쌍촌동 1220-5,한전주
35.14545,126.83664,1,서구,전남광주통합특별시 서구 마륵동 576,한전주
35.14545,126.87743,1,서구,전남광주통합특별시 서구 화정동 367-27,한전주
35.14545,126.91417,1,동구,광주광역시 동구 불로동 67-2,건축물
35.14545,126.9277,1,동구,광주광역시 동구 서석동 426-1,한전주
35.14545,126.92961,1,동구,광주광역시 동구 지산동 505-2,전용주
35.14546,126.84203,2,서구,전남광주통합특별시 서구 치평동 1287,전용주
35.14546,126.91881,1,동구,광주광역시 동구 남동 169-2,전용주
35.14546,126.92797,1,동구,광주광역시 동구 서석동 424-1,전용주
35.14547,126.83612,1,서구,전남광주통합특별시 서구 마륵동 178-38,한전주
35.14547,126.83809,1,서구,전남광주통합특별시 서구 마륵동 528,한전주
35.14547,126.85622,1,서구,전남광주통합특별시 서구 쌍촌동 885-37,한전주
35.14547,126.87743,1,서구,전남광주통합특별시 서구 화정동 367-27,전용주
35.14548,126.84203,1,서구,전남광주통합특별시 서구 치평동 1287,전용주
35.14548,126.85664,1,서구,전남광주통합특별시 서구 쌍촌동 885-1,한전주
35.14548,126.88087,1,서구,전남광주통합특별시 서구 화정동 628-20,한전주
35.14548,126.88117,1,서구,전남광주통합특별시 서구 화정동 628-26,한전주
35.14548,126.88603,1,서구,전남광주통합특별시 서구 화정동 1511,한전주
35.14548,126.91443,1,동구,광주광역시 동구 불로동 90-5,전용주
35.14548,126.92352,1,동구,광주광역시 동구 서석동 30,전용주
35.14549,126.85449,2,서구,전남광주통합특별시 서구 쌍촌동 891-43,한전주
35.14549,126.93031,1,동구,광주광역시 동구 지산동 503,한전주
35.1455,126.86058,1,서구,전남광주통합특별시 서구 쌍촌동 477,한전주
35.1455,126.91779,1,동구,광주광역시 동구 광산동 100-20,건축물
35.14551,126.85021,1,서구,전남광주통합특별시 서구 마륵동 805,전용주
35.14551,126.85026,3,서구,전남광주통합특별시 서구 마륵동 805,전용주
35.14551,126.85028,1,서구,전남광주통합특별시 서구 마륵동 805,전용주
35.14551,126.91677,1,동구,광주광역시 동구 광산동 91,전용주
35.14551,126.93008,1,동구,광주광역시 동구 지산동 476-8,한전주
35.14553,126.88522,1,서구,전남광주통합특별시 서구 화정동 1571,한전주
35.14553,126.92561,1,동구,광주광역시 동구 서석동 7-12,한전주
35.14553,126.92799,1,동구,광주광역시 동구 서석동 425-3,한전주
35.14555,126.92918,1,동구,광주광역시 동구 지산동 509-3,한전주
35.14556,126.92799,1,동구,광주광역시 동구 서석동 425-3,한전주
35.14556,126.93092,1,동구,광주광역시 동구 지산동 501-1,한전주
35.14557,126.86053,14,서구,전남광주통합특별시 서구 쌍촌동 492-8,한전주
35.14557,126.86054,1,서구,전남광주통합특별시 서구 쌍촌동 476,한전주
35.14557,126.9165,1,동구,광주광역시 동구 불로동 121,전용주
35.14557,126.92389,1,동구,광주광역시 동구 서석동 28-4,한전주
35.14557,126.92577,1,동구,광주광역시 동구 서석동 7-22,한전주
35.14558,126.91883,1,동구,광주광역시 동구 광산동 56-1,전용주
35.14558,126.93099,1,동구,광주광역시 동구 지산동 501-1,한전주
35.14559,126.92879,1,동구,광주광역시 동구 지산동 510-5,한전주
35.1456,126.84532,1,서구,전남광주통합특별시 서구 치평동 1311,전용주
35.1456,126.84533,4,서구,전남광주통합특별시 서구 치평동 1311,전용주
35.14561,126.88147,1,서구,전남광주통합특별시 서구 화정동 628-14,한전주
35.14561,126.88563,1,서구,전남광주통합특별시 서구 화정동 1602,한전주
35.14563,126.85588,3,서구,전남광주통합특별시 서구 쌍촌동 887-2,전용주
35.14564,126.92714,1,동구,광주광역시 동구 서석동 427-6,한전주
35.14565,126.83656,1,서구,전남광주통합특별시 서구 마륵동 793-40,한전주
35.14565,126.83658,1,서구,전남광주통합특별시 서구 마륵동 793-40,한전주
35.14565,126.84432,1,서구,전남광주통합특별시 서구 치평동 1312-3,전용주
35.14565,126.84448,1,서구,전남광주통합특별시 서구 치평동 1315,전용주
35.14566,126.84486,1,서구,전남광주통합특별시 서구 치평동 1316-6,전용주
35.14566,126.85588,1,서구,전남광주통합특별시 서구 쌍촌동 887-2,한전주
35.14566,126.92981,1,동구,광주광역시 동구 지산동 473-6,한전주
35.14567,126.83652,1,서구,전남광주통합특별시 서구 마륵동 189-1,한전주
35.14567,126.84292,1,서구,전남광주통합특별시 서구 치평동 1286-12,전용주
35.14567,126.91823,1,동구,광주광역시 동구 광산동 100,한전주
35.14567,126.92469,1,동구,광주광역시 동구 서석동 20-4,한전주
35.14567,126.92753,1,동구,광주광역시 동구 서석동 425-1,전용주
35.14568,126.91778,1,동구,광주광역시 동구 광산동 100-19,전용주
35.14568,126.92461,1,동구,광주광역시 동구 서석동 20-1,전용주
35.14568,126.92822,1,동구,광주광역시 동구 지산동 514-9,한전주
35.14569,126.87702,1,서구,전남광주통합특별시 서구 화정동 367-40,한전주
35.14569,126.87706,1,서구,전남광주통합특별시 서구 화정동 367-40,한전주
35.14569,126.91383,1,동구,광주광역시 동구 불로동 55,전용주
35.1457,126.87381,1,서구,전남광주통합특별시 서구 화정동 898,한전주
35.1457,126.92512,1,동구,광주광역시 동구 서석동 7-2,건축물
35.14571,126.8646,1,서구,전남광주통합특별시 서구 쌍촌동 1220-3,한전주
35.14571,126.92405,1,동구,광주광역시 동구 서석동 27-24,전용주
35.14571,126.94078,1,동구,광주광역시 동구 지산동 134,한전주
35.14572,126.88141,1,서구,전남광주통합특별시 서구 화정동 628-15,한전주
35.14573,126.84389,1,서구,전남광주통합특별시 서구 치평동 1308-1,전용주
35.14574,126.87381,8,서구,전남광주통합특별시 서구 화정동 898,전용주
35.14574,126.87388,1,서구,전남광주통합특별시 서구 화정동 898,전용주
35.14574,126.92723,1,동구,광주광역시 동구 서석동 427-4,한전주
35.14575,126.84351,1,서구,전남광주통합특별시 서구 치평동 1306-3,전용주
35.14575,126.85566,1,서구,전남광주통합특별시 서구 쌍촌동 943-6,전용주
35.14575,126.8745,1,서구,전남광주통합특별시 서구 화정동 365-41,전용주
35.14575,126.91758,2,동구,광주광역시 동구 광산동 100-23,한전주
35.14575,126.92644,1,동구,광주광역시 동구 서석동 6-41,한전주
35.14576,126.8766,3,서구,전남광주통합특별시 서구 화정동 366-1,한전주
35.14577,126.92758,1,동구,광주광역시 동구 서석동 425,한전주
35.14577,126.9297,1,동구,광주광역시 동구 지산동 473-4,한전주
35.14577,126.93002,1,동구,광주광역시 동구 지산동 476-5,한전주
35.14578,126.88105,1,서구,전남광주통합특별시 서구 화정동 628-5,한전주
35.14578,126.92421,1,동구,광주광역시 동구 서석동 18-5,전용주
35.14579,126.91373,1,동구,광주광역시 동구 불로동 51-1,한전주
35.14579,126.92625,2,동구,광주광역시 동구 서석동 7-5,한전주
35.14579,126.92731,1,동구,광주광역시 동구 서석동 427-3,건축물
35.14579,126.92779,1,동구,광주광역시 동구 지산동 514-2,한전주
35.1458,126.84479,1,서구,전남광주통합특별시 서구 치평동 1316-5,전용주
35.1458,126.85071,6,서구,전남광주통합특별시 서구 마륵동 803,전용주
35.1458,126.85073,1,서구,전남광주통합특별시 서구 마륵동 803,전용주
35.14581,126.84625,1,서구,전남광주통합특별시 서구 치평동 1310-22,전용주
35.14581,126.86127,1,서구,전남광주통합특별시 서구 쌍촌동 488-9,한전주
35.14581,126.88074,1,서구,전남광주통합특별시 서구 화정동 644-8,한전주
35.14582,126.84525,1,서구,전남광주통합특별시 서구 치평동 1318-5,전용주
35.14582,126.9301,1,동구,광주광역시 동구 지산동 470-1,한전주
35.14582,126.93076,2,동구,광주광역시 동구 지산동 476,전용주
35.14582,126.93158,1,동구,광주광역시 동구 지산동 491,한전주
35.14582,126.94045,1,동구,광주광역시 동구 지산동 산118,전용주
35.14583,126.92802,1,동구,광주광역시 동구 지산동 514-14,한전주
35.14583,126.92943,1,동구,광주광역시 동구 지산동 520-10,한전주
35.14584,126.84448,1,서구,전남광주통합특별시 서구 치평동 1316-11,전용주
35.14585,126.85483,1,서구,전남광주통합특별시 서구 쌍촌동 891-25,한전주
35.14585,126.85485,1,서구,전남광주통합특별시 서구 쌍촌동 891-25,한전주
35.14585,126.85486,1,서구,전남광주통합특별시 서구 쌍촌동 891-25,한전주
35.14585,126.85488,1,서구,전남광주통합특별시 서구 쌍촌동 891-25,전용주
35.14585,126.91523,1,동구,광주광역시 동구 불로동 106-6,건축물
35.14586,126.86038,1,서구,전남광주통합특별시 서구 쌍촌동 475-4,한전주
35.14586,126.9301,1,동구,광주광역시 동구 지산동 470-1,한전주
35.14587,126.91409,1,동구,광주광역시 동구 불로동 38-3,전용주
35.14587,126.92887,1,동구,광주광역시 동구 지산동 511-15,한전주
35.14587,126.93011,1,동구,광주광역시 동구 지산동 470-1,한전주
35.14588,126.91873,1,동구,광주광역시 동구 광산동 100-42,전용주
35.14589,126.92726,1,동구,광주광역시 동구 서석동 1-12,전용주
35.1459,126.86085,1,서구,전남광주통합특별시 서구 쌍촌동 490-8,한전주
35.1459,126.86601,1,서구,전남광주통합특별시 서구 쌍촌동 1225-1,한전주
35.14591,126.92575,1,동구,광주광역시 동구 서석동 8-8,전용주
35.14591,126.94028,1,동구,광주광역시 동구 지산동 691-105,한전주
35.14592,126.91402,1,동구,광주광역시 동구 불로동 37-2,전용주
35.14592,126.91634,1,동구,광주광역시 동구 황금동 88,건축물
35.14592,126.94061,1,동구,광주광역시 동구 지산동 128-1,한전주
35.14593,126.86384,1,서구,전남광주통합특별시 서구 쌍촌동 1216-3,한전주
35.14594,126.91799,1,동구,광주광역시 동구 광산동 100-7,한전주
35.14594,126.92495,1,동구,광주광역시 동구 서석동 16,한전주
35.14595,126.87454,1,서구,전남광주통합특별시 서구 화정동 365-60,한전주
35.14595,126.9162,1,동구,광주광역시 동구 불로동 120-1,전용주
35.14595,126.92468,1,동구,광주광역시 동구 서석동 17-9,한전주
35.14596,126.84455,2,서구,전남광주통합특별시 서구 치평동 1316-12,전용주
35.14597,126.84525,1,서구,전남광주통합특별시 서구 치평동 1319,전용주
35.14597,126.84641,1,서구,전남광주통합특별시 서구 치평동 1310-23,전용주
35.14597,126.92759,1,동구,광주광역시 동구 지산동 515-2,한전주
35.14598,126.91429,1,동구,광주광역시 동구 불로동 21-18,전용주
35.14598,126.92756,1,동구,광주광역시 동구 지산동 515-2,건축물
35.14598,126.9296,1,동구,광주광역시 동구 지산동 521-7,한전주
35.14599,126.86236,1,서구,전남광주통합특별시 서구 쌍촌동 496-1,전용주
35.14599,126.9259,1,동구,광주광역시 동구 서석동 8-7,전용주
35.146,126.91637,1,동구,광주광역시 동구 황금동 88,전용주
35.14601,126.84363,1,서구,전남광주통합특별시 서구 치평동 1306-7,전용주
35.14601,126.86317,2,서구,전남광주통합특별시 서구 쌍촌동 1213,전용주
35.14601,126.93436,6,동구,광주광역시 동구 서석동 산131,한전주
35.14602,126.8441,2,서구,전남광주통합특별시 서구 치평동 1307,전용주
35.14602,126.86195,1,서구,전남광주통합특별시 서구 쌍촌동 495-6,한전주
35.14602,126.914,1,동구,광주광역시 동구 불로동 36-6,전용주
35.14602,126.91515,1,동구,광주광역시 동구 불로동 9-3,전용주
35.14602,126.91602,1,동구,광주광역시 동구 불로동 110-7,전용주
35.14603,126.86577,1,서구,전남광주통합특별시 서구 쌍촌동 1222-5,건축물
35.14604,126.87414,1,서구,전남광주통합특별시 서구 화정동 334-68,전용주
35.14604,126.92231,1,동구,광주광역시 동구 서석동 48-5,한전주
35.14605,126.87457,1,서구,전남광주통합특별시 서구 화정동 334-21,한전주
35.14605,126.91645,1,동구,광주광역시 동구 황금동 86-3,전용주
35.14605,126.9243,1,동구,광주광역시 동구 서석동 31-11,전용주
35.14605,126.92851,1,동구,광주광역시 동구 지산동 517-19,한전주
35.14606,126.84592,1,서구,전남광주통합특별시 서구 치평동 1322-5,전용주
35.14606,126.86006,1,서구,전남광주통합특별시 서구 쌍촌동 474-26,전용주
35.14606,126.91464,1,동구,광주광역시 동구 불로동 17,전용주
35.14607,126.91467,1,동구,광주광역시 동구 불로동 17,전용주
35.14607,126.92783,1,동구,광주광역시 동구 지산동 515-5,한전주
35.14607,126.92908,1,동구,광주광역시 동구 지산동 517,한전주
35.14607,126.93865,1,동구,광주광역시 동구 지산동 170-1,한전주
35.14608,126.85917,1,서구,전남광주통합특별시 서구 쌍촌동 878-3,한전주
35.14609,126.8442,1,서구,전남광주통합특별시 서구 치평동 1307,전용주
35.1461,126.86015,1,서구,전남광주통합특별시 서구 쌍촌동 474-14,한전주
35.1461,126.8604,1,서구,전남광주통합특별시 서구 쌍촌동 490-14,한전주
35.1461,126.92507,1,동구,광주광역시 동구 서석동 15-8,한전주
35.1461,126.92895,1,동구,광주광역시 동구 지산동 517-38,건축물
35.14611,126.86724,1,서구,전남광주통합특별시 서구 쌍촌동 1228,한전주
35.14611,126.87552,1,서구,전남광주통합특별시 서구 화정동 산 84-12,한전주
35.14611,126.87555,1,서구,전남광주통합특별시 서구 화정동 산 84-12,한전주
35.14611,126.91657,1,동구,광주광역시 동구 황금동 86-4,전용주
35.14612,126.91862,1,동구,광주광역시 동구 광산동 73-1,전용주
35.14612,126.92224,1,동구,광주광역시 동구 서석동 50-6,한전주
35.14612,126.93137,1,동구,광주광역시 동구 지산동 500-3,한전주
35.14613,126.92869,1,동구,광주광역시 동구 지산동 518-5,전용주
35.14614,126.86139,1,서구,전남광주통합특별시 서구 쌍촌동 492-4,한전주
35.14614,126.87824,1,서구,전남광주통합특별시 서구 화정동 367-66,한전주
35.14614,126.87826,1,서구,전남광주통합특별시 서구 화정동 367-66,한전주
35.14614,126.87827,1,서구,전남광주통합특별시 서구 화정동 367-66,한전주
35.14614,126.87828,1,서구,전남광주통합특별시 서구 화정동 367-66,한전주
35.14614,126.92744,1,동구,광주광역시 동구 동명동 120-7,한전주
35.14615,126.91322,1,동구,광주광역시 동구 불로동 43-3,전용주
35.14616,126.85952,1,서구,전남광주통합특별시 서구 쌍촌동 549-33,한전주
35.14616,126.91417,1,동구,광주광역시 동구 불로동 21-9,전용주
35.14618,126.87478,1,서구,전남광주통합특별시 서구 화정동 334-28,한전주
35.14618,126.91386,1,동구,광주광역시 동구 불로동 43-5,전용주
35.14618,126.91432,1,동구,광주광역시 동구 불로동 23-1,전용주
35.14618,126.93954,1,동구,광주광역시 동구 지산동 160-3,전용주
35.14619,126.91575,1,동구,광주광역시 동구 불로동 109-5,전용주
35.14619,126.91613,1,동구,광주광역시 동구 황금동 90-4,전용주
35.14619,126.92641,1,동구,광주광역시 동구 서석동 6-7,건축물
35.1462,126.84459,1,서구,전남광주통합특별시 서구 치평동 1306-13,전용주
35.1462,126.85438,1,서구,전남광주통합특별시 서구 쌍촌동 891-18,한전주
35.1462,126.91493,1,동구,광주광역시 동구 불로동 11-2,전용주
35.1462,126.91497,1,동구,광주광역시 동구 불로동 11-3,전용주
35.1462,126.92797,1,동구,광주광역시 동구 지산동 516-1,전용주
35.1462,126.93598,1,동구,광주광역시 동구 지산동 산127-20,한전주
35.14621,126.84439,1,서구,전남광주통합특별시 서구 치평동 1306-12,전용주
35.14621,126.85235,1,서구,전남광주통합특별시 서구 치평동 251-3,한전주
35.14621,126.9164,1,동구,광주광역시 동구 황금동 85,전용주
35.14621,126.92525,1,동구,광주광역시 동구 서석동 15,한전주
35.14621,126.92626,1,동구,광주광역시 동구 서석동 9-1,한전주
35.14621,126.9268,1,동구,광주광역시 동구 서석동 5-8,건축물
35.14622,126.84562,1,서구,전남광주통합특별시 서구 치평동 1321,전용주
35.14622,126.85962,1,서구,전남광주통합특별시 서구 쌍촌동 549-45,한전주
35.14622,126.92945,1,동구,광주광역시 동구 지산동 521-3,한전주
35.14623,126.84562,1,서구,전남광주통합특별시 서구 치평동 1321,전용주
35.14623,126.87711,1,서구,전남광주통합특별시 서구 화정동 367-18,한전주
35.14623,126.93473,1,동구,광주광역시 동구 지산동 산127-2,한전주
35.14624,126.92847,1,동구,광주광역시 동구 지산동 517-13,한전주
35.14624,126.92945,1,동구,광주광역시 동구 지산동 521-3,한전주
35.14625,126.8849,1,서구,전남광주통합특별시 서구 화정동 1579,한전주
35.14626,126.86205,1,서구,전남광주통합특별시 서구 쌍촌동 495-1,한전주
35.14627,126.86202,1,서구,전남광주통합특별시 서구 쌍촌동 495-1,한전주
35.14627,126.87457,1,서구,전남광주통합특별시 서구 화정동 334-17,한전주
35.14628,126.85947,1,서구,전남광주통합특별시 서구 쌍촌동 927-57,한전주
35.14628,126.87406,1,서구,전남광주통합특별시 서구 화정동 334-66,전용주
35.1463,126.8463,1,서구,전남광주통합특별시 서구 치평동 1324-6,전용주
35.1463,126.91323,1,동구,광주광역시 동구 불로동 197,전용주
35.14631,126.8649,1,서구,전남광주통합특별시 서구 쌍촌동 1210-9,전용주
35.14631,126.91464,1,동구,광주광역시 동구 불로동 14-1,전용주
35.14631,126.91627,1,동구,광주광역시 동구 황금동 84,전용주
35.14631,126.91654,1,동구,광주광역시 동구 황금동 83,전용주
35.14632,126.8461,2,서구,전남광주통합특별시 서구 치평동 1323,전용주
35.14632,126.85665,1,서구,전남광주통합특별시 서구 쌍촌동 876-14,전용주
35.14632,126.87755,1,서구,전남광주통합특별시 서구 화정동 367-47,한전주
35.14632,126.8776,1,서구,전남광주통합특별시 서구 화정동 367-47,한전주
35.14632,126.91564,1,동구,광주광역시 동구 불로동 6,전용주
35.14633,126.84497,1,서구,전남광주통합특별시 서구 치평동 1306-16,전용주
35.14633,126.91801,1,동구,광주광역시 동구 광산동 79-4,전용주
35.14634,126.87414,1,서구,전남광주통합특별시 서구 화정동 334-65,한전주
35.14635,126.85722,1,서구,전남광주통합특별시 서구 쌍촌동 942-6,한전주
35.14635,126.85816,1,서구,전남광주통합특별시 서구 쌍촌동 550-39,한전주
35.14635,126.86043,1,서구,전남광주통합특별시 서구 쌍촌동 548-16,전용주
35.14635,126.8749,1,서구,전남광주통합특별시 서구 화정동 334-83,한전주
35.14635,126.87493,1,서구,전남광주통합특별시 서구 화정동 334-83,한전주
35.14635,126.87494,1,서구,전남광주통합특별시 서구 화정동 334-83,한전주
35.14635,126.87498,1,서구,전남광주통합특별시 서구 화정동 334-83,한전주
35.14635,126.92265,1,동구,광주광역시 동구 서석동 136,한전주
35.14636,126.92775,1,동구,광주광역시 동구 동명동 120-26,한전주
35.14637,126.85816,1,서구,전남광주통합특별시 서구 쌍촌동 550-39,한전주
35.14637,126.92681,1,동구,광주광역시 동구 서석동 5-11,전용주
35.14637,126.93954,1,동구,광주광역시 동구 지산동 160-2,한전주
35.14638,126.86103,1,서구,전남광주통합특별시 서구 쌍촌동 491-7,한전주
35.14638,126.87493,1,서구,전남광주통합특별시 서구 화정동 334-83,한전주
35.14638,126.93581,2,동구,광주광역시 동구 지산동 179-11,한전주
35.14639,126.91681,2,동구,광주광역시 동구 황금동 80,전용주
35.14639,126.92275,1,동구,광주광역시 동구 서석동 31-10,전용주
35.14639,126.96401,1,북구,전남광주통합특별시 북구 화암동 484,한전주
35.14639,126.96408,1,북구,전남광주통합특별시 북구 화암동 484,한전주
35.1464,126.85816,1,서구,전남광주통합특별시 서구 쌍촌동 550-39,한전주
35.1464,126.86182,1,서구,전남광주통합특별시 서구 쌍촌동 933-9,한전주
35.1464,126.92648,1,동구,광주광역시 동구 서석동 6,한전주
35.14642,126.84517,1,서구,전남광주통합특별시 서구 치평동 1306-18,전용주
35.14642,126.85973,1,서구,전남광주통합특별시 서구 쌍촌동 548-21,전용주
35.14642,126.87793,1,서구,전남광주통합특별시 서구 화정동 367-75,한전주
35.14642,126.91434,1,동구,광주광역시 동구 불로동 24-1,한전주
35.14642,126.9236,1,동구,광주광역시 동구 서석동 31-9,한전주
35.14643,126.87524,2,서구,전남광주통합특별시 서구 화정동 365-28,한전주
35.14643,126.87525,1,서구,전남광주통합특별시 서구 화정동 365-28,한전주
35.14643,126.88537,1,서구,전남광주통합특별시 서구 화정동 1581,한전주
35.14643,126.92629,1,동구,광주광역시 동구 서석동 11-11,한전주
35.14644,126.85927,1,서구,전남광주통합특별시 서구 쌍촌동 548-27,한전주
35.14644,126.87717,1,서구,전남광주통합특별시 서구 화정동 368-155,한전주
35.14644,126.92815,1,동구,광주광역시 동구 지산동 517-21,건축물
35.14645,126.92623,1,동구,광주광역시 동구 서석동 10-17,건축물
35.14645,126.93272,3,동구,광주광역시 동구 지산동 491-2,한전주
35.14648,126.92796,1,동구,광주광역시 동구 동명동 118-30,한전주
35.14648,126.92884,1,동구,광주광역시 동구 지산동 519-5,한전주
35.14649,126.87292,1,서구,전남광주통합특별시 서구 화정동 897-2,한전주
35.14649,126.87456,1,서구,전남광주통합특별시 서구 화정동 334-13,전용주
35.14649,126.93541,1,동구,광주광역시 동구 지산동 180,전용주
35.1465,126.88415,1,서구,전남광주통합특별시 서구 화정동 620,한전주
35.14651,126.92671,1,동구,광주광역시 동구 서석동 5-1,한전주
35.14652,126.87337,1,서구,전남광주통합특별시 서구 화정동 334-211,한전주
35.14652,126.87477,1,서구,전남광주통합특별시 서구 화정동 334-24,한전주
35.14652,126.87738,1,서구,전남광주통합특별시 서구 화정동 367-24,한전주
35.14652,126.88466,1,서구,전남광주통합특별시 서구 화정동 727-7,한전주
35.14652,126.92894,1,동구,광주광역시 동구 지산동 522-3,한전주
35.14653,126.87385,1,서구,전남광주통합특별시 서구 화정동 334-43,한전주
35.14654,126.8617,1,서구,전남광주통합특별시 서구 쌍촌동 522,한전주
35.14655,126.85964,1,서구,전남광주통합특별시 서구 쌍촌동 548-2,한전주
35.14656,126.86642,1,서구,전남광주통합특별시 서구 쌍촌동 1227-6,건축물
35.14657,126.85936,1,서구,전남광주통합특별시 서구 쌍촌동 548,한전주
35.14657,126.87515,1,서구,전남광주통합특별시 서구 화정동 365-9,전용주
35.14657,126.88456,1,서구,전남광주통합특별시 서구 화정동 727-9,건축물
35.14657,126.91521,1,동구,광주광역시 동구 불로동 3-3,전용주
35.14658,126.85155,1,서구,전남광주통합특별시 서구 치평동 251-10,한전주
35.14658,126.9131,1,동구,광주광역시 동구 호남동 61-4,전용주
35.14658,126.92698,1,동구,광주광역시 동구 동명동 138-11,한전주
35.14659,126.85848,1,서구,전남광주통합특별시 서구 쌍촌동 550-3,한전주
35.1466,126.88463,1,서구,전남광주통합특별시 서구 화정동 727-6,전용주
35.14661,126.85761,1,서구,전남광주통합특별시 서구 쌍촌동 877,한전주
35.14662,126.86044,1,서구,전남광주통합특별시 서구 쌍촌동 547-18,전용주
35.14663,126.87393,1,서구,전남광주통합특별시 서구 화정동 334-40,한전주
35.14664,126.8574,1,서구,전남광주통합특별시 서구 쌍촌동 942,건축물
35.14664,126.91328,1,동구,광주광역시 동구 호남동 67,전용주
35.14665,126.85761,1,서구,전남광주통합특별시 서구 쌍촌동 877,전용주
35.14665,126.86142,1,서구,전남광주통합특별시 서구 쌍촌동 524-1,한전주
35.14665,126.86558,1,서구,전남광주통합특별시 서구 쌍촌동 1231,한전주
35.14665,126.87422,1,서구,전남광주통합특별시 서구 화정동 334-4,전용주
35.14665,126.87427,3,서구,전남광주통합특별시 서구 화정동 334-4,한전주
35.14665,126.91454,1,동구,광주광역시 동구 불로동 25-5,전용주
35.14665,126.91586,1,동구,광주광역시 동구 황금동 60,전용주
35.14666,126.85786,1,서구,전남광주통합특별시 서구 쌍촌동 876-41,한전주
35.14666,126.85821,1,서구,전남광주통합특별시 서구 쌍촌동 550-23,한전주
35.14666,126.86558,1,서구,전남광주통합특별시 서구 쌍촌동 1231,한전주
35.14666,126.87455,1,서구,전남광주통합특별시 서구 화정동 334-9,전용주
35.14666,126.92278,1,동구,광주광역시 동구 서석동 42-21,한전주
35.14667,126.86147,1,서구,전남광주통합특별시 서구 쌍촌동 524-1,한전주
35.14667,126.87545,2,서구,전남광주통합특별시 서구 화정동 365-4,한전주
35.14667,126.87701,1,서구,전남광주통합특별시 서구 화정동 368-146,한전주
35.14668,126.86558,1,서구,전남광주통합특별시 서구 쌍촌동 1231,한전주
35.14669,126.86556,1,서구,전남광주통합특별시 서구 쌍촌동 1231,한전주
35.14669,126.86558,106,서구,전남광주통합특별시 서구 쌍촌동 1231,한전주
35.14669,126.91537,1,동구,광주광역시 동구 불로동 1-10,전용주
35.14669,126.94434,1,동구,광주광역시 동구 지산동 산76-13,한전주
35.1467,126.86558,1,서구,전남광주통합특별시 서구 쌍촌동 1231,한전주
35.1467,126.87366,1,서구,전남광주통합특별시 서구 화정동 334-232,한전주
35.1467,126.87422,1,서구,전남광주통합특별시 서구 화정동 334-4,한전주
35.1467,126.87793,1,서구,전남광주통합특별시 서구 화정동 367-74,한전주
35.1467,126.8843,1,서구,전남광주통합특별시 서구 화정동 727-1,한전주
35.1467,126.93838,1,동구,광주광역시 동구 지산동 172-13,전용주
35.14671,126.85846,1,서구,전남광주통합특별시 서구 쌍촌동 550-19,전용주
35.14671,126.87597,1,서구,전남광주통합특별시 서구 화정동 368-21,한전주
35.14671,126.92828,1,동구,광주광역시 동구 동명동 118-24,한전주
35.14671,126.92894,1,동구,광주광역시 동구 지산동 523-4,한전주
35.14674,126.88494,1,서구,전남광주통합특별시 서구 화정동 726-19,건축물
35.14674,126.91727,1,동구,광주광역시 동구 황금동 76,전용주
35.14675,126.87386,1,서구,전남광주통합특별시 서구 화정동 334-39,전용주
35.14675,126.87599,1,서구,전남광주통합특별시 서구 화정동 368-21,전용주
35.14675,126.92816,1,동구,광주광역시 동구 동명동 118-26,한전주
35.14675,126.9392,1,동구,광주광역시 동구 지산동 168-5,한전주
35.14676,126.91508,1,동구,광주광역시 동구 불로동 1-12,전용주
35.14677,126.87331,1,서구,전남광주통합특별시 서구 화정동 334-131,한전주
35.14678,126.91597,1,동구,광주광역시 동구 황금동 55-6,전용주
35.14678,126.92624,1,동구,광주광역시 동구 서석동 11-6,한전주
35.14678,126.92698,1,동구,광주광역시 동구 동명동 135-16,한전주
35.14678,126.92844,1,동구,광주광역시 동구 동명동 118-23,전용주
35.14679,126.87729,1,서구,전남광주통합특별시 서구 화정동 368-79,건축물
35.1468,126.87287,1,서구,전남광주통합특별시 서구 화정동 334-107,한전주
35.1468,126.92852,1,동구,광주광역시 동구 동명동 117-25,한전주
35.1468,126.93617,1,동구,광주광역시 동구 지산동 178-56,한전주
35.1468,126.93806,1,동구,광주광역시 동구 지산동 172-26,한전주
35.14681,126.85916,1,서구,전남광주통합특별시 서구 쌍촌동 553-17,전용주
35.14681,126.92296,1,동구,광주광역시 동구 서석동 42-10,건축물
35.14681,126.93556,1,동구,광주광역시 동구 지산동 178-44,한전주
35.14682,126.86043,1,서구,전남광주통합특별시 서구 쌍촌동 547,한전주
35.14682,126.91587,1,동구,광주광역시 동구 황금동 55-3,전용주
35.14682,126.93517,1,동구,광주광역시 동구 지산동 185-13,전용주
35.14682,126.93594,1,동구,광주광역시 동구 지산동 178-50,전용주
35.14683,126.85807,1,서구,전남광주통합특별시 서구 쌍촌동 550-14,건축물
35.14683,126.91318,1,동구,광주광역시 동구 호남동 41-12,전용주
35.14683,126.92797,1,동구,광주광역시 동구 동명동 118-20,한전주
35.14684,126.87603,1,서구,전남광주통합특별시 서구 화정동 368-30,전용주
35.14684,126.91587,1,동구,광주광역시 동구 황금동 55-3,건축물
35.14685,126.85937,1,서구,전남광주통합특별시 서구 쌍촌동 553-15,한전주
35.14685,126.86157,1,서구,전남광주통합특별시 서구 쌍촌동 520,한전주
35.14685,126.87688,1,서구,전남광주통합특별시 서구 화정동 368-117,한전주
35.14685,126.93149,1,동구,광주광역시 동구 지산동 486-3,건축물
35.14686,126.88579,1,서구,전남광주통합특별시 서구 화정동 725-15,한전주
35.14687,126.8611,1,서구,전남광주통합특별시 서구 쌍촌동 526,한전주
35.14687,126.87254,1,서구,전남광주통합특별시 서구 화정동 332-18,한전주
35.14689,126.86084,1,서구,전남광주통합특별시 서구 쌍촌동 545,전용주
35.14689,126.87557,1,서구,전남광주통합특별시 서구 화정동 368-66,한전주
35.14689,126.87603,1,서구,전남광주통합특별시 서구 화정동 368-30,전용주
35.14689,126.91488,1,동구,광주광역시 동구 불로동 1-26,전용주
35.14689,126.92793,1,동구,광주광역시 동구 동명동 118-21,한전주
35.1469,126.85807,1,서구,전남광주통합특별시 서구 쌍촌동 550-14,한전주
35.1469,126.8768,1,서구,전남광주통합특별시 서구 화정동 368-117,한전주
35.1469,126.87826,1,서구,전남광주통합특별시 서구 화정동 368-193,한전주
35.1469,126.8783,1,서구,전남광주통합특별시 서구 화정동 368-193,한전주
35.1469,126.93895,1,동구,광주광역시 동구 지산동 168-4,한전주
35.14691,126.85794,1,서구,전남광주통합특별시 서구 쌍촌동 927-64,한전주
35.14691,126.92265,1,동구,광주광역시 동구 서석동 42-1,전용주
35.14691,126.92281,1,동구,광주광역시 동구 서석동 42-18,건축물
35.14692,126.8563,2,서구,전남광주통합특별시 서구 쌍촌동 927-19,전용주
35.14692,126.87655,1,서구,전남광주통합특별시 서구 화정동 368-84,한전주
35.14692,126.87692,1,서구,전남광주통합특별시 서구 화정동 368-116,전용주
35.14692,126.8848,1,서구,전남광주통합특별시 서구 화정동 726-21,건축물
35.14692,126.92227,1,동구,광주광역시 동구 서석동 47-1,전용주
35.14692,126.92907,1,동구,광주광역시 동구 지산동 523-1,한전주
35.14692,126.92908,1,동구,광주광역시 동구 지산동 523-1,한전주
35.14692,126.93883,1,동구,광주광역시 동구 지산동 168-1,한전주
35.14693,126.86091,1,서구,전남광주통합특별시 서구 쌍촌동 933-2,한전주
35.14693,126.91358,1,동구,광주광역시 동구 호남동 68,한전주
35.14693,126.91631,1,동구,광주광역시 동구 황금동 51,전용주
35.14693,126.91632,1,동구,광주광역시 동구 황금동 51,전용주
35.14694,126.87386,1,서구,전남광주통합특별시 서구 화정동 334-36,한전주
35.14694,126.87491,1,서구,전남광주통합특별시 서구 화정동 326-3,한전주
35.14694,126.91266,1,동구,광주광역시 동구 호남동 52-37,전용주
35.14694,126.92734,1,동구,광주광역시 동구 동명동 128,한전주
35.14694,126.93723,1,동구,광주광역시 동구 지산동 177-1,한전주
35.14694,126.93726,1,동구,광주광역시 동구 지산동 177-1,한전주
35.14695,126.87328,1,서구,전남광주통합특별시 서구 화정동 334-98,한전주
35.14695,126.8774,1,서구,전남광주통합특별시 서구 화정동 368-62,한전주
35.14695,126.88431,7,서구,전남광주통합특별시 서구 화정동 738-4,한전주
35.14695,126.91401,1,동구,광주광역시 동구 호남동 75,전용주
35.14695,126.92887,1,동구,광주광역시 동구 동명동 117-11,한전주
35.14695,126.93552,1,동구,광주광역시 동구 지산동 188-18,한전주
35.14695,126.93916,1,동구,광주광역시 동구 지산동 164-5,한전주
35.14697,126.85928,1,서구,전남광주통합특별시 서구 쌍촌동 552-18,한전주
35.14697,126.86091,1,서구,전남광주통합특별시 서구 쌍촌동 933-2,한전주
35.14697,126.87325,1,서구,전남광주통합특별시 서구 화정동 334-98,한전주
35.14697,126.87328,1,서구,전남광주통합특별시 서구 화정동 334-98,한전주
35.14697,126.87356,1,서구,전남광주통합특별시 서구 화정동 334-139,전용주
35.14697,126.93817,1,동구,광주광역시 동구 지산동 172-9,전용주
35.14698,126.91401,1,동구,광주광역시 동구 호남동 75,전용주
35.14698,126.91606,1,동구,광주광역시 동구 황금동 55-1,전용주
35.14698,126.93092,2,동구,광주광역시 동구 지산동 480-1,한전주
35.14698,126.9381,1,동구,광주광역시 동구 지산동 172-7,한전주
35.14699,126.8579,1,서구,전남광주통합특별시 서구 쌍촌동 874-15,한전주
35.14699,126.92256,1,동구,광주광역시 동구 서석동 42-12,한전주
35.147,126.85894,1,서구,전남광주통합특별시 서구 쌍촌동 552-7,한전주
35.147,126.88561,1,서구,전남광주통합특별시 서구 화정동 725-13,건축물
35.14701,126.87415,1,서구,전남광주통합특별시 서구 화정동 334-150,한전주
35.14701,126.9273,1,동구,광주광역시 동구 동명동 135-2,전용주
35.14702,126.87208,8,서구,전남광주통합특별시 서구 화정동 899,한전주
35.14702,126.93938,1,동구,광주광역시 동구 지산동 201-4,전용주
35.14703,126.91324,1,동구,광주광역시 동구 호남동 40-6,한전주
35.14703,126.91623,1,동구,광주광역시 동구 황금동 48-5,전용주
35.14703,126.92872,1,동구,광주광역시 동구 동명동 117-3,전용주
35.14704,126.85894,1,서구,전남광주통합특별시 서구 쌍촌동 552-7,한전주
35.14704,126.87759,1,서구,전남광주통합특별시 서구 화정동 367-36,한전주
35.14704,126.92808,1,동구,광주광역시 동구 동명동 118-19,전용주
35.14705,126.87812,1,서구,전남광주통합특별시 서구 화정동 368-176,한전주
35.14705,126.88555,1,서구,전남광주통합특별시 서구 화정동 725-12,한전주
35.14706,126.87367,1,서구,전남광주통합특별시 서구 화정동 334-32,한전주
35.14706,126.88558,1,서구,전남광주통합특별시 서구 화정동 725-12,한전주
35.14706,126.88619,1,서구,전남광주통합특별시 서구 화정동 723-11,한전주
35.14706,126.91534,1,동구,광주광역시 동구 황금동 21,전용주
35.14706,126.91538,1,동구,광주광역시 동구 황금동 21,전용주
35.14706,126.93812,1,동구,광주광역시 동구 지산동 172-1,건축물
35.14707,126.85721,1,서구,전남광주통합특별시 서구 쌍촌동 872-20,한전주
35.14707,126.87528,1,서구,전남광주통합특별시 서구 화정동 325-10,전용주
35.14707,126.93777,1,동구,광주광역시 동구 지산동 174-9,전용주
35.14708,126.93913,1,동구,광주광역시 동구 지산동 702-15,한전주
35.14709,126.85899,1,서구,전남광주통합특별시 서구 쌍촌동 552-7,한전주
35.14709,126.92319,1,동구,광주광역시 동구 서석동 41-3,한전주
35.14709,126.9316,1,동구,광주광역시 동구 지산동 488-3,한전주
35.1471,126.88487,1,서구,전남광주통합특별시 서구 화정동 726-1,한전주
35.1471,126.91472,1,동구,광주광역시 동구 불로동 1-22,전용주
35.1471,126.93134,1,동구,광주광역시 동구 지산동 486-1,한전주
35.14711,126.86603,1,서구,전남광주통합특별시 서구 쌍촌동 1207-4,한전주
35.14711,126.87457,1,서구,전남광주통합특별시 서구 화정동 334-70,한전주
35.14711,126.87571,1,서구,전남광주통합특별시 서구 화정동 368-175,한전주
35.14711,126.87573,1,서구,전남광주통합특별시 서구 화정동 368-175,전용주
35.14711,126.87578,1,서구,전남광주통합특별시 서구 화정동 368-175,전용주
35.14711,126.91598,1,동구,광주광역시 동구 황금동 37,전용주
35.14711,126.93561,1,동구,광주광역시 동구 지산동 188-14,건축물
35.14712,126.91438,1,동구,광주광역시 동구 호남동 78-1,전용주
35.14713,126.86343,2,서구,전남광주통합특별시 서구 쌍촌동 1212,전용주
35.14714,126.87578,1,서구,전남광주통합특별시 서구 화정동 368-175,한전주
35.14714,126.87731,1,서구,전남광주통합특별시 서구 화정동 368-100,한전주
35.14714,126.91524,1,동구,광주광역시 동구 황금동 21-10,전용주
35.14714,126.93846,1,동구,광주광역시 동구 지산동 167-4,한전주
35.14714,126.96723,1,북구,전남광주통합특별시 북구 화암동 산299-2,한전주
35.14715,126.87457,1,서구,전남광주통합특별시 서구 화정동 334-70,한전주
35.14715,126.87637,1,서구,전남광주통합특별시 서구 화정동 368-5,한전주
35.14715,126.88439,1,서구,전남광주통합특별시 서구 화정동 728-15,한전주
35.14715,126.9156,1,동구,광주광역시 동구 황금동 34,전용주
35.14716,126.87386,1,서구,전남광주통합특별시 서구 화정동 334-35,전용주
35.14716,126.88526,1,서구,전남광주통합특별시 서구 화정동 725-20,건축물
35.14716,126.91488,1,동구,광주광역시 동구 황금동 102-3,전용주
35.14716,126.93703,1,동구,광주광역시 동구 지산동 691-99,한전주
35.14717,126.85931,1,서구,전남광주통합특별시 서구 쌍촌동 553-9,한전주
35.14718,126.86343,1,서구,전남광주통합특별시 서구 쌍촌동 1212,한전주
35.14718,126.87417,1,서구,전남광주통합특별시 서구 화정동 334-149,전용주
35.14718,126.88458,1,서구,전남광주통합특별시 서구 화정동 728-11,한전주
35.14718,126.92249,1,동구,광주광역시 동구 서석동 45-12,전용주
35.14718,126.93576,1,동구,광주광역시 동구 지산동 188-13,한전주
35.14718,126.93858,1,동구,광주광역시 동구 지산동 168-2,한전주
35.14719,126.85749,1,서구,전남광주통합특별시 서구 쌍촌동 875-10,한전주
35.14719,126.87578,1,서구,전남광주통합특별시 서구 화정동 368-175,전용주
35.1472,126.86183,1,서구,전남광주통합특별시 서구 쌍촌동 511,전용주
35.1472,126.88412,1,서구,전남광주통합특별시 서구 화정동 728-4,전용주
35.14722,126.85851,1,서구,전남광주통합특별시 서구 쌍촌동 551-9,한전주
35.14722,126.86091,1,서구,전남광주통합특별시 서구 쌍촌동 533-3,한전주
35.14722,126.87456,1,서구,전남광주통합특별시 서구 화정동 산 84-10,전용주
35.14722,126.87458,1,서구,전남광주통합특별시 서구 화정동 산 84-10,전용주
35.14722,126.87672,1,서구,전남광주통합특별시 서구 화정동 368-19,전용주
35.14723,126.91589,1,동구,광주광역시 동구 황금동 37-1,전용주
35.14723,126.92691,2,동구,광주광역시 동구 동명동 135-1,한전주
35.14723,126.92736,1,동구,광주광역시 동구 동명동 135,전용주
35.14723,126.93307,1,동구,광주광역시 동구 지산동 459-1,한전주
35.14723,126.93596,1,동구,광주광역시 동구 지산동 188-11,한전주
35.14724,126.85777,1,서구,전남광주통합특별시 서구 쌍촌동 874-14,한전주
35.14724,126.8579,1,서구,전남광주통합특별시 서구 쌍촌동 927-65,건축물
35.14724,126.91545,1,동구,광주광역시 동구 황금동 33,전용주
35.14724,126.92942,1,동구,광주광역시 동구 동명동 116-3,한전주
35.14724,126.92967,1,동구,광주광역시 동구 지산동 116-15,한전주
35.14724,126.93251,1,동구,광주광역시 동구 지산동 459-3,한전주
35.14724,126.9334,1,동구,광주광역시 동구 지산동 458-8,한전주
35.14725,126.86156,1,서구,전남광주통합특별시 서구 쌍촌동 516,한전주
35.14725,126.87295,1,서구,전남광주통합특별시 서구 화정동 334-222,한전주
35.14725,126.87626,1,서구,전남광주통합특별시 서구 화정동 368-72,한전주
35.14725,126.92875,1,동구,광주광역시 동구 동명동 115-29,전용주
35.14727,126.88476,1,서구,전남광주통합특별시 서구 화정동 728-10,한전주
35.14727,126.92736,1,동구,광주광역시 동구 동명동 135,한전주
35.14727,126.9352,1,동구,광주광역시 동구 지산동 186-3,한전주
35.14728,126.86026,1,서구,전남광주통합특별시 서구 쌍촌동 540-10,한전주
35.14728,126.87729,4,서구,전남광주통합특별시 서구 화정동 368-102,건축물
35.14728,126.87795,1,서구,전남광주통합특별시 서구 화정동 657-40,한전주
35.14728,126.87796,1,서구,전남광주통합특별시 서구 화정동 657-40,한전주
35.14728,126.91235,1,동구,광주광역시 동구 호남동 43-14,전용주
35.14728,126.91333,1,동구,광주광역시 동구 호남동 39-18,전용주
35.14729,126.85859,1,서구,전남광주통합특별시 서구 쌍촌동 551-9,건축물
35.14729,126.85962,1,서구,전남광주통합특별시 서구 쌍촌동 544-1,한전주
35.14729,126.86192,1,서구,전남광주통합특별시 서구 쌍촌동 512,전용주
35.14729,126.9159,1,동구,광주광역시 동구 황금동 37-2,전용주
35.1473,126.88662,1,서구,전남광주통합특별시 서구 농성동 667-39,한전주
35.1473,126.91545,1,동구,광주광역시 동구 황금동 33,전용주
35.1473,126.93294,1,동구,광주광역시 동구 지산동 459-4,한전주
35.14731,126.86609,1,서구,전남광주통합특별시 서구 쌍촌동 1207-3,한전주
35.14731,126.92362,1,동구,광주광역시 동구 서석동 132,한전주
35.14731,126.93161,1,동구,광주광역시 동구 지산동 464-5,한전주
35.14731,126.93769,1,동구,광주광역시 동구 지산동 691-90,한전주
35.14732,126.87272,1,서구,전남광주통합특별시 서구 화정동 332-2,한전주
35.14732,126.87277,1,서구,전남광주통합특별시 서구 화정동 332-2,한전주
35.14732,126.87307,1,서구,전남광주통합특별시 서구 화정동 334-97,전용주
35.14732,126.87355,1,서구,전남광주통합특별시 서구 화정동 334-3,전용주
35.14732,126.91309,1,동구,광주광역시 동구 호남동 39-12,전용주
35.14732,126.91417,1,동구,광주광역시 동구 호남동 73,한전주
35.14733,126.85998,1,서구,전남광주통합특별시 서구 쌍촌동 933-6,한전주
35.14734,126.85798,1,서구,전남광주통합특별시 서구 쌍촌동 873-7,한전주
35.14734,126.85901,1,서구,전남광주통합특별시 서구 쌍촌동 553-2,전용주
35.14734,126.91582,1,동구,광주광역시 동구 황금동 28,전용주
35.14734,126.93758,1,동구,광주광역시 동구 지산동 196-7,한전주
35.14734,126.94403,1,동구,광주광역시 동구 지산동 산70-1,한전주
35.14735,126.876,1,서구,전남광주통합특별시 서구 화정동 368-210,한전주
35.14735,126.92703,1,동구,광주광역시 동구 동명동 137,전용주
35.14735,126.93283,1,동구,광주광역시 동구 지산동 460-2,한전주
35.14736,126.87828,1,서구,전남광주통합특별시 서구 화정동 368-161,전용주
35.14736,126.92362,1,동구,광주광역시 동구 서석동 132,전용주
35.14736,126.93768,1,동구,광주광역시 동구 지산동 702-12,한전주
35.14737,126.88496,1,서구,전남광주통합특별시 서구 화정동 724-50,한전주
35.14738,126.93122,1,동구,광주광역시 동구 지산동 465-7,전용주
35.14738,126.93839,1,동구,광주광역시 동구 지산동 196-22,한전주
35.14739,126.85735,1,서구,전남광주통합특별시 서구 쌍촌동 872-4,한전주
35.14739,126.85798,1,서구,전남광주통합특별시 서구 쌍촌동 873-7,한전주
35.14739,126.85918,1,서구,전남광주통합특별시 서구 쌍촌동 553-4,전용주
35.1474,126.85798,1,서구,전남광주통합특별시 서구 쌍촌동 873-7,한전주
35.1474,126.86,1,서구,전남광주통합특별시 서구 쌍촌동 543-4,한전주
35.1474,126.93887,1,동구,광주광역시 동구 지산동 198-15,전용주
35.14741,126.88678,1,서구,전남광주통합특별시 서구 농성동 667-32,한전주
35.14742,126.84877,1,서구,전남광주통합특별시 서구 치평동 1260-1,한전주
35.14742,126.92281,1,동구,광주광역시 동구 장동 110-3,전용주
35.14742,126.92307,1,동구,광주광역시 동구 장동 101-25,전용주
35.14742,126.92884,1,동구,광주광역시 동구 동명동 115-1,전용주
35.14743,126.91545,2,동구,광주광역시 동구 황금동 32,전용주
35.14743,126.9614,1,북구,전남광주통합특별시 북구 화암동 502,한전주
35.14744,126.93016,1,동구,광주광역시 동구 지산동 466-16,한전주
35.14744,126.93659,1,동구,광주광역시 동구 지산동 691-6,건축물
35.14745,126.93254,1,동구,광주광역시 동구 지산동 462-9,전용주
35.14746,126.91345,1,동구,광주광역시 동구 호남동 39-9,한전주
35.14747,126.91589,1,동구,광주광역시 동구 황금동 27,전용주
35.14747,126.93158,1,동구,광주광역시 동구 지산동 464-6,한전주
35.14747,126.93226,1,동구,광주광역시 동구 지산동 461-1,한전주
35.14749,126.85991,1,서구,전남광주통합특별시 서구 쌍촌동 543-4,한전주
35.1475,126.84922,1,서구,전남광주통합특별시 서구 치평동 266-24,한전주
35.1475,126.8652,1,서구,전남광주통합특별시 서구 쌍촌동 1199-5,전용주
35.1475,126.91609,4,동구,광주광역시 동구 황금동 56-1,전용주
35.1475,126.92239,1,동구,광주광역시 동구 장동 103-10,한전주
35.1475,126.93277,1,동구,광주광역시 동구 지산동 694-14,한전주
35.1475,126.93382,1,동구,광주광역시 동구 지산동 457-3,한전주
35.1475,126.93522,1,동구,광주광역시 동구 지산동 187-22,한전주
35.1475,126.93732,1,동구,광주광역시 동구 지산동 194-4,건축물
35.14751,126.91292,1,동구,광주광역시 동구 호남동 39-1,전용주
35.14751,126.92589,1,동구,광주광역시 동구 동명동 139-13,전용주
35.14751,126.92919,1,동구,광주광역시 동구 동명동 115-2,한전주
35.14752,126.92836,1,동구,광주광역시 동구 동명동 125-4,한전주
35.14752,126.92919,1,동구,광주광역시 동구 동명동 115-2,한전주
35.14752,126.9333,1,동구,광주광역시 동구 지산동 691-31,한전주
35.14752,126.93535,1,동구,광주광역시 동구 지산동 187-40,한전주
35.14752,126.93812,1,동구,광주광역시 동구 지산동 198-3,한전주
35.14753,126.85839,1,서구,전남광주통합특별시 서구 쌍촌동 873-16,한전주
35.14753,126.91819,1,동구,광주광역시 동구 금남로1가 19-14,전용주
35.14754,126.87227,1,서구,전남광주통합특별시 서구 화정동 341-15,한전주
35.14754,126.91479,1,동구,광주광역시 동구 황금동 19-1,전용주
35.14754,126.92735,1,동구,광주광역시 동구 동명동 142-51,전용주
35.14754,126.93767,1,동구,광주광역시 동구 지산동 194-12,전용주
35.14754,126.93928,1,동구,광주광역시 동구 지산동 203-6,한전주
35.14755,126.87638,1,서구,전남광주통합특별시 서구 화정동 705,한전주
35.14755,126.88339,1,서구,전남광주통합특별시 서구 화정동 696-2,한전주
35.14755,126.92556,1,동구,광주광역시 동구 서석동 14-1,한전주
35.14755,126.92856,1,동구,광주광역시 동구 동명동 124-1,한전주
35.14756,126.92758,1,동구,광주광역시 동구 동명동 142-47,한전주
35.14757,126.86129,1,서구,전남광주통합특별시 서구 쌍촌동 531-4,한전주
35.14757,126.87592,1,서구,전남광주통합특별시 서구 화정동 368-58,한전주
35.14757,126.93071,1,동구,광주광역시 동구 지산동 466-28,한전주
35.14758,126.86129,1,서구,전남광주통합특별시 서구 쌍촌동 531-4,한전주
35.14758,126.93452,1,동구,광주광역시 동구 지산동 693-3,한전주
35.14759,126.86129,1,서구,전남광주통합특별시 서구 쌍촌동 531-4,한전주
35.14759,126.87632,1,서구,전남광주통합특별시 서구 화정동 705,한전주
35.14759,126.91836,1,동구,광주광역시 동구 금남로1가 19-16,전용주
35.14759,126.92946,1,동구,광주광역시 동구 동명동 114-6,한전주
35.1476,126.85724,1,서구,전남광주통합특별시 서구 쌍촌동 977-15,한전주
35.1476,126.93104,1,동구,광주광역시 동구 지산동 465-18,건축물
35.1476,126.93825,1,동구,광주광역시 동구 지산동 198-13,한전주
35.14761,126.8588,1,서구,전남광주통합특별시 서구 쌍촌동 556-10,
35.14761,126.91208,1,동구,광주광역시 동구 호남동 30-6,전용주
35.14761,126.92657,1,동구,광주광역시 동구 동명동 141-9,한전주
35.14761,126.934,1,동구,광주광역시 동구 지산동 457-2,한전주
35.14761,126.93485,1,동구,광주광역시 동구 지산동 693-1,한전주
35.14761,126.93651,0,동구,광주광역시 동구 지산동 691-38,한전주
35.14762,126.85917,2,서구,전남광주통합특별시 서구 쌍촌동 554-11,한전주
35.14762,126.92645,1,동구,광주광역시 동구 동명동 141-10,전용주
35.14762,126.92892,1,동구,광주광역시 동구 동명동 115-15,한전주
35.14762,126.93199,1,동구,광주광역시 동구 지산동 462-19,전용주
35.14762,126.93806,1,동구,광주광역시 동구 지산동 198-7,한전주
35.14763,126.92737,1,동구,광주광역시 동구 동명동 142-50,한전주
35.14764,126.84986,1,서구,전남광주통합특별시 서구 치평동 266-9,전용주
35.14764,126.88526,1,서구,전남광주통합특별시 서구 화정동 724-24,한전주
35.14764,126.9159,1,동구,광주광역시 동구 황금동 41-3,전용주
35.14765,126.8595,1,서구,전남광주통합특별시 서구 쌍촌동 554-13,한전주
35.14765,126.86439,1,서구,전남광주통합특별시 서구 쌍촌동 1196-9,한전주
35.14766,126.92248,1,동구,광주광역시 동구 장동 101-104,건축물
35.14766,126.93237,1,동구,광주광역시 동구 지산동 462-8,한전주
35.14767,126.91155,2,동구,광주광역시 동구 호남동 80,전용주
35.14767,126.91404,1,동구,광주광역시 동구 황금동 113-2,전용주
35.14767,126.92284,1,동구,광주광역시 동구 장동 101-21,전용주
35.14767,126.92635,1,동구,광주광역시 동구 동명동 140-7,한전주
35.14767,126.93137,2,동구,광주광역시 동구 지산동 463-13,한전주
35.14768,126.87277,1,서구,전남광주통합특별시 서구 화정동 332-15,전용주
35.14768,126.91804,1,동구,광주광역시 동구 충장로1가 2-3,전용주
35.14768,126.92707,2,동구,광주광역시 동구 동명동 142-64,한전주
35.14768,126.93346,1,동구,광주광역시 동구 지산동 453-15,한전주
35.14769,126.85865,1,서구,전남광주통합특별시 서구 쌍촌동 933-4,한전주
35.14769,126.91462,1,동구,광주광역시 동구 황금동 11-4,전용주
35.14769,126.92989,1,동구,광주광역시 동구 동명동 114-13,한전주
35.1477,126.8836,1,서구,전남광주통합특별시 서구 화정동 532-1,한전주
35.1477,126.91557,1,동구,광주광역시 동구 황금동 23-8,전용주
35.1477,126.92764,1,동구,광주광역시 동구 동명동 142-69,한전주
35.14771,126.91589,1,동구,광주광역시 동구 황금동 25-3,전용주
35.14771,126.93028,1,동구,광주광역시 동구 지산동 466-19,한전주
35.14771,126.93276,1,동구,광주광역시 동구 지산동 694-8,한전주
35.14772,126.84938,1,서구,전남광주통합특별시 서구 치평동 266-2,한전주
35.14772,126.91582,1,동구,광주광역시 동구 황금동 25-3,전용주
35.14772,126.92697,1,동구,광주광역시 동구 동명동 142-59,전용주
35.14772,126.9289,1,동구,광주광역시 동구 동명동 101-38,전용주
35.14773,126.88738,1,서구,전남광주통합특별시 서구 농성동 669-19,한전주
35.14774,126.8591,1,서구,전남광주통합특별시 서구 쌍촌동 554-10,한전주
35.14775,126.87833,1,서구,전남광주통합특별시 서구 화정동 657-51,전용주
35.14775,126.92598,1,동구,광주광역시 동구 동명동 140-4,한전주
35.14775,126.93263,1,동구,광주광역시 동구 지산동 462-15,전용주
35.14775,126.94009,1,동구,광주광역시 동구 지산동 201-7,한전주
35.14776,126.85894,1,서구,전남광주통합특별시 서구 쌍촌동 558-13,한전주
35.14776,126.87833,1,서구,전남광주통합특별시 서구 화정동 657-51,전용주
35.14776,126.93113,1,동구,광주광역시 동구 지산동 407-8,건축물
35.14776,126.9318,1,동구,광주광역시 동구 지산동 444-8,한전주
35.14776,126.93186,1,동구,광주광역시 동구 지산동 444-7,전용주
35.14777,126.86133,1,서구,전남광주통합특별시 서구 쌍촌동 531-5,전용주
35.14777,126.86605,1,서구,전남광주통합특별시 서구 쌍촌동 1201-4,한전주
35.14778,126.93186,1,동구,광주광역시 동구 지산동 462-2,한전주
35.14779,126.86135,1,서구,전남광주통합특별시 서구 쌍촌동 531-5,전용주
35.14779,126.91444,1,동구,광주광역시 동구 황금동 11-8,전용주
35.1478,126.9143,1,동구,광주광역시 동구 황금동 7-2,건축물
35.14781,126.93434,1,동구,광주광역시 동구 지산동 453-13,한전주
35.14782,126.92267,1,동구,광주광역시 동구 장동 101-30,전용주
35.14782,126.93909,1,동구,광주광역시 동구 지산동 220-3,한전주
35.14782,126.96799,1,북구,전남광주통합특별시 북구 화암동 산221-1,한전주
35.14783,126.86305,1,서구,전남광주통합특별시 서구 쌍촌동 1193-13,한전주
35.14783,126.92978,1,동구,광주광역시 동구 동명동 113-98,한전주
35.14785,126.93084,1,동구,광주광역시 동구 지산동 406-9,한전주
35.14786,126.8666,1,서구,전남광주통합특별시 서구 쌍촌동 401-4,한전주
35.14786,126.9275,1,동구,광주광역시 동구 동명동 142-44,전용주
35.14786,126.93559,1,동구,광주광역시 동구 지산동 691-16,전용주
35.14787,126.87614,1,서구,전남광주통합특별시 서구 화정동 368-206,한전주
35.14787,126.88388,1,서구,전남광주통합특별시 서구 화정동 532-15,한전주
35.14787,126.9252,1,동구,광주광역시 동구 동명동 143-82,건축물
35.14788,126.93493,1,동구,광주광역시 동구 지산동 694-110,전용주
35.14788,126.93938,1,동구,광주광역시 동구 지산동 218-32,전용주
35.14789,126.92676,1,동구,광주광역시 동구 동명동 142-34,한전주
35.14789,126.9436,1,동구,광주광역시 동구 지산동 118-6,한전주
35.1479,126.84984,1,서구,전남광주통합특별시 서구 치평동 274-1,한전주
35.1479,126.8666,1,서구,전남광주통합특별시 서구 쌍촌동 401-4,한전주
35.1479,126.88419,1,서구,전남광주통합특별시 서구 화정동 730-1,한전주
35.1479,126.88602,1,서구,전남광주통합특별시 서구 농성동 667-11,한전주
35.1479,126.93957,1,동구,광주광역시 동구 지산동 218-34,한전주
35.14791,126.87569,1,서구,전남광주통합특별시 서구 화정동 318-51,한전주
35.14791,126.88786,1,서구,전남광주통합특별시 서구 농성동 670-38,한전주
35.14791,126.9183,1,동구,광주광역시 동구 금남로1가 19-4,전용주
35.14791,126.92879,1,동구,광주광역시 동구 동명동 101-55,한전주
35.14792,126.88625,1,서구,전남광주통합특별시 서구 농성동 667-23,전용주
35.14792,126.91246,1,동구,광주광역시 동구 호남동 32-27,건축물
35.14792,126.91779,1,동구,광주광역시 동구 충장로1가 1,전용주
35.14792,126.92782,1,동구,광주광역시 동구 동명동 288-29,전용주
35.14792,126.94122,1,동구,광주광역시 동구 지산동 122-8,한전주
35.14793,126.92641,1,동구,광주광역시 동구 동명동 141-24,한전주
35.14793,126.93258,1,동구,광주광역시 동구 지산동 462,한전주
35.14793,126.9342,1,동구,광주광역시 동구 지산동 452-13,한전주
35.14794,126.86182,1,서구,전남광주통합특별시 서구 쌍촌동 531-1,한전주
35.14794,126.88444,1,서구,전남광주통합특별시 서구 농성동 666-11,한전주
35.14795,126.91784,1,동구,광주광역시 동구 금남로1가 19-12,전용주
35.14795,126.93531,1,동구,광주광역시 동구 지산동 691-18,건축물
35.14795,126.93839,1,동구,광주광역시 동구 지산동 198-9,전용주
35.14795,126.94052,1,동구,광주광역시 동구 지산동 90,한전주
35.14795,126.94057,1,동구,광주광역시 동구 지산동 90,한전주
35.14796,126.86503,1,서구,전남광주통합특별시 서구 쌍촌동 1199-1,한전주
35.14796,126.92921,1,동구,광주광역시 동구 동명동 101-76,한전주
35.14796,126.93116,1,동구,광주광역시 동구 지산동 407-6,한전주
35.14796,126.9313,1,동구,광주광역시 동구 지산동 463-1,전용주
35.14797,126.93449,1,동구,광주광역시 동구 지산동 232-46,건축물
35.14798,126.86063,1,서구,전남광주통합특별시 서구 쌍촌동 531-30,한전주
35.14799,126.87203,1,서구,전남광주통합특별시 서구 화정동 산 57-4,한전주
35.14799,126.8721,1,서구,전남광주통합특별시 서구 화정동 산 57-4,한전주
35.14799,126.88767,9,서구,전남광주통합특별시 서구 농성동 672-8,한전주
35.14799,126.94014,1,동구,광주광역시 동구 지산동 218-67,전용주
35.14799,126.94018,1,동구,광주광역시 동구 지산동 218-67,한전주
35.148,126.85692,1,서구,전남광주통합특별시 서구 쌍촌동 976-6,한전주
35.148,126.85913,1,서구,전남광주통합특별시 서구 쌍촌동 978-3,한전주
35.148,126.91391,1,동구,광주광역시 동구 황금동 5-17,전용주
35.148,126.93601,1,동구,광주광역시 동구 지산동 232-21,한전주
35.148,126.93825,1,동구,광주광역시 동구 지산동 702-21,한전주
35.14802,126.9304,1,동구,광주광역시 동구 지산동 405-9,한전주
35.14802,126.93628,1,동구,광주광역시 동구 지산동 232-44,전용주
35.14803,126.91532,1,동구,광주광역시 동구 충장로3가 41-1,전용주
35.14803,126.93372,1,동구,광주광역시 동구 지산동 452-11,한전주
35.14803,126.95111,1,동구,광주광역시 동구 지산동 산60-1,전용주
35.14804,126.86628,2,서구,전남광주통합특별시 서구 쌍촌동 400-10,전용주
35.14804,126.91452,1,동구,광주광역시 동구 황금동 12-2,전용주
35.14805,126.91452,2,동구,광주광역시 동구 황금동 12-2,전용주
35.14805,126.92641,1,동구,광주광역시 동구 동명동 143-43,한전주
35.14805,126.92899,1,동구,광주광역시 동구 동명동 101-12,한전주
35.14805,126.9455,1,동구,광주광역시 동구 지산동 산68-24,한전주
35.14806,126.8644,1,서구,전남광주통합특별시 서구 쌍촌동 1196-6,한전주
35.14806,126.91663,1,동구,광주광역시 동구 충장로2가 33,전용주
35.14806,126.92502,1,동구,광주광역시 동구 동명동 143-71,한전주
35.14807,126.85968,1,서구,전남광주통합특별시 서구 쌍촌동 1003-5,한전주
35.14807,126.93604,1,동구,광주광역시 동구 지산동 232-59,전용주
35.14808,126.85041,1,서구,전남광주통합특별시 서구 치평동 276-5,전용주
35.14808,126.85953,1,서구,전남광주통합특별시 서구 쌍촌동 1003-9,한전주
35.14809,126.92253,4,동구,광주광역시 동구 장동 87-12,전용주
35.14809,126.93389,1,동구,광주광역시 동구 지산동 452-4,한전주
35.1481,126.91144,1,동구,광주광역시 동구 호남동 16,전용주
35.1481,126.91232,1,동구,광주광역시 동구 호남동 32-21,전용주
35.1481,126.93343,1,동구,광주광역시 동구 지산동 452-5,한전주
35.1481,126.93845,1,동구,광주광역시 동구 지산동 222,한전주
35.1481,126.93868,1,동구,광주광역시 동구 지산동 220-13,한전주
35.1481,126.93958,1,동구,광주광역시 동구 지산동 218-56,전용주
35.14811,126.85803,1,서구,전남광주통합특별시 서구 쌍촌동 979-47,한전주
35.14811,126.93075,1,동구,광주광역시 동구 지산동 406-4,한전주
35.14812,126.8371,1,서구,전남광주통합특별시 서구 치평동 897-6,한전주
35.14812,126.9306,1,동구,광주광역시 동구 지산동 405-18,한전주
35.14812,126.93264,1,동구,광주광역시 동구 지산동 694-72,한전주
35.14813,126.91678,1,동구,광주광역시 동구 충장로2가 8-3,전용주
35.14813,126.93364,1,동구,광주광역시 동구 지산동 452-2,전용주
35.14814,126.86239,1,서구,전남광주통합특별시 서구 쌍촌동 531-26,한전주
35.14814,126.92584,1,동구,광주광역시 동구 동명동 143-78,한전주
35.14814,126.93732,1,동구,광주광역시 동구 지산동 225-5,한전주
35.14815,126.87032,1,서구,전남광주통합특별시 서구 쌍촌동 452-22,한전주
35.14815,126.87618,1,서구,전남광주통합특별시 서구 화정동 703-3,한전주
35.14815,126.92462,1,동구,광주광역시 동구 동명동 146-3,한전주
35.14816,126.8601,1,서구,전남광주통합특별시 서구 쌍촌동 1003-3,한전주
35.14816,126.93317,1,동구,광주광역시 동구 지산동 445-6,한전주
35.14817,126.86595,1,서구,전남광주통합특별시 서구 쌍촌동 401-3,한전주
35.14818,126.8601,1,서구,전남광주통합특별시 서구 쌍촌동 1003-3,
35.14818,126.86129,3,서구,전남광주통합특별시 서구 쌍촌동 531-7,한전주
35.14818,126.91178,1,동구,광주광역시 동구 호남동 23-1,전용주
35.14818,126.92929,1,동구,광주광역시 동구 동명동 101-35,전용주
35.14819,126.91673,1,동구,광주광역시 동구 충장로2가 8-3,전용주
35.14819,126.94174,1,동구,광주광역시 동구 지산동 99-4,한전주
35.1482,126.88629,1,서구,전남광주통합특별시 서구 농성동 667-21,한전주
35.1482,126.93058,1,동구,광주광역시 동구 지산동 405-17,전용주
35.1482,126.93357,1,동구,광주광역시 동구 지산동 449-17,건축물
35.14821,126.8367,1,서구,전남광주통합특별시 서구 치평동 897-6,한전주
35.14821,126.87595,1,서구,전남광주통합특별시 서구 화정동 318-42,한전주
35.14822,126.9266,1,동구,광주광역시 동구 동명동 143-27,한전주
35.14822,126.93112,1,동구,광주광역시 동구 지산동 407-3,전용주
35.14823,126.85093,1,서구,전남광주통합특별시 서구 치평동 275-20,전용주
35.14823,126.929,1,동구,광주광역시 동구 동명동 101-47,한전주
35.14823,126.92994,1,동구,광주광역시 동구 동명동 113-40,한전주
35.14823,126.93079,1,동구,광주광역시 동구 지산동 406-1,한전주
35.14823,126.933,1,동구,광주광역시 동구 지산동 445-2,한전주
35.14824,126.91446,1,동구,광주광역시 동구 황금동 12-7,전용주
35.14824,126.93138,1,동구,광주광역시 동구 지산동 694-68,한전주
35.14825,126.85874,1,서구,전남광주통합특별시 서구 쌍촌동 979-58,한전주
35.14825,126.87572,1,서구,전남광주통합특별시 서구 화정동 318-40,전용주
35.14825,126.93417,1,동구,광주광역시 동구 지산동 450-4,한전주
35.14826,126.85732,1,서구,전남광주통합특별시 서구 쌍촌동 976-19,한전주
35.14826,126.87654,1,서구,전남광주통합특별시 서구 화정동 318-32,한전주
35.14827,126.84957,4,서구,전남광주통합특별시 서구 치평동 1255-14,전용주
35.14827,126.91692,1,동구,광주광역시 동구 금남로2가 32-21,전용주
35.14827,126.92435,1,동구,광주광역시 동구 장동 84-6,전용주
35.14827,126.93764,1,동구,광주광역시 동구 지산동 226-5,한전주
35.14828,126.85675,1,서구,전남광주통합특별시 서구 쌍촌동 976-45,
35.14828,126.9169,1,동구,광주광역시 동구 충장로2가 8,전용주
35.14828,126.93104,1,동구,광주광역시 동구 지산동 407-11,전용주
35.14828,126.94318,1,동구,광주광역시 동구 지산동 691-116,한전주
35.14829,126.85905,1,서구,전남광주통합특별시 서구 쌍촌동 979-31,한전주
35.14829,126.88389,1,서구,전남광주통합특별시 서구 화정동 731-9,한전주
35.14829,126.88701,1,서구,전남광주통합특별시 서구 농성동 669-3,한전주
35.14829,126.88706,1,서구,전남광주통합특별시 서구 농성동 669-3,한전주
35.14829,126.92619,1,동구,광주광역시 동구 동명동 143-35,건축물
35.1483,126.88614,1,서구,전남광주통합특별시 서구 농성동 667-1,한전주
35.1483,126.91673,1,동구,광주광역시 동구 충장로2가 7-2,전용주
35.1483,126.93353,1,동구,광주광역시 동구 지산동 449-16,한전주
35.14831,126.86632,1,서구,전남광주통합특별시 서구 쌍촌동 401-11,
35.14831,126.87265,2,서구,전남광주통합특별시 서구 화정동 산 58-6,전용주
35.14831,126.87266,1,서구,전남광주통합특별시 서구 화정동 산 58-6,전용주
35.14831,126.8727,2,서구,전남광주통합특별시 서구 화정동 산 58-6,한전주
35.14831,126.88864,1,서구,전남광주통합특별시 서구 농성동 638-23,한전주
35.14831,126.93048,1,동구,광주광역시 동구 지산동 409-6,한전주
35.14832,126.87827,1,서구,전남광주통합특별시 서구 화정동 661-11,한전주
35.14833,126.85958,1,서구,전남광주통합특별시 서구 쌍촌동 1004-17,한전주
35.14833,126.91921,1,동구,광주광역시 동구 대의동 72,한전주
35.14833,126.93272,1,동구,광주광역시 동구 지산동 445-7,한전주
35.14833,126.93669,1,동구,광주광역시 동구 지산동 227-2,한전주
35.14834,126.8727,1,서구,전남광주통합특별시 서구 화정동 산 58-6,한전주
35.14834,126.88065,1,서구,전남광주통합특별시 서구 화정동 1611,한전주
35.14834,126.88446,1,서구,전남광주통합특별시 서구 농성동 665-5,한전주
35.14836,126.85832,1,서구,전남광주통합특별시 서구 쌍촌동 979-13,한전주
35.14836,126.8593,1,서구,전남광주통합특별시 서구 쌍촌동 1004-15,한전주
35.14836,126.91218,1,동구,광주광역시 동구 호남동 32-9,전용주
35.14836,126.92249,1,동구,광주광역시 동구 장동 101-87,한전주
35.14837,126.86155,1,서구,전남광주통합특별시 서구 쌍촌동 416-9,한전주
35.14837,126.86514,1,서구,전남광주통합특별시 서구 쌍촌동 1198,한전주
35.14837,126.93015,1,동구,광주광역시 동구 동명동 112-3,한전주
35.14837,126.93731,1,동구,광주광역시 동구 지산동 226-8,한전주
35.14838,126.87779,1,서구,전남광주통합특별시 서구 화정동 756-16,한전주
35.14838,126.92643,1,동구,광주광역시 동구 동명동 143-38,한전주
35.14838,126.93357,1,동구,광주광역시 동구 지산동 449-18,한전주
35.14838,126.93929,1,동구,광주광역시 동구 지산동 691-114,한전주
35.14839,126.91698,1,동구,광주광역시 동구 금남로2가 32-14,전용주
35.14839,126.92416,1,동구,광주광역시 동구 장동 84-5,건축물
35.14839,126.93394,1,동구,광주광역시 동구 지산동 450-3,한전주
35.1484,126.8624,1,서구,전남광주통합특별시 서구 쌍촌동 416-39,한전주
35.1484,126.87952,1,서구,전남광주통합특별시 서구 화정동 757-31,한전주
35.1484,126.91308,1,동구,광주광역시 동구 호남동 38-1,전용주
35.1484,126.92459,1,동구,광주광역시 동구 장동 83-3,한전주
35.1484,126.93314,1,동구,광주광역시 동구 지산동 447-2,한전주
35.1484,126.93649,1,동구,광주광역시 동구 지산동 227-26,전용주
35.1484,126.93719,1,동구,광주광역시 동구 지산동 226-12,한전주
35.14841,126.8622,1,서구,전남광주통합특별시 서구 쌍촌동 416-24,한전주
35.14841,126.91271,1,동구,광주광역시 동구 호남동 35-19,한전주
35.14841,126.91713,2,동구,광주광역시 동구 금남로2가 22-2,전용주
35.14841,126.91716,1,동구,광주광역시 동구 금남로2가 22-2,전용주
35.14841,126.93636,1,동구,광주광역시 동구 지산동 227-27,건축물
35.14842,126.88688,1,서구,전남광주통합특별시 서구 농성동 669-14,한전주
35.14842,126.90529,1,서구,전남광주통합특별시 서구 양동 189,한전주
35.14842,126.92987,1,동구,광주광역시 동구 동명동 113-3,전용주
35.14842,126.94096,1,동구,광주광역시 동구 지산동 92-1,한전주
35.14843,126.87907,1,서구,전남광주통합특별시 서구 화정동 757-25,한전주
35.14843,126.91713,1,동구,광주광역시 동구 금남로2가 22-2,전용주
35.14843,126.94316,1,동구,광주광역시 동구 지산동 691-70,한전주
35.14844,126.85878,1,서구,전남광주통합특별시 서구 쌍촌동 979-2,전용주
35.14844,126.88383,1,서구,전남광주통합특별시 서구 농성동 665-17,건축물
35.14844,126.93809,2,동구,광주광역시 동구 지산동 224-1,한전주
35.14845,126.86188,1,서구,전남광주통합특별시 서구 쌍촌동 416-12,한전주
35.14845,126.92992,1,동구,광주광역시 동구 동명동 112-28,한전주
35.14845,126.9334,1,동구,광주광역시 동구 지산동 447-9,한전주
35.14845,126.93749,1,동구,광주광역시 동구 지산동 224-14,한전주
35.14846,126.87673,1,서구,전남광주통합특별시 서구 화정동 756-32,건축물
35.14846,126.90538,1,서구,전남광주통합특별시 서구 양동 192,한전주
35.14846,126.92441,1,동구,광주광역시 동구 장동 83-5,한전주
35.14846,126.93223,1,동구,광주광역시 동구 지산동 443-15,건축물
35.14847,126.87873,1,서구,전남광주통합특별시 서구 화정동 757-37,한전주
35.14847,126.92402,1,동구,광주광역시 동구 장동 84-2,한전주
35.14848,126.87832,2,서구,전남광주통합특별시 서구 화정동 795-2,한전주
35.14849,126.92974,1,동구,광주광역시 동구 동명동 113-44,한전주
35.14849,126.93436,1,동구,광주광역시 동구 지산동 429-16,한전주
35.1485,126.85697,1,서구,전남광주통합특별시 서구 쌍촌동 976-49,건축물
35.1485,126.88891,1,서구,전남광주통합특별시 서구 농성동 638-13,전용주
35.1485,126.91705,1,동구,광주광역시 동구 금남로2가 31,전용주
35.1485,126.92924,1,동구,광주광역시 동구 동명동 101-7,한전주
35.14851,126.88018,1,서구,전남광주통합특별시 서구 화정동 760-9,건축물
35.14851,126.91904,1,동구,광주광역시 동구 대의동 73,한전주
35.14852,126.88441,1,서구,전남광주통합특별시 서구 농성동 665-22,한전주
35.14852,126.93595,1,동구,광주광역시 동구 지산동 231-13,건축물
35.14852,126.94334,1,동구,광주광역시 동구 지산동 110,한전주
35.14853,126.92246,1,동구,광주광역시 동구 장동 97,한전주
35.14853,126.92468,1,동구,광주광역시 동구 장동 80-5,한전주
35.14854,126.86014,1,서구,전남광주통합특별시 서구 쌍촌동 1004-4,한전주
35.14854,126.91221,1,동구,광주광역시 동구 호남동 37-12,건축물
35.14855,126.88441,1,서구,전남광주통합특별시 서구 농성동 665-22,건축물
35.14857,126.87946,1,서구,전남광주통합특별시 서구 화정동 757-2,한전주
35.14857,126.91113,1,동구,광주광역시 동구 호남동 13-2,전용주
35.14857,126.91705,1,동구,광주광역시 동구 금남로2가 31,전용주
35.14858,126.85828,1,서구,전남광주통합특별시 서구 쌍촌동 979-39,전용주
35.14858,126.86428,1,서구,전남광주통합특별시 서구 쌍촌동 1196-2,한전주
35.14858,126.87867,1,서구,전남광주통합특별시 서구 화정동 757-10,한전주
35.14858,126.91702,1,동구,광주광역시 동구 금남로2가 31,전용주
35.14859,126.85669,1,서구,전남광주통합특별시 서구 쌍촌동 976-40,한전주
35.14859,126.85886,1,서구,전남광주통합특별시 서구 쌍촌동 979-1,한전주
35.14859,126.93705,1,동구,광주광역시 동구 지산동 227-10,한전주
35.14859,126.93829,1,동구,광주광역시 동구 지산동 262-5,한전주
35.1486,126.92397,1,동구,광주광역시 동구 장동 85-2,한전주
35.1486,126.92644,1,동구,광주광역시 동구 동명동 143-50,한전주
35.1486,126.94501,1,동구,광주광역시 동구 지산동 산68-29,한전주
35.14861,126.90491,2,서구,전남광주통합특별시 서구 양동 191-4,한전주
35.14861,126.91177,1,동구,광주광역시 동구 호남동 5-10,전용주
35.14861,126.93217,1,동구,광주광역시 동구 지산동 442-7,한전주
35.14861,126.93883,1,동구,광주광역시 동구 지산동 278,한전주
35.14862,126.88572,1,서구,전남광주통합특별시 서구 농성동 664-39,전용주
35.14862,126.91166,1,동구,광주광역시 동구 호남동 9-3,건축물
35.14862,126.92275,1,동구,광주광역시 동구 장동 86-2,한전주
35.14862,126.92987,1,동구,광주광역시 동구 동명동 113-32,전용주
35.14862,126.93923,1,동구,광주광역시 동구 지산동 291-3,한전주
35.14863,126.86312,1,서구,전남광주통합특별시 서구 쌍촌동 991-20,
35.14863,126.88905,1,서구,전남광주통합특별시 서구 농성동 637-13,한전주
35.14863,126.88926,1,서구,전남광주통합특별시 서구 농성동 637-32,한전주
35.14863,126.93364,1,동구,광주광역시 동구 지산동 449-7,한전주
35.14864,126.90491,1,서구,전남광주통합특별시 서구 양동 191-4,한전주
35.14864,126.92667,1,동구,광주광역시 동구 동명동 143-49,한전주
35.14865,126.92936,1,동구,광주광역시 동구 동명동 102-4,한전주
35.14866,126.85723,1,서구,전남광주통합특별시 서구 쌍촌동 976-48,한전주
35.14866,126.93627,1,동구,광주광역시 동구 지산동 227-47,한전주
35.14867,126.85946,3,서구,전남광주통합특별시 서구 쌍촌동 1004-10,한전주
35.14867,126.86311,1,서구,전남광주통합특별시 서구 쌍촌동 991-20,전용주
35.14867,126.88862,1,서구,전남광주통합특별시 서구 농성동 638-24,전용주
35.14867,126.93018,1,동구,광주광역시 동구 동명동 112-2,한전주
35.14867,126.93589,1,동구,광주광역시 동구 지산동 231-8,한전주
35.14868,126.91464,1,동구,광주광역시 동구 충장로3가 37-2,전용주
35.14868,126.93883,2,동구,광주광역시 동구 지산동 278-1,한전주
35.14869,126.84973,2,서구,전남광주통합특별시 서구 치평동 1255-9,전용주
35.14869,126.85791,1,서구,전남광주통합특별시 서구 쌍촌동 980-13,한전주
35.14869,126.86358,1,서구,전남광주통합특별시 서구 쌍촌동 991-12,전용주
35.14869,126.92374,1,동구,광주광역시 동구 장동 85-4,한전주
35.1487,126.94056,1,동구,광주광역시 동구 지산동 691-62,한전주
35.1487,126.94184,1,동구,광주광역시 동구 지산동 103,한전주
35.14871,126.85738,1,서구,전남광주통합특별시 서구 쌍촌동 976-47,한전주
35.14871,126.93629,1,동구,광주광역시 동구 지산동 227-57,한전주
35.14872,126.88453,1,서구,전남광주통합특별시 서구 농성동 665-2,한전주
35.14872,126.90637,1,서구,전남광주통합특별시 서구 양동 184-15,건축물
35.14872,126.90685,17,서구,전남광주통합특별시 서구 양동 443,한전주
35.14872,126.9125,1,동구,광주광역시 동구 호남동 37-1,전용주
35.14872,126.9267,1,동구,광주광역시 동구 동명동 143-20,한전주
35.14872,126.93619,1,동구,광주광역시 동구 지산동 227-50,한전주
35.14872,126.94229,1,동구,광주광역시 동구 지산동 106,한전주
35.14872,126.94523,1,동구,광주광역시 동구 지산동 116-1,한전주
35.14873,126.86212,1,서구,전남광주통합특별시 서구 쌍촌동 564-82,한전주
35.14873,126.88531,1,서구,전남광주통합특별시 서구 농성동 664-22,한전주
35.14873,126.88535,2,서구,전남광주통합특별시 서구 농성동 664-22,전용주
35.14873,126.90637,1,서구,전남광주통합특별시 서구 양동 184-15,건축물
35.14873,126.93253,1,동구,광주광역시 동구 지산동 447,건축물
35.14874,126.86167,1,서구,전남광주통합특별시 서구 쌍촌동 564-122,전용주
35.14874,126.91409,1,동구,광주광역시 동구 황금동 2,전용주
35.14874,126.91739,1,동구,광주광역시 동구 금남로2가 37,한전주
35.14874,126.92768,1,동구,광주광역시 동구 동명동 83-3,전용주
35.14874,126.93124,1,동구,광주광역시 동구 지산동 439-12,한전주
35.14874,126.93307,1,동구,광주광역시 동구 지산동 448-52,한전주
35.14875,126.86424,1,서구,전남광주통합특별시 서구 쌍촌동 991-39,전용주
35.14875,126.92939,1,동구,광주광역시 동구 동명동 102-3,건축물
35.14875,126.93333,1,동구,광주광역시 동구 지산동 448-25,한전주
35.14875,126.93655,1,동구,광주광역시 동구 지산동 227-54,한전주
35.14875,126.93854,1,동구,광주광역시 동구 지산동 277-1,한전주
35.14876,126.87739,1,서구,전남광주통합특별시 서구 화정동 1704,전용주
35.14876,126.94168,1,동구,광주광역시 동구 지산동 94-6,전용주
35.14876,126.94683,6,동구,광주광역시 동구 지산동 산63-1,전용주
35.14877,126.91149,1,동구,광주광역시 동구 호남동 7,전용주
35.14877,126.92395,1,동구,광주광역시 동구 장동 85-1,전용주
35.14877,126.93157,1,동구,광주광역시 동구 지산동 442-1,한전주
35.14878,126.87614,1,서구,전남광주통합특별시 서구 화정동 319-43,한전주
35.14878,126.92284,1,동구,광주광역시 동구 장동 87-10,전용주
35.14878,126.92362,1,동구,광주광역시 동구 장동 86-9,한전주
35.14878,126.928,1,동구,광주광역시 동구 동명동 80-15,전용주
35.14879,126.83701,1,서구,전남광주통합특별시 서구 치평동 897-7,한전주
35.1488,126.8634,1,서구,전남광주통합특별시 서구 쌍촌동 991-7,한전주
35.1488,126.87264,1,서구,전남광주통합특별시 서구 화정동 328-26,전용주
35.14881,126.86016,1,서구,전남광주통합특별시 서구 쌍촌동 1004-32,한전주
35.14882,126.92404,1,동구,광주광역시 동구 장동 83-1,건축물
35.14882,126.92453,1,동구,광주광역시 동구 장동 80-3,한전주
35.14882,126.93401,1,동구,광주광역시 동구 지산동 430-3,한전주
35.14883,126.92303,1,동구,광주광역시 동구 장동 87-5,한전주
35.14883,126.93657,1,동구,광주광역시 동구 지산동 227-53,건축물
35.14883,126.93745,1,동구,광주광역시 동구 지산동 227-1,한전주
35.14884,126.93805,1,동구,광주광역시 동구 지산동 263,한전주
35.14884,126.93939,1,동구,광주광역시 동구 지산동 288-2,한전주
35.14884,126.94278,1,동구,광주광역시 동구 지산동 108-2,한전주
35.14885,126.88967,1,서구,전남광주통합특별시 서구 농성동 637-22,한전주
35.14885,126.92381,1,동구,광주광역시 동구 장동 86-12,한전주
35.14886,126.86034,1,서구,전남광주통합특별시 서구 쌍촌동 1004-13,한전주
35.14886,126.93676,1,동구,광주광역시 동구 지산동 227-3,한전주
35.14887,126.87841,1,서구,전남광주통합특별시 서구 화정동 755-39,한전주
35.14887,126.88498,1,서구,전남광주통합특별시 서구 농성동 664-76,한전주
35.14887,126.92311,1,동구,광주광역시 동구 장동 87-4,한전주
35.14887,126.93095,1,동구,광주광역시 동구 지산동 412-12,건축물
35.14888,126.86389,1,서구,전남광주통합특별시 서구 쌍촌동 991-52,한전주
35.14888,126.92352,1,동구,광주광역시 동구 장동 86-7,한전주
35.14888,126.93095,1,동구,광주광역시 동구 지산동 412-12,한전주
35.14888,126.93257,1,동구,광주광역시 동구 지산동 448-6,한전주
35.14889,126.87263,1,서구,전남광주통합특별시 서구 화정동 328-26,한전주
35.14889,126.90594,1,서구,전남광주통합특별시 서구 양동 182-14,한전주
35.14889,126.91229,1,동구,광주광역시 동구 호남동 3-7,전용주
35.14889,126.91633,2,동구,광주광역시 동구 금남로3가 38,전용주
35.1489,126.88591,1,서구,전남광주통합특별시 서구 농성동 663-28,한전주
35.1489,126.88948,1,서구,전남광주통합특별시 서구 농성동 637-24,전용주
35.14891,126.87802,1,서구,전남광주통합특별시 서구 화정동 755-36,한전주
35.14891,126.87868,2,서구,전남광주통합특별시 서구 화정동 795-4,한전주
35.14891,126.88339,1,서구,전남광주통합특별시 서구 농성동 656-37,한전주
35.14891,126.88886,1,서구,전남광주통합특별시 서구 농성동 637-12,한전주
35.14891,126.9244,1,동구,광주광역시 동구 장동 80-1,한전주
35.14892,126.86173,2,서구,전남광주통합특별시 서구 쌍촌동 564-64,한전주
35.14892,126.93225,1,동구,광주광역시 동구 지산동 441-5,한전주
35.14892,126.93318,1,동구,광주광역시 동구 지산동 448-41,한전주
35.14892,126.94257,1,동구,광주광역시 동구 지산동 111-6,한전주
35.14893,126.88326,6,서구,전남광주통합특별시 서구 화정동 794-1,한전주
35.14893,126.90544,1,서구,전남광주통합특별시 서구 양동 182-2,한전주
35.14893,126.90546,1,서구,전남광주통합특별시 서구 양동 182-2,한전주
35.14893,126.91793,0,동구,광주광역시 동구 금남로2가 10,전용주
35.14893,126.93722,1,동구,광주광역시 동구 지산동 692-37,전용주
35.14894,126.87857,1,서구,전남광주통합특별시 서구 화정동 755-120,한전주
35.14894,126.9304,1,동구,광주광역시 동구 동명동 287-29,한전주
35.14894,126.93384,1,동구,광주광역시 동구 지산동 432-7,한전주
35.14895,126.86176,1,서구,전남광주통합특별시 서구 쌍촌동 564-64,한전주
35.14895,126.86311,1,서구,전남광주통합특별시 서구 쌍촌동 990-37,한전주
35.14895,126.90644,3,서구,전남광주통합특별시 서구 양동 182-56,한전주
35.14895,126.93841,1,동구,광주광역시 동구 지산동 276-2,전용주
35.14896,126.8834,1,서구,전남광주통합특별시 서구 농성동 656-37,한전주
35.14896,126.92366,1,동구,광주광역시 동구 장동 86-6,한전주
35.14896,126.93318,1,동구,광주광역시 동구 지산동 448-41,한전주
35.14896,126.943,1,동구,광주광역시 동구 지산동 111-1,한전주
35.14897,126.85652,1,서구,전남광주통합특별시 서구 쌍촌동 975-42,한전주
35.14897,126.85751,1,서구,전남광주통합특별시 서구 쌍촌동 980-8,한전주
35.14897,126.86604,1,서구,전남광주통합특별시 서구 쌍촌동 992-15,한전주
35.14897,126.88518,1,서구,전남광주통합특별시 서구 농성동 664-34,한전주
35.14897,126.91824,1,동구,광주광역시 동구 금남로2가 11-2,한전주
35.14898,126.86153,1,서구,전남광주통합특별시 서구 쌍촌동 564-113,
35.14898,126.88923,1,서구,전남광주통합특별시 서구 농성동 637-52,전용주
35.14898,126.90644,1,서구,전남광주통합특별시 서구 양동 182-56,한전주
35.14898,126.91472,1,동구,광주광역시 동구 충장로3가 27,전용주
35.14898,126.91531,1,동구,광주광역시 동구 충장로3가 9-4,전용주
35.14898,126.93725,1,동구,광주광역시 동구 지산동 250-24,한전주
35.14899,126.87672,1,서구,전남광주통합특별시 서구 화정동 1701,전용주
35.14899,126.90644,1,서구,전남광주통합특별시 서구 양동 182-56,한전주
35.14899,126.94504,1,동구,광주광역시 동구 지산동 116,한전주
35.14899,126.94991,1,동구,광주광역시 동구 지산동 1-7,한전주
35.149,126.86703,1,서구,전남광주통합특별시 서구 쌍촌동 997-44,한전주
35.149,126.88974,1,서구,전남광주통합특별시 서구 농성동 637-20,전용주
35.149,126.90764,1,서구,전남광주통합특별시 서구 양동 164-15,건축물
35.149,126.91174,1,동구,광주광역시 동구 호남동 5-1,전용주
35.14901,126.86335,1,서구,전남광주통합특별시 서구 쌍촌동 990-33,한전주
35.14901,126.86367,1,서구,전남광주통합특별시 서구 쌍촌동 990-28,한전주
35.14901,126.92287,1,동구,광주광역시 동구 장동 87,한전주
35.14901,126.96041,1,북구,전남광주통합특별시 북구 화암동 468,한전주
35.14902,126.86202,1,서구,전남광주통합특별시 서구 쌍촌동 564-74,한전주
35.14902,126.90522,3,서구,전남광주통합특별시 서구 양동 453,건축물
35.14902,126.96082,1,북구,전남광주통합특별시 북구 화암동 470,한전주
35.14903,126.86259,1,서구,전남광주통합특별시 서구 쌍촌동 564-89,한전주
35.14903,126.90417,1,서구,전남광주통합특별시 서구 양동 41,한전주
35.14903,126.92242,1,동구,광주광역시 동구 장동 91-1,한전주
35.14904,126.86202,1,서구,전남광주통합특별시 서구 쌍촌동 564-74,한전주
35.14904,126.93353,1,동구,광주광역시 동구 지산동 448-35,한전주
35.14904,126.96041,1,북구,전남광주통합특별시 북구 화암동 468,한전주
35.14905,126.87621,1,서구,전남광주통합특별시 서구 화정동 319-32,한전주
35.14905,126.91545,1,동구,광주광역시 동구 충장로3가 9-3,전용주
35.14905,126.91774,1,동구,광주광역시 동구 금남로2가 7-1,전용주
35.14906,126.8714,2,서구,전남광주통합특별시 서구 화정동 749-1,전용주
35.14906,126.90537,1,서구,전남광주통합특별시 서구 양동 182-32,한전주
35.14906,126.91774,1,동구,광주광역시 동구 금남로2가 7-1,한전주
35.14907,126.87652,5,서구,전남광주통합특별시 서구 화정동 1703,전용주
35.14907,126.91436,1,동구,광주광역시 동구 충장로3가 32-2,건축물
35.14907,126.93128,1,동구,광주광역시 동구 지산동 439-4,한전주
35.14908,126.8764,3,서구,전남광주통합특별시 서구 화정동 795,한전주
35.14908,126.87823,1,서구,전남광주통합특별시 서구 화정동 755-34,한전주
35.14908,126.88881,1,서구,전남광주통합특별시 서구 농성동 637-11,한전주
35.14909,126.85874,1,서구,전남광주통합특별시 서구 쌍촌동 980-38,전용주
35.14909,126.88678,1,서구,전남광주통합특별시 서구 농성동 662-26,한전주
35.14909,126.92428,1,동구,광주광역시 동구 장동 81-2,한전주
35.14909,126.92776,1,동구,광주광역시 동구 동명동 287,한전주
35.14911,126.85855,1,서구,전남광주통합특별시 서구 쌍촌동 980-2,전용주
35.14911,126.88486,1,서구,전남광주통합특별시 서구 농성동 664-70,한전주
35.14911,126.89038,1,서구,전남광주통합특별시 서구 농성동 636-23,한전주
35.14911,126.93151,1,동구,광주광역시 동구 지산동 412-20,한전주
35.14912,126.89005,1,서구,전남광주통합특별시 서구 농성동 637-41,한전주
35.14912,126.9128,1,동구,광주광역시 동구 충장로4가 32-2,전용주
35.14912,126.93449,1,동구,광주광역시 동구 지산동 709-67,한전주
35.14912,126.93773,1,동구,광주광역시 동구 지산동 258-2,한전주
35.14913,126.89023,1,서구,전남광주통합특별시 서구 농성동 636-24,한전주
35.14913,126.92413,1,동구,광주광역시 동구 장동 81-1,한전주
35.14913,126.92541,1,동구,광주광역시 동구 동명동 72-15,건축물
35.14914,126.8765,1,서구,전남광주통합특별시 서구 화정동 1702,전용주
35.14914,126.87655,1,서구,전남광주통합특별시 서구 화정동 1702,전용주
35.14914,126.88382,1,서구,전남광주통합특별시 서구 농성동 656-18,한전주
35.14914,126.88889,1,서구,전남광주통합특별시 서구 농성동 637-43,전용주
35.14914,126.90648,1,서구,전남광주통합특별시 서구 양동 176-9,한전주
35.14914,126.91634,1,동구,광주광역시 동구 금남로3가 12-5,전용주
35.14914,126.93059,1,동구,광주광역시 동구 동명동 287-16,한전주
35.14915,126.8616,1,서구,전남광주통합특별시 서구 쌍촌동 564-111,한전주
35.14915,126.90644,1,서구,전남광주통합특별시 서구 양동 176,한전주
35.14915,126.91243,1,동구,광주광역시 동구 충장로4가 30-10,전용주
35.14915,126.91538,1,동구,광주광역시 동구 충장로3가 8,전용주
35.14915,126.91552,1,동구,광주광역시 동구 충장로3가 9-10,전용주
35.14915,126.91801,1,동구,광주광역시 동구 금남로2가 11,한전주
35.14915,126.93916,1,동구,광주광역시 동구 지산동 273-2,한전주
35.14915,126.94526,1,동구,광주광역시 동구 지산동 70-2,한전주
35.14916,126.86353,1,서구,전남광주통합특별시 서구 쌍촌동 990-30,한전주
35.14916,126.91083,1,동구,광주광역시 동구 수기동 95-1,전용주
35.14916,126.91174,1,동구,광주광역시 동구 호남동 1-3,전용주
35.14916,126.9128,1,동구,광주광역시 동구 충장로4가 32-2,전용주
35.14916,126.93601,1,동구,광주광역시 동구 지산동 709-49,한전주
35.14917,126.86228,1,서구,전남광주통합특별시 서구 쌍촌동 564-20,한전주
35.14917,126.87827,1,서구,전남광주통합특별시 서구 화정동 755-115,건축물
35.14917,126.93727,1,동구,광주광역시 동구 지산동 250-18,한전주
35.14918,126.86387,1,서구,전남광주통합특별시 서구 쌍촌동 990-19,전용주
35.14918,126.88571,1,서구,전남광주통합특별시 서구 농성동 663-17,전용주
35.14918,126.92607,1,동구,광주광역시 동구 동명동 72-11,한전주
35.14918,126.92974,1,동구,광주광역시 동구 동명동 287-25,한전주
35.14919,126.86114,1,서구,전남광주통합특별시 서구 쌍촌동 564-55,건축물
35.14919,126.88534,1,서구,전남광주통합특별시 서구 농성동 664-10,한전주
35.14919,126.92281,1,동구,광주광역시 동구 장동 61-3,전용주
35.14919,126.93131,1,동구,광주광역시 동구 지산동 439,한전주
35.1492,126.86676,1,서구,전남광주통합특별시 서구 쌍촌동 997-46,한전주
35.1492,126.91344,1,동구,광주광역시 동구 충장로4가 29-1,전용주
35.14921,126.88331,1,서구,전남광주통합특별시 서구 농성동 656-8,전용주
35.14921,126.8911,1,서구,전남광주통합특별시 서구 농성동 635-10,전용주
35.14921,126.91595,1,동구,광주광역시 동구 금남로3가 12-8,전용주
35.14921,126.93099,1,동구,광주광역시 동구 지산동 413-4,한전주
35.14922,126.86099,1,서구,전남광주통합특별시 서구 쌍촌동 565-7,한전주
35.14922,126.87288,1,서구,전남광주통합특별시 서구 화정동 328-34,한전주
35.14922,126.89085,1,서구,전남광주통합특별시 서구 농성동 635-7,전용주
35.14922,126.90589,1,서구,전남광주통합특별시 서구 양동 179-22,건축물
35.14922,126.92809,1,동구,광주광역시 동구 동명동 34-3,한전주
35.14922,126.93229,1,동구,광주광역시 동구 지산동 434-4,건축물
35.14922,126.93369,1,동구,광주광역시 동구 지산동 709-60,한전주
35.14923,126.88992,1,서구,전남광주통합특별시 서구 농성동 637-38,전용주
35.14923,126.90386,1,서구,전남광주통합특별시 서구 양동 40-25,건축물
35.14923,126.90531,1,서구,전남광주통합특별시 서구 양동 43-4,
35.14923,126.93338,1,동구,광주광역시 동구 지산동 709-30,건축물
35.14923,126.94884,1,동구,광주광역시 동구 지산동 산 56-4,한전주
35.14924,126.8797,1,서구,전남광주통합특별시 서구 화정동 759-6,건축물
35.14924,126.88871,1,서구,전남광주통합특별시 서구 농성동 634-26,한전주
35.14924,126.93163,1,동구,광주광역시 동구 지산동 441-30,한전주
35.14924,126.93313,1,동구,광주광역시 동구 지산동 709-28,한전주
35.14924,126.93813,1,동구,광주광역시 동구 지산동 267-7,한전주
35.14924,126.94816,1,동구,광주광역시 동구 지산동 13,한전주
35.14925,126.88132,8,서구,전남광주통합특별시 서구 화정동 733-1,한전주
35.14925,126.88135,1,서구,전남광주통합특별시 서구 화정동 733-1,한전주
35.14925,126.88908,1,서구,전남광주통합특별시 서구 농성동 637-10,한전주
35.14925,126.91115,1,동구,광주광역시 동구 수기동 90-2,전용주
35.14925,126.92239,1,동구,광주광역시 동구 장동 91-7,한전주
35.14925,126.92532,1,동구,광주광역시 동구 동명동 72-20,한전주
35.14925,126.93209,1,동구,광주광역시 동구 지산동 441-4,한전주
35.14925,126.93777,1,동구,광주광역시 동구 지산동 267-26,전용주
35.14925,126.9383,1,동구,광주광역시 동구 지산동 267-30,한전주
35.14926,126.93018,1,동구,광주광역시 동구 동명동 287-26,한전주
35.14927,126.86712,1,서구,전남광주통합특별시 서구 쌍촌동 997-41,한전주
35.14927,126.88887,8,서구,전남광주통합특별시 서구 농성동 672-3,한전주
35.14927,126.94884,1,동구,광주광역시 동구 지산동 산56-4,한전주
35.14927,126.94886,1,동구,광주광역시 동구 지산동 산56-4,전용주
35.14927,126.96045,1,북구,전남광주통합특별시 북구 화암동 467,한전주
35.14928,126.90531,1,서구,전남광주통합특별시 서구 양동 43-2,전용주
35.14928,126.92327,1,동구,광주광역시 동구 장동 67-10,한전주
35.14929,126.85938,1,서구,전남광주통합특별시 서구 쌍촌동 1005-9,전용주
35.14929,126.86091,1,서구,전남광주통합특별시 서구 쌍촌동 565-61,한전주
35.14929,126.90652,1,서구,전남광주통합특별시 서구 양동 453-12,한전주
35.14929,126.94816,1,동구,광주광역시 동구 지산동 13,전용주
35.1493,126.91212,1,동구,광주광역시 동구 충장로4가 58,전용주
35.1493,126.91821,1,동구,광주광역시 동구 궁동 80,전용주
35.1493,126.93728,1,동구,광주광역시 동구 지산동 250-15,한전주
35.14931,126.8834,1,서구,전남광주통합특별시 서구 농성동 656-29,한전주
35.14931,126.88557,1,서구,전남광주통합특별시 서구 농성동 663-34,한전주
35.14931,126.90697,1,서구,전남광주통합특별시 서구 양동 77-4,한전주
35.14931,126.90765,1,서구,전남광주통합특별시 서구 양동 241,한전주
35.14931,126.91724,1,동구,광주광역시 동구 금남로2가 3,전용주
35.14932,126.88292,1,서구,전남광주통합특별시 서구 농성동 656-32,전용주
35.14932,126.91072,1,동구,광주광역시 동구 수기동 97-1,전용주
35.14932,126.91588,1,동구,광주광역시 동구 금남로3가 12,전용주
35.14932,126.92774,1,동구,광주광역시 동구 동명동 50-6,한전주
35.14933,126.87099,1,서구,전남광주통합특별시 서구 쌍촌동 999-24,전용주
35.14933,126.87141,1,서구,전남광주통합특별시 서구 쌍촌동 999-43,한전주
35.14933,126.8829,5,서구,전남광주통합특별시 서구 농성동 672-7,한전주
35.14933,126.89083,1,서구,전남광주통합특별시 서구 농성동 635-4,한전주
35.14933,126.91801,1,동구,광주광역시 동구 궁동 49,건축물
35.14933,126.92619,1,동구,광주광역시 동구 동명동 72-7,한전주
35.14933,126.92733,1,동구,광주광역시 동구 동명동 52-1,한전주
35.14933,126.92866,1,동구,광주광역시 동구 동명동 10-1,한전주
35.14933,126.93285,1,동구,광주광역시 동구 지산동 433-3,전용주
35.14933,126.93931,1,동구,광주광역시 동구 지산동 272-1,한전주
35.14934,126.85845,1,서구,전남광주통합특별시 서구 쌍촌동 981-77,한전주
35.14934,126.87631,1,서구,전남광주통합특별시 서구 화정동 319-24,한전주
35.14934,126.92649,1,동구,광주광역시 동구 동명동 65-4,한전주
35.14935,126.86147,1,서구,전남광주통합특별시 서구 쌍촌동 564-133,전용주
35.14935,126.8911,1,서구,전남광주통합특별시 서구 농성동 635-9,한전주
35.14935,126.90692,1,서구,전남광주통합특별시 서구 양동 77-4,한전주
35.14935,126.91309,2,동구,광주광역시 동구 충장로4가 34,전용주
35.14935,126.93144,1,동구,광주광역시 동구 지산동 438-4,건축물
35.14935,126.93201,1,동구,광주광역시 동구 지산동 437-10,건축물
35.14936,126.86703,1,서구,전남광주통합특별시 서구 쌍촌동 997-40,한전주
35.14936,126.90563,1,서구,전남광주통합특별시 서구 양동 179-5,전용주
35.14936,126.90613,1,서구,전남광주통합특별시 서구 양동 179-13,한전주
35.14936,126.91101,1,동구,광주광역시 동구 수기동 90-1,전용주
35.14936,126.91392,1,동구,광주광역시 동구 충장로4가 25-2,전용주
35.14936,126.92596,1,동구,광주광역시 동구 동명동 72-50,한전주
35.14936,126.93163,1,동구,광주광역시 동구 지산동 438-9,건축물
35.14936,126.93237,1,동구,광주광역시 동구 지산동 434-9,건축물
35.14937,126.8584,1,서구,전남광주통합특별시 서구 쌍촌동 981-78,
35.14937,126.93212,1,동구,광주광역시 동구 지산동 692-10,한전주
35.14938,126.87251,1,서구,전남광주통합특별시 서구 화정동 748-19,한전주
35.14938,126.87671,1,서구,전남광주통합특별시 서구 화정동 755-66,전용주
35.14938,126.88053,1,서구,전남광주통합특별시 서구 화정동 764-65,한전주
35.14938,126.92023,3,동구,광주광역시 동구 대의동 20,전용주
35.14938,126.92268,1,동구,광주광역시 동구 장동 62-15,전용주
35.14938,126.92774,1,동구,광주광역시 동구 동명동 50-6,건축물
35.14938,126.97305,1,북구,전남광주통합특별시 북구 화암동 산140,한전주
35.14939,126.93012,1,동구,광주광역시 동구 동명동 3-2,한전주
35.14939,126.93123,1,동구,광주광역시 동구 지산동 414-8,건축물
35.14939,126.94222,1,동구,광주광역시 동구 지산동 85-2,한전주
35.1494,126.88973,1,서구,전남광주통합특별시 서구 농성동 637-51,전용주
35.1494,126.89185,1,서구,전남광주통합특별시 서구 농성동 628-34,건축물
35.1494,126.92714,1,동구,광주광역시 동구 동명동 55-1,한전주
35.14941,126.86182,1,서구,전남광주통합특별시 서구 쌍촌동 564-11,한전주
35.14941,126.88853,1,서구,전남광주통합특별시 서구 농성동 634-28,한전주
35.14941,126.93036,1,동구,광주광역시 동구 동명동 287-22,전용주
35.14941,126.93842,1,동구,광주광역시 동구 지산동 267-6,건축물
35.14941,126.93884,1,동구,광주광역시 동구 지산동 224-18,전용주
35.14942,126.88085,1,서구,전남광주통합특별시 서구 화정동 764-54,한전주
35.14942,126.88338,1,서구,전남광주통합특별시 서구 농성동 656-57,건축물
35.14942,126.90711,1,서구,전남광주통합특별시 서구 양동 234,한전주
35.14942,126.93243,1,동구,광주광역시 동구 지산동 692-9,한전주
35.14943,126.86148,1,서구,전남광주통합특별시 서구 쌍촌동 564-134,한전주
35.14943,126.86261,1,서구,전남광주통합특별시 서구 쌍촌동 989-36,한전주
35.14943,126.86508,1,서구,전남광주통합특별시 서구 쌍촌동 993-32,전용주
35.14943,126.87855,1,서구,전남광주통합특별시 서구 화정동 755-16,한전주
35.14943,126.90438,1,서구,전남광주통합특별시 서구 양동 45-14,건축물
35.14943,126.91539,1,동구,광주광역시 동구 충장로3가 6-1,전용주
35.14943,126.92451,1,동구,광주광역시 동구 동명동 154-116,한전주
35.14944,126.88,1,서구,전남광주통합특별시 서구 화정동 764-84,한전주
35.14944,126.93643,1,동구,광주광역시 동구 지산동 708-20,한전주
35.14944,126.93922,1,동구,광주광역시 동구 지산동 268-7,한전주
35.14945,126.88462,1,서구,전남광주통합특별시 서구 농성동 657-22,건축물
35.14945,126.92886,1,동구,광주광역시 동구 동명동 11-16,전용주
35.14945,126.94585,1,동구,광주광역시 동구 지산동 6-3,전용주
35.14946,126.8715,1,서구,전남광주통합특별시 서구 쌍촌동 999-44,한전주
35.14946,126.9123,1,동구,광주광역시 동구 충장로4가 31-1,전용주
35.14946,126.91825,1,동구,광주광역시 동구 궁동 41-3,전용주
35.14946,126.92604,1,동구,광주광역시 동구 동명동 68-66,한전주
35.14946,126.93096,1,동구,광주광역시 동구 지산동 414-5,한전주
35.14946,126.932,1,동구,광주광역시 동구 지산동 437-20,건축물
35.14946,126.9359,1,동구,광주광역시 동구 지산동 708-33,한전주
35.14947,126.86239,1,서구,전남광주통합특별시 서구 쌍촌동 564-5,한전주
35.14947,126.90798,1,서구,전남광주통합특별시 서구 양동 156-1,한전주
35.14947,126.92458,1,동구,광주광역시 동구 동명동 154-116,한전주
35.14947,126.92872,1,동구,광주광역시 동구 동명동 11-14,전용주
35.14947,126.93163,1,동구,광주광역시 동구 지산동 438-8,한전주
35.14948,126.85667,1,서구,전남광주통합특별시 서구 쌍촌동 975-29,한전주
35.14948,126.85783,1,서구,전남광주통합특별시 서구 쌍촌동 981-31,
35.14948,126.92744,1,동구,광주광역시 동구 동명동 49-2,한전주
35.14948,126.92809,1,동구,광주광역시 동구 동명동 35-6,한전주
35.14949,126.87242,1,서구,전남광주통합특별시 서구 화정동 748-17,전용주
35.14949,126.87243,1,서구,전남광주통합특별시 서구 화정동 748-17,한전주
35.14949,126.88287,1,서구,전남광주통합특별시 서구 농성동 656-30,한전주
35.14949,126.91101,1,동구,광주광역시 동구 수기동 86-1,전용주
35.14949,126.91411,1,동구,광주광역시 동구 충장로4가 25,건축물
35.14949,126.91753,1,동구,광주광역시 동구 금남로2가 7-3,한전주
35.14949,126.92402,1,동구,광주광역시 동구 장동 73,한전주
35.1495,126.9123,1,동구,광주광역시 동구 충장로4가 31-1,전용주
35.1495,126.91792,1,동구,광주광역시 동구 궁동 50,전용주
35.1495,126.91867,1,동구,광주광역시 동구 궁동 40,전용주
35.1495,126.92705,1,동구,광주광역시 동구 동명동 284-20,한전주
35.14951,126.87169,1,서구,전남광주통합특별시 서구 쌍촌동 999-9,한전주
35.14951,126.89162,1,서구,전남광주통합특별시 서구 농성동 628-20,한전주
35.14951,126.90635,1,서구,전남광주통합특별시 서구 양동 77-26,전용주
35.14952,126.9104,1,동구,광주광역시 동구 수기동 81-3,전용주
35.14952,126.9121,1,동구,광주광역시 동구 충장로5가 69-1,전용주
35.14952,126.91731,1,동구,광주광역시 동구 금남로2가 2-4,전용주
35.14952,126.93115,1,동구,광주광역시 동구 지산동 414-13,한전주
35.14953,126.88913,1,서구,전남광주통합특별시 서구 농성동 634-20,전용주
35.14953,126.89214,1,서구,전남광주통합특별시 서구 농성동 628-24,한전주
35.14953,126.92308,1,동구,광주광역시 동구 장동 60-7,한전주
35.14954,126.86024,1,서구,전남광주통합특별시 서구 쌍촌동 983-62,한전주
35.14954,126.87992,1,서구,전남광주통합특별시 서구 화정동 764-82,한전주
35.14954,126.92075,1,동구,광주광역시 동구 대의동 36-1,전용주
35.14954,126.92637,1,동구,광주광역시 동구 동명동 68-17,한전주
35.14954,126.93192,1,동구,광주광역시 동구 지산동 716-12,한전주
35.14954,126.94733,1,동구,광주광역시 동구 지산동 10,전용주
35.14955,126.93015,1,동구,광주광역시 동구 동명동 2-11,전용주
35.14955,126.93848,1,동구,광주광역시 동구 지산동 310-2,한전주
35.14956,126.90731,1,서구,전남광주통합특별시 서구 양동 236,한전주
35.14956,126.91258,1,동구,광주광역시 동구 충장로4가 55,전용주
35.14956,126.91259,1,동구,광주광역시 동구 충장로4가 55,전용주
35.14957,126.86291,1,서구,전남광주통합특별시 서구 쌍촌동 989-40,건축물
35.14957,126.87624,1,서구,전남광주통합특별시 서구 화정동 319-5,한전주
35.14957,126.90427,1,서구,전남광주통합특별시 서구 양동 46-3,건축물
35.14957,126.91188,1,동구,광주광역시 동구 수기동 57-1,건축물
35.14957,126.91236,1,동구,광주광역시 동구 충장로4가 63,전용주
35.14957,126.92555,1,동구,광주광역시 동구 동명동 72-43,한전주
35.14957,126.9373,1,동구,광주광역시 동구 지산동 250-28,한전주
35.14957,126.94233,1,동구,광주광역시 동구 지산동 85-11,한전주
35.14958,126.85792,1,서구,전남광주통합특별시 서구 쌍촌동 981-30,한전주
35.14959,126.90673,1,서구,전남광주통합특별시 서구 양동 232,건축물
35.1496,126.88321,1,서구,전남광주통합특별시 서구 농성동 656-2,건축물
35.1496,126.88432,1,서구,전남광주통합특별시 서구 농성동 657-62,한전주
35.1496,126.90339,1,서구,전남광주통합특별시 서구 양동 39-6,한전주
35.1496,126.92756,1,동구,광주광역시 동구 동명동 50-3,한전주
35.1496,126.9332,1,동구,광주광역시 동구 지산동 379-12,한전주
35.14962,126.87676,1,서구,전남광주통합특별시 서구 화정동 755-46,한전주
35.14962,126.9077,1,서구,전남광주통합특별시 서구 양동 158-12,건축물
35.14962,126.92538,1,동구,광주광역시 동구 동명동 72-47,한전주
35.14962,126.93068,1,동구,광주광역시 동구 동명동 2-5,한전주
35.14962,126.93102,1,동구,광주광역시 동구 지산동 414-16,한전주
35.14963,126.89,1,서구,전남광주통합특별시 서구 농성동 637-55,한전주
35.14963,126.92723,1,동구,광주광역시 동구 동명동 56-4,건축물
35.14963,126.92876,1,동구,광주광역시 동구 동명동 11-9,한전주
35.14964,126.90371,1,서구,전남광주통합특별시 서구 양동 39-23,한전주
35.14965,126.86085,1,서구,전남광주통합특별시 서구 쌍촌동 984-44,한전주
35.14965,126.88071,1,서구,전남광주통합특별시 서구 화정동 764-52,한전주
35.14965,126.89218,1,서구,전남광주통합특별시 서구 농성동 628-11,한전주
35.14965,126.92703,1,동구,광주광역시 동구 동명동 56,건축물
35.14966,126.87124,1,서구,전남광주통합특별시 서구 쌍촌동 999-17,한전주
35.14966,126.88132,1,서구,전남광주통합특별시 서구 화정동 794-2,한전주
35.14966,126.88536,1,서구,전남광주통합특별시 서구 농성동 658-14,한전주
35.14966,126.92609,1,동구,광주광역시 동구 동명동 68-49,한전주
35.14966,126.92796,1,동구,광주광역시 동구 동명동 39-2,한전주
35.14966,126.9443,1,동구,광주광역시 동구 지산동 75-3,한전주
35.14966,126.94471,1,동구,광주광역시 동구 지산동 67-21,한전주
35.14967,126.87817,1,서구,전남광주통합특별시 서구 화정동 755-75,한전주
35.14967,126.88457,1,서구,전남광주통합특별시 서구 농성동 657-19,한전주
35.14967,126.93843,1,동구,광주광역시 동구 지산동 310-21,한전주
35.14967,126.94389,1,동구,광주광역시 동구 지산동 75-1,한전주
35.14968,126.85854,1,서구,전남광주통합특별시 서구 쌍촌동 981-50,한전주
35.14968,126.88458,1,서구,전남광주통합특별시 서구 농성동 657-19,한전주
35.14968,126.92451,1,동구,광주광역시 동구 동명동 154-20,한전주
35.14968,126.92721,1,동구,광주광역시 동구 동명동 39-3,한전주
35.14968,126.93744,1,동구,광주광역시 동구 지산동 250-32,한전주
35.14969,126.85261,5,서구,전남광주통합특별시 서구 치평동 1261-5,전용주
35.14969,126.87802,1,서구,전남광주통합특별시 서구 화정동 755-76,한전주
35.14969,126.88132,8,서구,전남광주통합특별시 서구 화정동 794-2,한전주
35.14969,126.88133,1,서구,전남광주통합특별시 서구 화정동 794-2,한전주
35.14969,126.89072,1,서구,전남광주통합특별시 서구 농성동 635-16,한전주
35.14969,126.92349,1,동구,광주광역시 동구 장동 60-15,한전주
35.14969,126.94389,1,동구,광주광역시 동구 지산동 75-1,한전주
35.1497,126.9082,1,서구,전남광주통합특별시 서구 양동 131,한전주
35.1497,126.92097,1,동구,광주광역시 동구 대의동 33,전용주
35.1497,126.92721,1,동구,광주광역시 동구 동명동 39-3,한전주
35.1497,126.94284,1,동구,광주광역시 동구 지산동 84,한전주
35.14971,126.85665,1,서구,전남광주통합특별시 서구 쌍촌동 975-6,한전주
35.14971,126.89208,1,서구,전남광주통합특별시 서구 농성동 628-38,한전주
35.14971,126.92294,1,동구,광주광역시 동구 장동 58-71,전용주
35.14971,126.93808,1,동구,광주광역시 동구 지산동 312-2,한전주
35.14972,126.8612,1,서구,전남광주통합특별시 서구 쌍촌동 984-48,한전주
35.14972,126.87928,1,서구,전남광주통합특별시 서구 화정동 766-9,건축물
35.14972,126.88015,1,서구,전남광주통합특별시 서구 화정동 764-51,건축물
35.14972,126.93912,1,동구,광주광역시 동구 지산동 309-18,건축물
35.14972,126.94726,2,동구,광주광역시 동구 지산동 691-71,한전주
35.14973,126.90441,1,서구,전남광주통합특별시 서구 양동 195,한전주
35.14975,126.90444,1,서구,전남광주통합특별시 서구 양동 195,한전주
35.14975,126.91938,1,동구,광주광역시 동구 대의동 16-3,전용주
35.14975,126.92484,1,동구,광주광역시 동구 동명동 154-17,한전주
35.14975,126.92994,1,동구,광주광역시 동구 동명동 15-5,한전주
35.14975,126.93628,1,동구,광주광역시 동구 지산동 708-3,한전주
35.14976,126.87109,1,서구,전남광주통합특별시 서구 쌍촌동 999-13,한전주
35.14976,126.91701,2,동구,광주광역시 동구 금남로3가 3-7,전용주
35.14976,126.91709,1,동구,광주광역시 동구 금남로3가 3-7,전용주
35.14976,126.91898,1,동구,광주광역시 동구 궁동 38-12,전용주
35.14976,126.93053,1,동구,광주광역시 동구 동명동 2-25,전용주
35.14976,126.93138,1,동구,광주광역시 동구 지산동 716-51,한전주
35.14977,126.86207,1,서구,전남광주통합특별시 서구 쌍촌동 984-32,한전주
35.14977,126.88089,1,서구,전남광주통합특별시 서구 화정동 764-34,한전주
35.14977,126.91751,1,동구,광주광역시 동구 궁동 55-2,전용주
35.14977,126.93665,1,동구,광주광역시 동구 지산동 708-14,한전주
35.14978,126.90581,1,서구,전남광주통합특별시 서구 양동 77-2,한전주
35.14978,126.90624,1,서구,전남광주통합특별시 서구 양동 217,한전주
35.14978,126.91069,1,동구,광주광역시 동구 수기동 79,전용주
35.14978,126.92615,1,동구,광주광역시 동구 동명동 68-9,건축물
35.14979,126.89072,1,서구,전남광주통합특별시 서구 농성동 635-22,한전주
35.14979,126.90561,1,서구,전남광주통합특별시 서구 양동 77-14,한전주
35.14979,126.92097,1,동구,광주광역시 동구 대의동 33,전용주
35.14979,126.92593,1,동구,광주광역시 동구 동명동 73-16,건축물
35.14979,126.92809,1,동구,광주광역시 동구 동명동 39-1,한전주
35.1498,126.93328,1,동구,광주광역시 동구 지산동 379-11,한전주
35.14981,126.86042,1,서구,전남광주통합특별시 서구 쌍촌동 983-37,한전주
35.14981,126.90345,1,서구,전남광주통합특별시 서구 양동 36-18,전용주
35.14981,126.91937,1,동구,광주광역시 동구 궁동 38-5,전용주
35.14981,126.92905,1,동구,광주광역시 동구 동명동 12-3,한전주
35.14981,126.94346,1,동구,광주광역시 동구 지산동 686,한전주
35.14982,126.84959,4,서구,전남광주통합특별시 서구 치평동 1256-2,전용주
35.14982,126.85086,2,서구,전남광주통합특별시 서구 치평동 1258-4,전용주
35.14982,126.85089,1,서구,전남광주통합특별시 서구 치평동 1258-4,전용주
35.14982,126.88523,1,서구,전남광주통합특별시 서구 농성동 658-27,한전주
35.14983,126.84959,2,서구,전남광주통합특별시 서구 치평동 1256-2,전용주
35.14983,126.85086,1,서구,전남광주통합특별시 서구 치평동 1258-4,전용주
35.14983,126.87287,1,서구,전남광주통합특별시 서구 화정동 325-1,한전주
35.14983,126.88828,1,서구,전남광주통합특별시 서구 농성동 633-20,한전주
35.14983,126.92038,1,동구,광주광역시 동구 대의동 29,전용주
35.14984,126.84958,1,서구,전남광주통합특별시 서구 치평동 1256-2,전용주
35.14984,126.84959,1,서구,전남광주통합특별시 서구 치평동 1256-2,전용주
35.14984,126.85869,1,서구,전남광주통합특별시 서구 쌍촌동 981-51,한전주
35.14984,126.87898,1,서구,전남광주통합특별시 서구 화정동 766-40,전용주
35.14984,126.90704,1,서구,전남광주통합특별시 서구 양동 229,한전주
35.14984,126.90706,1,서구,전남광주통합특별시 서구 양동 229,전용주
35.14985,126.88315,1,서구,전남광주통합특별시 서구 농성동 655-39,한전주
35.14985,126.92651,1,동구,광주광역시 동구 동명동 68-35,한전주
35.14985,126.92688,1,동구,광주광역시 동구 동명동 57-12,한전주
35.14985,126.93594,1,동구,광주광역시 동구 지산동 708-30,한전주
35.14986,126.91146,1,동구,광주광역시 동구 수기동 52-3,전용주
35.14986,126.92545,1,동구,광주광역시 동구 동명동 73-18,한전주
35.14987,126.92225,1,동구,광주광역시 동구 장동 58-15,한전주
35.14988,126.91168,1,동구,광주광역시 동구 수기동 55,전용주
35.14988,126.91825,1,동구,광주광역시 동구 궁동 51-19,전용주
35.14989,126.87609,1,서구,전남광주통합특별시 서구 화정동 316-31,전용주
35.14989,126.87666,7,서구,전남광주통합특별시 서구 화정동 795-3,전용주
35.14989,126.88637,1,서구,전남광주통합특별시 서구 농성동 661-18,한전주
35.14989,126.90345,1,서구,전남광주통합특별시 서구 양동 36-18,전용주
35.14989,126.92436,1,동구,광주광역시 동구 동명동 154-55,한전주
35.1499,126.87763,1,서구,전남광주통합특별시 서구 화정동 755-123,전용주
35.1499,126.8777,1,서구,전남광주통합특별시 서구 화정동 755-123,한전주
35.1499,126.88052,1,서구,전남광주통합특별시 서구 화정동 764-88,한전주
35.1499,126.88401,1,서구,전남광주통합특별시 서구 농성동 657-92,전용주
35.1499,126.93114,1,동구,광주광역시 동구 지산동 716-46,전용주
35.14991,126.87792,1,서구,전남광주통합특별시 서구 화정동 755-59,한전주
35.14991,126.88445,1,서구,전남광주통합특별시 서구 농성동 657-43,한전주
35.14991,126.89241,1,서구,전남광주통합특별시 서구 농성동 627-25,한전주
35.14991,126.90611,1,서구,전남광주통합특별시 서구 양동 80-4,전용주
35.14991,126.91952,1,동구,광주광역시 동구 궁동 38-2,한전주
35.14991,126.93326,1,동구,광주광역시 동구 지산동 379-10,한전주
35.14992,126.86438,1,서구,전남광주통합특별시 서구 쌍촌동 989-77,
35.14992,126.8723,1,서구,전남광주통합특별시 서구 화정동 747-22,한전주
35.14992,126.93803,1,동구,광주광역시 동구 지산동 313-11,한전주
35.14993,126.85433,1,서구,전남광주통합특별시 서구 쌍촌동 973-13,전용주
35.14993,126.88268,1,서구,전남광주통합특별시 서구 농성동 655-10,한전주
35.14993,126.88876,1,서구,전남광주통합특별시 서구 농성동 633-37,전용주
35.14993,126.92513,1,동구,광주광역시 동구 동명동 154-67,한전주
35.14993,126.93963,1,동구,광주광역시 동구 지산동 288-3,전용주
35.14993,126.93967,1,동구,광주광역시 동구 지산동 288-3,전용주
35.14993,126.94178,1,동구,광주광역시 동구 지산동 56-24,전용주
35.14994,126.8533,1,서구,전남광주통합특별시 서구 치평동 1262-1,전용주
35.14995,126.88933,1,서구,전남광주통합특별시 서구 농성동 634-34,한전주
35.14995,126.89255,1,서구,전남광주통합특별시 서구 농성동 627-7,한전주
35.14995,126.91321,2,동구,광주광역시 동구 충장로4가 53,전용주
35.14995,126.92633,1,동구,광주광역시 동구 동명동 68-25,한전주
35.14995,126.92635,1,동구,광주광역시 동구 동명동 68-25,한전주
35.14995,126.94299,1,동구,광주광역시 동구 지산동 83-1,한전주
35.14996,126.87956,1,서구,전남광주통합특별시 서구 화정동 765-48,한전주
35.14996,126.89289,1,서구,전남광주통합특별시 서구 농성동 627-36,한전주
35.14996,126.91878,1,동구,광주광역시 동구 궁동 36-12,전용주
35.14996,126.93087,1,동구,광주광역시 동구 동명동 2-19,한전주
35.14997,126.84992,2,서구,전남광주통합특별시 서구 치평동 1256-1,전용주
35.14997,126.85439,1,서구,전남광주통합특별시 서구 쌍촌동 973-13,한전주
35.14997,126.86483,1,서구,전남광주통합특별시 서구 쌍촌동 993-23,한전주
35.14997,126.87721,1,서구,전남광주통합특별시 서구 화정동 755-87,한전주
35.14997,126.89038,1,서구,전남광주통합특별시 서구 농성동 630-24,한전주
35.14997,126.92494,1,동구,광주광역시 동구 동명동 154-71,한전주
35.14997,126.92873,1,동구,광주광역시 동구 동명동 11-10,한전주
35.14998,126.87739,1,서구,전남광주통합특별시 서구 화정동 755-86,전용주
35.14998,126.90623,1,서구,전남광주통합특별시 서구 양동 216,한전주
35.14998,126.91253,1,동구,광주광역시 동구 충장로5가 62-25,건축물
35.14998,126.91255,1,동구,광주광역시 동구 충장로5가 62-25,전용주
35.14998,126.91755,1,동구,광주광역시 동구 궁동 58-9,전용주
35.14998,126.91904,1,동구,광주광역시 동구 궁동 37-2,한전주
35.14998,126.92597,1,동구,광주광역시 동구 동명동 73-14,한전주
35.14998,126.92719,1,동구,광주광역시 동구 동명동 57-9,한전주
35.15,126.85334,1,서구,전남광주통합특별시 서구 치평동 1262-1,전용주
35.15,126.89053,1,서구,전남광주통합특별시 서구 농성동 630-18,한전주
35.15,126.93017,1,동구,광주광역시 동구 동명동 15-2,한전주
35.15,126.93039,1,동구,광주광역시 동구 동명동 2-3,전용주
35.15001,126.88128,1,서구,전남광주통합특별시 서구 화정동 763-45,한전주
35.15001,126.89241,1,서구,전남광주통합특별시 서구 농성동 627-12,한전주
35.15002,126.89075,1,서구,전남광주통합특별시 서구 농성동 630-19,전용주
35.15002,126.90605,1,서구,전남광주통합특별시 서구 양동 81-6,한전주
35.15003,126.87841,1,서구,전남광주통합특별시 서구 화정동 791-4,한전주
35.15003,126.88292,1,서구,전남광주통합특별시 서구 농성동 655-35,한전주
35.15003,126.89016,1,서구,전남광주통합특별시 서구 농성동 630-5,전용주
35.15003,126.91195,1,동구,광주광역시 동구 충장로5가 74-8,건축물
35.15003,126.9127,1,동구,광주광역시 동구 충장로5가 66,전용주
35.15003,126.91647,1,동구,광주광역시 동구 금남로3가 2-6,전용주
35.15003,126.9202,1,동구,광주광역시 동구 대의동 6-1,건축물
35.15003,126.92947,1,동구,광주광역시 동구 동명동 13-5,한전주
35.15004,126.88051,1,서구,전남광주통합특별시 서구 화정동 764-3,한전주
35.15004,126.88252,1,서구,전남광주통합특별시 서구 농성동 655-54,한전주
35.15004,126.92401,1,동구,광주광역시 동구 동명동 154-49,한전주
35.15004,126.9434,1,동구,광주광역시 동구 지산동 81,한전주
35.15005,126.88442,1,서구,전남광주통합특별시 서구 농성동 657-25,한전주
35.15005,126.88504,1,서구,전남광주통합특별시 서구 농성동 658-5,한전주
35.15005,126.93212,1,동구,광주광역시 동구 지산동 716-25,한전주
35.15005,126.93295,1,동구,광주광역시 동구 지산동 715-29,전용주
35.15006,126.92284,1,동구,광주광역시 동구 장동 57-6,건축물
35.15007,126.91816,1,동구,광주광역시 동구 궁동 51-25,전용주
35.15008,126.85476,1,서구,전남광주통합특별시 서구 쌍촌동 973-10,한전주
35.15008,126.91148,1,동구,광주광역시 동구 수기동 54,전용주
35.15008,126.93594,1,동구,광주광역시 동구 지산동 707-22,한전주
35.15009,126.91737,1,동구,광주광역시 동구 궁동 56-3,건축물
35.15009,126.91789,1,동구,광주광역시 동구 궁동 54-3,전용주
35.15009,126.92812,1,동구,광주광역시 동구 동명동 35-3,전용주
35.15009,126.92816,1,동구,광주광역시 동구 동명동 35-3,한전주
35.15009,126.93102,1,동구,광주광역시 동구 지산동 716-49,한전주
35.15009,126.9315,1,동구,광주광역시 동구 지산동 716-3,한전주
35.1501,126.87819,1,서구,전남광주통합특별시 서구 화정동 755-50,전용주
35.1501,126.92439,1,동구,광주광역시 동구 동명동 154-6,한전주
35.1501,126.93118,1,동구,광주광역시 동구 지산동 716-48,전용주
35.1501,126.93622,1,동구,광주광역시 동구 지산동 707-14,한전주
35.1501,126.93685,1,동구,광주광역시 동구 지산동 706-23,한전주
35.15011,126.87889,1,서구,전남광주통합특별시 서구 화정동 766-33,한전주
35.15011,126.87976,1,서구,전남광주통합특별시 서구 화정동 765-65,한전주
35.15011,126.89145,1,서구,전남광주통합특별시 서구 농성동 629-11,한전주
35.15011,126.92467,1,동구,광주광역시 동구 동명동 154-11,한전주
35.15012,126.91953,1,동구,광주광역시 동구 궁동 28,전용주
35.15012,126.92246,1,동구,광주광역시 동구 장동 56-2,전용주
35.15013,126.8538,1,서구,전남광주통합특별시 서구 치평동 1262-4,전용주
35.15013,126.85389,1,서구,전남광주통합특별시 서구 치평동 1262-4,전용주
35.15013,126.88794,1,서구,전남광주통합특별시 서구 농성동 640-12,한전주
35.15013,126.91599,1,동구,광주광역시 동구 금남로3가 2-5,전용주
35.15014,126.85854,1,서구,전남광주통합특별시 서구 쌍촌동 981-1,한전주
35.15014,126.88368,1,서구,전남광주통합특별시 서구 농성동 654-60,한전주
35.15014,126.88369,1,서구,전남광주통합특별시 서구 농성동 654-60,한전주
35.15015,126.85358,1,서구,전남광주통합특별시 서구 치평동 1262-2,전용주
35.15015,126.87935,1,서구,전남광주통합특별시 서구 화정동 765-73,한전주
35.15015,126.91274,1,동구,광주광역시 동구 충장로5가 65-1,전용주
35.15015,126.91657,1,동구,광주광역시 동구 금남로3가 1-24,한전주
35.15015,126.93827,2,동구,광주광역시 동구 지산동 315-59,한전주
35.15016,126.88035,1,서구,전남광주통합특별시 서구 화정동 771-60,한전주
35.15016,126.93325,1,동구,광주광역시 동구 지산동 379-7,한전주
35.15017,126.88283,1,서구,전남광주통합특별시 서구 농성동 655-20,전용주
35.15017,126.88447,1,서구,전남광주통합특별시 서구 농성동 657-70,전용주
35.15017,126.88612,1,서구,전남광주통합특별시 서구 농성동 660-11,한전주
35.15017,126.91121,1,동구,광주광역시 동구 수기동 51-2,전용주
35.15017,126.91209,1,동구,광주광역시 동구 충장로5가 74-11,건축물
35.15017,126.91874,1,동구,광주광역시 동구 궁동 36-2,전용주
35.15017,126.92273,1,동구,광주광역시 동구 장동 57-2,전용주
35.15018,126.9208,1,동구,광주광역시 동구 대의동 39,전용주
35.15018,126.93324,1,동구,광주광역시 동구 지산동 379-7,한전주
35.15019,126.88008,1,서구,전남광주통합특별시 서구 화정동 765-9,한전주
35.15019,126.8822,1,서구,전남광주통합특별시 서구 농성동 655-24,한전주
35.15019,126.92542,1,동구,광주광역시 동구 동명동 74,한전주
35.15019,126.92578,1,동구,광주광역시 동구 동명동 73-9,한전주
35.15019,126.92929,1,동구,광주광역시 동구 동명동 13-1,전용주
35.1502,126.88151,1,서구,전남광주통합특별시 서구 화정동 763-28,한전주
35.1502,126.92337,1,동구,광주광역시 동구 동명동 197-26,한전주
35.1502,126.92892,1,동구,광주광역시 동구 동명동 18-8,전용주
35.15021,126.86699,1,서구,전남광주통합특별시 서구 쌍촌동 997-50,전용주
35.15021,126.91107,1,동구,광주광역시 동구 수기동 50,전용주
35.15021,126.92391,1,동구,광주광역시 동구 동명동 154-39,한전주
35.15021,126.92881,1,동구,광주광역시 동구 동명동 20-6,한전주
35.15022,126.8663,1,서구,전남광주통합특별시 서구 쌍촌동 1011,한전주
35.15022,126.88614,1,서구,전남광주통합특별시 서구 농성동 660-31,한전주
35.15022,126.89265,1,서구,전남광주통합특별시 서구 농성동 672-2,전용주
35.15022,126.91729,1,동구,광주광역시 동구 궁동 58-8,한전주
35.15022,126.9226,1,동구,광주광역시 동구 장동 57-15,전용주
35.15022,126.92754,1,동구,광주광역시 동구 동명동 154-136,한전주
35.15023,126.91932,1,동구,광주광역시 동구 궁동 29-1,전용주
35.15023,126.92798,1,동구,광주광역시 동구 동명동 154-139,한전주
35.15023,126.92907,1,동구,광주광역시 동구 동명동 18-6,한전주
35.15023,126.93627,1,동구,광주광역시 동구 지산동 707-13,한전주
35.15024,126.8663,1,서구,전남광주통합특별시 서구 쌍촌동 1011,한전주
35.15024,126.87261,8,서구,전남광주통합특별시 서구 화정동 796,한전주
35.15024,126.87262,1,서구,전남광주통합특별시 서구 화정동 796,한전주
35.15024,126.87263,1,서구,전남광주통합특별시 서구 화정동 796,한전주
35.15024,126.88484,1,서구,전남광주통합특별시 서구 농성동 658-30,한전주
35.15024,126.90659,1,서구,전남광주통합특별시 서구 양동 224,한전주
35.15024,126.92599,2,동구,광주광역시 동구 동명동 73-11,한전주
35.15025,126.8663,93,서구,전남광주통합특별시 서구 쌍촌동 1011,한전주
35.15025,126.91069,1,동구,광주광역시 동구 수기동 28,전용주
35.15025,126.92016,1,동구,광주광역시 동구 대의동 3-1,전용주
35.15025,126.95142,5,동구,광주광역시 동구 지산동 산56-1,한전주
35.15025,126.9734,1,북구,전남광주통합특별시 북구 화암동 산145,한전주
35.15026,126.86222,2,서구,전남광주통합특별시 서구 쌍촌동 984-1,건축물
35.15026,126.90759,1,서구,전남광주통합특별시 서구 양동 125-5,한전주
35.15026,126.93718,1,동구,광주광역시 동구 지산동 314-29,건축물
35.15027,126.8663,1,서구,전남광주통합특별시 서구 쌍촌동 1011,한전주
35.15027,126.87869,1,서구,전남광주통합특별시 서구 화정동 766-14,전용주
35.15027,126.88685,25,서구,전남광주통합특별시 서구 농성동 671-2,전용주
35.15027,126.94189,1,동구,광주광역시 동구 지산동 85-6,전용주
35.15028,126.87229,4,서구,전남광주통합특별시 서구 화정동 747-1,전용주
35.15028,126.88409,1,서구,전남광주통합특별시 서구 농성동 654-18,한전주
35.15028,126.89173,1,서구,전남광주통합특별시 서구 농성동 629-22,한전주
35.15028,126.89179,1,서구,전남광주통합특별시 서구 농성동 629-22,한전주
35.15028,126.92417,1,동구,광주광역시 동구 동명동 154-43,한전주
35.15029,126.83728,2,서구,전남광주통합특별시 서구 치평동 898-67,한전주
35.15029,126.83729,1,서구,전남광주통합특별시 서구 치평동 898-67,한전주
35.15029,126.88262,1,서구,전남광주통합특별시 서구 농성동 655-11,건축물
35.15029,126.89265,3,서구,전남광주통합특별시 서구 농성동 672-2,한전주
35.15029,126.92268,1,동구,광주광역시 동구 장동 57-4,한전주
35.15029,126.92879,1,동구,광주광역시 동구 동명동 20-7,한전주
35.1503,126.8624,1,서구,전남광주통합특별시 서구 쌍촌동 987-7,한전주
35.1503,126.89265,1,서구,전남광주통합특별시 서구 농성동 672-2,한전주
35.15031,126.88781,1,서구,전남광주통합특별시 서구 농성동 640-9,한전주
35.15031,126.89232,1,서구,전남광주통합특별시 서구 농성동 626-27,한전주
35.15031,126.91845,1,동구,광주광역시 동구 궁동 34-9,전용주
35.15031,126.92213,1,동구,광주광역시 동구 장동 56-9,전용주
35.15031,126.93202,1,동구,광주광역시 동구 지산동 717-34,한전주
35.15032,126.88739,1,서구,전남광주통합특별시 서구 농성동 639-14,건축물
35.15032,126.88903,1,서구,전남광주통합특별시 서구 농성동 633-30,전용주
35.15032,126.91282,3,동구,광주광역시 동구 충장로5가 49,전용주
35.15032,126.91785,1,동구,광주광역시 동구 궁동 61-2,전용주
35.15032,126.92633,1,동구,광주광역시 동구 동명동 68-57,한전주
35.15032,126.92788,1,동구,광주광역시 동구 동명동 154-82,한전주
35.15033,126.91857,1,동구,광주광역시 동구 궁동 35-4,전용주
35.15033,126.93175,1,동구,광주광역시 동구 지산동 717-32,전용주
35.15034,126.88054,1,서구,전남광주통합특별시 서구 화정동 771-54,한전주
35.15035,126.8604,1,서구,전남광주통합특별시 서구 쌍촌동 982-33,한전주
35.15035,126.91241,1,동구,광주광역시 동구 충장로5가 62-19,건축물
35.15035,126.92915,1,동구,광주광역시 동구 동명동 19-11,한전주
35.15035,126.94488,1,동구,광주광역시 동구 지산동 산46-8,한전주
35.15036,126.91129,1,동구,광주광역시 동구 충장로5가 76-7,건축물
35.15036,126.91213,1,동구,광주광역시 동구 충장로5가 62-11,한전주
35.15036,126.92217,1,동구,광주광역시 동구 장동 56-9,전용주
35.15036,126.92915,1,동구,광주광역시 동구 동명동 19-11,전용주
35.15037,126.88374,1,서구,전남광주통합특별시 서구 농성동 654-20,
35.15037,126.90772,1,서구,전남광주통합특별시 서구 양동 124-9,건축물
35.15037,126.91887,1,동구,광주광역시 동구 궁동 35-8,전용주
35.15037,126.92475,1,동구,광주광역시 동구 동명동 154-10,한전주
35.15037,126.93056,1,동구,광주광역시 동구 지산동 718-27,전용주
35.15037,126.93629,1,동구,광주광역시 동구 지산동 707-12,전용주
35.15038,126.89325,1,서구,전남광주통합특별시 서구 농성동 627-1,전용주
35.15038,126.91162,1,동구,광주광역시 동구 충장로5가 76-10,전용주
35.15038,126.93126,1,동구,광주광역시 동구 지산동 717-29,한전주
35.15038,126.94192,1,동구,광주광역시 동구 지산동 산22-17,전용주
35.15039,126.92496,1,동구,광주광역시 동구 동명동 154-8,한전주
35.15039,126.92827,2,동구,광주광역시 동구 동명동 25,한전주
35.15039,126.9326,2,동구,광주광역시 동구 지산동 715-2,한전주
35.1504,126.86268,1,서구,전남광주통합특별시 서구 쌍촌동 987-31,한전주
35.15041,126.87089,1,서구,전남광주통합특별시 서구 쌍촌동 1001-40,한전주
35.15041,126.92377,1,동구,광주광역시 동구 동명동 154-38,건축물
35.15042,126.87138,1,서구,전남광주통합특별시 서구 쌍촌동 1001-48,한전주
35.15042,126.87904,1,서구,전남광주통합특별시 서구 화정동 765-43,한전주
35.15042,126.8847,1,서구,전남광주통합특별시 서구 농성동 658-2,한전주
35.15042,126.88858,1,서구,전남광주통합특별시 서구 농성동 632-42,전용주
35.15044,126.86213,1,서구,전남광주통합특별시 서구 쌍촌동 985-15,한전주
35.15044,126.87038,1,서구,전남광주통합특별시 서구 쌍촌동 1001-35,한전주
35.15044,126.88221,1,서구,전남광주통합특별시 서구 농성동 671-12,전용주
35.15044,126.92197,1,동구,광주광역시 동구 장동 56,한전주
35.15045,126.87063,1,서구,전남광주통합특별시 서구 쌍촌동 1001-39,한전주
35.15045,126.87068,1,서구,전남광주통합특별시 서구 쌍촌동 1001-39,한전주
35.15045,126.91713,1,동구,광주광역시 동구 금남로3가 1-18,전용주
35.15045,126.92115,1,동구,광주광역시 동구 장동 53-3,한전주
35.15046,126.88232,1,서구,전남광주통합특별시 서구 농성동 671-33,한전주
35.15046,126.92194,1,동구,광주광역시 동구 장동 139-2,한전주
35.15047,126.87224,1,서구,전남광주통합특별시 서구 화정동 746-30,전용주
35.15047,126.92226,1,동구,광주광역시 동구 장동 58-33,한전주
35.15048,126.88597,1,서구,전남광주통합특별시 서구 농성동 660-7,한전주
35.15048,126.91913,1,동구,광주광역시 동구 궁동 31,전용주
35.15048,126.92437,1,동구,광주광역시 동구 동명동 154-44,한전주
35.15048,126.93126,1,동구,광주광역시 동구 지산동 717-27,한전주
35.15048,126.93598,1,동구,광주광역시 동구 지산동 707-40,한전주
35.15049,126.88371,1,서구,전남광주통합특별시 서구 농성동 654-41,건축물
35.15049,126.92909,1,동구,광주광역시 동구 동명동 19-7,전용주
35.15049,126.92929,1,동구,광주광역시 동구 동명동 19-6,한전주
35.1505,126.8834,1,서구,전남광주통합특별시 서구 농성동 654-30,한전주
35.1505,126.89314,1,서구,전남광주통합특별시 서구 농성동 626-9,전용주
35.1505,126.91223,1,동구,광주광역시 동구 충장로5가 62-3,전용주
35.1505,126.91371,1,동구,광주광역시 동구 충장로4가 2-1,전용주
35.1505,126.91769,1,동구,광주광역시 동구 궁동 62-4,전용주
35.1505,126.96954,1,북구,전남광주통합특별시 북구 화암동 291,한전주
35.15051,126.8535,2,서구,전남광주통합특별시 서구 치평동 1244-6,전용주
35.15051,126.88045,1,서구,전남광주통합특별시 서구 화정동 771-21,건축물
35.15051,126.91158,1,동구,광주광역시 동구 충장로5가 60-17,전용주
35.15051,126.91862,1,동구,광주광역시 동구 궁동 34-12,전용주
35.15051,126.9442,1,동구,광주광역시 동구 지산동 52-13,한전주
35.15052,126.8569,1,서구,전남광주통합특별시 서구 쌍촌동 971-42,한전주
35.15052,126.86672,1,서구,전남광주통합특별시 서구 쌍촌동 997-35,전용주
35.15052,126.88182,1,서구,전남광주통합특별시 서구 농성동 671-49,한전주
35.15053,126.87749,1,서구,전남광주통합특별시 서구 화정동 701-2,전용주
35.15053,126.88019,2,서구,전남광주통합특별시 서구 화정동 771-74,전용주
35.15054,126.90331,5,서구,전남광주통합특별시 서구 양동 455,건축물
35.15054,126.93172,1,동구,광주광역시 동구 지산동 717-17,한전주
35.15054,126.93851,4,동구,광주광역시 동구 지산동 315-1,전용주
35.15055,126.88412,1,서구,전남광주통합특별시 서구 농성동 654-3,한전주
35.15055,126.88477,36,서구,전남광주통합특별시 서구 농성동 672-5,한전주
35.15055,126.88479,1,서구,전남광주통합특별시 서구 농성동 672-5,한전주
35.15056,126.87176,1,서구,전남광주통합특별시 서구 쌍촌동 1001-67,전용주
35.15056,126.91625,1,동구,광주광역시 동구 금남로3가 1-10,한전주
35.15056,126.92239,1,동구,광주광역시 동구 장동 58-28,한전주
35.15056,126.93628,1,동구,광주광역시 동구 지산동 707-5,한전주
35.15057,126.88863,1,서구,전남광주통합특별시 서구 농성동 632-35,전용주
35.15057,126.93133,1,동구,광주광역시 동구 지산동 717-49,한전주
35.15058,126.87928,2,서구,전남광주통합특별시 서구 화정동 765-34,한전주
35.15058,126.88327,1,서구,전남광주통합특별시 서구 농성동 654-29,건축물
35.15058,126.88463,1,서구,전남광주통합특별시 서구 농성동 653-24,한전주
35.15058,126.88782,1,서구,전남광주통합특별시 서구 농성동 640-6,한전주
35.15058,126.92132,1,동구,광주광역시 동구 장동 52-7,한전주
35.15059,126.86692,1,서구,전남광주통합특별시 서구 쌍촌동 997-27,건축물
35.15059,126.86696,2,서구,전남광주통합특별시 서구 쌍촌동 997-27,한전주
35.15059,126.88075,1,서구,전남광주통합특별시 서구 화정동 771-18,
35.15059,126.91093,1,동구,광주광역시 동구 수기동 45-1,건축물
35.15059,126.9127,1,동구,광주광역시 동구 충장로5가 52-13,건축물
35.1506,126.86182,1,서구,전남광주통합특별시 서구 쌍촌동 985-2,한전주
35.1506,126.90286,1,서구,전남광주통합특별시 서구 양동 25-54,한전주
35.1506,126.91953,1,동구,광주광역시 동구 궁동 21,전용주
35.1506,126.91955,1,동구,광주광역시 동구 궁동 21,전용주
35.1506,126.92172,1,동구,광주광역시 동구 장동 51-18,건축물
35.15061,126.88952,1,서구,전남광주통합특별시 서구 농성동 631-29,한전주
35.15061,126.89243,1,서구,전남광주통합특별시 서구 농성동 626-6,전용주
35.15063,126.88399,1,서구,전남광주통합특별시 서구 농성동 654-48,건축물
35.15063,126.88482,1,서구,전남광주통합특별시 서구 농성동 653-22,한전주
35.15063,126.92556,1,동구,광주광역시 동구 동명동 75-25,한전주
35.15063,126.92799,1,동구,광주광역시 동구 동명동 154-247,전용주
35.15064,126.87658,1,서구,전남광주통합특별시 서구 화정동 316-11,한전주
35.15064,126.87723,1,서구,전남광주통합특별시 서구 화정동 315-25,한전주
35.15064,126.87727,1,서구,전남광주통합특별시 서구 화정동 315-25,한전주
35.15064,126.87728,1,서구,전남광주통합특별시 서구 화정동 315-25,한전주
35.15064,126.88256,1,서구,전남광주통합특별시 서구 농성동 671-22,한전주
35.15064,126.89358,1,서구,전남광주통합특별시 서구 농성동 625-40,한전주
35.15064,126.92782,1,동구,광주광역시 동구 동명동 154-158,한전주
35.15065,126.91057,1,동구,광주광역시 동구 수기동 44-1,전용주
35.15065,126.91565,1,동구,광주광역시 동구 금남로4가 27-1,한전주
35.15067,126.92713,1,동구,광주광역시 동구 동명동 166-1,한전주
35.15068,126.86233,1,서구,전남광주통합특별시 서구 쌍촌동 986-32,건축물
35.15068,126.90313,1,서구,전남광주통합특별시 서구 양동 38-37,한전주
35.15068,126.92195,1,동구,광주광역시 동구 장동 51-38,전용주
35.15068,126.92366,1,동구,광주광역시 동구 동명동 154-36,한전주
35.15069,126.92347,1,동구,광주광역시 동구 동명동 154-230,건축물
35.15069,126.92926,1,동구,광주광역시 동구 동명동 19-1,전용주
35.1507,126.91898,1,동구,광주광역시 동구 궁동 75,전용주
35.1507,126.92746,1,동구,광주광역시 동구 동명동 154-154,한전주
35.15071,126.88209,1,서구,전남광주통합특별시 서구 농성동 671-55,전용주
35.15071,126.88567,1,서구,전남광주통합특별시 서구 농성동 660-23,한전주
35.15071,126.9027,1,서구,전남광주통합특별시 서구 양동 25-25,전용주
35.15071,126.92753,1,동구,광주광역시 동구 동명동 154-92,한전주
35.15072,126.87158,1,서구,전남광주통합특별시 서구 쌍촌동 1001-53,전용주
35.15072,126.88002,1,서구,전남광주통합특별시 서구 화정동 771-65,한전주
35.15072,126.8887,1,서구,전남광주통합특별시 서구 농성동 632-28,전용주
35.15072,126.91235,1,동구,광주광역시 동구 충장로5가 53-1,건축물
35.15072,126.92455,1,동구,광주광역시 동구 동명동 154-26,한전주
35.15073,126.85686,1,서구,전남광주통합특별시 서구 쌍촌동 971-3,한전주
35.15073,126.88193,1,서구,전남광주통합특별시 서구 농성동 671-52,한전주
35.15073,126.89345,1,서구,전남광주통합특별시 서구 농성동 625-39,전용주
35.15073,126.89392,1,서구,전남광주통합특별시 서구 농성동 625-24,한전주
35.15073,126.9136,1,동구,광주광역시 동구 금남로5가 135-1,전용주
35.15073,126.92385,1,동구,광주광역시 동구 동명동 154-192,한전주
35.15074,126.88796,1,서구,전남광주통합특별시 서구 농성동 640-14,한전주
35.15074,126.91745,1,동구,광주광역시 동구 궁동 62-1,한전주
35.15075,126.88969,1,서구,전남광주통합특별시 서구 농성동 631-27,건축물
35.15076,126.9128,1,동구,광주광역시 동구 충장로5가 33-5,전용주
35.15076,126.9232,1,동구,광주광역시 동구 동명동 154-145,한전주
35.15077,126.88043,1,서구,전남광주통합특별시 서구 화정동 771-30,
35.15078,126.85616,2,서구,전남광주통합특별시 서구 쌍촌동 971-16,한전주
35.15078,126.92494,1,동구,광주광역시 동구 동명동 154-3,한전주
35.15078,126.93596,1,동구,광주광역시 동구 지산동 707-46,한전주
35.15078,126.97197,3,북구,전남광주통합특별시 북구 화암동 산147,한전주
35.15079,126.92297,1,동구,광주광역시 동구 동명동 200-141,전용주
35.1508,126.8367,1,서구,전남광주통합특별시 서구 치평동 893-8,전용주
35.1508,126.88322,1,서구,전남광주통합특별시 서구 농성동 650-21,
35.15081,126.87676,1,서구,전남광주통합특별시 서구 화정동 316-113,한전주
35.15081,126.88163,1,서구,전남광주통합특별시 서구 농성동 674-19,한전주
35.15081,126.92822,1,동구,광주광역시 동구 동명동 24-18,한전주
35.15082,126.88002,1,서구,전남광주통합특별시 서구 화정동 771-62,한전주
35.15083,126.88337,1,서구,전남광주통합특별시 서구 농성동 650-26,한전주
35.15083,126.8942,1,서구,전남광주통합특별시 서구 농성동 625-17,한전주
35.15083,126.9102,1,동구,광주광역시 동구 수기동 44-17,전용주
35.15083,126.93324,1,동구,광주광역시 동구 지산동 373-5,한전주
35.15084,126.881,1,서구,전남광주통합특별시 서구 화정동 771-89,
35.15084,126.91591,1,동구,광주광역시 동구 금남로4가 51,한전주
35.15084,126.93367,1,동구,광주광역시 동구 지산동 373-9,건축물
35.15085,126.9191,1,동구,광주광역시 동구 궁동 13-1,건축물
35.15085,126.92178,1,동구,광주광역시 동구 장동 51-2,한전주
35.15085,126.92419,1,동구,광주광역시 동구 동명동 154-33,한전주
35.15085,126.92528,1,동구,광주광역시 동구 동명동 154-64,한전주
35.15086,126.87098,1,서구,전남광주통합특별시 서구 쌍촌동 1001-13,한전주
35.15086,126.87961,1,서구,전남광주통합특별시 서구 화정동 794,한전주
35.15086,126.87965,18,서구,전남광주통합특별시 서구 화정동 794,한전주
35.15086,126.88084,1,서구,전남광주통합특별시 서구 화정동 771-26,한전주
35.15086,126.88555,1,서구,전남광주통합특별시 서구 농성동 660-3,한전주
35.15086,126.90979,1,동구,광주광역시 동구 수기동 21-9,전용주
35.15086,126.91304,1,동구,광주광역시 동구 충장로5가 44,건축물
35.15086,126.92369,1,동구,광주광역시 동구 동명동 200-197,한전주
35.15086,126.93622,1,동구,광주광역시 동구 지산동 707-37,한전주
35.15087,126.87245,1,서구,전남광주통합특별시 서구 화정동 746-1,한전주
35.15087,126.90939,1,동구,광주광역시 동구 수기동 22,전용주
35.15087,126.92274,2,동구,광주광역시 동구 동명동 200-12,한전주
35.15088,126.9244,1,동구,광주광역시 동구 동명동 154-27,한전주
35.15089,126.85353,1,서구,전남광주통합특별시 서구 치평동 1244-9,전용주
35.15089,126.88169,1,서구,전남광주통합특별시 서구 농성동 674-19,한전주
35.15089,126.8935,1,서구,전남광주통합특별시 서구 농성동 625-36,전용주
35.15089,126.91027,1,동구,광주광역시 동구 수기동 44-17,전용주
35.1509,126.89341,1,서구,전남광주통합특별시 서구 농성동 625-41,전용주
35.1509,126.8942,1,서구,전남광주통합특별시 서구 농성동 625-16,전용주
35.1509,126.92737,0,동구,광주광역시 동구 동명동 167-6,건축물
35.1509,126.93184,1,동구,광주광역시 동구 지산동 714-23,한전주
35.1509,126.93639,1,동구,광주광역시 동구 지산동 707-31,한전주
35.15091,126.84971,3,서구,전남광주통합특별시 서구 치평동 1250-6,전용주
35.15091,126.87974,1,서구,전남광주통합특별시 서구 화정동 771-48,전용주
35.15091,126.88489,2,서구,전남광주통합특별시 서구 농성동 653-5,한전주
35.15092,126.888,1,서구,전남광주통합특별시 서구 농성동 632-9,전용주
35.15092,126.9154,1,동구,광주광역시 동구 금남로4가 21-15,한전주
35.15092,126.92571,1,동구,광주광역시 동구 동명동 158-6,한전주
35.15092,126.93324,1,동구,광주광역시 동구 지산동 342-68,한전주
35.15093,126.89431,1,서구,전남광주통합특별시 서구 농성동 625-3,한전주
35.15093,126.91044,1,동구,광주광역시 동구 수기동 44-9,건축물
35.15093,126.92221,1,동구,광주광역시 동구 장동 51-4,전용주
35.15093,126.93228,1,동구,광주광역시 동구 지산동 714-17,한전주
35.15094,126.86685,1,서구,전남광주통합특별시 서구 쌍촌동 997-19,한전주
35.15094,126.89431,1,서구,전남광주통합특별시 서구 농성동 625-3,한전주
35.15094,126.9027,1,서구,전남광주통합특별시 서구 양동 25-29,한전주
35.15094,126.93347,1,동구,광주광역시 동구 지산동 342-69,한전주
35.15094,126.93713,1,동구,광주광역시 동구 지산동 316-10,한전주
35.15095,126.87008,1,서구,전남광주통합특별시 서구 쌍촌동 1002-44,한전주
35.15095,126.87902,1,서구,전남광주통합특별시 서구 화정동 765-29,
35.15095,126.88223,1,서구,전남광주통합특별시 서구 농성동 671-18,한전주
35.15097,126.88461,1,서구,전남광주통합특별시 서구 농성동 653-15,한전주
35.15098,126.87961,1,서구,전남광주통합특별시 서구 화정동 771-45,한전주
35.15098,126.88205,1,서구,전남광주통합특별시 서구 농성동 671-30,한전주
35.15098,126.88209,2,서구,전남광주통합특별시 서구 농성동 671-30,한전주
35.15099,126.86685,1,서구,전남광주통합특별시 서구 쌍촌동 997-19,전용주
35.15099,126.90659,12,서구,전남광주통합특별시 서구 양동 204,한전주
35.151,126.88108,1,서구,전남광주통합특별시 서구 화정동 771-8,한전주
35.151,126.88778,1,서구,전남광주통합특별시 서구 농성동 643-14,한전주
35.151,126.8894,1,서구,전남광주통합특별시 서구 농성동 631-19,전용주
35.151,126.91037,1,동구,광주광역시 동구 수기동 44,전용주
35.151,126.91264,1,동구,광주광역시 동구 충장로5가 32,전용주
35.151,126.92196,1,동구,광주광역시 동구 장동 51-45,한전주
35.15101,126.85352,1,서구,전남광주통합특별시 서구 치평동 1244-10,전용주
35.15101,126.87201,1,서구,전남광주통합특별시 서구 화정동 750-21,한전주
35.15101,126.87917,1,서구,전남광주통합특별시 서구 화정동 765-28,건축물
35.15101,126.88549,1,서구,전남광주통합특별시 서구 농성동 652-26,전용주
35.15101,126.926,1,동구,광주광역시 동구 동명동 163-33,건축물
35.15101,126.93212,1,동구,광주광역시 동구 지산동 714-57,한전주
35.15101,126.969,1,북구,전남광주통합특별시 북구 화암동 산131 충민사아랫길,한전주
35.15102,126.85795,1,서구,전남광주통합특별시 서구 쌍촌동 970-2,전용주
35.15102,126.87072,1,서구,전남광주통합특별시 서구 쌍촌동 1002-28,한전주
35.15102,126.87217,1,서구,전남광주통합특별시 서구 화정동 750-22,한전주
35.15102,126.88052,1,서구,전남광주통합특별시 서구 화정동 771-33,한전주
35.15102,126.88536,1,서구,전남광주통합특별시 서구 농성동 652-8,한전주
35.15102,126.88732,1,서구,전남광주통합특별시 서구 농성동 643-25,한전주
35.15102,126.89397,1,서구,전남광주통합특별시 서구 농성동 625-14,건축물
35.15102,126.92463,1,동구,광주광역시 동구 동명동 154-24,건축물
35.15103,126.87119,1,서구,전남광주통합특별시 서구 쌍촌동 1002-32,한전주
35.15103,126.87155,1,서구,전남광주통합특별시 서구 쌍촌동 1002-61,한전주
35.15103,126.88302,1,서구,전남광주통합특별시 서구 농성동 650-23,전용주
35.15104,126.86648,1,서구,전남광주통합특별시 서구 쌍촌동 994-11,한전주
35.15104,126.88761,1,서구,전남광주통합특별시 서구 농성동 643-15,건축물
35.15105,126.87178,1,서구,전남광주통합특별시 서구 쌍촌동 1002-58,한전주
35.15106,126.88087,1,서구,전남광주통합특별시 서구 화정동 771-6,
35.15106,126.88373,1,서구,전남광주통합특별시 서구 농성동 650-34,한전주
35.15106,126.92574,1,동구,광주광역시 동구 동명동 158-1,한전주
35.15106,126.93268,1,동구,광주광역시 동구 지산동 714-34,한전주
35.15106,126.93375,1,동구,광주광역시 동구 지산동 342-64,한전주
35.15107,126.85635,1,서구,전남광주통합특별시 서구 쌍촌동 972-5,한전주
35.15107,126.87044,1,서구,전남광주통합특별시 서구 쌍촌동 1002-10,한전주
35.15107,126.87892,4,서구,전남광주통합특별시 서구 화정동 765-1,한전주
35.15107,126.92628,1,동구,광주광역시 동구 동명동 163-13,한전주
35.15107,126.93598,1,동구,광주광역시 동구 지산동 707-47,한전주
35.15108,126.92373,1,동구,광주광역시 동구 동명동 200-211,한전주
35.15108,126.93632,1,동구,광주광역시 동구 지산동 707-1,건축물
35.15109,126.83713,1,서구,전남광주통합특별시 서구 치평동 839-8,한전주
35.15109,126.85795,1,서구,전남광주통합특별시 서구 쌍촌동 970-2,한전주
35.15109,126.87178,1,서구,전남광주통합특별시 서구 쌍촌동 1002-58,한전주
35.15109,126.88568,1,서구,전남광주통합특별시 서구 농성동 652-7,한전주
35.1511,126.85352,1,서구,전남광주통합특별시 서구 치평동 1244-10,전용주
35.1511,126.89383,1,서구,전남광주통합특별시 서구 농성동 625-21,한전주
35.1511,126.93236,1,동구,광주광역시 동구 지산동 714-62,건축물
35.15111,126.9268,1,동구,광주광역시 동구 동명동 163-39,한전주
35.15112,126.8724,2,서구,전남광주통합특별시 서구 화정동 750-11,전용주
35.15112,126.87246,1,서구,전남광주통합특별시 서구 화정동 750-11,한전주
35.15112,126.88385,1,서구,전남광주통합특별시 서구 농성동 650-36,한전주
35.15112,126.88906,1,서구,전남광주통합특별시 서구 농성동 631-13,한전주
35.15112,126.89185,1,서구,전남광주통합특별시 서구 농성동 156-19,한전주
35.15112,126.91433,1,동구,광주광역시 동구 금남로4가 9-1,전용주
35.15112,126.933,1,동구,광주광역시 동구 지산동 714-6,전용주
35.15113,126.8816,1,서구,전남광주통합특별시 서구 농성동 671-44,한전주
35.15113,126.90245,1,서구,전남광주통합특별시 서구 양동 25-33,한전주
35.15113,126.90939,1,동구,광주광역시 동구 수기동 41-3,전용주
35.15113,126.9106,1,동구,광주광역시 동구 충장로5가 80-32,전용주
35.15113,126.93222,1,동구,광주광역시 동구 지산동 714-12,건축물
35.15114,126.88842,1,서구,전남광주통합특별시 서구 농성동 632-3,전용주
35.15114,126.91629,1,동구,광주광역시 동구 금남로4가 53,전용주
35.15114,126.92225,1,동구,광주광역시 동구 동명동 292,한전주
35.15114,126.92538,1,동구,광주광역시 동구 동명동 158-4,한전주
35.15115,126.85946,1,서구,전남광주통합특별시 서구 쌍촌동 966-2,전용주
35.15115,126.87065,1,서구,전남광주통합특별시 서구 쌍촌동 1002-24,한전주
35.15115,126.87799,5,서구,전남광주통합특별시 서구 화정동 767-47,한전주
35.15116,126.89248,1,서구,전남광주통합특별시 서구 농성동 155-9,전용주
35.15116,126.9248,1,동구,광주광역시 동구 동명동 155-1,한전주
35.15116,126.9347,2,동구,광주광역시 동구 지산동 342-1,한전주
35.15117,126.90245,3,서구,전남광주통합특별시 서구 양동 25-33,전용주
35.15117,126.90954,1,동구,광주광역시 동구 수기동 41-5,전용주
35.15117,126.93347,1,동구,광주광역시 동구 지산동 342-61,한전주
35.15118,126.85716,1,서구,전남광주통합특별시 서구 쌍촌동 969-11,전용주
35.15118,126.92516,1,동구,광주광역시 동구 동명동 156-4,한전주
35.15118,126.93325,1,동구,광주광역시 동구 지산동 342-60,한전주
35.15119,126.92972,1,동구,광주광역시 동구 지산동 720-20,한전주
35.1512,126.85667,1,서구,전남광주통합특별시 서구 쌍촌동 972-1,한전주
35.1512,126.85946,2,서구,전남광주통합특별시 서구 쌍촌동 966-2,한전주
35.1512,126.92333,1,동구,광주광역시 동구 동명동 200-166,한전주
35.1512,126.92878,1,동구,광주광역시 동구 지산동 722-40,건축물
35.1512,126.93098,1,동구,광주광역시 동구 지산동 719-47,한전주
35.15121,126.90904,1,동구,광주광역시 동구 수기동 6-5,전용주
35.15122,126.88893,1,서구,전남광주통합특별시 서구 농성동 631-6,한전주
35.15123,126.9111,1,동구,광주광역시 동구 충장로5가 80-4,건축물
35.15123,126.91323,1,동구,광주광역시 동구 충장로5가 38-5,전용주
35.15123,126.92847,1,동구,광주광역시 동구 지산동 722-49,전용주
35.15123,126.92881,1,동구,광주광역시 동구 지산동 722-38,전용주
35.15123,126.92944,1,동구,광주광역시 동구 지산동 722-34,한전주
35.15123,126.92999,1,동구,광주광역시 동구 지산동 720-25,전용주
35.15124,126.87995,1,서구,전남광주통합특별시 서구 화정동 770-79,한전주
35.15124,126.88108,1,서구,전남광주통합특별시 서구 농성동 674-14,한전주
35.15124,126.92907,1,동구,광주광역시 동구 지산동 722-30,전용주
35.15125,126.90942,1,동구,광주광역시 동구 수기동 41-1,전용주
35.15125,126.9328,1,동구,광주광역시 동구 지산동 714-54,한전주
35.15125,126.93646,1,동구,광주광역시 동구 지산동 705-36,한전주
35.15126,126.89421,1,서구,전남광주통합특별시 서구 농성동 625-38,한전주
35.15126,126.91244,1,동구,광주광역시 동구 충장로5가 25,전용주
35.15126,126.92242,1,동구,광주광역시 동구 동명동 200-189,건축물
35.15126,126.92291,1,동구,광주광역시 동구 동명동 200-178,한전주
35.15127,126.88126,1,서구,전남광주통합특별시 서구 농성동 674-12,한전주
35.15127,126.93594,1,동구,광주광역시 동구 지산동 705-39,한전주
35.15128,126.8535,1,서구,전남광주통합특별시 서구 치평동 1244-11,전용주
35.15128,126.86107,1,서구,전남광주통합특별시 서구 쌍촌동 965-9,건축물
35.15128,126.93348,1,동구,광주광역시 동구 지산동 342-58,한전주
35.15129,126.85667,1,서구,전남광주통합특별시 서구 쌍촌동 972-1,한전주
35.15129,126.88063,1,서구,전남광주통합특별시 서구 화정동 771-2,
35.15129,126.91057,1,동구,광주광역시 동구 충장로5가 80-31,전용주
35.15129,126.92521,1,동구,광주광역시 동구 동명동 157-7,한전주
35.15129,126.93374,1,동구,광주광역시 동구 지산동 342-75,건축물
35.15129,126.93641,1,동구,광주광역시 동구 지산동 705-36,한전주
35.1513,126.87176,1,서구,전남광주통합특별시 서구 쌍촌동 1002-37,한전주
35.1513,126.88825,1,서구,전남광주통합특별시 서구 농성동 642-23,한전주
35.1513,126.92423,1,동구,광주광역시 동구 동명동 155-12,한전주
35.15131,126.8886,26,서구,전남광주통합특별시 서구 농성동 672-4,한전주
35.15131,126.88861,1,서구,전남광주통합특별시 서구 농성동 672-4,한전주
35.15131,126.8919,1,서구,전남광주통합특별시 서구 농성동 157-14,한전주
35.15131,126.91104,1,동구,광주광역시 동구 충장로5가 80-3,건축물
35.15131,126.92728,1,동구,광주광역시 동구 동명동 168-36,전용주
35.15132,126.8826,1,서구,전남광주통합특별시 서구 농성동 651-11,한전주
35.15132,126.90234,1,서구,전남광주통합특별시 서구 양동 25-2,한전주
35.15132,126.91036,1,동구,광주광역시 동구 충장로5가 95-12,전용주
35.15132,126.93173,1,동구,광주광역시 동구 지산동 714-66,한전주
35.15132,126.93713,1,동구,광주광역시 동구 지산동 316-13,한전주
35.15133,126.87041,1,서구,전남광주통합특별시 서구 쌍촌동 1002-6,한전주
35.15133,126.93193,1,동구,광주광역시 동구 지산동 714-63,한전주
35.15134,126.88293,1,서구,전남광주통합특별시 서구 농성동 651-74,한전주
35.15134,126.90866,1,동구,광주광역시 동구 수기동 7,전용주
35.15134,126.924,1,동구,광주광역시 동구 동명동 200-28,한전주
35.15135,126.92854,1,동구,광주광역시 동구 지산동 722-43,전용주
35.15135,126.93052,1,동구,광주광역시 동구 지산동 724-2,전용주
35.15135,126.9321,1,동구,광주광역시 동구 지산동 714-9,한전주
35.15137,126.87964,2,서구,전남광주통합특별시 서구 화정동 770-18,한전주
35.15137,126.92817,1,동구,광주광역시 동구 지산동 722-53,전용주
35.15137,126.93108,1,동구,광주광역시 동구 지산동 719-28,한전주
35.15137,126.93279,1,동구,광주광역시 동구 지산동 714-45,한전주
35.15138,126.88313,1,서구,전남광주통합특별시 서구 농성동 651-72,전용주
35.15138,126.89252,1,서구,전남광주통합특별시 서구 농성동 119-7,전용주
35.15138,126.92455,1,동구,광주광역시 동구 동명동 155-5,한전주
35.15139,126.87159,1,서구,전남광주통합특별시 서구 쌍촌동 1002-36,한전주
35.15139,126.903,1,서구,전남광주통합특별시 서구 양동 18-8,건축물
35.15139,126.91112,1,동구,광주광역시 동구 충장로5가 80-10,건축물
35.15139,126.92233,1,동구,광주광역시 동구 동명동 200-158,한전주
35.15139,126.93242,1,동구,광주광역시 동구 지산동 714-48,한전주
35.1514,126.88401,1,서구,전남광주통합특별시 서구 농성동 650-2,한전주
35.1514,126.88846,1,서구,전남광주통합특별시 서구 농성동 642-25,한전주
35.15141,126.8801,1,서구,전남광주통합특별시 서구 화정동 770-75,건축물
35.15141,126.88334,1,서구,전남광주통합특별시 서구 농성동 651-64,한전주
35.15141,126.91017,1,동구,광주광역시 동구 충장로5가 95-25,건축물
35.15141,126.91523,1,동구,광주광역시 동구 금남로4가 39-6,건축물
35.15141,126.92342,1,동구,광주광역시 동구 동명동 200-195,한전주
35.15142,126.92574,1,동구,광주광역시 동구 동명동 159-7,한전주
35.15143,126.86059,1,서구,전남광주통합특별시 서구 쌍촌동 965-13,한전주
35.15143,126.91449,1,동구,광주광역시 동구 금남로4가 168,전용주
35.15144,126.8569,1,서구,전남광주통합특별시 서구 쌍촌동 969-9,한전주
35.15144,126.88443,1,서구,전남광주통합특별시 서구 농성동 648-12,한전주
35.15144,126.88713,1,서구,전남광주통합특별시 서구 농성동 643-10,한전주
35.15144,126.90283,1,서구,전남광주통합특별시 서구 양동 5-124,한전주
35.15144,126.93327,1,동구,광주광역시 동구 지산동 342-52,한전주
35.15145,126.88348,1,서구,전남광주통합특별시 서구 농성동 651-66,한전주
35.15145,126.8926,1,서구,전남광주통합특별시 서구 농성동 119-6,전용주
35.15145,126.91381,1,동구,광주광역시 동구 금남로5가 273,전용주
35.15145,126.93154,1,동구,광주광역시 동구 지산동 714-28,한전주
35.15146,126.85738,2,서구,전남광주통합특별시 서구 쌍촌동 969-8,한전주
35.15146,126.91003,1,동구,광주광역시 동구 수기동 42,전용주
35.15146,126.97007,2,북구,전남광주통합특별시 북구 화암동 산133,한전주
35.15147,126.85706,1,서구,전남광주통합특별시 서구 쌍촌동 969-19,한전주
35.15147,126.91174,1,동구,광주광역시 동구 충장로5가 23,건축물
35.15147,126.92955,1,동구,광주광역시 동구 지산동 722-1,한전주
35.15148,126.88042,1,서구,전남광주통합특별시 서구 화정동 770-55,전용주
35.15148,126.90911,1,동구,광주광역시 동구 수기동 8-1,전용주
35.15148,126.9222,1,동구,광주광역시 동구 동명동 200-215,건축물
35.15148,126.92866,1,동구,광주광역시 동구 지산동 722-5,한전주
35.15149,126.9097,1,동구,광주광역시 동구 수기동 120,전용주
35.15149,126.9248,1,동구,광주광역시 동구 동명동 189-6,한전주
35.15149,126.92831,1,동구,광주광역시 동구 지산동 722-9,한전주
35.1515,126.86323,1,서구,전남광주통합특별시 서구 쌍촌동 964-53,한전주
35.1515,126.92921,1,동구,광주광역시 동구 지산동 722-23,한전주
35.1515,126.93162,1,동구,광주광역시 동구 지산동 725-1,한전주
35.1515,126.93166,2,동구,광주광역시 동구 지산동 725-1,한전주
35.1515,126.93168,1,동구,광주광역시 동구 지산동 725-1,한전주
35.15151,126.91598,1,동구,광주광역시 동구 금남로4가 45-2,한전주
35.15152,126.88397,1,서구,전남광주통합특별시 서구 농성동 651-45,한전주
35.15152,126.88642,1,서구,전남광주통합특별시 서구 농성동 647-11,한전주
35.15152,126.90438,1,서구,전남광주통합특별시 서구 양동 60-2,한전주
35.15152,126.922,1,동구,광주광역시 동구 동명동 200-214,한전주
35.15153,126.89242,1,서구,전남광주통합특별시 서구 농성동 118-7,전용주
35.15154,126.8816,1,서구,전남광주통합특별시 서구 농성동 671-3,한전주
35.15154,126.92253,1,동구,광주광역시 동구 동명동 200-13,한전주
35.15154,126.93024,1,동구,광주광역시 동구 지산동 720-48,건축물
35.15155,126.86015,2,서구,전남광주통합특별시 서구 쌍촌동 967,전용주
35.15155,126.8602,1,서구,전남광주통합특별시 서구 쌍촌동 967,전용주
35.15155,126.9105,1,동구,광주광역시 동구 충장로5가 95-3,건축물
35.15155,126.91163,2,동구,광주광역시 동구 충장로5가 127-1,건축물
35.15155,126.92307,1,동구,광주광역시 동구 동명동 200-155,건축물
35.15155,126.92726,1,동구,광주광역시 동구 동명동 171,한전주
35.15155,126.93224,1,동구,광주광역시 동구 지산동 713-62,건축물
35.15156,126.91679,1,동구,광주광역시 동구 대인동 155-2,전용주
35.15156,126.9346,1,동구,광주광역시 동구 지산동 342-6,한전주
35.15157,126.86135,1,서구,전남광주통합특별시 서구 쌍촌동 965-28,한전주
35.15157,126.93428,1,동구,광주광역시 동구 지산동 342-97,한전주
35.15158,126.86015,1,서구,전남광주통합특별시 서구 쌍촌동 967,전용주
35.15158,126.86135,1,서구,전남광주통합특별시 서구 쌍촌동 965-28,한전주
35.15158,126.86961,29,서구,전남광주통합특별시 서구 쌍촌동 1006,한전주
35.15158,126.89396,1,서구,전남광주통합특별시 서구 농성동 624-4,전용주
35.15158,126.91468,1,동구,광주광역시 동구 금남로4가 169,전용주
35.15158,126.9234,1,동구,광주광역시 동구 동명동 200-108,한전주
35.15158,126.93554,1,동구,광주광역시 동구 지산동 342-78,한전주
35.15158,126.96872,1,북구,전남광주통합특별시 북구 화암동 228 충민사아랫길,한전주
35.15159,126.88281,1,서구,전남광주통합특별시 서구 농성동 651-22,한전주
35.15159,126.90438,1,서구,전남광주통합특별시 서구 양동 60-2,한전주
35.15159,126.9269,1,동구,광주광역시 동구 동명동 171-4,한전주
35.15159,126.93502,1,동구,광주광역시 동구 지산동 342-83,한전주
35.1516,126.88018,1,서구,전남광주통합특별시 서구 화정동 770-61,건축물
35.1516,126.88459,1,서구,전남광주통합특별시 서구 농성동 648-9,한전주
35.15161,126.85921,1,서구,전남광주통합특별시 서구 쌍촌동 968-1,건축물
35.15161,126.87978,1,서구,전남광주통합특별시 서구 화정동 770-49,전용주
35.15161,126.88254,1,서구,전남광주통합특별시 서구 농성동 651-9,전용주
35.15161,126.88684,1,서구,전남광주통합특별시 서구 농성동 643-16,한전주
35.15162,126.85646,1,서구,전남광주통합특별시 서구 치평동 197-8,한전주
35.15162,126.88235,1,서구,전남광주통합특별시 서구 농성동 651-61,전용주
35.15162,126.92299,1,동구,광주광역시 동구 동명동 200-200,한전주
35.15162,126.93137,1,동구,광주광역시 동구 지산동 719-20,한전주
35.15162,126.93564,1,동구,광주광역시 동구 지산동 342-114,한전주
35.15162,126.936,1,동구,광주광역시 동구 지산동 705-15,한전주
35.15163,126.85785,1,서구,전남광주통합특별시 서구 쌍촌동 969-3,한전주
35.15163,126.92595,1,동구,광주광역시 동구 동명동 175-5,한전주
35.15163,126.93034,1,동구,광주광역시 동구 지산동 720-36,전용주
35.15163,126.93522,1,동구,광주광역시 동구 지산동 342-111,한전주
35.15164,126.87923,1,서구,전남광주통합특별시 서구 화정동 770-29,한전주
35.15164,126.90231,1,서구,전남광주통합특별시 서구 양동 25-6,전용주
35.15164,126.90797,1,동구,광주광역시 동구 수기동 16-3,전용주
35.15164,126.91543,1,동구,광주광역시 동구 금남로4가 41-4,한전주
35.15165,126.86369,1,서구,전남광주통합특별시 서구 쌍촌동 964-41,한전주
35.15166,126.8621,1,서구,전남광주통합특별시 서구 쌍촌동 964-12,한전주
35.15166,126.87922,1,서구,전남광주통합특별시 서구 화정동 770-27,한전주
35.15166,126.89207,1,서구,전남광주통합특별시 서구 농성동 116-4,한전주
35.15166,126.90992,1,동구,광주광역시 동구 수기동 95-3,전용주
35.15166,126.92986,1,동구,광주광역시 동구 지산동 720-57,한전주
35.15166,126.93631,1,동구,광주광역시 동구 지산동 705-18,한전주
35.15167,126.85545,1,서구,전남광주통합특별시 서구 치평동 1123-12,한전주
35.15167,126.85782,1,서구,전남광주통합특별시 서구 쌍촌동 969-3,한전주
35.15167,126.93299,1,동구,광주광역시 동구 지산동 713-7,한전주
35.15168,126.88476,1,서구,전남광주통합특별시 서구 농성동 648-30,한전주
35.15169,126.88476,1,서구,전남광주통합특별시 서구 농성동 648-30,한전주
35.15169,126.90898,1,동구,광주광역시 동구 수기동 8-7,전용주
35.15169,126.91626,1,동구,광주광역시 동구 대인동 142,전용주
35.15169,126.93231,1,동구,광주광역시 동구 지산동 713-36,한전주
35.15169,126.93267,1,동구,광주광역시 동구 지산동 713-34,한전주
35.15169,126.93328,1,동구,광주광역시 동구 지산동 342-43,한전주
35.15169,126.93349,1,동구,광주광역시 동구 지산동 342-42,한전주
35.15169,126.93726,1,동구,광주광역시 동구 지산동 317-29,한전주
35.1517,126.86156,1,서구,전남광주통합특별시 서구 쌍촌동 1008-3,전용주
35.1517,126.89302,1,서구,전남광주통합특별시 서구 농성동 623-4,한전주
35.1517,126.9104,1,동구,광주광역시 동구 충장로5가 93-13,전용주
35.1517,126.93001,1,동구,광주광역시 동구 지산동 720-42,전용주
35.1517,126.93114,1,동구,광주광역시 동구 지산동 719-33,전용주
35.1517,126.93396,1,동구,광주광역시 동구 지산동 342-4,한전주
35.15171,126.85643,1,서구,전남광주통합특별시 서구 치평동 197-4,한전주
35.15171,126.88504,1,서구,전남광주통합특별시 서구 농성동 648-24,한전주
35.15171,126.90937,1,동구,광주광역시 동구 수기동 4-5,전용주
35.15172,126.88315,1,서구,전남광주통합특별시 서구 농성동 651-8,한전주
35.15172,126.88677,1,서구,전남광주통합특별시 서구 농성동 646-51,한전주
35.15172,126.88894,1,서구,전남광주통합특별시 서구 농성동 641-8,한전주
35.15173,126.85598,1,서구,전남광주통합특별시 서구 치평동 196-3,한전주
35.15173,126.86264,1,서구,전남광주통합특별시 서구 쌍촌동 964-14,한전주
35.15173,126.86453,1,서구,전남광주통합특별시 서구 쌍촌동 956-57,한전주
35.15173,126.86605,1,서구,전남광주통합특별시 서구 쌍촌동 956-36,전용주
35.15173,126.88102,1,서구,전남광주통합특별시 서구 화정동 773-29,한전주
35.15173,126.88452,1,서구,전남광주통합특별시 서구 농성동 648-8,한전주
35.15173,126.89192,1,서구,전남광주통합특별시 서구 농성동 116-3,한전주
35.15173,126.9213,1,동구,광주광역시 동구 동명동 230-21,한전주
35.15173,126.92685,1,동구,광주광역시 동구 동명동 172-5,한전주
35.15173,126.92717,1,동구,광주광역시 동구 동명동 172-1,한전주
35.15174,126.89233,1,서구,전남광주통합특별시 서구 농성동 118-3,한전주
35.15175,126.87893,1,서구,전남광주통합특별시 서구 화정동 770-26,한전주
35.15175,126.88845,1,서구,전남광주통합특별시 서구 농성동 641-24,한전주
35.15175,126.92248,1,동구,광주광역시 동구 동명동 200-148,한전주
35.15176,126.86967,52,서구,전남광주통합특별시 서구 내방동 843,한전주
35.15176,126.88504,1,서구,전남광주통합특별시 서구 농성동 648-24,전용주
35.15176,126.90977,1,동구,광주광역시 동구 수기동 5-2,전용주
35.15176,126.91011,1,동구,광주광역시 동구 충장로5가 95-4,전용주
35.15176,126.91964,1,동구,광주광역시 동구 장동 31-12,전용주
35.15177,126.9152,1,동구,광주광역시 동구 금남로4가 41-2,한전주
35.15177,126.93396,1,동구,광주광역시 동구 지산동 342-90,한전주
35.15178,126.88709,1,서구,전남광주통합특별시 서구 농성동 643-1,한전주
35.15178,126.89501,1,서구,전남광주통합특별시 서구 농성동 671-1,한전주
35.15178,126.90298,3,서구,전남광주통합특별시 서구 양동 5-20,한전주
35.15178,126.9149,1,동구,광주광역시 동구 금남로4가 212,전용주
35.15178,126.92291,1,동구,광주광역시 동구 동명동 200-105,한전주
35.15179,126.86303,1,서구,전남광주통합특별시 서구 쌍촌동 964-64,한전주
35.15179,126.86551,1,서구,전남광주통합특별시 서구 쌍촌동 956-4,전용주
35.15179,126.89309,1,서구,전남광주통합특별시 서구 농성동 623-4,전용주
35.15179,126.93194,1,동구,광주광역시 동구 지산동 713-53,전용주
35.15179,126.97052,1,북구,전남광주통합특별시 북구 화암동 산161,한전주
35.1518,126.902,1,서구,전남광주통합특별시 서구 양동 22-1,전용주
35.1518,126.93016,1,동구,광주광역시 동구 지산동 720-41,전용주
35.15181,126.85577,1,서구,전남광주통합특별시 서구 치평동 1123-10,한전주
35.15181,126.86326,1,서구,전남광주통합특별시 서구 쌍촌동 964-61,전용주
35.15181,126.88604,1,서구,전남광주통합특별시 서구 농성동 647-16,전용주
35.15181,126.90219,1,서구,전남광주통합특별시 서구 양동 21-20,전용주
35.15181,126.92253,1,동구,광주광역시 동구 동명동 200-125,건축물
35.15181,126.92321,1,동구,광주광역시 동구 동명동 200-198,건축물
35.15182,126.88671,1,서구,전남광주통합특별시 서구 농성동 646-35,한전주
35.15182,126.9197,1,동구,광주광역시 동구 장동 31-11,한전주
35.15182,126.92946,1,동구,광주광역시 동구 지산동 721-43,전용주
35.15183,126.87738,1,서구,전남광주통합특별시 서구 화정동 768-13,
35.15183,126.88832,1,서구,전남광주통합특별시 서구 농성동 641-23,한전주
35.15183,126.89393,1,서구,전남광주통합특별시 서구 농성동 624-1,전용주
35.15183,126.91975,1,동구,광주광역시 동구 장동 31-10,한전주
35.15183,126.92217,1,동구,광주광역시 동구 동명동 200-136,건축물
35.15183,126.93171,1,동구,광주광역시 동구 지산동 713-55,한전주
35.15184,126.8801,1,서구,전남광주통합특별시 서구 화정동 770-36,한전주
35.15184,126.88399,1,서구,전남광주통합특별시 서구 농성동 651-55,전용주
35.15185,126.87806,1,서구,전남광주통합특별시 서구 화정동 768-17,전용주
35.15185,126.8877,1,서구,전남광주통합특별시 서구 농성동 642-6,전용주
35.15185,126.93186,1,동구,광주광역시 동구 지산동 713-54,건축물
35.15186,126.8776,1,서구,전남광주통합특별시 서구 화정동 768-10,
35.15186,126.89344,1,서구,전남광주통합특별시 서구 농성동 623-8,한전주
35.15186,126.91067,1,동구,광주광역시 동구 충장로5가 91,전용주
35.15186,126.93223,1,동구,광주광역시 동구 지산동 713-52,건축물
35.15187,126.86903,1,서구,전남광주통합특별시 서구 쌍촌동 948-37,건축물
35.15187,126.88019,1,서구,전남광주통합특별시 서구 화정동 770-36,전용주
35.15187,126.91048,1,동구,광주광역시 동구 충장로5가 93-1,건축물
35.15187,126.922,1,동구,광주광역시 동구 동명동 200-137,한전주
35.15187,126.92386,1,동구,광주광역시 동구 동명동 200-24,한전주
35.15188,126.86782,1,서구,전남광주통합특별시 서구 쌍촌동 948-48,한전주
35.15188,126.91408,2,동구,광주광역시 동구 금남로5가 212,한전주
35.15188,126.92538,1,동구,광주광역시 동구 동명동 177-7,전용주
35.15189,126.85636,1,서구,전남광주통합특별시 서구 치평동 187-5,한전주
35.15189,126.87004,1,서구,전남광주통합특별시 서구 내방동 841-38,전용주
35.15189,126.87174,1,서구,전남광주통합특별시 서구 내방동 841-6,전용주
35.1519,126.86209,1,서구,전남광주통합특별시 서구 쌍촌동 627-7,한전주
35.1519,126.86658,1,서구,전남광주통합특별시 서구 쌍촌동 955-6,전용주
35.1519,126.90888,1,동구,광주광역시 동구 수기동 4-1,전용주
35.1519,126.925,1,동구,광주광역시 동구 동명동 183-7,한전주
35.15191,126.90171,1,서구,전남광주통합특별시 서구 양동 244,한전주
35.15191,126.92218,1,동구,광주광역시 동구 동명동 200-122,건축물
35.15191,126.92988,1,동구,광주광역시 동구 지산동 725-3,한전주
35.15191,126.93605,1,동구,광주광역시 동구 지산동 703-61,한전주
35.15192,126.87986,1,서구,전남광주통합특별시 서구 화정동 770-65,건축물
35.15192,126.92564,1,동구,광주광역시 동구 동명동 176-4,전용주
35.15192,126.92984,1,동구,광주광역시 동구 지산동 725-3,한전주
35.15192,126.93578,1,동구,광주광역시 동구 지산동 703-22,한전주
35.15193,126.88705,1,서구,전남광주통합특별시 서구 농성동 646-36,한전주
35.15193,126.90232,1,서구,전남광주통합특별시 서구 양동 21-17,전용주
35.15193,126.91161,1,동구,광주광역시 동구 금남로5가 116-6,전용주
35.15193,126.93034,1,동구,광주광역시 동구 지산동 720-33,전용주
35.15194,126.881,1,서구,전남광주통합특별시 서구 화정동 773-37,한전주
35.15194,126.90203,1,서구,전남광주통합특별시 서구 양동 242,한전주
35.15195,126.87658,26,서구,전남광주통합특별시 서구 화정동 791,한전주
35.15195,126.88789,1,서구,전남광주통합특별시 서구 농성동 642-8,전용주
35.15195,126.92252,1,동구,광주광역시 동구 동명동 200-147,한전주
35.15196,126.86473,1,서구,전남광주통합특별시 서구 쌍촌동 956-15,한전주
35.15196,126.90982,1,동구,광주광역시 동구 충장로5가 96-8,전용주
35.15196,126.91204,1,동구,광주광역시 동구 금남로5가 115-5,한전주
35.15197,126.92339,1,동구,광주광역시 동구 동명동 200-95,한전주
35.15198,126.89403,8,서구,전남광주통합특별시 서구 농성동 672-1,전용주
35.15198,126.91646,1,동구,광주광역시 동구 대인동 220,한전주
35.15198,126.92313,1,동구,광주광역시 동구 동명동 200-153,한전주
35.15198,126.92665,1,동구,광주광역시 동구 동명동 173-6,한전주
35.15199,126.90238,1,서구,전남광주통합특별시 서구 양동 21-7,건축물
35.15199,126.92162,1,동구,광주광역시 동구 동명동 228-104,한전주
35.15199,126.93004,1,동구,광주광역시 동구 지산동 720-44,한전주
35.152,126.87835,1,서구,전남광주통합특별시 서구 화정동 768-19,한전주
35.152,126.91148,1,동구,광주광역시 동구 금남로5가 62-20,건축물
35.152,126.91518,1,동구,광주광역시 동구 금남로4가 212,전용주
35.152,126.92496,1,동구,광주광역시 동구 동명동 183-5,한전주
35.15201,126.93529,1,동구,광주광역시 동구 지산동 704-55,한전주
35.15202,126.84992,1,서구,전남광주통합특별시 서구 치평동 1237-4,전용주
35.15202,126.85342,2,서구,전남광주통합특별시 서구 치평동 1240-6,전용주
35.15202,126.92597,1,동구,광주광역시 동구 동명동 174-3,한전주
35.15203,126.84604,1,서구,전남광주통합특별시 서구 치평동 1168-9,전용주
35.15203,126.89395,1,서구,전남광주통합특별시 서구 농성동 623-15,한전주
35.15204,126.84604,37,서구,전남광주통합특별시 서구 치평동 1168-9,전용주
35.15204,126.84609,1,서구,전남광주통합특별시 서구 치평동 1168-9,전용주
35.15204,126.87345,1,서구,전남광주통합특별시 서구 내방동 840-83,한전주
35.15204,126.93399,1,동구,광주광역시 동구 지산동 711-44,한전주
35.15204,126.93422,1,동구,광주광역시 동구 지산동 711-21,한전주
35.15204,126.93474,1,동구,광주광역시 동구 지산동 710-59,한전주
35.15205,126.89397,1,서구,전남광주통합특별시 서구 농성동 623-15,한전주
35.15205,126.89507,1,서구,전남광주통합특별시 서구 농성동 622-3,전용주
35.15205,126.91542,1,동구,광주광역시 동구 대인동 124-1,한전주
35.15205,126.93353,1,동구,광주광역시 동구 지산동 712-18,한전주
35.15205,126.93383,1,동구,광주광역시 동구 지산동 711-45,한전주
35.15206,126.88431,1,서구,전남광주통합특별시 서구 농성동 648-2,한전주
35.15206,126.92764,1,동구,광주광역시 동구 지산동 677-3,한전주
35.15207,126.85342,1,서구,전남광주통합특별시 서구 치평동 1240-6,전용주
35.15207,126.91961,1,동구,광주광역시 동구 장동 32,한전주
35.15207,126.92101,1,동구,광주광역시 동구 동명동 230-4,한전주
35.15207,126.92438,1,동구,광주광역시 동구 동명동 184-8,한전주
35.15207,126.92606,1,동구,광주광역시 동구 동명동 174-2,한전주
35.15207,126.92668,1,동구,광주광역시 동구 동명동 173-7,전용주
35.15208,126.93186,1,동구,광주광역시 동구 지산동 713-47,한전주
35.15208,126.93713,1,동구,광주광역시 동구 지산동 317-37,한전주
35.15209,126.91997,1,동구,광주광역시 동구 장동 39-13,한전주
35.15209,126.92261,1,동구,광주광역시 동구 동명동 200-145,한전주
35.15209,126.92576,1,동구,광주광역시 동구 동명동 174-9,한전주
35.15209,126.92932,1,동구,광주광역시 동구 지산동 721-34,한전주
35.1521,126.92131,1,동구,광주광역시 동구 동명동 228-54,전용주
35.15211,126.86787,1,서구,전남광주통합특별시 서구 쌍촌동 948-24,한전주
35.15211,126.88037,1,서구,전남광주통합특별시 서구 화정동 773-9,한전주
35.15211,126.88805,1,서구,전남광주통합특별시 서구 농성동 641-18,전용주
35.15211,126.89418,1,서구,전남광주통합특별시 서구 농성동 621-20,한전주
35.15211,126.91969,1,동구,광주광역시 동구 장동 19-4,한전주
35.15211,126.92378,1,동구,광주광역시 동구 동명동 200-89,건축물
35.15211,126.92522,1,동구,광주광역시 동구 동명동 178-5,전용주
35.15212,126.92013,1,동구,광주광역시 동구 장동 39-30,한전주
35.15212,126.92132,1,동구,광주광역시 동구 동명동 228-65,한전주
35.15213,126.88642,1,서구,전남광주통합특별시 서구 농성동 646-50,한전주
35.15213,126.90992,1,동구,광주광역시 동구 충장로5가 96-11,전용주
35.15213,126.9236,1,동구,광주광역시 동구 동명동 200-90,한전주
35.15213,126.92434,1,동구,광주광역시 동구 동명동 184-4,전용주
35.15214,126.88082,1,서구,전남광주통합특별시 서구 화정동 773-1,한전주
35.15214,126.89371,1,서구,전남광주통합특별시 서구 농성동 126-6,전용주
35.15214,126.91335,1,동구,광주광역시 동구 금남로5가 177,한전주
35.15214,126.91904,1,동구,광주광역시 동구 장동 31,전용주
35.15214,126.92656,1,동구,광주광역시 동구 동명동 173-9,전용주
35.15214,126.93427,1,동구,광주광역시 동구 지산동 711-20,전용주
35.15214,126.93515,1,동구,광주광역시 동구 지산동 704-53,한전주
35.15215,126.87501,1,서구,전남광주통합특별시 서구 화정동 744-44,전용주
35.15215,126.88498,1,서구,전남광주통합특별시 서구 농성동 648-13,한전주
35.15215,126.92226,1,동구,광주광역시 동구 동명동 200-113,한전주
35.15215,126.92972,1,동구,광주광역시 동구 지산동 721-21,전용주
35.15216,126.91923,1,동구,광주광역시 동구 장동 31-14,한전주
35.15216,126.92551,1,동구,광주광역시 동구 동명동 174-5,전용주
35.15217,126.90993,1,동구,광주광역시 동구 충장로5가 96-9,전용주
35.15217,126.92117,1,동구,광주광역시 동구 동명동 228-64,전용주
35.15218,126.93558,1,동구,광주광역시 동구 지산동 704-50,한전주
35.15219,126.9354,1,동구,광주광역시 동구 지산동 704-51,한전주
35.1522,126.86416,1,서구,전남광주통합특별시 서구 쌍촌동 963-6,한전주
35.1522,126.91015,1,동구,광주광역시 동구 충장로5가 96-22,전용주
35.1522,126.91955,1,동구,광주광역시 동구 장동 31-24,한전주
35.1522,126.93381,1,동구,광주광역시 동구 지산동 711-46,한전주
35.1522,126.93399,1,동구,광주광역시 동구 지산동 711-43,한전주
35.15221,126.91646,1,동구,광주광역시 동구 대인동 165-6,전용주
35.15221,126.92622,1,동구,광주광역시 동구 동명동 173-13,한전주
35.15222,126.87306,1,서구,전남광주통합특별시 서구 내방동 840-64,한전주
35.15222,126.89446,1,서구,전남광주통합특별시 서구 농성동 621-32,한전주
35.15222,126.90204,1,서구,전남광주통합특별시 서구 양동 245-47,전용주
35.15222,126.922,1,동구,광주광역시 동구 동명동 228-46,한전주
35.15222,126.92384,1,동구,광주광역시 동구 동명동 200-86,한전주
35.15222,126.92464,1,동구,광주광역시 동구 동명동 183-20,한전주
35.15222,126.92638,1,동구,광주광역시 동구 동명동 173-4,전용주
35.15222,126.92966,1,동구,광주광역시 동구 지산동 721-24,전용주
35.15223,126.88374,1,서구,전남광주통합특별시 서구 농성동 649-3,전용주
35.15223,126.89296,1,서구,전남광주통합특별시 서구 농성동 122-11,전용주
35.15223,126.93213,1,동구,광주광역시 동구 산수동 520-46,한전주
35.15224,126.90894,1,동구,광주광역시 동구 수기동 4-18,한전주
35.15224,126.92281,1,동구,광주광역시 동구 동명동 200-144,한전주
35.15224,126.92988,1,동구,광주광역시 동구 지산동 721-13,한전주
35.15224,126.93184,1,동구,광주광역시 동구 산수동 520-33,한전주
35.15225,126.90229,1,서구,전남광주통합특별시 서구 양동 245-45,한전주
35.15225,126.922,1,동구,광주광역시 동구 동명동 228-46,한전주
35.15226,126.86518,1,서구,전남광주통합특별시 서구 쌍촌동 962-29,한전주
35.15226,126.89458,1,서구,전남광주통합특별시 서구 농성동 621-33,한전주
35.15226,126.93472,1,동구,광주광역시 동구 지산동 710-51,한전주
35.15227,126.85622,1,서구,전남광주통합특별시 서구 치평동 187-6,한전주
35.15227,126.89141,2,서구,전남광주통합특별시 서구 농성동 112-1,한전주
35.15227,126.90879,1,동구,광주광역시 동구 수기동 3-2,전용주
35.15227,126.92702,1,동구,광주광역시 동구 지산동 675-3,한전주
35.15227,126.93344,1,동구,광주광역시 동구 지산동 712-23,한전주
35.15228,126.87047,1,서구,전남광주통합특별시 서구 내방동 841-49,한전주
35.15228,126.91141,1,동구,광주광역시 동구 금남로5가 62-11,전용주
35.15228,126.93126,1,동구,광주광역시 동구 지산동 719-41,한전주
35.15228,126.93335,1,동구,광주광역시 동구 지산동 712-26,한전주
35.15229,126.87016,1,서구,전남광주통합특별시 서구 내방동 841-22,한전주
35.15229,126.87513,1,서구,전남광주통합특별시 서구 화정동 744-2,전용주
35.15229,126.8933,1,서구,전남광주통합특별시 서구 농성동 125-10,한전주
35.15229,126.91555,1,동구,광주광역시 동구 대인동 235,전용주
35.15229,126.93234,1,동구,광주광역시 동구 산수동 520-48,한전주
35.15229,126.96969,1,북구,전남광주통합특별시 북구 화암동 253-1,한전주
35.1523,126.8497,1,서구,전남광주통합특별시 서구 치평동 1237-6,전용주
35.1523,126.84972,3,서구,전남광주통합특별시 서구 치평동 1237-6,전용주
35.1523,126.85367,1,서구,전남광주통합특별시 서구 치평동 1240-4,전용주
35.1523,126.90134,1,서구,전남광주통합특별시 서구 양동 245-55,전용주
35.1523,126.92181,1,동구,광주광역시 동구 동명동 228-35,건축물
35.1523,126.92391,1,동구,광주광역시 동구 동명동 200-67,한전주
35.1523,126.92499,1,동구,광주광역시 동구 동명동 182-1,한전주
35.15231,126.86615,1,서구,전남광주통합특별시 서구 쌍촌동 957-18,한전주
35.15231,126.90212,1,서구,전남광주통합특별시 서구 양동 245-46,전용주
35.15231,126.91628,1,동구,광주광역시 동구 대인동 175-4,한전주
35.15231,126.93274,1,동구,광주광역시 동구 산수동 519-4,한전주
35.15231,126.93276,1,동구,광주광역시 동구 산수동 519-4,한전주
35.15231,126.93516,1,동구,광주광역시 동구 지산동 704-65,한전주
35.15232,126.8684,1,서구,전남광주통합특별시 서구 쌍촌동 949-23,전용주
35.15232,126.87276,1,서구,전남광주통합특별시 서구 내방동 840-1,한전주
35.15232,126.89223,1,서구,전남광주통합특별시 서구 농성동 108,전용주
35.15232,126.89424,1,서구,전남광주통합특별시 서구 농성동 621-7,전용주
35.15232,126.89473,1,서구,전남광주통합특별시 서구 농성동 621-35,한전주
35.15232,126.91627,1,동구,광주광역시 동구 대인동 175-3,한전주
35.15232,126.93047,1,동구,광주광역시 동구 지산동 720-24,전용주
35.15233,126.86921,1,서구,전남광주통합특별시 서구 쌍촌동 947-41,한전주
35.15234,126.89285,1,서구,전남광주통합특별시 서구 농성동 121-1,전용주
35.15235,126.84972,1,서구,전남광주통합특별시 서구 치평동 1237-6,전용주
35.15235,126.85367,1,서구,전남광주통합특별시 서구 치평동 1240-4,전용주
35.15235,126.90172,1,서구,전남광주통합특별시 서구 양동 245-29,전용주
35.15235,126.90705,4,북구,전남광주통합특별시 북구 누문동 144,한전주
35.15235,126.91543,1,동구,광주광역시 동구 대인동 117-1,전용주
35.15236,126.86467,1,서구,전남광주통합특별시 서구 쌍촌동 962-14,한전주
35.15236,126.88632,1,서구,전남광주통합특별시 서구 농성동 646-48,한전주
35.15236,126.92062,1,동구,광주광역시 동구 동명동 228-93,한전주
35.15236,126.92619,1,동구,광주광역시 동구 동명동 180-15,한전주
35.15236,126.92646,1,동구,광주광역시 동구 지산동 675-18,한전주
35.15237,126.86418,1,서구,전남광주통합특별시 서구 쌍촌동 963-13,한전주
35.15237,126.86883,1,서구,전남광주통합특별시 서구 쌍촌동 1008,한전주
35.15237,126.86884,1,서구,전남광주통합특별시 서구 쌍촌동 1008,한전주
35.15237,126.86885,57,서구,전남광주통합특별시 서구 쌍촌동 1008,한전주
35.15237,126.86888,1,서구,전남광주통합특별시 서구 쌍촌동 1008,한전주
35.15237,126.89352,1,서구,전남광주통합특별시 서구 농성동 125-4,전용주
35.15237,126.92083,1,동구,광주광역시 동구 동명동 228-21,한전주
35.15237,126.92518,1,동구,광주광역시 동구 동명동 179-4,한전주
35.15237,126.92714,1,동구,광주광역시 동구 지산동 676-13,한전주
35.15237,126.93021,1,동구,광주광역시 동구 지산동 720-66,전용주
35.15237,126.93426,1,동구,광주광역시 동구 지산동 711-18,한전주
35.15238,126.86885,1,서구,전남광주통합특별시 서구 쌍촌동 1008,전용주
35.15238,126.87749,1,서구,전남광주통합특별시 서구 화정동 784-26,한전주
35.15238,126.88393,1,서구,전남광주통합특별시 서구 농성동 649-50,한전주
35.15238,126.90184,1,서구,전남광주통합특별시 서구 양동 245-36,한전주
35.15239,126.93322,1,동구,광주광역시 동구 지산동 712-32,한전주
35.1524,126.93399,1,동구,광주광역시 동구 지산동 711-41,한전주
35.1524,126.93573,1,동구,광주광역시 동구 지산동 703-37,한전주
35.15241,126.8701,1,서구,전남광주통합특별시 서구 내방동 842-14,전용주
35.15241,126.887,1,서구,전남광주통합특별시 서구 농성동 646-21,한전주
35.15241,126.88774,1,서구,전남광주통합특별시 서구 농성동 645-41,한전주
35.15241,126.92006,1,동구,광주광역시 동구 장동 39-20,한전주
35.15241,126.94337,1,동구,광주광역시 동구 지산동 21,한전주
35.15242,126.88467,1,서구,전남광주통합특별시 서구 농성동 648-3,한전주
35.15242,126.88686,1,서구,전남광주통합특별시 서구 농성동 646-20,한전주
35.15242,126.89536,1,서구,전남광주통합특별시 서구 농성동 산 38-3,한전주
35.15242,126.90984,1,동구,광주광역시 동구 충장로5가 96-26,전용주
35.15242,126.92332,1,동구,광주광역시 동구 동명동 200-82,한전주
35.15242,126.92738,1,동구,광주광역시 동구 지산동 676-6,한전주
35.15242,126.93239,1,동구,광주광역시 동구 산수동 520-49,한전주
35.15243,126.893,1,서구,전남광주통합특별시 서구 농성동 121-5,전용주
35.15243,126.89754,8,서구,전남광주통합특별시 서구 양동 458-1,한전주
35.15243,126.90148,1,서구,전남광주통합특별시 서구 양동 245-55,한전주
35.15243,126.90219,1,서구,전남광주통합특별시 서구 양동 245-42,전용주
35.15243,126.92768,1,동구,광주광역시 동구 지산동 672,한전주
35.15244,126.88362,1,서구,전남광주통합특별시 서구 농성동 649-6,
35.15244,126.89322,1,서구,전남광주통합특별시 서구 농성동 125-18,전용주
35.15244,126.91098,1,동구,광주광역시 동구 금남로5가 61-8,전용주
35.15244,126.92357,1,동구,광주광역시 동구 동명동 200-74,한전주
35.15244,126.9267,1,동구,광주광역시 동구 지산동 675-15,한전주
35.15244,126.92954,1,동구,광주광역시 동구 지산동 721-38,한전주
35.15244,126.93386,1,동구,광주광역시 동구 지산동 711-49,한전주
35.15245,126.92269,1,동구,광주광역시 동구 동명동 200-57,한전주
35.15246,126.89251,1,서구,전남광주통합특별시 서구 농성동 106-18,전용주
35.15246,126.91154,1,동구,광주광역시 동구 금남로5가 62-2,전용주
35.15246,126.92158,1,동구,광주광역시 동구 동명동 226-20,건축물
35.15247,126.89436,1,서구,전남광주통합특별시 서구 농성동 621-3,한전주
35.15247,126.91916,1,동구,광주광역시 동구 장동 13-13,건축물
35.15247,126.925,1,동구,광주광역시 동구 동명동 180-7,전용주
35.15248,126.86903,1,서구,전남광주통합특별시 서구 쌍촌동 947-44,전용주
35.15248,126.89424,1,서구,전남광주통합특별시 서구 농성동 621-9,한전주
35.15248,126.89754,1,서구,전남광주통합특별시 서구 양동 458-1,한전주
35.15248,126.90257,1,서구,전남광주통합특별시 서구 양동 5-189,한전주
35.15248,126.91576,1,동구,광주광역시 동구 대인동 237,전용주
35.15248,126.93043,1,동구,광주광역시 동구 지산동 720-22,한전주
35.15249,126.9143,1,동구,광주광역시 동구 금남로5가 183-2,한전주
35.15249,126.93473,1,동구,광주광역시 동구 지산동 710-43,전용주
35.15249,126.93559,1,동구,광주광역시 동구 지산동 704-42,한전주
35.15249,126.93671,1,동구,광주광역시 동구 산수동 산1-11,한전주
35.15249,126.93699,1,동구,광주광역시 동구 지산동 산1-11,한전주
35.1525,126.92129,1,동구,광주광역시 동구 동명동 227-13,건축물
35.1525,126.92254,1,동구,광주광역시 동구 동명동 200-58,한전주
35.15251,126.91339,1,동구,광주광역시 동구 금남로5가 15-2,한전주
35.15251,126.92123,1,동구,광주광역시 동구 동명동 227-13,전용주
35.15251,126.93244,1,동구,광주광역시 동구 산수동 520-50,한전주
35.15252,126.90944,1,동구,광주광역시 동구 충장로5가 96-43,전용주
35.15252,126.92034,1,동구,광주광역시 동구 동명동 235-6,한전주
35.15253,126.90976,1,동구,광주광역시 동구 충장로5가 96-27,전용주
35.15253,126.91901,1,동구,광주광역시 동구 장동 13-1,전용주
35.15253,126.92281,1,동구,광주광역시 동구 동명동 200-41,한전주
35.15253,126.93352,1,동구,광주광역시 동구 지산동 712-39,한전주
35.15254,126.86395,1,서구,전남광주통합특별시 서구 쌍촌동 963-4,한전주
35.15254,126.87637,1,서구,전남광주통합특별시 서구 화정동 743-46,한전주
35.15254,126.88377,1,서구,전남광주통합특별시 서구 농성동 649-1,한전주
35.15254,126.88765,1,서구,전남광주통합특별시 서구 농성동 645-26,전용주
35.15254,126.9157,1,동구,광주광역시 동구 대인동 55,전용주
35.15255,126.92218,1,동구,광주광역시 동구 동명동 226-31,한전주
35.15255,126.92538,1,동구,광주광역시 동구 동명동 181-8,한전주
35.15255,126.93023,1,동구,광주광역시 동구 지산동 720-2,한전주
35.15255,126.93398,1,동구,광주광역시 동구 지산동 711-39,한전주
35.15256,126.86697,1,서구,전남광주통합특별시 서구 쌍촌동 954-31,한전주
35.15256,126.88453,3,서구,전남광주통합특별시 서구 농성동 671-66,한전주
35.15256,126.91296,1,동구,광주광역시 동구 금남로5가 101,한전주
35.15256,126.92476,1,동구,광주광역시 동구 동명동 207-16,한전주
35.15257,126.90148,1,서구,전남광주통합특별시 서구 양동 245-16,한전주
35.15257,126.91394,1,동구,광주광역시 동구 금남로5가 187-3,한전주
35.15257,126.92179,1,동구,광주광역시 동구 동명동 226-13,전용주
35.15257,126.92212,1,동구,광주광역시 동구 동명동 226-31,한전주
35.15258,126.87843,1,서구,전남광주통합특별시 서구 화정동 784-5,한전주
35.15258,126.92393,1,동구,광주광역시 동구 동명동 200-68,건축물
35.15258,126.92476,1,동구,광주광역시 동구 동명동 207-16,한전주
35.15258,126.93394,1,동구,광주광역시 동구 지산동 711-39,한전주
35.15259,126.90011,1,서구,전남광주통합특별시 서구 양동 252-9,건축물
35.15259,126.92995,1,동구,광주광역시 동구 지산동 721-1,한전주
35.1526,126.87227,1,서구,전남광주통합특별시 서구 내방동 839-13,한전주
35.1526,126.91041,1,동구,광주광역시 동구 금남로5가 59,전용주
35.1526,126.93516,1,동구,광주광역시 동구 지산동 704-39,한전주
35.15261,126.87161,1,서구,전남광주통합특별시 서구 내방동 836-48,한전주
35.15261,126.87442,1,서구,전남광주통합특별시 서구 화정동 740-109,한전주
35.15261,126.88719,1,서구,전남광주통합특별시 서구 농성동 646-24,한전주
35.15261,126.90295,1,서구,전남광주통합특별시 서구 양동 5-46,전용주
35.15261,126.90966,1,동구,광주광역시 동구 충장로5가 96-29,전용주
35.15261,126.93533,1,동구,광주광역시 동구 지산동 704-40,건축물
35.15262,126.87767,1,서구,전남광주통합특별시 서구 화정동 784-51,
35.15263,126.86655,1,서구,전남광주통합특별시 서구 쌍촌동 954-18,한전주
35.15263,126.90099,1,서구,전남광주통합특별시 서구 양동 245-51,전용주
35.15263,126.90349,1,서구,전남광주통합특별시 서구 양동 5-292,전용주
35.15263,126.92174,1,동구,광주광역시 동구 동명동 226-36,한전주
35.15263,126.93416,1,동구,광주광역시 동구 지산동 711-51,한전주
35.15263,126.9344,1,동구,광주광역시 동구 지산동 710-37,건축물
35.15264,126.89352,1,서구,전남광주통합특별시 서구 농성동 103-4,한전주
35.15264,126.91106,1,동구,광주광역시 동구 금남로5가 61-4,전용주
35.15264,126.92055,1,동구,광주광역시 동구 동명동 235-4,전용주
35.15264,126.92545,1,동구,광주광역시 동구 동명동 181-17,전용주
35.15265,126.90295,1,서구,전남광주통합특별시 서구 양동 5-46,한전주
35.15265,126.91682,1,동구,광주광역시 동구 대인동 180-6,전용주
35.15265,126.92377,1,동구,광주광역시 동구 동명동 200-69,한전주
35.15265,126.92711,1,동구,광주광역시 동구 지산동 675-50,한전주
35.15266,126.86846,1,서구,전남광주통합특별시 서구 쌍촌동 949-1,한전주
35.15266,126.87372,1,서구,전남광주통합특별시 서구 화정동 740-56,전용주
35.15266,126.88922,1,서구,전남광주통합특별시 서구 농성동 281-2,한전주
35.15266,126.9128,1,동구,광주광역시 동구 금남로5가 102,한전주
35.15266,126.91561,1,동구,광주광역시 동구 대인동 56,전용주
35.15266,126.93472,1,동구,광주광역시 동구 지산동 710-35,한전주
35.15267,126.90129,1,서구,전남광주통합특별시 서구 양동 458-18,전용주
35.15267,126.9256,1,동구,광주광역시 동구 동명동 181-5,한전주
35.15267,126.93201,1,동구,광주광역시 동구 산수동 520-36,한전주
35.15267,126.93558,1,동구,광주광역시 동구 지산동 704-66,한전주
35.15268,126.88644,1,서구,전남광주통합특별시 서구 농성동 646-74,한전주
35.15268,126.90057,1,서구,전남광주통합특별시 서구 양동 257-2,전용주
35.15268,126.90295,7,서구,전남광주통합특별시 서구 양동 5-46,건축물
35.15268,126.92342,1,동구,광주광역시 동구 동명동 200-206,한전주
35.15269,126.87392,1,서구,전남광주통합특별시 서구 화정동 740-57,한전주
35.15269,126.90079,1,서구,전남광주통합특별시 서구 양동 257-10,한전주
35.15269,126.91456,1,동구,광주광역시 동구 대인동 100-1,건축물
35.15269,126.91962,1,동구,광주광역시 동구 장동 17-4,한전주
35.15269,126.9296,1,동구,광주광역시 동구 지산동 721-4,한전주
35.1527,126.87009,1,서구,전남광주통합특별시 서구 내방동 842-46,한전주
35.1527,126.87838,1,서구,전남광주통합특별시 서구 화정동 784-64,한전주
35.1527,126.90346,2,서구,전남광주통합특별시 서구 양동 5-47,건축물
35.15271,126.87318,1,서구,전남광주통합특별시 서구 내방동 839-50,한전주
35.15271,126.87461,1,서구,전남광주통합특별시 서구 화정동 740-20,한전주
35.15271,126.87736,1,서구,전남광주통합특별시 서구 화정동 784-55,전용주
35.15271,126.90279,1,서구,전남광주통합특별시 서구 양동 5-82,건축물
35.15271,126.92088,1,동구,광주광역시 동구 동명동 234-2,한전주
35.15272,126.86161,2,서구,전남광주통합특별시 서구 쌍촌동 622-4,전용주
35.15272,126.86162,2,서구,전남광주통합특별시 서구 쌍촌동 622-4,전용주
35.15272,126.86163,2,서구,전남광주통합특별시 서구 쌍촌동 622-4,전용주
35.15272,126.86164,1,서구,전남광주통합특별시 서구 쌍촌동 622-4,전용주
35.15272,126.86167,1,서구,전남광주통합특별시 서구 쌍촌동 622-4,한전주
35.15272,126.87485,1,서구,전남광주통합특별시 서구 화정동 740-11,한전주
35.15272,126.87736,1,서구,전남광주통합특별시 서구 화정동 784-55,전용주
35.15272,126.89739,3,서구,전남광주통합특별시 서구 양동 277-1,한전주
35.15272,126.9002,1,서구,전남광주통합특별시 서구 양동 255-1,전용주
35.15272,126.90029,1,서구,전남광주통합특별시 서구 양동 256-2,한전주
35.15272,126.90251,1,서구,전남광주통합특별시 서구 양동 5-90,건축물
35.15272,126.90343,1,서구,전남광주통합특별시 서구 양동 5-285,전용주
35.15273,126.87265,1,서구,전남광주통합특별시 서구 내방동 839-45,전용주
35.15273,126.89677,3,서구,전남광주통합특별시 서구 양동 275-15,전용주
35.15273,126.90385,1,서구,전남광주통합특별시 서구 양동 5-55,건축물
35.15273,126.90954,1,동구,광주광역시 동구 충장로5가 100-15,전용주
35.15274,126.8706,1,서구,전남광주통합특별시 서구 내방동 836-13,한전주
35.15274,126.8709,1,서구,전남광주통합특별시 서구 내방동 836-9,전용주
35.15274,126.92158,1,동구,광주광역시 동구 동명동 225-2,한전주
35.15274,126.92278,1,동구,광주광역시 동구 동명동 200-44,한전주
35.15275,126.86162,1,서구,전남광주통합특별시 서구 쌍촌동 622-4,전용주
35.15275,126.86625,1,서구,전남광주통합특별시 서구 쌍촌동 958-6,한전주
35.15275,126.88279,1,서구,전남광주통합특별시 서구 농성동 671-69,한전주
35.15275,126.89335,1,서구,전남광주통합특별시 서구 농성동 103-7,전용주
35.15275,126.89968,2,서구,전남광주통합특별시 서구 양동 266-1,전용주
35.15275,126.90354,1,서구,전남광주통합특별시 서구 양동 5-290,건축물
35.15275,126.92032,1,동구,광주광역시 동구 동명동 238-10,한전주
35.15276,126.91403,1,동구,광주광역시 동구 금남로5가 186,한전주
35.15276,126.91487,1,동구,광주광역시 동구 대인동 97-4,전용주
35.15277,126.88683,1,서구,전남광주통합특별시 서구 농성동 646-8,전용주
35.15277,126.90116,1,서구,전남광주통합특별시 서구 양동 458-17,한전주
35.15277,126.92336,1,동구,광주광역시 동구 동명동 200-7,한전주
35.15277,126.93386,1,동구,광주광역시 동구 지산동 711-57,한전주
35.15278,126.85339,1,서구,전남광주통합특별시 서구 치평동 1240-10,전용주
35.15278,126.87557,2,서구,전남광주통합특별시 서구 화정동 740-40,한전주
35.15278,126.91588,1,동구,광주광역시 동구 대인동 52-2,한전주
35.15278,126.93398,1,동구,광주광역시 동구 지산동 711-10,한전주
35.15278,126.93426,1,동구,광주광역시 동구 지산동 711-14,한전주
35.15279,126.86916,1,서구,전남광주통합특별시 서구 쌍촌동 947-8,건축물
35.15279,126.8864,1,서구,전남광주통합특별시 서구 농성동 646-53,한전주
35.15279,126.88786,1,서구,전남광주통합특별시 서구 농성동 645-23,한전주
35.15279,126.91254,1,동구,광주광역시 동구 금남로5가 99-4,전용주
35.15279,126.91551,1,동구,광주광역시 동구 대인동 57,전용주
35.15279,126.92133,1,동구,광주광역시 동구 동명동 226-22,한전주
35.15279,126.93316,1,동구,광주광역시 동구 지산동 712-49,한전주
35.1528,126.8726,1,서구,전남광주통합특별시 서구 내방동 839-9,한전주
35.1528,126.877,1,서구,전남광주통합특별시 서구 화정동 785-46,한전주
35.1528,126.91174,1,동구,광주광역시 동구 금남로5가 66-1,전용주
35.1528,126.92974,1,동구,광주광역시 동구 산수동 558-52,건축물
35.1528,126.93347,1,동구,광주광역시 동구 지산동 712-41,한전주
35.15281,126.86388,1,서구,전남광주통합특별시 서구 쌍촌동 963-2,한전주
35.15281,126.89309,2,서구,전남광주통합특별시 서구 농성동 104-21,한전주
35.15282,126.85894,1,서구,전남광주통합특별시 서구 쌍촌동 1311-4,전용주
35.15282,126.86516,1,서구,전남광주통합특별시 서구 쌍촌동 961-2,전용주
35.15282,126.86601,1,서구,전남광주통합특별시 서구 쌍촌동 958-9,전용주
35.15282,126.86725,1,서구,전남광주통합특별시 서구 쌍촌동 953-19,건축물
35.15282,126.87439,1,서구,전남광주통합특별시 서구 화정동 740-65,한전주
35.15282,126.88716,1,서구,전남광주통합특별시 서구 농성동 645-10,한전주
35.15282,126.90016,1,서구,전남광주통합특별시 서구 양동 263-31,전용주
35.15282,126.92164,1,동구,광주광역시 동구 동명동 207-44,한전주
35.15283,126.87685,1,서구,전남광주통합특별시 서구 화정동 785-28,한전주
35.15283,126.90151,1,서구,전남광주통합특별시 서구 양동 260,전용주
35.15283,126.92203,1,동구,광주광역시 동구 동명동 226-7,한전주
35.15283,126.92479,1,동구,광주광역시 동구 동명동 207-63,한전주
35.15283,126.93018,1,동구,광주광역시 동구 산수동 558-23,한전주
35.15284,126.87387,1,서구,전남광주통합특별시 서구 화정동 740-52,전용주
35.15284,126.87439,1,서구,전남광주통합특별시 서구 화정동 740-65,한전주
35.15284,126.88365,1,서구,전남광주통합특별시 서구 농성동 671-67,한전주
35.15284,126.90142,1,서구,전남광주통합특별시 서구 양동 260-8,전용주
35.15284,126.93515,1,동구,광주광역시 동구 지산동 704-38,한전주
35.15285,126.87439,1,서구,전남광주통합특별시 서구 화정동 740-65,전용주
35.15285,126.88749,1,서구,전남광주통합특별시 서구 농성동 645-18,전용주
35.15285,126.89242,1,서구,전남광주통합특별시 서구 농성동 106-5,한전주
35.15285,126.89311,1,서구,전남광주통합특별시 서구 농성동 104-22,한전주
35.15285,126.91555,1,동구,광주광역시 동구 대인동 270,한전주
35.15285,126.91606,1,동구,광주광역시 동구 대인동 49-3,전용주
35.15286,126.87334,1,서구,전남광주통합특별시 서구 내방동 839-25,한전주
35.15286,126.87729,1,서구,전남광주통합특별시 서구 화정동 785-44,한전주
35.15286,126.89278,1,서구,전남광주통합특별시 서구 농성동 105-4,전용주
35.15286,126.92708,1,동구,광주광역시 동구 지산동 675-36,한전주
35.15286,126.93571,1,동구,광주광역시 동구 지산동 703-39,한전주
35.15287,126.86191,1,서구,전남광주통합특별시 서구 쌍촌동 627-1,한전주
35.15287,126.90122,1,서구,전남광주통합특별시 서구 양동 260-15,한전주
35.15287,126.90428,1,서구,전남광주통합특별시 서구 양동 5-106,건축물
35.15287,126.92235,1,동구,광주광역시 동구 동명동 226,전용주
35.15288,126.87544,1,서구,전남광주통합특별시 서구 화정동 740-39,한전주
35.15288,126.89783,1,서구,전남광주통합특별시 서구 양동 279-4,한전주
35.15288,126.91985,1,동구,광주광역시 동구 동명동 238-5,한전주
35.15288,126.91988,1,동구,광주광역시 동구 동명동 238-3,한전주
35.15288,126.93258,1,동구,광주광역시 동구 산수동 520-14,한전주
35.15288,126.93353,1,동구,광주광역시 동구 지산동 712-57,한전주
35.15289,126.91457,1,동구,광주광역시 동구 대인동 99,한전주
35.15289,126.9256,1,동구,광주광역시 동구 산수동 363-37,한전주
35.1529,126.86693,1,서구,전남광주통합특별시 서구 쌍촌동 953-23,건축물
35.1529,126.89393,1,서구,전남광주통합특별시 서구 농성동 100-1,한전주
35.1529,126.90359,1,서구,전남광주통합특별시 서구 양동 5-225,건축물
35.1529,126.92153,1,동구,광주광역시 동구 동명동 207-43,한전주
35.15291,126.85866,1,서구,전남광주통합특별시 서구 쌍촌동 1312-2,전용주
35.15291,126.86819,1,서구,전남광주통합특별시 서구 쌍촌동 950-24,전용주
35.15291,126.90068,1,서구,전남광주통합특별시 서구 양동 245-60,한전주
35.15291,126.9007,1,서구,전남광주통합특별시 서구 양동 245-67,한전주
35.15291,126.90235,1,서구,전남광주통합특별시 서구 양동 5-88,건축물
35.15291,126.92991,1,동구,광주광역시 동구 산수동 558-28,건축물
35.15292,126.87169,1,서구,전남광주통합특별시 서구 내방동 835-3,한전주
35.15292,126.91366,1,동구,광주광역시 동구 금남로5가 89-3,전용주
35.15292,126.91531,1,동구,광주광역시 동구 대인동 67-1,한전주
35.15293,126.859,1,서구,전남광주통합특별시 서구 쌍촌동 1311-2,전용주
35.15293,126.87888,1,서구,전남광주통합특별시 서구 화정동 783-9,한전주
35.15293,126.89793,1,서구,전남광주통합특별시 서구 양동 269-22,전용주
35.15293,126.90314,1,서구,전남광주통합특별시 서구 양동 5-216,건축물
35.15293,126.91616,1,동구,광주광역시 동구 대인동 49-4,전용주
35.15293,126.92672,1,동구,광주광역시 동구 산수동 359-38,전용주
35.15293,126.93155,1,동구,광주광역시 동구 산수동 521-51,건축물
35.15293,126.93237,1,동구,광주광역시 동구 산수동 520-4,한전주
35.15294,126.8777,1,서구,전남광주통합특별시 서구 화정동 781-51,한전주
35.15295,126.86567,1,서구,전남광주통합특별시 서구 쌍촌동 958-27,한전주
35.15295,126.86845,1,서구,전남광주통합특별시 서구 쌍촌동 950-21,한전주
35.15295,126.86847,1,서구,전남광주통합특별시 서구 쌍촌동 950-21,한전주
35.15295,126.90029,1,서구,전남광주통합특별시 서구 양동 263-80,한전주
35.15295,126.91836,1,동구,광주광역시 동구 대인동 198-17,전용주
35.15295,126.92082,1,동구,광주광역시 동구 동명동 236-9,전용주
35.15295,126.93398,1,동구,광주광역시 동구 지산동 711-36,건축물
35.15296,126.86654,1,서구,전남광주통합특별시 서구 쌍촌동 953-36,한전주
35.15296,126.86873,1,서구,전남광주통합특별시 서구 쌍촌동 950-2,전용주
35.15296,126.87489,1,서구,전남광주통합특별시 서구 화정동 740-66,전용주
35.15296,126.88706,1,서구,전남광주통합특별시 서구 농성동 645-9,한전주
35.15296,126.90413,1,서구,전남광주통합특별시 서구 양동 5-57,건축물
35.15296,126.92047,1,동구,광주광역시 동구 동명동 236-14,한전주
35.15297,126.89291,1,서구,전남광주통합특별시 서구 농성동 104-17,전용주
35.15298,126.89729,2,서구,전남광주통합특별시 서구 양동 277-7,한전주
35.15298,126.91154,1,동구,광주광역시 동구 금남로5가 21,전용주
35.15298,126.91547,1,동구,광주광역시 동구 대인동 271,한전주
35.15298,126.91828,1,동구,광주광역시 동구 대인동 198-10,전용주
35.15298,126.93535,1,동구,광주광역시 동구 지산동 704-34,한전주
35.15299,126.86969,1,서구,전남광주통합특별시 서구 내방동 842-29,전용주
35.15299,126.88919,1,서구,전남광주통합특별시 서구 농성동 291-1,한전주
35.15299,126.92301,3,동구,광주광역시 동구 동명동 207-88,전용주
35.153,126.86755,1,서구,전남광주통합특별시 서구 쌍촌동 953-1,전용주
35.153,126.90092,1,서구,전남광주통합특별시 서구 양동 264-12,전용주
35.153,126.90095,1,서구,전남광주통합특별시 서구 양동 264-12,전용주
35.153,126.90097,1,서구,전남광주통합특별시 서구 양동 264-12,전용주
35.153,126.91278,1,동구,광주광역시 동구 금남로5가 78,전용주
35.153,126.92034,1,동구,광주광역시 동구 동명동 237-6,한전주
35.153,126.93467,1,동구,광주광역시 동구 지산동 710-22,한전주
35.153,126.9669,1,북구,전남광주통합특별시 북구 화암동 산126-1,전용주
35.15301,126.86527,1,서구,전남광주통합특별시 서구 쌍촌동 961-1,건축물
35.15301,126.92503,1,동구,광주광역시 동구 동명동 207-87,한전주
35.15301,126.92853,3,동구,광주광역시 동구 지산동 671,한전주
35.15302,126.86453,1,서구,전남광주통합특별시 서구 쌍촌동 961-9,한전주
35.15302,126.86998,1,서구,전남광주통합특별시 서구 내방동 842-10,한전주
35.15302,126.8754,1,서구,전남광주통합특별시 서구 화정동 740-77,전용주
35.15302,126.87825,1,서구,전남광주통합특별시 서구 화정동 781-47,한전주
35.15302,126.91473,1,동구,광주광역시 동구 대인동 91,전용주
35.15302,126.92127,1,동구,광주광역시 동구 동명동 218-5,한전주
35.15303,126.86489,1,서구,전남광주통합특별시 서구 쌍촌동 961-15,건축물
35.15303,126.91223,1,동구,광주광역시 동구 금남로5가 73-1,전용주
35.15303,126.93354,1,동구,광주광역시 동구 지산동 712-58,한전주
35.15304,126.87158,1,서구,전남광주통합특별시 서구 내방동 835-40,전용주
35.15304,126.87928,1,서구,전남광주통합특별시 서구 화정동 783-5,한전주
35.15304,126.91586,1,동구,광주광역시 동구 대인동 50,전용주
35.15305,126.86897,1,서구,전남광주통합특별시 서구 쌍촌동 947-17,한전주
35.15305,126.90095,1,서구,전남광주통합특별시 서구 양동 264-12,전용주
35.15305,126.9124,1,동구,광주광역시 동구 금남로5가 73-14,한전주
35.15305,126.9322,1,동구,광주광역시 동구 산수동 520-31,한전주
35.15306,126.90346,1,서구,전남광주통합특별시 서구 양동 5-236,건축물
35.15306,126.92077,1,동구,광주광역시 동구 동명동 236-7,전용주
35.15307,126.87549,1,서구,전남광주통합특별시 서구 화정동 740-34,한전주
35.15307,126.89335,1,서구,전남광주통합특별시 서구 농성동 104-2,전용주
35.15307,126.89465,1,서구,전남광주통합특별시 서구 농성동 609-107,한전주
35.15307,126.91886,1,동구,광주광역시 동구 대인동 198-1,한전주
35.15307,126.92201,1,동구,광주광역시 동구 동명동 207-34,전용주
35.15307,126.92397,1,동구,광주광역시 동구 동명동 208-15,한전주
35.15307,126.92668,1,동구,광주광역시 동구 산수동 359-6,전용주
35.15307,126.93004,1,동구,광주광역시 동구 산수동 558-30,건축물
35.15307,126.93171,1,동구,광주광역시 동구 산수동 521-33,건축물
35.15307,126.93385,1,동구,광주광역시 동구 지산동 711-55,한전주
35.15308,126.88688,1,서구,전남광주통합특별시 서구 농성동 645-3,한전주
35.15308,126.89414,1,서구,전남광주통합특별시 서구 농성동 100-5,한전주
35.15308,126.92359,1,동구,광주광역시 동구 동명동 207-73,한전주
35.15308,126.92481,1,동구,광주광역시 동구 동명동 207-66,한전주
35.15308,126.93413,1,동구,광주광역시 동구 지산동 711-32,한전주
35.15309,126.86161,1,서구,전남광주통합특별시 서구 쌍촌동 산 150-2,전용주
35.15309,126.86755,1,서구,전남광주통합특별시 서구 쌍촌동 953-27,한전주
35.15309,126.89259,1,서구,전남광주통합특별시 서구 농성동 609-105,한전주
35.15309,126.89676,1,서구,전남광주통합특별시 서구 양동 281-4,한전주
35.15309,126.8972,1,서구,전남광주통합특별시 서구 양동 280-6,한전주
35.15309,126.89732,1,서구,전남광주통합특별시 서구 양동 458-21,건축물
35.1531,126.86543,1,서구,전남광주통합특별시 서구 쌍촌동 958-13,전용주
35.1531,126.87549,1,서구,전남광주통합특별시 서구 화정동 740-34,한전주
35.1531,126.92171,1,동구,광주광역시 동구 동명동 207-37,한전주
35.15311,126.91206,1,동구,광주광역시 동구 금남로5가 73-8,건축물
35.15311,126.92928,3,동구,광주광역시 동구 산수동 715,한전주
35.15311,126.92974,1,동구,광주광역시 동구 산수동 558-46,한전주
35.15311,126.93027,1,동구,광주광역시 동구 산수동 558-8,한전주
35.15311,126.93324,1,동구,광주광역시 동구 지산동 712-46,한전주
35.15312,126.87726,1,서구,전남광주통합특별시 서구 화정동 785-25,한전주
35.15312,126.89104,2,서구,전남광주통합특별시 서구 농성동 301-12,전용주
35.15312,126.89106,1,서구,전남광주통합특별시 서구 농성동 301-12,전용주
35.15312,126.89261,1,서구,전남광주통합특별시 서구 농성동 93-36,한전주
35.15312,126.93255,1,동구,광주광역시 동구 산수동 520-17,한전주
35.15313,126.86425,1,서구,전남광주통합특별시 서구 쌍촌동 960-15,한전주
35.15313,126.87059,2,서구,전남광주통합특별시 서구 내방동 835-16,전용주
35.15313,126.89183,3,서구,전남광주통합특별시 서구 농성동 73-1,한전주
35.15314,126.87291,1,서구,전남광주통합특별시 서구 내방동 838-18,전용주
35.15314,126.87878,1,서구,전남광주통합특별시 서구 화정동 781-46,한전주
35.15314,126.88713,1,서구,전남광주통합특별시 서구 농성동 645-7,전용주
35.15314,126.89261,1,서구,전남광주통합특별시 서구 농성동 93-36,한전주
35.15314,126.92328,1,동구,광주광역시 동구 동명동 207-79,한전주
35.15314,126.92519,1,동구,광주광역시 동구 산수동 363-21,전용주
35.15314,126.93557,1,동구,광주광역시 동구 지산동 704-14,한전주
35.15315,126.87088,1,서구,전남광주통합특별시 서구 내방동 835-14,한전주
35.15315,126.88932,1,서구,전남광주통합특별시 서구 농성동 269-8,한전주
35.15315,126.90391,1,서구,전남광주통합특별시 서구 양동 5-59,건축물
35.15316,126.86482,1,서구,전남광주통합특별시 서구 쌍촌동 960-5,한전주
35.15316,126.87249,1,서구,전남광주통합특별시 서구 내방동 837,한전주
35.15316,126.89801,1,서구,전남광주통합특별시 서구 양동 287-31,한전주
35.15316,126.91933,2,동구,광주광역시 동구 동명동 291-19,한전주
35.15316,126.92147,1,동구,광주광역시 동구 동명동 209-96,전용주
35.15316,126.93514,1,동구,광주광역시 동구 지산동 704-32,한전주
35.15317,126.87994,1,서구,전남광주통합특별시 서구 화정동 783-1,전용주
35.15317,126.882,1,서구,전남광주통합특별시 서구 화정동 180-45,전용주
35.15317,126.89821,1,서구,전남광주통합특별시 서구 양동 287-9,전용주
35.15317,126.90323,1,서구,전남광주통합특별시 서구 양동 5-161,건축물
35.15317,126.9126,1,동구,광주광역시 동구 금남로5가 77-5,전용주
35.15317,126.92386,1,동구,광주광역시 동구 동명동 208-3,한전주
35.15318,126.86175,1,서구,전남광주통합특별시 서구 쌍촌동 627-12,전용주
35.15318,126.88988,1,서구,전남광주통합특별시 서구 농성동 301-8,한전주
35.15318,126.91299,1,동구,광주광역시 동구 금남로5가 271-17,전용주
35.15318,126.91521,1,동구,광주광역시 동구 대인동 274,한전주
35.15318,126.92043,1,동구,광주광역시 동구 동명동 236-24,한전주
35.15318,126.92503,1,동구,광주광역시 동구 산수동 363-5,전용주
35.15318,126.93029,1,동구,광주광역시 동구 산수동 558-15,한전주
35.15318,126.93277,1,동구,광주광역시 동구 산수동 520-1,한전주
35.15319,126.87291,1,서구,전남광주통합특별시 서구 내방동 838-18,전용주
35.15319,126.93426,1,동구,광주광역시 동구 지산동 711-1,한전주
35.1532,126.85981,2,서구,전남광주통합특별시 서구 쌍촌동 600-3,전용주
35.1532,126.87109,1,서구,전남광주통합특별시 서구 내방동 835-10,한전주
35.1532,126.92526,1,동구,광주광역시 동구 산수동 363-22,전용주
35.1532,126.93607,1,동구,광주광역시 동구 지산동 703-51,한전주
35.15321,126.86664,1,서구,전남광주통합특별시 서구 쌍촌동 952-23,한전주
35.15321,126.90128,1,서구,전남광주통합특별시 서구 양동 261-25,건축물
35.15321,126.9186,1,동구,광주광역시 동구 대인동 198-5,전용주
35.15321,126.92629,1,동구,광주광역시 동구 산수동 362-10,전용주
35.15321,126.92961,1,동구,광주광역시 동구 산수동 558-48,전용주
35.15321,126.93472,1,동구,광주광역시 동구 지산동 710-17,한전주
35.15321,126.93527,1,동구,광주광역시 동구 지산동 704-27,한전주
35.15322,126.86664,1,서구,전남광주통합특별시 서구 쌍촌동 952-23,한전주
35.15322,126.8948,1,서구,전남광주통합특별시 서구 농성동 96-42,한전주
35.15322,126.91225,1,동구,광주광역시 동구 금남로5가 75-4,전용주
35.15322,126.91364,1,동구,광주광역시 동구 대인동 27-22,전용주
35.15322,126.91803,1,동구,광주광역시 동구 대인동 190-7,한전주
35.15322,126.92156,1,동구,광주광역시 동구 동명동 209-97,전용주
35.15322,126.92408,1,동구,광주광역시 동구 동명동 208-10,전용주
35.15322,126.9267,1,동구,광주광역시 동구 산수동 359-33,전용주
35.15323,126.86505,1,서구,전남광주통합특별시 서구 쌍촌동 960-16,한전주
35.15323,126.87738,1,서구,전남광주통합특별시 서구 화정동 785-39,한전주
35.15323,126.90086,1,서구,전남광주통합특별시 서구 양동 264,전용주
35.15323,126.92492,1,동구,광주광역시 동구 산수동 368-19,전용주
35.15323,126.93069,1,동구,광주광역시 동구 산수동 556-54,건축물
35.15323,126.93626,1,동구,광주광역시 동구 지산동 703-46,전용주
35.15324,126.90024,1,서구,전남광주통합특별시 서구 양동 304-17,전용주
35.15324,126.90072,1,서구,전남광주통합특별시 서구 양동 264-7,전용주
35.15324,126.90347,1,서구,전남광주통합특별시 서구 양동 5-394,건축물
35.15324,126.93224,1,동구,광주광역시 동구 산수동 520-25,한전주
35.15325,126.8658,1,서구,전남광주통합특별시 서구 쌍촌동 959-5,한전주
35.15325,126.86804,1,서구,전남광주통합특별시 서구 쌍촌동 951-28,한전주
35.15325,126.86893,1,서구,전남광주통합특별시 서구 쌍촌동 947-27,한전주
35.15325,126.92245,1,동구,광주광역시 동구 동명동 209-150,한전주
35.15326,126.85905,1,서구,전남광주통합특별시 서구 쌍촌동 616,전용주
35.15326,126.86711,1,서구,전남광주통합특별시 서구 쌍촌동 952-19,한전주
35.15326,126.89672,1,서구,전남광주통합특별시 서구 양동 281-3,전용주
35.15326,126.89884,1,서구,전남광주통합특별시 서구 양동 295-12,전용주
35.15326,126.92247,1,동구,광주광역시 동구 동명동 209-150,전용주
35.15326,126.92371,1,동구,광주광역시 동구 동명동 208-8,한전주
35.15327,126.85869,1,서구,전남광주통합특별시 서구 쌍촌동 1312,전용주
35.15327,126.92065,1,동구,광주광역시 동구 동명동 222-1,건축물
35.15327,126.93007,1,동구,광주광역시 동구 산수동 558-18,건축물
35.15327,126.93243,1,동구,광주광역시 동구 산수동 520-21,한전주
35.15327,126.93254,1,동구,광주광역시 동구 산수동 520-54,한전주
35.15329,126.8646,1,서구,전남광주통합특별시 서구 쌍촌동 960-14,한전주
35.15329,126.89672,1,서구,전남광주통합특별시 서구 양동 281-3,전용주
35.15329,126.89761,1,서구,전남광주통합특별시 서구 양동 285-8,전용주
35.15329,126.89778,1,서구,전남광주통합특별시 서구 양동 285-12,전용주
35.15329,126.90497,2,북구,전남광주통합특별시 북구 누문동 324,한전주
35.15329,126.91177,1,동구,광주광역시 동구 금남로5가 29-1,전용주
35.15329,126.91752,1,동구,광주광역시 동구 대인동 308-20,전용주
35.15329,126.92118,1,동구,광주광역시 동구 동명동 214,한전주
35.1533,126.86376,1,서구,전남광주통합특별시 서구 쌍촌동 963-16,전용주
35.1533,126.8734,1,서구,전남광주통합특별시 서구 내방동 838-1,한전주
35.1533,126.90305,1,서구,전남광주통합특별시 서구 양동 5-395,건축물
35.1533,126.91197,1,동구,광주광역시 동구 금남로5가 15,한전주
35.1533,126.92271,1,동구,광주광역시 동구 동명동 207-12,한전주
35.15332,126.86396,1,서구,전남광주통합특별시 서구 쌍촌동 963-19,한전주
35.15332,126.87921,1,서구,전남광주통합특별시 서구 화정동 781-59,한전주
35.15332,126.87922,1,서구,전남광주통합특별시 서구 화정동 781-59,한전주
35.15332,126.89752,1,서구,전남광주통합특별시 서구 양동 284-3,전용주
35.15332,126.92192,1,동구,광주광역시 동구 동명동 209-87,한전주
35.15332,126.92634,1,동구,광주광역시 동구 산수동 362-4,한전주
35.15332,126.92983,1,동구,광주광역시 동구 산수동 558-47,한전주
35.15332,126.93576,1,동구,광주광역시 동구 지산동 703-5,한전주
35.15332,126.9358,1,동구,광주광역시 동구 지산동 703-5,한전주
35.15333,126.90039,1,서구,전남광주통합특별시 서구 양동 304-14,한전주
35.15333,126.92214,1,동구,광주광역시 동구 동명동 209-7,전용주
35.15333,126.93188,1,동구,광주광역시 동구 산수동 521-55,건축물
35.15333,126.93353,1,동구,광주광역시 동구 산수동 517-22,전용주
35.15333,126.96479,2,북구,전남광주통합특별시 북구 화암동 335-4,한전주
35.15334,126.87591,1,서구,전남광주통합특별시 서구 화정동 797,전용주
35.15334,126.87593,1,서구,전남광주통합특별시 서구 화정동 797,한전주
35.15334,126.87597,10,서구,전남광주통합특별시 서구 화정동 797,한전주
35.15334,126.876,1,서구,전남광주통합특별시 서구 화정동 797,한전주
35.15334,126.92484,1,동구,광주광역시 동구 산수동 368-20,건축물
35.15334,126.93384,1,동구,광주광역시 동구 산수동 516-28,한전주
35.15335,126.86846,1,서구,전남광주통합특별시 서구 쌍촌동 951-21,한전주
35.15335,126.89311,1,서구,전남광주통합특별시 서구 농성동 93-5,
35.15335,126.92015,1,동구,광주광역시 동구 동명동 243-15,한전주
35.15336,126.87597,1,서구,전남광주통합특별시 서구 화정동 797,한전주
35.15336,126.8942,1,서구,전남광주통합특별시 서구 농성동 609-75,건축물
35.15336,126.92024,1,동구,광주광역시 동구 동명동 243-16,전용주
35.15336,126.93384,1,동구,광주광역시 동구 산수동 516-28,전용주
35.15337,126.8917,1,서구,전남광주통합특별시 서구 농성동 70-3,전용주
35.15337,126.90341,1,서구,전남광주통합특별시 서구 양동 5-153,건축물
35.15337,126.91107,1,동구,광주광역시 동구 금남로5가 271,한전주
35.15337,126.91506,1,동구,광주광역시 동구 대인동 275,한전주
35.15337,126.91746,1,동구,광주광역시 동구 대인동 308-21,전용주
35.15337,126.92411,1,동구,광주광역시 동구 산수동 368-14,전용주
35.15337,126.93526,1,동구,광주광역시 동구 지산동 704-25,한전주
35.15338,126.87739,1,서구,전남광주통합특별시 서구 화정동 785-34,한전주
35.15338,126.87883,1,서구,전남광주통합특별시 서구 화정동 781-42,한전주
35.15338,126.92858,9,동구,광주광역시 동구 산수동 562-3,전용주
35.15338,126.93514,1,동구,광주광역시 동구 지산동 704-30,한전주
35.15339,126.87917,1,서구,전남광주통합특별시 서구 화정동 781-60,한전주
35.15339,126.89141,1,서구,전남광주통합특별시 서구 농성동 70-14,한전주
35.15339,126.8923,1,서구,전남광주통합특별시 서구 농성동 74-12,한전주
35.15339,126.89731,1,서구,전남광주통합특별시 서구 양동 284-1,전용주
35.15339,126.90341,1,서구,전남광주통합특별시 서구 양동 5-153,전용주
35.15339,126.93038,1,동구,광주광역시 동구 산수동 558-40,한전주
35.1534,126.92176,1,동구,광주광역시 동구 동명동 209-86,한전주
35.1534,126.92418,1,동구,광주광역시 동구 산수동 368-14,전용주
35.1534,126.93093,1,동구,광주광역시 동구 산수동 556-57,한전주
35.1534,126.9344,1,동구,광주광역시 동구 산수동 515-32,한전주
35.15341,126.88619,1,서구,전남광주통합특별시 서구 농성동 251-1,한전주
35.15341,126.89866,3,서구,전남광주통합특별시 서구 양동 287-20,전용주
35.15341,126.90293,1,서구,전남광주통합특별시 서구 양동 5-170,건축물
35.15341,126.92606,1,동구,광주광역시 동구 산수동 365-8,한전주
35.15342,126.86449,1,서구,전남광주통합특별시 서구 쌍촌동 960-30,한전주
35.15342,126.86638,1,서구,전남광주통합특별시 서구 쌍촌동 959-22,한전주
35.15342,126.89393,1,서구,전남광주통합특별시 서구 농성동 89-3,전용주
35.15342,126.91982,1,동구,광주광역시 동구 동명동 242-11,한전주
35.15342,126.92719,1,동구,광주광역시 동구 산수동 358-21,한전주
35.15343,126.84958,1,서구,전남광주통합특별시 서구 치평동 1233-3,전용주
35.15343,126.85238,1,서구,전남광주통합특별시 서구 치평동 1230-4,전용주
35.15343,126.86571,1,서구,전남광주통합특별시 서구 쌍촌동 959-7,한전주
35.15343,126.88194,1,서구,전남광주통합특별시 서구 화정동 180-60,전용주
35.15343,126.89294,1,서구,전남광주통합특별시 서구 농성동 92-10,전용주
35.15343,126.91366,1,동구,광주광역시 동구 대인동 27,전용주
35.15343,126.92973,1,동구,광주광역시 동구 산수동 558-58,건축물
35.15343,126.93012,1,동구,광주광역시 동구 산수동 558-36,건축물
35.15344,126.89866,1,서구,전남광주통합특별시 서구 양동 287-20,전용주
35.15344,126.92158,1,동구,광주광역시 동구 동명동 209-100,한전주
35.15344,126.92372,1,동구,광주광역시 동구 동명동 208,한전주
35.15344,126.92491,1,동구,광주광역시 동구 산수동 367-14,전용주
35.15345,126.85942,1,서구,전남광주통합특별시 서구 쌍촌동 1309-2,전용주
35.15345,126.92316,1,동구,광주광역시 동구 동명동 209-27,전용주
35.15346,126.8902,1,서구,전남광주통합특별시 서구 농성동 305-1,한전주
35.15346,126.89299,1,서구,전남광주통합특별시 서구 농성동 92-7,전용주
35.15346,126.92041,1,동구,광주광역시 동구 동명동 245-23,전용주
35.15347,126.85867,1,서구,전남광주통합특별시 서구 쌍촌동 1306-5,전용주
35.15347,126.87325,1,서구,전남광주통합특별시 서구 내방동 833-56,한전주
35.15348,126.8798,5,서구,전남광주통합특별시 서구 화정동 780,한전주
35.15348,126.91744,1,동구,광주광역시 동구 대인동 308-26,전용주
35.15348,126.92376,1,동구,광주광역시 동구 동명동 208,한전주
35.15349,126.87897,1,서구,전남광주통합특별시 서구 화정동 781-72,전용주
35.15349,126.89489,1,서구,전남광주통합특별시 서구 농성동 95-30,한전주
35.15349,126.92623,1,동구,광주광역시 동구 산수동 361-9,건축물
35.1535,126.89974,1,서구,전남광주통합특별시 서구 양동 302-28,
35.15351,126.915,1,동구,광주광역시 동구 대인동 32-10,한전주
35.15351,126.92985,1,동구,광주광역시 동구 산수동 558-3,한전주
35.15351,126.93673,1,동구,광주광역시 동구 산수동 24-26,전용주
35.15352,126.89171,1,서구,전남광주통합특별시 서구 농성동 68-2,한전주
35.15352,126.90525,1,북구,전남광주통합특별시 북구 누문동 217-1,한전주
35.15352,126.92583,1,동구,광주광역시 동구 산수동 365-11,한전주
35.15352,126.93266,1,동구,광주광역시 동구 산수동 518-13,건축물
35.15353,126.86853,1,서구,전남광주통합특별시 서구 쌍촌동 951-17,전용주
35.15353,126.87074,1,서구,전남광주통합특별시 서구 내방동 834-36,전용주
35.15353,126.87848,1,서구,전남광주통합특별시 서구 화정동 781-23,한전주
35.15353,126.8808,1,서구,전남광주통합특별시 서구 화정동 776-55,한전주
35.15353,126.93506,1,동구,광주광역시 동구 산수동 514-23,전용주
35.15354,126.87221,1,서구,전남광주통합특별시 서구 내방동 833-35,전용주
35.15354,126.91759,1,동구,광주광역시 동구 대인동 308-17,한전주
35.15355,126.8492,3,서구,전남광주통합특별시 서구 치평동 1233-12,전용주
35.15355,126.89246,1,서구,전남광주통합특별시 서구 농성동 76-75,전용주
35.15355,126.91616,1,동구,광주광역시 동구 대인동 312-12,건축물
35.15355,126.91657,1,동구,광주광역시 동구 대인동 313-13,전용주
35.15355,126.92228,1,동구,광주광역시 동구 동명동 209-55,한전주
35.15355,126.9261,1,동구,광주광역시 동구 산수동 361-8,건축물
35.15355,126.9279,1,동구,광주광역시 동구 산수동 559-64,한전주
35.15355,126.93245,1,동구,광주광역시 동구 산수동 518-15,한전주
35.15356,126.86249,1,서구,전남광주통합특별시 서구 쌍촌동 364-1,전용주
35.15356,126.86758,1,서구,전남광주통합특별시 서구 쌍촌동 952-1,한전주
35.15356,126.92996,1,동구,광주광역시 동구 산수동 558-2,건축물
35.15357,126.91209,1,동구,광주광역시 동구 금남로5가 1-16,한전주
35.15357,126.91318,1,동구,광주광역시 동구 대인동 27-27,건축물
35.15357,126.9213,1,동구,광주광역시 동구 동명동 209-106,한전주
35.15357,126.92306,1,동구,광주광역시 동구 동명동 209-37,한전주
35.15358,126.86212,1,서구,전남광주통합특별시 서구 쌍촌동 364-1,전용주
35.15358,126.89107,1,서구,전남광주통합특별시 서구 농성동 70-24,한전주
35.15358,126.92349,1,동구,광주광역시 동구 동명동 209-16,한전주
35.15358,126.92641,1,동구,광주광역시 동구 산수동 360-21,한전주
35.15358,126.93062,1,동구,광주광역시 동구 산수동 556-5,한전주
35.15358,126.93094,1,동구,광주광역시 동구 산수동 556-18,건축물
35.15359,126.86193,1,서구,전남광주통합특별시 서구 쌍촌동 364-1,전용주
35.15359,126.86771,1,서구,전남광주통합특별시 서구 쌍촌동 951-7,전용주
35.15359,126.86892,1,서구,전남광주통합특별시 서구 쌍촌동 947-14,전용주
35.15359,126.87689,1,서구,전남광주통합특별시 서구 화정동 785-2,전용주
35.15359,126.8947,1,서구,전남광주통합특별시 서구 농성동 95-28,전용주
35.15359,126.91743,1,동구,광주광역시 동구 대인동 308-15,한전주
35.15359,126.91791,1,동구,광주광역시 동구 대인동 308-9,전용주
35.15359,126.92204,1,동구,광주광역시 동구 동명동 209-72,한전주
35.15359,126.92389,1,동구,광주광역시 동구 산수동 368-16,한전주
35.1536,126.86868,1,서구,전남광주통합특별시 서구 쌍촌동 951-19,전용주
35.1536,126.89334,1,서구,전남광주통합특별시 서구 농성동 91-7,한전주
35.1536,126.90102,1,서구,전남광주통합특별시 서구 양동 263-12,전용주
35.1536,126.91663,1,동구,광주광역시 동구 대인동 313-2,전용주
35.1536,126.92857,1,동구,광주광역시 동구 산수동 559-86,건축물
35.1536,126.93207,1,동구,광주광역시 동구 산수동 522-36,전용주
35.1536,126.93314,1,동구,광주광역시 동구 산수동 517-14,한전주
35.15361,126.92089,1,동구,광주광역시 동구 동명동 212-2,한전주
35.15361,126.92183,1,동구,광주광역시 동구 동명동 291-37,전용주
35.15361,126.92331,1,동구,광주광역시 동구 동명동 209-15,한전주
35.15361,126.92829,1,동구,광주광역시 동구 산수동 559-22,한전주
35.15361,126.96477,2,북구,전남광주통합특별시 북구 화암동 335,한전주
35.15362,126.85948,1,서구,전남광주통합특별시 서구 쌍촌동 1309-1,전용주
35.15362,126.87769,1,서구,전남광주통합특별시 서구 화정동 781-33,한전주
35.15362,126.92004,1,동구,광주광역시 동구 동명동 243-7,건축물
35.15362,126.92821,1,동구,광주광역시 동구 산수동 559-81,건축물
35.15363,126.87257,1,서구,전남광주통합특별시 서구 내방동 833-27,한전주
35.15363,126.90077,1,서구,전남광주통합특별시 서구 양동 307-61,한전주
35.15363,126.92065,1,동구,광주광역시 동구 동명동 246-11,전용주
35.15363,126.9279,1,동구,광주광역시 동구 산수동 559-41,한전주
35.15363,126.93448,1,동구,광주광역시 동구 산수동 515-40,한전주
35.15363,126.93528,1,동구,광주광역시 동구 산수동 514-22,전용주
35.15363,126.9666,1,북구,전남광주통합특별시 북구 화암동 330,전용주
35.15364,126.85241,3,서구,전남광주통합특별시 서구 치평동 1230-1,전용주
35.15364,126.89062,1,서구,전남광주통합특별시 서구 농성동 302-8,전용주
35.15364,126.89463,1,서구,전남광주통합특별시 서구 농성동 95-25,한전주
35.15364,126.89962,1,서구,전남광주통합특별시 서구 양동 303-9,한전주
35.15365,126.85077,3,서구,전남광주통합특별시 서구 치평동 1231-2,전용주
35.15365,126.85444,1,서구,전남광주통합특별시 서구 치평동 1227-2,전용주
35.15365,126.87139,1,서구,전남광주통합특별시 서구 내방동 834-10,한전주
35.15365,126.87726,1,서구,전남광주통합특별시 서구 화정동 785-1,한전주
35.15365,126.89452,1,서구,전남광주통합특별시 서구 농성동 95-11,전용주
35.15365,126.90132,2,서구,전남광주통합특별시 서구 양동 261-1,건축물
35.15365,126.92423,1,동구,광주광역시 동구 산수동 368,전용주
35.15366,126.86532,1,서구,전남광주통합특별시 서구 쌍촌동 1370-11,한전주
35.15366,126.87053,1,서구,전남광주통합특별시 서구 내방동 834-44,전용주
35.15366,126.90102,3,서구,전남광주통합특별시 서구 양동 263-12,한전주
35.15366,126.9056,1,북구,전남광주통합특별시 북구 누문동 144-35,한전주
35.15366,126.91651,1,동구,광주광역시 동구 대인동 313-1,한전주
35.15366,126.92277,1,동구,광주광역시 동구 동명동 209-41,한전주
35.15366,126.93073,1,동구,광주광역시 동구 산수동 556-4,한전주
35.15366,126.93556,1,동구,광주광역시 동구 산수동 514-26,한전주
35.15366,126.96463,1,북구,전남광주통합특별시 북구 화암동 557,한전주
35.15367,126.86396,1,서구,전남광주통합특별시 서구 쌍촌동 366-2,전용주
35.15367,126.92168,1,동구,광주광역시 동구 동명동 209-83,한전주
35.15367,126.93027,1,동구,광주광역시 동구 산수동 558-33,한전주
35.15367,126.93358,1,동구,광주광역시 동구 산수동 517-33,한전주
35.15367,126.93394,1,동구,광주광역시 동구 산수동 516-37,전용주
35.15368,126.92613,1,동구,광주광역시 동구 산수동 361-5,전용주
35.15368,126.93046,1,동구,광주광역시 동구 산수동 558-1,전용주
35.15369,126.84958,6,서구,전남광주통합특별시 서구 치평동 1233-2,전용주
35.15369,126.86929,1,서구,전남광주통합특별시 서구 쌍촌동 947-18,전용주
35.15369,126.87097,1,서구,전남광주통합특별시 서구 내방동 834-33,전용주
35.15369,126.89335,4,서구,전남광주통합특별시 서구 농성동 76-11,한전주
35.15369,126.92982,1,동구,광주광역시 동구 산수동 557-27,건축물
35.1537,126.85845,1,서구,전남광주통합특별시 서구 쌍촌동 1305,한전주
35.1537,126.90023,1,서구,전남광주통합특별시 서구 양동 304-1,한전주
35.1537,126.92635,1,동구,광주광역시 동구 산수동 361-1,전용주
35.15371,126.86575,1,서구,전남광주통합특별시 서구 쌍촌동 1370-9,한전주
35.15371,126.92851,1,동구,광주광역시 동구 산수동 559-25,건축물
35.15371,126.93053,1,동구,광주광역시 동구 산수동 558-62,한전주
35.15371,126.93324,1,동구,광주광역시 동구 산수동 517-8,전용주
35.15371,126.93521,1,동구,광주광역시 동구 산수동 514-15,전용주
35.15371,126.93692,1,동구,광주광역시 동구 산수동 24-19,한전주
35.15372,126.8819,1,서구,전남광주통합특별시 서구 화정동 180-57,전용주
35.15372,126.88989,1,서구,전남광주통합특별시 서구 농성동 304-1,한전주
35.15372,126.92111,1,동구,광주광역시 동구 동명동 249-10,한전주
35.15372,126.92867,1,동구,광주광역시 동구 산수동 559-16,건축물
35.15372,126.93342,1,동구,광주광역시 동구 산수동 517-9,한전주
35.15373,126.85922,1,서구,전남광주통합특별시 서구 쌍촌동 1309-6,전용주
35.15373,126.88028,1,서구,전남광주통합특별시 서구 화정동 776-24,한전주
35.15373,126.9207,1,동구,광주광역시 동구 동명동 246-9,전용주
35.15374,126.86742,1,서구,전남광주통합특별시 서구 쌍촌동 333-9,한전주
35.15374,126.89256,2,서구,전남광주통합특별시 서구 농성동 76-37,한전주
35.15374,126.91752,1,동구,광주광역시 동구 대인동 308-13,건축물
35.15374,126.92306,1,동구,광주광역시 동구 동명동 209-34,한전주
35.15374,126.92701,1,동구,광주광역시 동구 산수동 358-23,한전주
35.15375,126.86601,1,서구,전남광주통합특별시 서구 쌍촌동 1370-7,한전주
35.15375,126.89256,1,서구,전남광주통합특별시 서구 농성동 76-37,전용주
35.15375,126.9343,1,동구,광주광역시 동구 산수동 515-37,한전주
35.15376,126.8533,1,서구,전남광주통합특별시 서구 치평동 1228,전용주
35.15376,126.89126,1,서구,전남광주통합특별시 서구 농성동 69-10,한전주
35.15376,126.89948,1,서구,전남광주통합특별시 서구 양동 302-57,전용주
35.15376,126.93405,1,동구,광주광역시 동구 산수동 516-18,한전주
35.15377,126.85876,1,서구,전남광주통합특별시 서구 쌍촌동 1306-3,전용주
35.15377,126.89256,1,서구,전남광주통합특별시 서구 농성동 76-37,한전주
35.15377,126.91631,1,동구,광주광역시 동구 대인동 312-10,전용주
35.15377,126.92091,1,동구,광주광역시 동구 동명동 247-6,한전주
35.15377,126.92357,1,동구,광주광역시 동구 산수동 368-11,한전주
35.15377,126.92883,1,동구,광주광역시 동구 산수동 559-62,한전주
35.15377,126.93249,1,동구,광주광역시 동구 산수동 522-22,건축물
35.15377,126.96687,1,북구,전남광주통합특별시 북구 화암동 329,건축물
35.15378,126.85322,2,서구,전남광주통합특별시 서구 치평동 1228,전용주
35.15378,126.8533,4,서구,전남광주통합특별시 서구 치평동 1228,전용주
35.15378,126.86742,1,서구,전남광주통합특별시 서구 쌍촌동 333-9,건축물
35.15378,126.89093,1,서구,전남광주통합특별시 서구 농성동 69-5,한전주
35.15378,126.92826,1,동구,광주광역시 동구 산수동 559-20,한전주
35.15378,126.92997,1,동구,광주광역시 동구 산수동 557-26,건축물
35.15379,126.88488,1,서구,전남광주통합특별시 서구 농성동 481-32,전용주
35.15379,126.91251,1,동구,광주광역시 동구 금남로5가 74-5,전용주
35.15379,126.92769,1,동구,광주광역시 동구 산수동 559-49,한전주
35.15379,126.93272,1,동구,광주광역시 동구 산수동 518-4,한전주
35.1538,126.88488,3,서구,전남광주통합특별시 서구 농성동 481-32,전용주
35.1538,126.89072,1,서구,전남광주통합특별시 서구 농성동 303-6,전용주
35.1538,126.89119,1,서구,전남광주통합특별시 서구 농성동 69-8,한전주
35.1538,126.89717,1,서구,전남광주통합특별시 서구 양동 281,전용주
35.1538,126.92133,1,동구,광주광역시 동구 동명동 250-32,한전주
35.1538,126.92288,1,동구,광주광역시 동구 동명동 209-32,한전주
35.15381,126.86535,1,서구,전남광주통합특별시 서구 쌍촌동 1370,전용주
35.15381,126.87918,1,서구,전남광주통합특별시 서구 화정동 781-2,한전주
35.15381,126.89211,2,서구,전남광주통합특별시 서구 농성동 77-14,전용주
35.15381,126.89465,1,서구,전남광주통합특별시 서구 농성동 95-20,한전주
35.15381,126.90308,1,서구,전남광주통합특별시 서구 양동 2-4,건축물
35.15381,126.90562,1,북구,전남광주통합특별시 북구 누문동 144-25,한전주
35.15381,126.91173,1,동구,광주광역시 동구 금남로5가 11,전용주
35.15381,126.91912,1,동구,광주광역시 동구 계림동 381-18,한전주
35.15381,126.92048,1,동구,광주광역시 동구 동명동 246-17,전용주
35.15382,126.87015,1,서구,전남광주통합특별시 서구 쌍촌동 299-4,한전주
35.15382,126.87051,1,서구,전남광주통합특별시 서구 내방동 433-2,한전주
35.15382,126.90019,1,서구,전남광주통합특별시 서구 양동 302-97,한전주
35.15382,126.91208,1,동구,광주광역시 동구 금남로5가 1-5,전용주
35.15382,126.91277,1,동구,광주광역시 동구 대인동 16-11,전용주
35.15382,126.92223,1,동구,광주광역시 동구 동명동 250-7,전용주
35.15382,126.92381,1,동구,광주광역시 동구 산수동 494-28,전용주
35.15382,126.93501,1,동구,광주광역시 동구 산수동 514-17,한전주
35.15382,126.96539,2,북구,전남광주통합특별시 북구 화암동 343,한전주
35.15383,126.8712,1,서구,전남광주통합특별시 서구 내방동 407,한전주
35.15383,126.87163,1,서구,전남광주통합특별시 서구 매월동 411-2,한전주
35.15383,126.93607,1,동구,광주광역시 동구 산수동 513-11,한전주
35.15383,126.93718,1,동구,광주광역시 동구 산수동 22-2,한전주
35.15384,126.89373,1,서구,전남광주통합특별시 서구 농성동 88-9,한전주
35.15385,126.89219,1,서구,전남광주통합특별시 서구 농성동 77-14,전용주
35.15385,126.91912,1,동구,광주광역시 동구 계림동 381-18,건축물
35.15385,126.92281,1,동구,광주광역시 동구 동명동 283-25,한전주
35.15386,126.87636,1,서구,전남광주통합특별시 서구 화정동 741-11,한전주
35.15386,126.87884,1,서구,전남광주통합특별시 서구 화정동 781-18,한전주
35.15386,126.90823,1,북구,전남광주통합특별시 북구 누문동 110-2,한전주
35.15386,126.93214,1,동구,광주광역시 동구 산수동 522-40,한전주
35.15387,126.89309,1,서구,전남광주통합특별시 서구 농성동 76-68,한전주
35.15387,126.92926,1,동구,광주광역시 동구 산수동 559-67,한전주
35.15388,126.88033,1,서구,전남광주통합특별시 서구 화정동 776-33,한전주
35.15388,126.90019,1,서구,전남광주통합특별시 서구 양동 302-97,전용주
35.15388,126.9193,1,동구,광주광역시 동구 계림동 383-10,건축물
35.15388,126.96539,1,북구,전남광주통합특별시 북구 화암동 343,한전주
35.15389,126.87785,1,서구,전남광주통합특별시 서구 화정동 781-75,한전주
35.15389,126.9171,1,동구,광주광역시 동구 대인동 309-6,한전주
35.1539,126.89078,1,서구,전남광주통합특별시 서구 농성동 323-4,전용주
35.1539,126.89478,1,서구,전남광주통합특별시 서구 농성동 59-21,한전주
35.1539,126.92131,1,동구,광주광역시 동구 동명동 250-37,전용주
35.1539,126.93336,1,동구,광주광역시 동구 산수동 517-2,한전주
35.15391,126.83512,5,서구,전남광주통합특별시 서구 치평동 744,한전주
35.15391,126.86395,1,서구,전남광주통합특별시 서구 쌍촌동 366-2,전용주
35.15391,126.90251,1,서구,전남광주통합특별시 서구 양동 5-349,전용주
35.15391,126.90256,10,서구,전남광주통합특별시 서구 양동 2-1,건축물
35.15392,126.87073,1,서구,전남광주통합특별시 서구 내방동 385-35,전용주
35.15392,126.90256,1,서구,전남광주통합특별시 서구 양동 5-349,전용주
35.15392,126.92875,1,동구,광주광역시 동구 산수동 559-12,한전주
35.15393,126.8591,1,서구,전남광주통합특별시 서구 쌍촌동 1308-5,전용주
35.15393,126.85941,1,서구,전남광주통합특별시 서구 쌍촌동 1308-3,전용주
35.15393,126.92302,1,동구,광주광역시 동구 동명동 254-28,한전주
35.15393,126.9354,1,동구,광주광역시 동구 산수동 514-10,한전주
35.15394,126.89909,1,서구,전남광주통합특별시 서구 양동 295-10,전용주
35.15394,126.8991,1,서구,전남광주통합특별시 서구 양동 295-10,전용주
35.15394,126.92364,1,동구,광주광역시 동구 산수동 494-7,전용주
35.15395,126.87327,1,서구,전남광주통합특별시 서구 내방동 832-5,전용주
35.15395,126.91268,1,동구,광주광역시 동구 대인동 15-6,전용주
35.15395,126.91978,1,동구,광주광역시 동구 계림동 381-42,전용주
35.15395,126.92135,1,동구,광주광역시 동구 동명동 249-13,한전주
35.15395,126.96914,1,북구,전남광주통합특별시 북구 화암동 194,건축물
35.15396,126.87936,1,서구,전남광주통합특별시 서구 화정동 781-1,한전주
35.15396,126.89452,1,서구,전남광주통합특별시 서구 농성동 95-6,건축물
35.15396,126.89907,1,서구,전남광주통합특별시 서구 양동 295-10,전용주
35.15396,126.92899,1,동구,광주광역시 동구 산수동 559-4,한전주
35.15396,126.93431,1,동구,광주광역시 동구 산수동 515-57,한전주
35.15397,126.86682,1,서구,전남광주통합특별시 서구 쌍촌동 328-16,한전주
35.15397,126.86757,1,서구,전남광주통합특별시 서구 쌍촌동 331-46,한전주
35.15397,126.8819,1,서구,전남광주통합특별시 서구 화정동 179-38,전용주
35.15397,126.89337,1,서구,전남광주통합특별시 서구 농성동 88-19,전용주
35.15397,126.90553,1,북구,전남광주통합특별시 북구 누문동 155-7,한전주
35.15397,126.91348,2,동구,광주광역시 동구 대인동 16-13,한전주
35.15397,126.92152,1,동구,광주광역시 동구 동명동 251-7,전용주
35.15397,126.92992,1,동구,광주광역시 동구 산수동 557-34,건축물
35.15398,126.89298,1,서구,전남광주통합특별시 서구 농성동 76-38,한전주
35.15398,126.89974,1,서구,전남광주통합특별시 서구 양동 303-18,한전주
35.15398,126.92093,1,동구,광주광역시 동구 동명동 249-9,전용주
35.15398,126.92099,1,동구,광주광역시 동구 동명동 249-9,한전주
35.15398,126.93015,1,동구,광주광역시 동구 산수동 557-16,건축물
35.15399,126.89112,1,서구,전남광주통합특별시 서구 농성동 69-7,한전주
35.154,126.87696,1,서구,전남광주통합특별시 서구 화정동 786-26,한전주
35.154,126.90762,1,북구,전남광주통합특별시 북구 누문동 316,한전주
35.154,126.9187,1,동구,광주광역시 동구 계림동 363-2,건축물
35.154,126.93095,1,동구,광주광역시 동구 산수동 555-19,한전주
35.154,126.93804,1,동구,광주광역시 동구 산수동 12,한전주
35.15401,126.86703,1,서구,전남광주통합특별시 서구 쌍촌동 328-23,한전주
35.15401,126.8716,1,서구,전남광주통합특별시 서구 내방동 405-4,한전주
35.15401,126.87186,1,서구,전남광주통합특별시 서구 내방동 848-2,전용주
35.15401,126.90762,1,북구,전남광주통합특별시 북구 누문동 316,한전주
35.15401,126.92232,1,동구,광주광역시 동구 동명동 254-32,한전주
35.15401,126.93389,1,동구,광주광역시 동구 산수동 516-7,전용주
35.15402,126.85896,5,서구,전남광주통합특별시 서구 쌍촌동 1307,전용주
35.15402,126.89239,1,서구,전남광주통합특별시 서구 농성동 80-46,한전주
35.15402,126.89389,1,서구,전남광주통합특별시 서구 농성동 609-95,한전주
35.15402,126.92186,1,동구,광주광역시 동구 동명동 251-24,한전주
35.15402,126.93583,1,동구,광주광역시 동구 산수동 513-27,건축물
35.15403,126.89946,1,서구,전남광주통합특별시 서구 양동 302-43,한전주
35.15403,126.9175,1,동구,광주광역시 동구 대인동 309-12,전용주
35.15403,126.92042,1,동구,광주광역시 동구 동명동 246-16,한전주
35.15403,126.92275,1,동구,광주광역시 동구 동명동 254-4,한전주
35.15404,126.90762,19,북구,전남광주통합특별시 북구 누문동 316,한전주
35.15405,126.93275,1,동구,광주광역시 동구 산수동 522-62,전용주
35.15406,126.86635,1,서구,전남광주통합특별시 서구 쌍촌동 328-6,한전주
35.15406,126.91623,1,동구,광주광역시 동구 대인동 310-5,한전주
35.15406,126.91628,1,동구,광주광역시 동구 대인동 310-5,한전주
35.15407,126.88008,1,서구,전남광주통합특별시 서구 화정동 777-50,한전주
35.15408,126.85885,1,서구,전남광주통합특별시 서구 쌍촌동 1306-1,전용주
35.15408,126.89935,1,서구,전남광주통합특별시 서구 양동 302-67,전용주
35.15408,126.93707,1,동구,광주광역시 동구 산수동 23-6,전용주
35.15409,126.86635,1,서구,전남광주통합특별시 서구 쌍촌동 328-6,한전주
35.15409,126.89178,1,서구,전남광주통합특별시 서구 농성동 66-6,전용주
35.15409,126.91787,1,동구,광주광역시 동구 대인동 327-28,전용주
35.15409,126.9216,1,동구,광주광역시 동구 동명동 251-16,한전주
35.15409,126.92198,1,동구,광주광역시 동구 동명동 283-20,전용주
35.1541,126.88032,1,서구,전남광주통합특별시 서구 화정동 776-17,한전주
35.1541,126.8817,1,서구,전남광주통합특별시 서구 화정동 179-53,한전주
35.1541,126.90824,1,북구,전남광주통합특별시 북구 누문동 68-1,한전주
35.1541,126.90827,2,북구,전남광주통합특별시 북구 누문동 68-1,한전주
35.1541,126.9137,1,동구,광주광역시 동구 대인동 21-69,전용주
35.15411,126.84938,2,서구,전남광주통합특별시 서구 치평동 1217-8,전용주
35.15411,126.91307,1,동구,광주광역시 동구 대인동 23-8,건축물
35.15411,126.92202,1,동구,광주광역시 동구 동명동 254-15,전용주
35.15411,126.92319,1,동구,광주광역시 동구 산수동 495-21,한전주
35.15411,126.93715,1,동구,광주광역시 동구 산수동 23-4,한전주
35.15412,126.86979,1,서구,전남광주통합특별시 서구 쌍촌동 295-9,한전주
35.15412,126.87931,1,서구,전남광주통합특별시 서구 화정동 777-35,한전주
35.15412,126.8797,1,서구,전남광주통합특별시 서구 화정동 777-3,한전주
35.15412,126.89943,1,서구,전남광주통합특별시 서구 양동 302-41,전용주
35.15412,126.92766,1,동구,광주광역시 동구 산수동 397-1,건축물
35.15412,126.93245,1,동구,광주광역시 동구 산수동 522-51,전용주
35.15412,126.93504,1,동구,광주광역시 동구 산수동 514-7,한전주
35.15413,126.87911,1,서구,전남광주통합특별시 서구 화정동 777-20,한전주
35.15413,126.89979,1,서구,전남광주통합특별시 서구 양동 303-6,전용주
35.15413,126.9004,1,서구,전남광주통합특별시 서구 양동 306-10,전용주
35.15413,126.92416,1,동구,광주광역시 동구 산수동 489-7,전용주
35.15413,126.93451,1,동구,광주광역시 동구 산수동 515-12,한전주
35.15414,126.86394,1,서구,전남광주통합특별시 서구 쌍촌동 366-2,전용주
35.15414,126.90059,1,서구,전남광주통합특별시 서구 양동 307-89,한전주
35.15414,126.91115,1,동구,광주광역시 동구 금남로5가 5-16,한전주
35.15414,126.93356,1,동구,광주광역시 동구 산수동 517-1,한전주
35.15415,126.85926,1,서구,전남광주통합특별시 서구 쌍촌동 1308-1,전용주
35.15415,126.85949,1,서구,전남광주통합특별시 서구 쌍촌동 1308-2,전용주
35.15415,126.86769,1,서구,전남광주통합특별시 서구 쌍촌동 331-51,전용주
35.15415,126.91865,1,동구,광주광역시 동구 계림동 390,전용주
35.15415,126.92411,1,동구,광주광역시 동구 산수동 489-7,한전주
35.15416,126.92927,1,동구,광주광역시 동구 산수동 401-95,한전주
35.15416,126.93532,1,동구,광주광역시 동구 산수동 514-38,한전주
35.15416,126.96915,3,북구,전남광주통합특별시 북구 화암동 163,건축물
35.15417,126.90593,2,북구,전남광주통합특별시 북구 누문동 144-1,한전주
35.15417,126.93708,1,동구,광주광역시 동구 산수동 23-5,한전주
35.15418,126.91938,1,동구,광주광역시 동구 계림동 338-10,한전주
35.15418,126.96768,2,북구,전남광주통합특별시 북구 화암동 313,한전주
35.15419,126.90827,1,북구,전남광주통합특별시 북구 누문동 68-1,전용주
35.15419,126.90853,1,북구,전남광주통합특별시 북구 누문동 111-2,한전주
35.15419,126.91914,1,동구,광주광역시 동구 계림동 357,한전주
35.15419,126.93372,1,동구,광주광역시 동구 산수동 516-5,전용주
35.15419,126.93697,1,동구,광주광역시 동구 산수동 23-10,한전주
35.1542,126.871,1,서구,전남광주통합특별시 서구 내방동 385-31,한전주
35.1542,126.88189,1,서구,전남광주통합특별시 서구 화정동 179-38,전용주
35.1542,126.89233,1,서구,전남광주통합특별시 서구 농성동 80-34,전용주
35.1542,126.916,1,동구,광주광역시 동구 대인동 311-7,한전주
35.15421,126.8916,1,서구,전남광주통합특별시 서구 농성동 66-4,전용주
35.15421,126.91884,1,동구,광주광역시 동구 계림동 313-4,건축물
35.15421,126.93316,1,동구,광주광역시 동구 산수동 523-33,전용주
35.15421,126.93745,1,동구,광주광역시 동구 산수동 22-3,한전주
35.15422,126.89068,1,서구,전남광주통합특별시 서구 농성동 323-3,한전주
35.15422,126.89475,1,서구,전남광주통합특별시 서구 농성동 1-58,전용주
35.15422,126.92961,1,동구,광주광역시 동구 산수동 554-17,한전주
35.15423,126.866,1,서구,전남광주통합특별시 서구 쌍촌동 1371,한전주
35.15423,126.93304,2,동구,광주광역시 동구 산수동 523-32,한전주
35.15423,126.93596,1,동구,광주광역시 동구 산수동 513-20,한전주
35.15424,126.87954,1,서구,전남광주통합특별시 서구 화정동 777-32,전용주
35.15424,126.91338,1,동구,광주광역시 동구 대인동 22-3,전용주
35.15424,126.93066,1,동구,광주광역시 동구 산수동 555-10,한전주
35.15425,126.90964,1,북구,전남광주통합특별시 북구 북동 283,한전주
35.15425,126.93343,1,동구,광주광역시 동구 산수동 523-23,한전주
35.15426,126.87064,1,서구,전남광주통합특별시 서구 쌍촌동 915-35,한전주
35.15426,126.90045,1,서구,전남광주통합특별시 서구 양동 307-90,한전주
35.15426,126.92004,1,동구,광주광역시 동구 계림동 378-5,한전주
35.15426,126.93227,1,동구,광주광역시 동구 산수동 522-56,한전주
35.15426,126.93406,1,동구,광주광역시 동구 산수동 516-1,한전주
35.15427,126.8997,1,서구,전남광주통합특별시 서구 양동 303-12,한전주
35.15427,126.90016,1,서구,전남광주통합특별시 서구 양동 306-57,전용주
35.15427,126.93061,1,동구,광주광역시 동구 산수동 555-10,한전주
35.15428,126.86596,1,서구,전남광주통합특별시 서구 쌍촌동 1371,전용주
35.15428,126.866,11,서구,전남광주통합특별시 서구 쌍촌동 1371,한전주
35.15428,126.86639,1,서구,전남광주통합특별시 서구 쌍촌동 328-53,한전주
35.15428,126.87067,1,서구,전남광주통합특별시 서구 내방동 828-24,한전주
35.15428,126.93427,1,동구,광주광역시 동구 산수동 515-7,한전주
35.15429,126.87185,1,서구,전남광주통합특별시 서구 내방동 848-2,전용주
35.15429,126.92234,1,동구,광주광역시 동구 동명동 254-10,한전주
35.1543,126.86569,1,서구,전남광주통합특별시 서구 쌍촌동 1368-9,전용주
35.1543,126.86669,1,서구,전남광주통합특별시 서구 쌍촌동 331-15,한전주
35.1543,126.86754,1,서구,전남광주통합특별시 서구 쌍촌동 328-38,한전주
35.1543,126.89068,1,서구,전남광주통합특별시 서구 농성동 323-3,한전주
35.1543,126.90548,1,북구,전남광주통합특별시 북구 누문동 152-18,한전주
35.1543,126.91819,1,동구,광주광역시 동구 계림동 393-1,한전주
35.1543,126.91908,1,동구,광주광역시 동구 계림동 349,한전주
35.1543,126.92159,1,동구,광주광역시 동구 동명동 251-1,한전주
35.1543,126.92449,1,동구,광주광역시 동구 산수동 371-1,전용주
35.15431,126.87798,1,서구,전남광주통합특별시 서구 화정동 787-12,전용주
35.15431,126.89398,1,서구,전남광주통합특별시 서구 농성동 62-2,한전주
35.15431,126.9197,1,동구,광주광역시 동구 계림동 338-12,한전주
35.15431,126.92287,1,동구,광주광역시 동구 산수동 495-3,한전주
35.15431,126.93012,1,동구,광주광역시 동구 산수동 554-13,전용주
35.15431,126.93118,1,동구,광주광역시 동구 산수동 555-21,건축물
35.15432,126.91576,1,동구,광주광역시 동구 대인동 311-16,한전주
35.15432,126.92205,1,동구,광주광역시 동구 동명동 253-2,한전주
35.15432,126.92778,1,동구,광주광역시 동구 산수동 396-14,한전주
35.15433,126.85941,1,서구,전남광주통합특별시 서구 쌍촌동 1303-3,전용주
35.15433,126.85948,1,서구,전남광주통합특별시 서구 쌍촌동 1303-3,전용주
35.15433,126.86714,1,서구,전남광주통합특별시 서구 쌍촌동 331-37,한전주
35.15433,126.87637,1,서구,전남광주통합특별시 서구 화정동 741-18,전용주
35.15433,126.92951,1,동구,광주광역시 동구 산수동 554-18,한전주
35.15433,126.92977,1,동구,광주광역시 동구 산수동 554-15,전용주
35.15433,126.93382,1,동구,광주광역시 동구 산수동 524-24,한전주
35.15434,126.85325,2,서구,전남광주통합특별시 서구 치평동 1221-2,전용주
35.15434,126.87864,1,서구,전남광주통합특별시 서구 화정동 777-12,한전주
35.15434,126.9297,1,동구,광주광역시 동구 산수동 554-16,전용주
35.15435,126.87638,1,서구,전남광주통합특별시 서구 화정동 741-18,전용주
35.15435,126.87933,1,서구,전남광주통합특별시 서구 화정동 777-6,한전주
35.15435,126.90596,1,북구,전남광주통합특별시 북구 누문동 153-5,한전주
35.15435,126.90732,1,북구,전남광주통합특별시 북구 누문동 93-1,한전주
35.15436,126.86712,1,서구,전남광주통합특별시 서구 쌍촌동 331-37,한전주
35.15436,126.92756,1,동구,광주광역시 동구 산수동 395-3,건축물
35.15437,126.8945,1,서구,전남광주통합특별시 서구 농성동 1-40,전용주
35.15437,126.92754,1,동구,광주광역시 동구 산수동 395-3,건축물
35.15438,126.87128,1,서구,전남광주통합특별시 서구 내방동 385-2,한전주
35.15438,126.8713,1,서구,전남광주통합특별시 서구 내방동 385-2,한전주
35.15438,126.87834,1,서구,전남광주통합특별시 서구 화정동 787-1,
35.15438,126.87904,1,서구,전남광주통합특별시 서구 화정동 777-43,전용주
35.15438,126.89442,3,서구,전남광주통합특별시 서구 농성동 1-47,전용주
35.15438,126.89446,1,서구,전남광주통합특별시 서구 농성동 1-47,한전주
35.15438,126.91412,1,동구,광주광역시 동구 대인동 21,전용주
35.15438,126.92391,1,동구,광주광역시 동구 산수동 489-5,한전주
35.15438,126.93101,1,동구,광주광역시 동구 산수동 555-27,한전주
35.15438,126.93399,1,동구,광주광역시 동구 산수동 524-26,한전주
35.15439,126.86393,1,서구,전남광주통합특별시 서구 쌍촌동 366-2,전용주
35.15439,126.87342,2,서구,전남광주통합특별시 서구 내방동 산 1-17,한전주
35.15439,126.89488,1,서구,전남광주통합특별시 서구 농성동 산 28-17,전용주
35.15439,126.8949,1,서구,전남광주통합특별시 서구 농성동 산 28-17,한전주
35.15439,126.89973,1,서구,전남광주통합특별시 서구 양동 303,한전주
35.15439,126.91305,1,동구,광주광역시 동구 대인동 7-16,한전주
35.15439,126.92422,1,동구,광주광역시 동구 산수동 371-9,전용주
35.15439,126.93532,1,동구,광주광역시 동구 산수동 514-25,한전주
35.1544,126.85924,1,서구,전남광주통합특별시 서구 쌍촌동 1303-4,전용주
35.1544,126.90004,1,서구,전남광주통합특별시 서구 양동 306-60,한전주
35.1544,126.90454,1,북구,전남광주통합특별시 북구 누문동 195-1,전용주
35.1544,126.92025,1,동구,광주광역시 동구 계림동 380-2,건축물
35.15441,126.8938,1,서구,전남광주통합특별시 서구 농성동 63-10,전용주
35.15441,126.89401,1,서구,전남광주통합특별시 서구 농성동 62-1,한전주
35.15441,126.90029,1,서구,전남광주통합특별시 서구 양동 306-51,한전주
35.15441,126.91151,1,동구,광주광역시 동구 금남로5가 1-24,한전주
35.15441,126.9189,1,동구,광주광역시 동구 계림동 314-6,건축물
35.15441,126.92732,1,동구,광주광역시 동구 산수동 395-1,한전주
35.15441,126.92782,1,동구,광주광역시 동구 산수동 396-20,한전주
35.15441,126.92844,2,동구,광주광역시 동구 산수동 401-58,한전주
35.15441,126.93473,1,동구,광주광역시 동구 산수동 515-1,한전주
35.15442,126.87895,1,서구,전남광주통합특별시 서구 화정동 777-42,한전주
35.15442,126.93325,1,동구,광주광역시 동구 산수동 523-19,전용주
35.15442,126.9692,1,북구,전남광주통합특별시 북구 화암동 160-1,한전주
35.15443,126.89289,1,서구,전남광주통합특별시 서구 농성동 85-2,전용주
35.15443,126.89891,2,서구,전남광주통합특별시 서구 양동 295,한전주
35.15443,126.93421,1,동구,광주광역시 동구 산수동 525-20,한전주
35.15444,126.87584,4,서구,전남광주통합특별시 서구 화정동 740-6,한전주
35.15444,126.90087,1,서구,전남광주통합특별시 서구 양동 307-22,전용주
35.15444,126.9054,1,북구,전남광주통합특별시 북구 누문동 151-6,전용주
35.15444,126.91783,1,동구,광주광역시 동구 계림동 428,건축물
35.15444,126.93476,1,동구,광주광역시 동구 산수동 515-1,한전주
35.15445,126.86524,1,서구,전남광주통합특별시 서구 쌍촌동 1369,전용주
35.15445,126.91712,1,동구,광주광역시 동구 대인동 310-14,전용주
35.15445,126.93361,1,동구,광주광역시 동구 산수동 524-23,건축물
35.15445,126.93641,1,동구,광주광역시 동구 산수동 512-17,한전주
35.15446,126.91361,1,동구,광주광역시 동구 대인동 21-5,전용주
35.15447,126.86766,1,서구,전남광주통합특별시 서구 쌍촌동 323-16,전용주
35.15447,126.89233,1,서구,전남광주통합특별시 서구 농성동 64-3,한전주
35.15447,126.89899,1,서구,전남광주통합특별시 서구 양동 295,한전주
35.15447,126.90593,1,북구,전남광주통합특별시 북구 누문동 152-10,전용주
35.15447,126.90596,1,북구,전남광주통합특별시 북구 누문동 152-10,한전주
35.15447,126.91941,1,동구,광주광역시 동구 계림동 342-2,한전주
35.15448,126.93124,1,동구,광주광역시 동구 산수동 555-5,한전주
35.15448,126.93523,1,동구,광주광역시 동구 산수동 514-1,한전주
35.15448,126.93567,1,동구,광주광역시 동구 산수동 513-42,전용주
35.15449,126.89247,4,서구,전남광주통합특별시 서구 농성동 33-36,한전주
35.15449,126.89982,1,서구,전남광주통합특별시 서구 양동 306-4,한전주
35.15449,126.93268,1,동구,광주광역시 동구 산수동 522-9,한전주
35.15449,126.93623,1,동구,광주광역시 동구 산수동 512-5,전용주
35.1545,126.8938,1,서구,전남광주통합특별시 서구 농성동 63-10,한전주
35.15451,126.88036,1,서구,전남광주통합특별시 서구 화정동 775-10,전용주
35.15451,126.89156,1,서구,전남광주통합특별시 서구 농성동 65-7,한전주
35.15451,126.8921,1,서구,전남광주통합특별시 서구 농성동 80-45,한전주
35.15451,126.91138,1,동구,광주광역시 동구 금남로5가 1-18,건축물
35.15451,126.93303,1,동구,광주광역시 동구 산수동 523-28,전용주
35.15452,126.88023,1,서구,전남광주통합특별시 서구 화정동 775-9,전용주
35.15452,126.91809,1,동구,광주광역시 동구 계림동 431,한전주
35.15452,126.92337,1,동구,광주광역시 동구 산수동 489-42,전용주
35.15453,126.91892,1,동구,광주광역시 동구 계림동 316,한전주
35.15454,126.85325,1,서구,전남광주통합특별시 서구 치평동 1221-1,전용주
35.15454,126.86655,1,서구,전남광주통합특별시 서구 쌍촌동 331-12,한전주
35.15454,126.90074,1,서구,전남광주통합특별시 서구 양동 307-23,한전주
35.15454,126.9274,1,동구,광주광역시 동구 산수동 401-38,전용주
35.15454,126.93027,1,동구,광주광역시 동구 산수동 554-11,한전주
35.15455,126.8661,1,서구,전남광주통합특별시 서구 쌍촌동 337-12,한전주
35.15455,126.89957,1,서구,전남광주통합특별시 서구 양동 302-1,전용주
35.15455,126.91544,1,동구,광주광역시 동구 대인동 323-8,한전주
35.15456,126.86643,1,서구,전남광주통합특별시 서구 쌍촌동 331-10,한전주
35.15456,126.86707,1,서구,전남광주통합특별시 서구 쌍촌동 331-28,한전주
35.15456,126.93376,1,동구,광주광역시 동구 산수동 524-21,전용주
35.15457,126.90021,1,서구,전남광주통합특별시 서구 양동 306-2,한전주
35.15457,126.90653,1,북구,전남광주통합특별시 북구 누문동 144-5,한전주
35.15457,126.90989,1,북구,전남광주통합특별시 북구 북동 271,한전주
35.15457,126.91686,1,동구,광주광역시 동구 대인동 310-17,한전주
35.15457,126.92344,1,동구,광주광역시 동구 산수동 489-14,전용주
35.15457,126.93499,1,동구,광주광역시 동구 산수동 511-31,전용주
35.15457,126.93614,1,동구,광주광역시 동구 산수동 512-3,전용주
35.15457,126.93615,1,동구,광주광역시 동구 산수동 512-3,한전주
35.15457,126.96916,1,북구,전남광주통합특별시 북구 화암동 137,한전주
35.15458,126.86392,1,서구,전남광주통합특별시 서구 쌍촌동 366-2,전용주
35.15458,126.89479,1,서구,전남광주통합특별시 서구 농성동 1-43,전용주
35.15458,126.89993,1,서구,전남광주통합특별시 서구 양동 316-6,전용주
35.15458,126.9048,2,북구,전남광주통합특별시 북구 누문동 184,전용주
35.15458,126.91712,1,동구,광주광역시 동구 대인동 327-9,전용주
35.15458,126.9356,1,동구,광주광역시 동구 산수동 513-41,한전주
35.15459,126.84971,1,서구,전남광주통합특별시 서구 치평동 1217-6,전용주
35.15459,126.86551,1,서구,전남광주통합특별시 서구 쌍촌동 1368-12,전용주
35.15459,126.89911,1,서구,전남광주통합특별시 서구 양동 318-7,전용주
35.1546,126.85939,1,서구,전남광주통합특별시 서구 쌍촌동 1303-1,전용주
35.1546,126.87098,1,서구,전남광주통합특별시 서구 내방동 385-26,한전주
35.1546,126.8738,1,서구,전남광주통합특별시 서구 내방동 313-1,한전주
35.1546,126.87643,1,서구,전남광주통합특별시 서구 화정동 790-7,한전주
35.1546,126.87784,1,서구,전남광주통합특별시 서구 화정동 788-16,한전주
35.1546,126.87846,1,서구,전남광주통합특별시 서구 화정동 791-1,한전주
35.1546,126.91972,1,동구,광주광역시 동구 계림동 337-3,한전주
35.15461,126.85363,2,서구,전남광주통합특별시 서구 치평동 1222-4,전용주
35.15461,126.87392,1,서구,전남광주통합특별시 서구 내방동 314-1,한전주
35.15461,126.88049,1,서구,전남광주통합특별시 서구 화정동 775-6,전용주
35.15461,126.92258,1,동구,광주광역시 동구 산수동 495-12,한전주
35.15461,126.93073,1,동구,광주광역시 동구 산수동 553-39,전용주
35.15462,126.87452,1,서구,전남광주통합특별시 서구 내방동 313-5,한전주
35.15462,126.87454,1,서구,전남광주통합특별시 서구 내방동 313-5,한전주
35.15462,126.88986,1,서구,전남광주통합특별시 서구 농성동 320-3,한전주
35.15462,126.9184,1,동구,광주광역시 동구 계림동 460-31,건축물
35.15462,126.91982,1,동구,광주광역시 동구 계림동 337-6,건축물
35.15462,126.9329,1,동구,광주광역시 동구 산수동 523-37,한전주
35.15463,126.87593,1,서구,전남광주통합특별시 서구 화정동 739-12,한전주
35.15463,126.90036,1,서구,전남광주통합특별시 서구 양동 306-1,한전주
35.15463,126.90038,4,서구,전남광주통합특별시 서구 양동 314-1,한전주
35.15463,126.90134,1,서구,전남광주통합특별시 서구 양동 307-44,전용주
35.15464,126.87182,1,서구,전남광주통합특별시 서구 내방동 850-2,전용주
35.15464,126.89178,1,서구,전남광주통합특별시 서구 농성동 80-12,전용주
35.15464,126.91867,1,동구,광주광역시 동구 계림동 314,한전주
35.15464,126.92709,1,동구,광주광역시 동구 산수동 392-2,한전주
35.15464,126.93723,1,동구,광주광역시 동구 산수동 21-4,한전주
35.15464,126.93739,1,동구,광주광역시 동구 산수동 18-9,한전주
35.15465,126.88208,1,서구,전남광주통합특별시 서구 화정동 178-25,전용주
35.15465,126.89164,1,서구,전남광주통합특별시 서구 농성동 80-14,전용주
35.15465,126.91527,1,동구,광주광역시 동구 대인동 323-7,건축물
35.15465,126.92295,1,동구,광주광역시 동구 산수동 489-25,전용주
35.15465,126.93347,1,동구,광주광역시 동구 산수동 523-39,한전주
35.15465,126.97042,1,북구,전남광주통합특별시 북구 화암동 114,한전주
35.15466,126.89057,1,서구,전남광주통합특별시 서구 농성동 323-16,전용주
35.15466,126.89367,1,서구,전남광주통합특별시 서구 농성동 64-14,한전주
35.15466,126.90106,1,서구,전남광주통합특별시 서구 양동 307-54,건축물
35.15466,126.91753,1,동구,광주광역시 동구 계림동 425-1,한전주
35.15466,126.9296,1,동구,광주광역시 동구 산수동 554-26,한전주
35.15466,126.92985,1,동구,광주광역시 동구 산수동 554-24,전용주
35.15466,126.93007,1,동구,광주광역시 동구 산수동 554-10,전용주
35.15467,126.89188,1,서구,전남광주통합특별시 서구 농성동 80-11,한전주
35.15467,126.89431,1,서구,전남광주통합특별시 서구 농성동 55-3,한전주
35.15467,126.92429,1,동구,광주광역시 동구 산수동 371-19,전용주
35.15467,126.97002,1,북구,전남광주통합특별시 북구 화암동 157,한전주
35.15468,126.89423,1,서구,전남광주통합특별시 서구 농성동 55-2,한전주
35.15468,126.90037,1,서구,전남광주통합특별시 서구 양동 314-1,전용주
35.15468,126.91666,1,동구,광주광역시 동구 대인동 311-14,전용주
35.15468,126.93484,1,동구,광주광역시 동구 산수동 511-16,한전주
35.15469,126.87392,1,서구,전남광주통합특별시 서구 내방동 314-1,한전주
35.15469,126.88037,1,서구,전남광주통합특별시 서구 화정동 686-53,전용주
35.15469,126.90949,1,북구,전남광주통합특별시 북구 북동 273,한전주
35.15469,126.91936,1,동구,광주광역시 동구 계림동 341-1,건축물
35.1547,126.91872,1,동구,광주광역시 동구 계림동 315-3,한전주
35.1547,126.9676,1,북구,전남광주통합특별시 북구 화암동 315,한전주
35.15471,126.87803,1,서구,전남광주통합특별시 서구 화정동 788-2,전용주
35.15471,126.89813,1,서구,전남광주통합특별시 서구 양동 321-24,한전주
35.15471,126.92238,1,동구,광주광역시 동구 동명동 283-41,한전주
35.15472,126.85944,1,서구,전남광주통합특별시 서구 쌍촌동 1303,전용주
35.15472,126.86572,1,서구,전남광주통합특별시 서구 쌍촌동 362-23,한전주
35.15472,126.86672,1,서구,전남광주통합특별시 서구 쌍촌동 330-8,전용주
35.15473,126.8639,1,서구,전남광주통합특별시 서구 쌍촌동 364-2,전용주
35.15473,126.8713,1,서구,전남광주통합특별시 서구 내방동 385-65,한전주
35.15473,126.89275,1,서구,전남광주통합특별시 서구 농성동 33-17,전용주
35.15473,126.91792,1,동구,광주광역시 동구 계림동 445,한전주
35.15473,126.92284,1,동구,광주광역시 동구 산수동 489-19,전용주
35.15473,126.92323,1,동구,광주광역시 동구 산수동 489-16,전용주
35.15473,126.92324,1,동구,광주광역시 동구 산수동 489-16,전용주
35.15473,126.92723,1,동구,광주광역시 동구 산수동 401-31,한전주
35.15473,126.93361,1,동구,광주광역시 동구 산수동 524-37,한전주
35.15474,126.86612,1,서구,전남광주통합특별시 서구 쌍촌동 337-19,한전주
35.15474,126.87024,1,서구,전남광주통합특별시 서구 쌍촌동 293-4,한전주
35.15474,126.87994,1,서구,전남광주통합특별시 서구 화정동 283-7,한전주
35.15474,126.89951,1,서구,전남광주통합특별시 서구 양동 316,전용주
35.15474,126.90014,1,서구,전남광주통합특별시 서구 양동 315-18,한전주
35.15474,126.91947,1,동구,광주광역시 동구 계림동 322-3,한전주
35.15474,126.92201,1,동구,광주광역시 동구 동명동 257-3,전용주
35.15474,126.92397,1,동구,광주광역시 동구 산수동 372-10,전용주
35.15474,126.93148,1,동구,광주광역시 동구 산수동 553-34,한전주
35.15474,126.93538,1,동구,광주광역시 동구 산수동 511-18,전용주
35.15474,126.93564,1,동구,광주광역시 동구 산수동 511-35,전용주
35.15475,126.85325,1,서구,전남광주통합특별시 서구 치평동 1221,전용주
35.15475,126.87129,2,서구,전남광주통합특별시 서구 내방동 385-65,한전주
35.15475,126.89927,1,서구,전남광주통합특별시 서구 양동 319,한전주
35.15475,126.92239,1,동구,광주광역시 동구 산수동 495-9,전용주
35.15475,126.92349,1,동구,광주광역시 동구 산수동 485-10,전용주
35.15476,126.86752,1,서구,전남광주통합특별시 서구 쌍촌동 327-1,전용주
35.15476,126.9181,1,동구,광주광역시 동구 계림동 451-2,한전주
35.15477,126.91772,1,동구,광주광역시 동구 계림동 434,한전주
35.15478,126.87859,1,서구,전남광주통합특별시 서구 화정동 290-30,전용주
35.15478,126.8978,1,서구,전남광주통합특별시 서구 양동 323-15,한전주
35.15478,126.89845,1,서구,전남광주통합특별시 서구 양동 295-2,한전주
35.15478,126.92262,1,동구,광주광역시 동구 산수동 489-20,한전주
35.15478,126.93043,1,동구,광주광역시 동구 산수동 553-42,한전주
35.15479,126.87033,1,서구,전남광주통합특별시 서구 쌍촌동 293-2,전용주
35.15479,126.89693,2,서구,전남광주통합특별시 서구 양동 321-42,전용주
35.15479,126.89696,1,서구,전남광주통합특별시 서구 양동 321-42,전용주
35.15479,126.92179,1,동구,광주광역시 동구 동명동 257-5,전용주
35.1548,126.87129,1,서구,전남광주통합특별시 서구 내방동 385-65,한전주
35.1548,126.89338,1,서구,전남광주통합특별시 서구 농성동 41-1,전용주
35.1548,126.93528,1,동구,광주광역시 동구 산수동 511-27,전용주
35.15481,126.86714,2,서구,전남광주통합특별시 서구 쌍촌동 330-17,한전주
35.15481,126.87473,1,서구,전남광주통합특별시 서구 내방동 312-51,한전주
35.15481,126.89718,2,서구,전남광주통합특별시 서구 양동 321-3,전용주
35.15481,126.89837,1,서구,전남광주통합특별시 서구 양동 321-1,전용주
35.15481,126.90063,1,서구,전남광주통합특별시 서구 양동 307-12,한전주
35.15481,126.90089,1,서구,전남광주통합특별시 서구 양동 307-14,한전주
35.15481,126.91704,1,동구,광주광역시 동구 계림동 467-25,건축물
35.15481,126.93095,1,동구,광주광역시 동구 산수동 553-57,전용주
35.15481,126.93426,1,동구,광주광역시 동구 산수동 525-26,한전주
35.15482,126.86452,5,서구,전남광주통합특별시 서구 쌍촌동 362-7,한전주
35.15482,126.87182,1,서구,전남광주통합특별시 서구 내방동 849-2,전용주
35.15482,126.89986,1,서구,전남광주통합특별시 서구 양동 315-2,전용주
35.15482,126.90906,1,북구,전남광주통합특별시 북구 북동182-2,전용주
35.15482,126.91038,1,북구,전남광주통합특별시 북구 북동 239-2,전용주
35.15482,126.91895,1,동구,광주광역시 동구 계림동 315-1,전용주
35.15482,126.92342,1,동구,광주광역시 동구 산수동 490-30,전용주
35.15482,126.9236,1,동구,광주광역시 동구 산수동 490-32,한전주
35.15482,126.92403,1,동구,광주광역시 동구 산수동 372-6,한전주
35.15482,126.93399,1,동구,광주광역시 동구 산수동 524-5,전용주
35.15482,126.93494,1,동구,광주광역시 동구 산수동 511-21,전용주
35.15482,126.96968,1,북구,전남광주통합특별시 북구 화암동 138-1,건축물
35.15483,126.89395,1,서구,전남광주통합특별시 서구 농성동 63-5,전용주
35.15483,126.89845,1,서구,전남광주통합특별시 서구 양동 320-18,전용주
35.15483,126.90659,1,북구,전남광주통합특별시 북구 누문동 82,한전주
35.15483,126.90705,1,북구,전남광주통합특별시 북구 누문동 43-1,한전주
35.15483,126.91663,1,동구,광주광역시 동구 대인동 327-22,건축물
35.15483,126.92757,1,동구,광주광역시 동구 산수동 401-16,한전주
35.15484,126.86379,1,서구,전남광주통합특별시 서구 쌍촌동 364,전용주
35.15484,126.89806,1,서구,전남광주통합특별시 서구 양동 321-22,한전주
35.15484,126.91507,1,동구,광주광역시 동구 대인동 322-20,한전주
35.15484,126.91731,1,동구,광주광역시 동구 계림동 420,건축물
35.15484,126.93688,1,동구,광주광역시 동구 산수동 21-5,한전주
35.15484,126.97018,1,북구,전남광주통합특별시 북구 화암동 141,한전주
35.15485,126.87022,1,서구,전남광주통합특별시 서구 쌍촌동 293-1,전용주
35.15485,126.8997,1,서구,전남광주통합특별시 서구 양동 315-5,한전주
35.15485,126.90004,1,서구,전남광주통합특별시 서구 양동 315-17,한전주
35.15486,126.89809,1,서구,전남광주통합특별시 서구 양동 321-22,한전주
35.15486,126.89867,1,서구,전남광주통합특별시 서구 양동 320-16,한전주
35.15486,126.90668,1,북구,전남광주통합특별시 북구 누문동 82-1,한전주
35.15487,126.90014,1,서구,전남광주통합특별시 서구 양동 315-29,전용주
35.15487,126.90686,1,북구,전남광주통합특별시 북구 누문동 87,한전주
35.15487,126.91068,1,북구,전남광주통합특별시 북구 북동 242-3,한전주
35.15487,126.92229,1,동구,광주광역시 동구 산수동 487-19,전용주
35.15487,126.93062,1,동구,광주광역시 동구 산수동 553-59,건축물
35.15487,126.93562,1,동구,광주광역시 동구 산수동 511-34,전용주
35.15488,126.8639,1,서구,전남광주통합특별시 서구 쌍촌동 366-2,전용주
35.15488,126.8902,1,서구,전남광주통합특별시 서구 농성동 321-22,한전주
35.15488,126.91631,1,동구,광주광역시 동구 대인동 311-1,한전주
35.15488,126.92281,1,동구,광주광역시 동구 산수동 488-20,전용주
35.15488,126.93324,1,동구,광주광역시 동구 산수동 523-5,전용주
35.15488,126.93738,1,동구,광주광역시 동구 산수동 18-7,한전주
35.15489,126.92147,1,동구,광주광역시 동구 동명동 264,한전주
35.1549,126.91544,1,동구,광주광역시 동구 대인동 323-3,한전주
35.15491,126.90076,1,서구,전남광주통합특별시 서구 양동 307-9,한전주
35.15491,126.91474,1,동구,광주광역시 동구 대인동 322-22,한전주
35.15491,126.92136,1,동구,광주광역시 동구 동명동 263-3,건축물
35.15491,126.92712,1,동구,광주광역시 동구 산수동 406-10,한전주
35.15491,126.92981,1,동구,광주광역시 동구 산수동 554-7,한전주
35.15491,126.93481,1,동구,광주광역시 동구 산수동 511-13,한전주
35.15492,126.93423,1,동구,광주광역시 동구 산수동 525-8,한전주
35.15492,126.93621,1,동구,광주광역시 동구 산수동 511-61,전용주
35.15493,126.87013,1,서구,전남광주통합특별시 서구 쌍촌동 286-23,한전주
35.15493,126.87754,1,서구,전남광주통합특별시 서구 화정동 71-39,한전주
35.15493,126.88006,1,서구,전남광주통합특별시 서구 화정동 686-88,한전주
35.15493,126.88013,1,서구,전남광주통합특별시 서구 화정동 686-46,한전주
35.15493,126.88056,1,서구,전남광주통합특별시 서구 화정동 178-122,한전주
35.15493,126.8936,2,서구,전남광주통합특별시 서구 농성동 609-17,전용주
35.15494,126.90094,1,서구,전남광주통합특별시 서구 양동 311-5,전용주
35.15495,126.86553,1,서구,전남광주통합특별시 서구 쌍촌동 362-22,한전주
35.15495,126.86728,1,서구,전남광주통합특별시 서구 쌍촌동 329-2,한전주
35.15495,126.88013,1,서구,전남광주통합특별시 서구 화정동 686-46,한전주
35.15495,126.93549,1,동구,광주광역시 동구 산수동 511-47,한전주
35.15496,126.84369,8,서구,전남광주통합특별시 서구 치평동 1168,전용주
35.15496,126.84985,3,서구,전남광주통합특별시 서구 치평동 1217,전용주
35.15496,126.86664,1,서구,전남광주통합특별시 서구 쌍촌동 330-3,한전주
35.15496,126.86989,1,서구,전남광주통합특별시 서구 쌍촌동 294-3,전용주
35.15496,126.88964,1,서구,전남광주통합특별시 서구 농성동 365-28,전용주
35.15496,126.92173,1,동구,광주광역시 동구 동명동 264-3,한전주
35.15496,126.93722,1,동구,광주광역시 동구 산수동 20-5,전용주
35.15497,126.89429,8,서구,전남광주통합특별시 서구 농성동 1-77,한전주
35.15497,126.89486,1,서구,전남광주통합특별시 서구 농성동 1-31,전용주
35.15498,126.8755,1,서구,전남광주통합특별시 서구 화정동 102-61,한전주
35.15498,126.90318,1,북구,전남광주통합특별시 북구 누문동 316-24,한전주
35.15498,126.91597,1,동구,광주광역시 동구 대인동 323-14,한전주
35.15498,126.92101,1,동구,광주광역시 동구 계림동 253-26,한전주
35.15498,126.9269,1,동구,광주광역시 동구 산수동 390-9,한전주
35.15499,126.84369,1,서구,전남광주통합특별시 서구 치평동 1168,전용주
35.15499,126.871,1,서구,전남광주통합특별시 서구 내방동 385-8,한전주
35.15499,126.87749,1,서구,전남광주통합특별시 서구 화정동 71-73,한전주
35.15499,126.89378,1,서구,전남광주통합특별시 서구 농성동 47,전용주
35.15499,126.90111,2,서구,전남광주통합특별시 서구 양동 310-5,전용주
35.15499,126.90136,1,서구,전남광주통합특별시 서구 양동 5-241,전용주
35.15499,126.90137,1,서구,전남광주통합특별시 서구 양동 5-241,전용주
35.15499,126.92983,1,동구,광주광역시 동구 산수동 554-76,한전주
35.15499,126.93739,1,동구,광주광역시 동구 산수동 18-6,한전주
35.155,126.86467,1,서구,전남광주통합특별시 서구 쌍촌동 1376-9,전용주
35.155,126.87061,1,서구,전남광주통합특별시 서구 내방동 915-36,한전주
35.155,126.89779,1,서구,전남광주통합특별시 서구 양동 321-35,한전주
35.155,126.90564,1,북구,전남광주통합특별시 북구 누문동 166,한전주
35.155,126.90964,1,북구,전남광주통합특별시 북구 북동 259,한전주
35.155,126.91842,1,동구,광주광역시 동구 계림동 303-3,한전주
35.155,126.91916,1,동구,광주광역시 동구 계림동 320-1,한전주
35.155,126.92339,1,동구,광주광역시 동구 산수동 490-29,전용주
35.155,126.92743,1,동구,광주광역시 동구 산수동 401-24,한전주
35.155,126.93023,1,동구,광주광역시 동구 산수동 553-66,전용주
35.15501,126.87578,1,서구,전남광주통합특별시 서구 화정동 102-152,전용주
35.15501,126.93332,1,동구,광주광역시 동구 산수동 523-1,한전주
35.15502,126.85388,2,서구,전남광주통합특별시 서구 치평동 1222,전용주
35.15502,126.91809,1,동구,광주광역시 동구 계림동 460-10,한전주
35.15502,126.9182,1,동구,광주광역시 동구 계림동 460-11,한전주
35.15502,126.92327,1,동구,광주광역시 동구 산수동 490-33,전용주
35.15502,126.93357,1,동구,광주광역시 동구 산수동 524-30,한전주
35.15503,126.86399,1,서구,전남광주통합특별시 서구 쌍촌동 1366-5,전용주
35.15503,126.91022,1,북구,전남광주통합특별시 북구 북동 236-2,한전주
35.15503,126.9178,1,동구,광주광역시 동구 계림동 455,한전주
35.15503,126.92725,1,동구,광주광역시 동구 산수동 406-9,건축물
35.15503,126.93047,1,동구,광주광역시 동구 산수동 553-67,한전주
35.15504,126.86433,1,서구,전남광주통합특별시 서구 쌍촌동 1376-11,전용주
35.15504,126.86633,1,서구,전남광주통합특별시 서구 쌍촌동 171-46,한전주
35.15504,126.87012,1,서구,전남광주통합특별시 서구 쌍촌동 286-10,한전주
35.15504,126.87428,1,서구,전남광주통합특별시 서구 내방동 312-55,전용주
35.15504,126.88945,1,서구,전남광주통합특별시 서구 농성동 311-13,전용주
35.15504,126.89852,1,서구,전남광주통합특별시 서구 양동 329-17,전용주
35.15504,126.90096,1,서구,전남광주통합특별시 서구 양동 311-8,건축물
35.15504,126.90142,1,서구,전남광주통합특별시 서구 양동 1-1,전용주
35.15504,126.90496,1,북구,전남광주통합특별시 북구 누문동 162-1,한전주
35.15504,126.90621,1,북구,전남광주통합특별시 북구 누문동 34-2,한전주
35.15504,126.92252,1,동구,광주광역시 동구 산수동 488-7,전용주
35.15504,126.97096,1,북구,전남광주통합특별시 북구 화암동 77,한전주
35.15505,126.86753,1,서구,전남광주통합특별시 서구 쌍촌동 327-2,전용주
35.15505,126.87846,1,서구,전남광주통합특별시 서구 화정동 290-41,한전주
35.15506,126.87174,1,서구,전남광주통합특별시 서구 내방동 850,한전주
35.15506,126.87808,1,서구,전남광주통합특별시 서구 화정동 290-36,전용주
35.15506,126.89799,1,서구,전남광주통합특별시 서구 양동 321-34,한전주
35.15506,126.91862,1,동구,광주광역시 동구 계림동 304,한전주
35.15506,126.92116,1,동구,광주광역시 동구 계림동 253-4,전용주
35.15507,126.87505,1,서구,전남광주통합특별시 서구 화정동 102-66,한전주
35.15507,126.87607,1,서구,전남광주통합특별시 서구 화정동 102-48,한전주
35.15507,126.89823,1,서구,전남광주통합특별시 서구 양동 322-6,전용주
35.15507,126.9111,1,북구,전남광주통합특별시 북구 북동 40-24,전용주
35.15507,126.92096,1,동구,광주광역시 동구 계림동 253-17,전용주
35.15507,126.93255,1,동구,광주광역시 동구 산수동 539-70,한전주
35.15508,126.87607,1,서구,전남광주통합특별시 서구 화정동 102-48,전용주
35.15508,126.89768,1,서구,전남광주통합특별시 서구 양동 321-49,전용주
35.15508,126.91045,1,북구,전남광주통합특별시 북구 북동 238,한전주
35.15508,126.92217,1,동구,광주광역시 동구 산수동 487-15,전용주
35.15508,126.9357,1,동구,광주광역시 동구 산수동 511-46,전용주
35.15509,126.87049,1,서구,전남광주통합특별시 서구 내방동 828-26,한전주
35.15509,126.87607,1,서구,전남광주통합특별시 서구 화정동 102-48,한전주
35.15509,126.9008,1,서구,전남광주통합특별시 서구 양동 307-97,전용주
35.15509,126.91462,1,동구,광주광역시 동구 대인동 322-24,한전주
35.15509,126.91927,1,동구,광주광역시 동구 계림동 300-1,건축물
35.15509,126.9293,1,동구,광주광역시 동구 산수동 402-2,전용주
35.1551,126.89958,1,서구,전남광주통합특별시 서구 양동 319-6,전용주
35.1551,126.90964,1,북구,전남광주통합특별시 북구 북동 259,한전주
35.1551,126.91692,1,동구,광주광역시 동구 계림동 467-17,한전주
35.1551,126.92186,1,동구,광주광역시 동구 동명동 260-1,전용주
35.15511,126.86333,1,서구,전남광주통합특별시 서구 쌍촌동 1367-1,전용주
35.15511,126.86336,3,서구,전남광주통합특별시 서구 쌍촌동 1367-1,전용주
35.15511,126.86612,1,서구,전남광주통합특별시 서구 쌍촌동 171-45,한전주
35.15511,126.8665,1,서구,전남광주통합특별시 서구 쌍촌동 171-7,한전주
35.15511,126.86654,1,서구,전남광주통합특별시 서구 쌍촌동 171-7,한전주
35.15511,126.86657,1,서구,전남광주통합특별시 서구 쌍촌동 171-7,한전주
35.15511,126.87102,3,서구,전남광주통합특별시 서구 내방동 385-64,한전주
35.15511,126.89835,1,서구,전남광주통합특별시 서구 양동 321-5,한전주
35.15511,126.90021,1,서구,전남광주통합특별시 서구 양동 314-8,전용주
35.15511,126.92371,1,동구,광주광역시 동구 산수동 481-16,전용주
35.15511,126.92868,0,동구,광주광역시 동구 산수동 401-87,한전주
35.15512,126.86337,1,서구,전남광주통합특별시 서구 쌍촌동 1367-1,전용주
35.15512,126.88952,1,서구,전남광주통합특별시 서구 농성동 365-38,한전주
35.15512,126.89038,1,서구,전남광주통합특별시 서구 농성동 321-27,한전주
35.15512,126.89325,1,서구,전남광주통합특별시 서구 농성동 10,전용주
35.15512,126.92723,1,동구,광주광역시 동구 산수동 406-8,한전주
35.15512,126.93097,1,동구,광주광역시 동구 산수동 553-124,한전주
35.15512,126.93511,1,동구,광주광역시 동구 산수동 510-33,한전주
35.15512,126.93684,1,동구,광주광역시 동구 산수동 49-15,전용주
35.15513,126.85948,1,서구,전남광주통합특별시 서구 쌍촌동 1304,전용주
35.15513,126.86407,1,서구,전남광주통합특별시 서구 쌍촌동 1366-3,전용주
35.15513,126.86598,1,서구,전남광주통합특별시 서구 쌍촌동 171-43,한전주
35.15513,126.9276,1,동구,광주광역시 동구 산수동 401-22,한전주
35.15514,126.86514,1,서구,전남광주통합특별시 서구 쌍촌동 1376-5,전용주
35.15514,126.87029,1,서구,전남광주통합특별시 서구 쌍촌동 286-13,전용주
35.15514,126.91809,1,동구,광주광역시 동구 계림동 460-6,한전주
35.15514,126.91929,1,동구,광주광역시 동구 계림동 299-16,전용주
35.15514,126.92967,1,동구,광주광역시 동구 산수동 554-35,한전주
35.15514,126.9309,1,동구,광주광역시 동구 산수동 553-26,전용주
35.15514,126.93414,1,동구,광주광역시 동구 산수동 525-34,한전주
35.15515,126.89288,1,서구,전남광주통합특별시 서구 농성동 609-85,전용주
35.15515,126.89446,1,서구,전남광주통합특별시 서구 농성동 1-29,한전주
35.15515,126.8981,2,서구,전남광주통합특별시 서구 양동 457-3,전용주
35.15515,126.9011,1,서구,전남광주통합특별시 서구 양동 311-6,한전주
35.15515,126.9036,1,북구,전남광주통합특별시 북구 누문동 202-1,한전주
35.15515,126.90421,1,북구,전남광주통합특별시 북구 누문동 175-1,한전주
35.15516,126.88959,3,서구,전남광주통합특별시 서구 농성동 365-37,한전주
35.15516,126.89708,1,서구,전남광주통합특별시 서구 양동 385-18,전용주
35.15516,126.8975,1,서구,전남광주통합특별시 서구 양동 324-41,전용주
35.15516,126.91774,1,동구,광주광역시 동구 계림동 439,한전주
35.15516,126.91809,1,동구,광주광역시 동구 계림동 460-6,한전주
35.15516,126.92869,0,동구,광주광역시 동구 산수동 401-87,전용주
35.15517,126.92388,1,동구,광주광역시 동구 산수동 480-15,건축물
35.15518,126.86432,1,서구,전남광주통합특별시 서구 쌍촌동 1376,전용주
35.15518,126.87564,1,서구,전남광주통합특별시 서구 화정동 102-44,전용주
35.15518,126.89067,1,서구,전남광주통합특별시 서구 농성동 327-3,전용주
35.15518,126.89353,1,서구,전남광주통합특별시 서구 농성동 9-3,전용주
35.15518,126.89887,1,서구,전남광주통합특별시 서구 양동 320-52,한전주
35.15518,126.90595,1,북구,전남광주통합특별시 북구 누문동 31-1,전용주
35.15519,126.86465,1,서구,전남광주통합특별시 서구 쌍촌동 1376-2,전용주
35.15519,126.86514,1,서구,전남광주통합특별시 서구 쌍촌동 1376-5,전용주
35.15519,126.91082,1,북구,전남광주통합특별시 북구 북동 44,한전주
35.15519,126.91733,1,동구,광주광역시 동구 계림동 465-64,한전주
35.15519,126.92135,1,동구,광주광역시 동구 계림동 233-19,전용주
35.1552,126.87179,1,서구,전남광주통합특별시 서구 내방동 848-2,전용주
35.1552,126.91883,1,동구,광주광역시 동구 계림동 300-14,한전주
35.1552,126.93525,1,동구,광주광역시 동구 산수동 510-35,한전주
35.15521,126.87504,1,서구,전남광주통합특별시 서구 화정동 102-106,한전주
35.15521,126.90998,1,북구,전남광주통합특별시 북구 북동 232,한전주
35.15521,126.91517,1,동구,광주광역시 동구 대인동 315-10,한전주
35.15521,126.91762,1,동구,광주광역시 동구 계림동 439-4,전용주
35.15521,126.93011,1,동구,광주광역시 동구 산수동 553-61,한전주
35.15522,126.89809,1,서구,전남광주통합특별시 서구 양동 324-1,전용주
35.15522,126.89828,1,서구,전남광주통합특별시 서구 양동 322-3,한전주
35.15522,126.89983,1,서구,전남광주통합특별시 서구 양동 331-24,한전주
35.15522,126.92244,1,동구,광주광역시 동구 산수동 488-10,전용주
35.15522,126.93771,1,동구,광주광역시 동구 산수동 497-34,한전주
35.15522,126.96997,1,북구,전남광주통합특별시 북구 화암동 61,한전주
35.15523,126.86726,1,서구,전남광주통합특별시 서구 쌍촌동 204-2,한전주
35.15523,126.9071,1,북구,전남광주통합특별시 북구 누문동 42,한전주
35.15523,126.90918,1,북구,전남광주통합특별시 북구 북동 223-1,한전주
35.15523,126.90978,1,북구,전남광주통합특별시 북구 북동 232 로얄베스트빌,한전주
35.15523,126.93062,1,동구,광주광역시 동구 산수동 553-77,전용주
35.15524,126.89023,1,서구,전남광주통합특별시 서구 농성동 321-26,전용주
35.15524,126.90897,1,북구,전남광주통합특별시 북구 북동 221-1 이발소,한전주
35.15524,126.91089,1,북구,전남광주통합특별시 북구 북동 43,건축물
35.15524,126.91711,1,동구,광주광역시 동구 계림동 467-30,한전주
35.15524,126.91734,1,동구,광주광역시 동구 계림동 466-9,한전주
35.15524,126.93289,1,동구,광주광역시 동구 산수동 526-59,한전주
35.15524,126.93447,1,동구,광주광역시 동구 산수동 525-3,전용주
35.15525,126.9009,1,서구,전남광주통합특별시 서구 양동 336-11,한전주
35.15526,126.91384,2,동구,광주광역시 동구 대인동 321-18,전용주
35.15526,126.97026,1,북구,전남광주통합특별시 북구 화암동 62,전용주
35.15527,126.89729,1,서구,전남광주통합특별시 서구 양동 324-43,전용주
35.15527,126.92036,1,동구,광주광역시 동구 계림동 255,한전주
35.15527,126.92279,1,동구,광주광역시 동구 산수동 485-16,한전주
35.15527,126.93022,1,동구,광주광역시 동구 산수동 553-60,한전주
35.15528,126.87501,1,서구,전남광주통합특별시 서구 화정동 102-106,전용주
35.15528,126.92366,1,동구,광주광역시 동구 산수동 481-2,전용주
35.15529,126.88961,1,서구,전남광주통합특별시 서구 농성동 365-17,한전주
35.1553,126.89399,1,서구,전남광주통합특별시 서구 농성동 4,한전주
35.1553,126.8977,1,서구,전남광주통합특별시 서구 양동 321-32,한전주
35.1553,126.8983,1,서구,전남광주통합특별시 서구 양동 322-8,전용주
35.1553,126.89883,1,서구,전남광주통합특별시 서구 양동 320-56,한전주
35.1553,126.89975,1,서구,전남광주통합특별시 서구 양동 333-27,한전주
35.1553,126.9004,1,서구,전남광주통합특별시 서구 양동 314-41,한전주
35.1553,126.91866,1,동구,광주광역시 동구 계림동 300-16,전용주
35.1553,126.91941,1,동구,광주광역시 동구 계림동 299-8,건축물
35.1553,126.92084,1,동구,광주광역시 동구 계림동 253-12,전용주
35.1553,126.92318,1,동구,광주광역시 동구 산수동 490-8,한전주
35.1553,126.9292,1,동구,광주광역시 동구 산수동 404-4,전용주
35.15531,126.88057,1,서구,전남광주통합특별시 서구 화정동 178-70,한전주
35.15531,126.90962,1,북구,전남광주통합특별시 북구 북동 225 광주중앙교회,한전주
35.15531,126.91425,1,동구,광주광역시 동구 대인동 322-28,한전주
35.15531,126.92081,1,동구,광주광역시 동구 계림동 253-12,전용주
35.15532,126.86584,2,서구,전남광주통합특별시 서구 쌍촌동 산 183-3,전용주
35.15532,126.89007,1,서구,전남광주통합특별시 서구 농성동 321-11,한전주
35.15532,126.89142,1,서구,전남광주통합특별시 서구 농성동 32-33,한전주
35.15532,126.8994,1,서구,전남광주통합특별시 서구 양동 331-12,전용주
35.15532,126.90443,1,북구,전남광주통합특별시 북구 누문동 174-14,전용주
35.15532,126.91948,2,동구,광주광역시 동구 계림동 510-32,한전주
35.15532,126.91998,1,동구,광주광역시 동구 계림동 264-5,한전주
35.15532,126.92291,1,동구,광주광역시 동구 산수동 485-9,한전주
35.15532,126.92967,1,동구,광주광역시 동구 산수동 554-37,전용주
35.15533,126.8677,1,서구,전남광주통합특별시 서구 쌍촌동 211,전용주
35.15533,126.89153,1,서구,전남광주통합특별시 서구 농성동 33-40,한전주
35.15533,126.91058,1,북구,전남광주통합특별시 북구 북동 50-2,한전주
35.15533,126.92122,1,동구,광주광역시 동구 계림동 234-13,한전주
35.15534,126.90443,1,북구,전남광주통합특별시 북구 누문동 174-14,한전주
35.15534,126.90482,1,북구,전남광주통합특별시 북구 누문동 162-3,한전주
35.15534,126.92697,1,동구,광주광역시 동구 산수동 426-9,전용주
35.15534,126.93462,1,동구,광주광역시 동구 산수동 510-16,한전주
35.15535,126.87947,1,서구,전남광주통합특별시 서구 화정동 122,전용주
35.15535,126.89702,1,서구,전남광주통합특별시 서구 양동 385-23,전용주
35.15535,126.89703,1,서구,전남광주통합특별시 서구 양동 385-22,한전주
35.15535,126.90015,1,서구,전남광주통합특별시 서구 양동 314-3,전용주
35.15535,126.91788,1,동구,광주광역시 동구 계림동 460-2,한전주
35.15535,126.9331,1,동구,광주광역시 동구 산수동 526-18,한전주
35.15535,126.93494,1,동구,광주광역시 동구 산수동 510-50,전용주
35.15536,126.86539,1,서구,전남광주통합특별시 서구 쌍촌동 137-4,한전주
35.15536,126.8675,1,서구,전남광주통합특별시 서구 쌍촌동 209,한전주
35.15536,126.9153,1,동구,광주광역시 동구 대인동 315-4,한전주
35.15536,126.91897,1,동구,광주광역시 동구 계림동 300-10,한전주
35.15536,126.93056,1,동구,광주광역시 동구 산수동 553-23,한전주
35.15536,126.93361,1,동구,광주광역시 동구 산수동 526-27,전용주
35.15536,126.93588,1,동구,광주광역시 동구 산수동 510-31,한전주
35.15537,126.8465,1,서구,전남광주통합특별시 서구 치평동 1166-5,전용주
35.15537,126.84652,10,서구,전남광주통합특별시 서구 치평동 1166-5,전용주
35.15537,126.87611,1,서구,전남광주통합특별시 서구 화정동 103,한전주
35.15537,126.87612,1,서구,전남광주통합특별시 서구 화정동 103,한전주
35.15537,126.89004,1,서구,전남광주통합특별시 서구 농성동 321-11,한전주
35.15537,126.92784,1,동구,광주광역시 동구 산수동 401-125,한전주
35.15537,126.93745,1,동구,광주광역시 동구 산수동 48-10,한전주
35.15538,126.9103,1,북구,전남광주통합특별시 북구 북동 50,한전주
35.15538,126.91367,1,동구,광주광역시 동구 대인동 321-44,한전주
35.15538,126.93628,1,동구,광주광역시 동구 산수동 511-52,한전주
35.15539,126.90972,1,북구,전남광주통합특별시 북구 북동 229,한전주
35.15539,126.90995,1,북구,전남광주통합특별시 북구 북동 230-2,한전주
35.15539,126.91825,1,동구,광주광역시 동구 계림동 461-2,건축물
35.15539,126.92911,1,동구,광주광역시 동구 산수동 404-4,한전주
35.1554,126.87179,1,서구,전남광주통합특별시 서구 내방동 850-2,전용주
35.1554,126.89751,1,서구,전남광주통합특별시 서구 양동 324-9,한전주
35.1554,126.91066,1,북구,전남광주통합특별시 북구 북동 50-1,한전주
35.1554,126.91116,1,북구,전남광주통합특별시 북구 북동 40-8,전용주
35.15541,126.86999,1,서구,전남광주통합특별시 서구 쌍촌동 286-4,한전주
35.15541,126.91504,1,동구,광주광역시 동구 대인동 315-28,한전주
35.15541,126.9151,1,동구,광주광역시 동구 대인동 315-28,한전주
35.15543,126.84956,1,서구,전남광주통합특별시 서구 치평동 1211-8,전용주
35.15543,126.88392,1,서구,전남광주통합특별시 서구 농성동 393-44,한전주
35.15543,126.8966,1,서구,전남광주통합특별시 서구 양동 385,한전주
35.15543,126.8974,1,서구,전남광주통합특별시 서구 양동 324-18,한전주
35.15543,126.91856,1,동구,광주광역시 동구 계림동 462-9,건축물
35.15543,126.92755,1,동구,광주광역시 동구 산수동 406-6,한전주
35.15543,126.93028,1,동구,광주광역시 동구 산수동 553-84,전용주
35.15543,126.93568,1,동구,광주광역시 동구 산수동 510-8,한전주
35.15543,126.93699,1,동구,광주광역시 동구 산수동 62-19,한전주
35.15544,126.88006,1,서구,전남광주통합특별시 서구 화정동 178-140,한전주
35.15544,126.89125,1,서구,전남광주통합특별시 서구 농성동 32-24,한전주
35.15544,126.89626,1,서구,전남광주통합특별시 서구 양동 321-20,전용주
35.15545,126.87472,1,서구,전남광주통합특별시 서구 내방동 312-5,한전주
35.15545,126.87474,1,서구,전남광주통합특별시 서구 내방동 312-5,한전주
35.15545,126.87476,2,서구,전남광주통합특별시 서구 내방동 312-5,한전주
35.15545,126.89867,1,서구,전남광주통합특별시 서구 양동 320-31,전용주
35.15545,126.91757,1,동구,광주광역시 동구 계림동 466-5,한전주
35.15545,126.91988,1,동구,광주광역시 동구 계림동 266-4,건축물
35.15545,126.92731,1,동구,광주광역시 동구 산수동 406-11,한전주
35.15546,126.84956,1,서구,전남광주통합특별시 서구 치평동 1211-8,전용주
35.15546,126.89125,2,서구,전남광주통합특별시 서구 농성동 32-24,한전주
35.15546,126.91481,1,동구,광주광역시 동구 대인동 315-16,한전주
35.15546,126.92347,1,동구,광주광역시 동구 산수동 481-6,한전주
35.15547,126.86625,1,서구,전남광주통합특별시 서구 쌍촌동 171-32,한전주
35.15547,126.90484,1,북구,전남광주통합특별시 북구 누문동 305,한전주
35.15548,126.89066,1,서구,전남광주통합특별시 서구 농성동 32-5,전용주
35.15548,126.89626,1,서구,전남광주통합특별시 서구 양동 321-20,전용주
35.15548,126.89755,1,서구,전남광주통합특별시 서구 양동 324-12,전용주
35.15548,126.9341,1,동구,광주광역시 동구 산수동 526-54,전용주
35.15549,126.89786,1,서구,전남광주통합특별시 서구 양동 324,한전주
35.15549,126.92335,1,동구,광주광역시 동구 산수동 482-1,전용주
35.15549,126.9239,1,동구,광주광역시 동구 산수동 480-1,전용주
35.15549,126.93307,1,동구,광주광역시 동구 산수동 526-34,건축물
35.1555,126.86619,1,서구,전남광주통합특별시 서구 쌍촌동 171-56,한전주
35.1555,126.88425,1,서구,전남광주통합특별시 서구 농성동 393-35,한전주
35.1555,126.90353,1,북구,전남광주통합특별시 북구 유동 55-3,전용주
35.15551,126.86758,1,서구,전남광주통합특별시 서구 쌍촌동 198-4,전용주
35.15551,126.89725,1,서구,전남광주통합특별시 서구 양동 324-27,건축물
35.15551,126.92751,1,동구,광주광역시 동구 산수동 406-5,한전주
35.15551,126.92972,1,동구,광주광역시 동구 산수동 554-2,한전주
35.15552,126.86678,1,서구,전남광주통합특별시 서구 쌍촌동 203-4,한전주
35.15552,126.88505,1,서구,전남광주통합특별시 서구 농성동 477-10,전용주
35.15552,126.88932,1,서구,전남광주통합특별시 서구 농성동 365-7,한전주
35.15552,126.90365,1,북구,전남광주통합특별시 북구 유동 55-7,전용주
35.15552,126.91965,1,동구,광주광역시 동구 계림동 267-1,전용주
35.15552,126.9337,1,동구,광주광역시 동구 산수동 526-64,건축물
35.15553,126.87579,1,서구,전남광주통합특별시 서구 화정동 102-1,한전주
35.15553,126.8758,1,서구,전남광주통합특별시 서구 화정동 102-1,전용주
35.15553,126.88057,1,서구,전남광주통합특별시 서구 화정동 178-111,한전주
35.15553,126.88949,1,서구,전남광주통합특별시 서구 농성동 365-10,전용주
35.15554,126.87054,1,서구,전남광주통합특별시 서구 내방동 385-1,한전주
35.15554,126.8706,1,서구,전남광주통합특별시 서구 내방동 385-1,한전주
35.15554,126.89635,1,서구,전남광주통합특별시 서구 양동 385-25,한전주
35.15554,126.90875,1,북구,전남광주통합특별시 북구 북동 208,한전주
35.15554,126.91782,1,동구,광주광역시 동구 계림동 465-20,한전주
35.15554,126.9225,1,동구,광주광역시 동구 산수동 486-19,전용주
35.15554,126.93336,1,동구,광주광역시 동구 산수동 526-47,건축물
35.15555,126.89063,1,서구,전남광주통합특별시 서구 농성동 32-4,한전주
35.15555,126.8984,1,서구,전남광주통합특별시 서구 양동 325-48,전용주
35.15555,126.93024,1,동구,광주광역시 동구 산수동 553-17,한전주
35.15556,126.88978,2,서구,전남광주통합특별시 서구 농성동 365-3,한전주
35.15556,126.90465,1,북구,전남광주통합특별시 북구 누문동 174-27,한전주
35.15556,126.9186,1,동구,광주광역시 동구 계림동 298-9,한전주
35.15556,126.924,1,동구,광주광역시 동구 산수동 479-32,전용주
35.15556,126.92714,1,동구,광주광역시 동구 산수동 390-26,전용주
35.15556,126.93717,1,동구,광주광역시 동구 산수동 63-9,전용주
35.15557,126.86669,1,서구,전남광주통합특별시 서구 쌍촌동 171-27,한전주
35.15557,126.86736,1,서구,전남광주통합특별시 서구 쌍촌동 203-9,한전주
35.15557,126.88525,1,서구,전남광주통합특별시 서구 농성동 477-10,전용주
35.15557,126.8972,1,서구,전남광주통합특별시 서구 양동 382-38,전용주
35.15557,126.90016,1,서구,전남광주통합특별시 서구 양동 335-1,전용주
35.15557,126.90473,1,북구,전남광주통합특별시 북구 누문동 173-8,건축물
35.15557,126.92585,1,동구,광주광역시 동구 산수동 723,한전주
35.15558,126.89687,1,서구,전남광주통합특별시 서구 양동 384-4,한전주
35.15558,126.89688,1,서구,전남광주통합특별시 서구 양동 384-4,전용주
35.15558,126.90398,1,북구,전남광주통합특별시 북구 유동 55-9 노벨사우나 옆,한전주
35.15558,126.915,1,동구,광주광역시 동구 대인동 315-2,한전주
35.15558,126.92036,1,동구,광주광역시 동구 계림동 258-2,건축물
35.15559,126.86732,1,서구,전남광주통합특별시 서구 쌍촌동 203-9,전용주
35.15559,126.89865,1,서구,전남광주통합특별시 서구 양동 457,한전주
35.1556,126.88012,2,서구,전남광주통합특별시 서구 화정동 177-62,한전주
35.1556,126.92,1,동구,광주광역시 동구 계림동 262-3,한전주
35.15561,126.87493,1,서구,전남광주통합특별시 서구 화정동 102-147,한전주
35.15561,126.87531,1,서구,전남광주통합특별시 서구 화정동 102-30,한전주
35.15561,126.88478,1,서구,전남광주통합특별시 서구 농성동 390-46,한전주
35.15561,126.89926,1,서구,전남광주통합특별시 서구 양동 332-6,한전주
35.15561,126.89932,1,서구,전남광주통합특별시 서구 양동 332-3,전용주
35.15561,126.89976,1,서구,전남광주통합특별시 서구 양동 334-58,한전주
35.15561,126.93357,1,동구,광주광역시 동구 산수동 526-45,한전주
35.15562,126.88478,1,서구,전남광주통합특별시 서구 농성동 390-46,한전주
35.15562,126.93243,1,동구,광주광역시 동구 산수동 539-63,한전주
35.15562,126.97133,1,북구,전남광주통합특별시 북구 화암동 53,한전주
35.15563,126.88562,1,서구,전남광주통합특별시 서구 농성동 477-10,전용주
35.15563,126.89636,1,서구,전남광주통합특별시 서구 양동 386-2,전용주
35.15563,126.90001,1,서구,전남광주통합특별시 서구 양동 334-2,전용주
35.15563,126.91457,1,동구,광주광역시 동구 대인동 315-19,한전주
35.15563,126.92287,1,동구,광주광역시 동구 산수동 486-3,전용주
35.15563,126.9367,1,동구,광주광역시 동구 산수동 62-13,한전주
35.15564,126.87643,1,서구,전남광주통합특별시 서구 화정동 100-9,한전주
35.15564,126.89368,1,서구,전남광주통합특별시 서구 농성동 21-15,한전주
35.15564,126.89573,1,서구,전남광주통합특별시 서구 양동 392-27,한전주
35.15564,126.90954,1,북구,전남광주통합특별시 북구 북동 227,한전주
35.15565,126.88389,1,서구,전남광주통합특별시 서구 농성동 393-46,전용주
35.15565,126.89636,1,서구,전남광주통합특별시 서구 양동 386-2,전용주
35.15565,126.90057,1,서구,전남광주통합특별시 서구 양동 343-7,한전주
35.15565,126.91419,1,동구,광주광역시 동구 대인동 316-9,전용주
35.15565,126.92381,1,동구,광주광역시 동구 산수동 479-9,한전주
35.15565,126.92741,1,동구,광주광역시 동구 산수동 406-3,전용주
35.15565,126.93276,1,동구,광주광역시 동구 산수동 527-63,한전주
35.15566,126.86122,1,서구,전남광주통합특별시 서구 쌍촌동 1299-4,전용주
35.15566,126.88026,1,서구,전남광주통합특별시 서구 화정동 178-101,전용주
35.15566,126.89785,1,서구,전남광주통합특별시 서구 양동 325-9,한전주
35.15566,126.89962,1,서구,전남광주통합특별시 서구 양동 332-11,한전주
35.15566,126.9103,1,북구,전남광주통합특별시 북구 북동 56-5,한전주
35.15566,126.91034,1,북구,전남광주통합특별시 북구 북동 56-5,전용주
35.15566,126.91169,1,북구,전남광주통합특별시 북구 북동 24-6,한전주
35.15566,126.91781,1,동구,광주광역시 동구 계림동 465-14,한전주
35.15566,126.92306,1,동구,광주광역시 동구 산수동 485,한전주
35.15566,126.93025,1,동구,광주광역시 동구 산수동 553-5,한전주
35.15567,126.8635,1,서구,전남광주통합특별시 서구 쌍촌동 1362-9,전용주
35.15567,126.87178,1,서구,전남광주통합특별시 서구 내방동 850-2,전용주
35.15567,126.8887,1,서구,전남광주통합특별시 서구 농성동 374-2,한전주
35.15567,126.89494,1,서구,전남광주통합특별시 서구 양동 391-34,한전주
35.15567,126.90033,1,서구,전남광주통합특별시 서구 양동 335,한전주
35.15567,126.91951,1,동구,광주광역시 동구 계림동 299-19,건축물
35.15567,126.93344,1,동구,광주광역시 동구 산수동 526-14,전용주
35.15568,126.86379,1,서구,전남광주통합특별시 서구 쌍촌동 1362-11,전용주
35.15568,126.87535,1,서구,전남광주통합특별시 서구 화정동 102-30,한전주
35.15568,126.88043,1,서구,전남광주통합특별시 서구 화정동 177-33,전용주
35.15568,126.88588,1,서구,전남광주통합특별시 서구 농성동 477-10,전용주
35.15568,126.91348,1,동구,광주광역시 동구 대인동 321-45,한전주
35.15568,126.91998,1,동구,광주광역시 동구 계림동 262-4,전용주
35.15569,126.86136,1,서구,전남광주통합특별시 서구 쌍촌동 1299-3,전용주
35.15569,126.88421,1,서구,전남광주통합특별시 서구 농성동 393-31,한전주
35.15569,126.88518,1,서구,전남광주통합특별시 서구 농성동 475-1,한전주
35.15569,126.8886,1,서구,전남광주통합특별시 서구 농성동 374-2,한전주
35.15569,126.8887,1,서구,전남광주통합특별시 서구 농성동 374-2,한전주
35.15569,126.89944,1,서구,전남광주통합특별시 서구 양동 334-23,한전주
35.15569,126.9091,1,북구,전남광주통합특별시 북구 북동 219,전용주
35.15569,126.92949,1,동구,광주광역시 동구 산수동 554-41,한전주
35.15569,126.93225,1,동구,광주광역시 동구 산수동 539-61,전용주
35.1557,126.89014,1,서구,전남광주통합특별시 서구 농성동 360-8,전용주
35.1557,126.89799,1,서구,전남광주통합특별시 서구 양동 325-36,한전주
35.1557,126.89933,1,서구,전남광주통합특별시 서구 양동 334-30,전용주
35.1557,126.90417,1,북구,전남광주통합특별시 북구 유동 54-5,한전주
35.1557,126.91724,1,동구,광주광역시 동구 계림동 514-29,한전주
35.1557,126.92645,1,동구,광주광역시 동구 산수동 374-247,한전주
35.1557,126.92677,1,동구,광주광역시 동구 산수동 426-40,전용주
35.1557,126.92705,1,동구,광주광역시 동구 산수동 426-31,전용주
35.1557,126.93202,1,동구,광주광역시 동구 산수동 539-58,전용주
35.15571,126.91306,1,동구,광주광역시 동구 대인동 321-11,한전주
35.15571,126.93654,1,동구,광주광역시 동구 산수동 62-6,건축물
35.15572,126.88609,1,서구,전남광주통합특별시 서구 농성동 477-11,전용주
35.15572,126.89086,1,서구,전남광주통합특별시 서구 농성동 330-32,한전주
35.15572,126.91054,1,북구,전남광주통합특별시 북구 북동 55-2,전용주
35.15572,126.91838,1,동구,광주광역시 동구 계림동 463-22,건축물
35.15573,126.90755,1,북구,전남광주통합특별시 북구 북동 130,전용주
35.15573,126.90791,1,북구,전남광주통합특별시 북구 북동 124-3,한전주
35.15573,126.93725,1,동구,광주광역시 동구 산수동 64-12,전용주
35.15573,126.93952,1,동구,광주광역시 동구 산수동 78-2,한전주
35.15573,126.93956,1,동구,광주광역시 동구 산수동 78-2,전용주
35.15574,126.86996,1,서구,전남광주통합특별시 서구 쌍촌동 285-6,한전주
35.15574,126.899,1,서구,전남광주통합특별시 서구 양동 330-22,전용주
35.15574,126.92964,1,동구,광주광역시 동구 산수동 554-1,한전주
35.15574,126.93465,1,동구,광주광역시 동구 산수동 509-34,한전주
35.15575,126.86045,1,서구,전남광주통합특별시 서구 쌍촌동 1300,전용주
35.15575,126.92117,1,동구,광주광역시 동구 계림동 236-7,전용주
35.15575,126.92717,1,동구,광주광역시 동구 산수동 426-32,전용주
35.15575,126.93426,1,동구,광주광역시 동구 산수동 526-49,한전주
35.15576,126.93406,1,동구,광주광역시 동구 산수동 526-4,건축물
35.15577,126.88634,1,서구,전남광주통합특별시 서구 농성동 477-11,전용주
35.15577,126.89592,1,서구,전남광주통합특별시 서구 양동 391-9,전용주
35.15577,126.8962,1,서구,전남광주통합특별시 서구 양동 386-15,한전주
35.15577,126.89711,1,서구,전남광주통합특별시 서구 양동 382,한전주
35.15577,126.90781,1,북구,전남광주통합특별시 북구 북동 124-1 KCC페인트,한전주
35.15577,126.92936,1,동구,광주광역시 동구 산수동 552-16,한전주
35.15578,126.91009,1,북구,전남광주통합특별시 북구 북동 56-2,한전주
35.15578,126.93695,1,동구,광주광역시 동구 산수동 63-12,전용주
35.15579,126.8497,1,서구,전남광주통합특별시 서구 치평동 1211-3,전용주
35.15579,126.84971,1,서구,전남광주통합특별시 서구 치평동 1211-3,전용주
35.15579,126.84972,2,서구,전남광주통합특별시 서구 치평동 1211-3,전용주
35.15579,126.88052,1,서구,전남광주통합특별시 서구 화정동 177-35,전용주
35.15579,126.89951,1,서구,전남광주통합특별시 서구 양동 334-56,한전주
35.1558,126.86045,1,서구,전남광주통합특별시 서구 쌍촌동 1300,전용주
35.1558,126.86378,6,서구,전남광주통합특별시 서구 쌍촌동 1367,전용주
35.1558,126.88671,1,서구,전남광주통합특별시 서구 농성동 380-118,전용주
35.1558,126.89715,1,서구,전남광주통합특별시 서구 양동 382,한전주
35.1558,126.91373,1,동구,광주광역시 동구 대인동 319-10,한전주
35.1558,126.9332,1,동구,광주광역시 동구 산수동 527-57,한전주
35.15581,126.86616,1,서구,전남광주통합특별시 서구 쌍촌동 171-78,한전주
35.15581,126.86782,1,서구,전남광주통합특별시 서구 쌍촌동 155-4,한전주
35.15581,126.87596,1,서구,전남광주통합특별시 서구 화정동 99-9,한전주
35.15581,126.9073,1,북구,전남광주통합특별시 북구 북동 166,전용주
35.15581,126.91737,1,동구,광주광역시 동구 계림동 510-83,한전주
35.15582,126.86029,1,서구,전남광주통합특별시 서구 쌍촌동 1298-13,전용주
35.15582,126.89004,1,서구,전남광주통합특별시 서구 농성동 360-6,한전주
35.15582,126.8901,1,서구,전남광주통합특별시 서구 농성동 360-6,한전주
35.15582,126.89744,1,서구,전남광주통합특별시 서구 양동 382-21,한전주
35.15582,126.89975,1,서구,전남광주통합특별시 서구 양동 334-15,한전주
35.15582,126.9093,1,북구,전남광주통합특별시 북구 북동 217-19,한전주
35.15582,126.9181,1,동구,광주광역시 동구 계림동 463-7,한전주
35.15583,126.86006,1,서구,전남광주통합특별시 서구 쌍촌동 1298-14,전용주
35.15583,126.86059,1,서구,전남광주통합특별시 서구 쌍촌동 1298-11,전용주
35.15583,126.86091,1,서구,전남광주통합특별시 서구 쌍촌동 1298-8,전용주
35.15583,126.86225,2,서구,전남광주통합특별시 서구 쌍촌동 1288-2,전용주
35.15583,126.86659,2,서구,전남광주통합특별시 서구 쌍촌동 171-74,한전주
35.15583,126.90842,1,북구,전남광주통합특별시 북구 북동 214,한전주
35.15583,126.93004,1,동구,광주광역시 동구 산수동 553-8,한전주
35.15583,126.93126,1,동구,광주광역시 동구 산수동 540-87,전용주
35.15583,126.933,1,동구,광주광역시 동구 산수동 527-60,한전주
35.15584,126.86225,1,서구,전남광주통합특별시 서구 쌍촌동 1288-2,전용주
35.15584,126.90914,1,북구,전남광주통합특별시 북구 북동 217-17,전용주
35.15584,126.9212,1,동구,광주광역시 동구 계림동 233,한전주
35.15584,126.93717,1,동구,광주광역시 동구 산수동 64-13,한전주
35.15585,126.86503,6,서구,전남광주통합특별시 서구 쌍촌동 1377,전용주
35.15585,126.89828,1,서구,전남광주통합특별시 서구 양동 327-5,전용주
35.15585,126.90819,1,북구,전남광주통합특별시 북구 북동 122-2,한전주
35.15585,126.9212,1,동구,광주광역시 동구 계림동 233,전용주
35.15585,126.92834,1,동구,광주광역시 동구 산수동 552-18,한전주
35.15586,126.88914,1,서구,전남광주통합특별시 서구 농성동 366-4,한전주
35.15586,126.89691,1,서구,전남광주통합특별시 서구 양동 382-52,한전주
35.15586,126.89926,1,서구,전남광주통합특별시 서구 양동 350-3,한전주
35.15586,126.90511,1,북구,전남광주통합특별시 북구 누문동 3-3,한전주
35.15586,126.91859,1,동구,광주광역시 동구 계림동 463-18,건축물
35.15587,126.87567,1,서구,전남광주통합특별시 서구 화정동 99-2,한전주
35.15587,126.8991,1,서구,전남광주통합특별시 서구 양동 351-10,한전주
35.15587,126.92355,1,동구,광주광역시 동구 산수동 479-22,전용주
35.15588,126.86225,1,서구,전남광주통합특별시 서구 쌍촌동 1288-2,전용주
35.15588,126.90842,1,북구,전남광주통합특별시 북구 북동 214,한전주
35.15588,126.92056,1,동구,광주광역시 동구 계림동 95-6,한전주
35.15589,126.86121,1,서구,전남광주통합특별시 서구 쌍촌동 1299-6,전용주
35.15589,126.86341,1,서구,전남광주통합특별시 서구 쌍촌동 1363-6,전용주
35.15589,126.89943,1,서구,전남광주통합특별시 서구 양동 334-53,한전주
35.15589,126.91411,1,동구,광주광역시 동구 대인동 316-2,한전주
35.15589,126.91483,1,동구,광주광역시 동구 대인동 327-1,한전주
35.15589,126.9181,1,동구,광주광역시 동구 계림동 463-7,한전주
35.15589,126.93775,1,동구,광주광역시 동구 산수동 87-11,한전주
35.1559,126.90752,1,북구,전남광주통합특별시 북구 북동 132,전용주
35.1559,126.90922,1,북구,전남광주통합특별시 북구 북동 217-18,한전주
35.1559,126.91445,2,동구,광주광역시 동구 대인동 316-20,한전주
35.1559,126.91983,1,동구,광주광역시 동구 계림동 268-6,한전주
35.1559,126.92957,1,동구,광주광역시 동구 산수동 552-11,전용주
35.1559,126.9369,1,동구,광주광역시 동구 산수동 63-16,한전주
35.15591,126.89065,1,서구,전남광주통합특별시 서구 농성동 330-24,한전주
35.15591,126.89664,1,서구,전남광주통합특별시 서구 양동 383-5,한전주
35.15591,126.89744,1,서구,전남광주통합특별시 서구 양동 382-69,한전주
35.15591,126.9273,1,동구,광주광역시 동구 산수동 426-37,한전주
35.15591,126.93239,1,동구,광주광역시 동구 산수동 539-11,한전주
35.15592,126.87174,1,서구,전남광주통합특별시 서구 내방동 850-2,전용주
35.15592,126.89536,1,서구,전남광주통합특별시 서구 양동 391-43,전용주
35.15592,126.904,1,북구,전남광주통합특별시 북구 유동 54-2 S모텔 담,전용주
35.15592,126.90415,1,북구,전남광주통합특별시 북구 유동 54-3 S모텔후문 담,한전주
35.15592,126.93364,1,동구,광주광역시 동구 산수동 527-19,한전주
35.15593,126.887,1,서구,전남광주통합특별시 서구 농성동 380-118,전용주
35.15593,126.8895,1,서구,전남광주통합특별시 서구 농성동 362-22,한전주
35.15593,126.90798,1,북구,전남광주통합특별시 북구 북동 121,한전주
35.15593,126.91041,1,북구,전남광주통합특별시 북구 북동 55-1,한전주
35.15593,126.91064,1,북구,전남광주통합특별시 북구 북동 28-7,한전주
35.15593,126.92307,1,동구,광주광역시 동구 계림동 217-4,한전주
35.15593,126.93491,1,동구,광주광역시 동구 산수동 509-55,전용주
35.15594,126.85332,11,서구,전남광주통합특별시 서구 치평동 1208-12,전용주
35.15594,126.88991,2,서구,전남광주통합특별시 서구 농성동 362-24,한전주
35.15594,126.89107,1,서구,전남광주통합특별시 서구 농성동 330-35,전용주
35.15594,126.91391,1,동구,광주광역시 동구 대인동 319-17,한전주
35.15594,126.93513,1,동구,광주광역시 동구 산수동 509-12,건축물
35.15594,126.93538,1,동구,광주광역시 동구 산수동 509-64,전용주
35.15594,126.93709,1,동구,광주광역시 동구 산수동 64-14,전용주
35.15595,126.88838,1,서구,전남광주통합특별시 서구 농성동 374-19,전용주
35.15595,126.89661,1,서구,전남광주통합특별시 서구 양동 382-4,한전주
35.15595,126.9238,1,동구,광주광역시 동구 산수동 479-12,한전주
35.15596,126.89743,1,서구,전남광주통합특별시 서구 양동 382-69,한전주
35.15596,126.90728,1,북구,전남광주통합특별시 북구 북동 132-1 수창초교담장길,전용주
35.15597,126.85332,1,서구,전남광주통합특별시 서구 치평동 1208-12,전용주
35.15597,126.87903,1,서구,전남광주통합특별시 서구 화정동 110,한전주
35.15597,126.88415,1,서구,전남광주통합특별시 서구 농성동 393-28,한전주
35.15597,126.88567,1,서구,전남광주통합특별시 서구 농성동 390-11,한전주
35.15597,126.91987,1,동구,광주광역시 동구 계림동 268-4,한전주
35.15597,126.92094,1,동구,광주광역시 동구 계림동 252-17,전용주
35.15597,126.92685,1,동구,광주광역시 동구 산수동 429-2,전용주
35.15598,126.87475,1,서구,전남광주통합특별시 서구 내방동 310-6,한전주
35.15598,126.9267,1,동구,광주광역시 동구 산수동 430-6,한전주
35.15599,126.89817,1,서구,전남광주통합특별시 서구 양동 327-3,한전주
35.15599,126.90909,1,북구,전남광주통합특별시 북구 북동 217-31,한전주
35.15599,126.91804,1,동구,광주광역시 동구 계림동 463-6,한전주
35.156,126.87451,1,서구,전남광주통합특별시 서구 내방동 562-9,한전주
35.156,126.87873,1,서구,전남광주통합특별시 서구 화정동 108,한전주
35.156,126.89608,1,서구,전남광주통합특별시 서구 양동 391-61,한전주
35.156,126.89938,1,서구,전남광주통합특별시 서구 양동 350-8,한전주
35.156,126.93554,1,동구,광주광역시 동구 산수동 509-6,건축물
35.15601,126.85967,1,서구,전남광주통합특별시 서구 쌍촌동 1295-8,전용주
35.15601,126.90439,1,북구,전남광주통합특별시 북구 유동 53-6,한전주
35.15601,126.93407,1,동구,광주광역시 동구 산수동 527-7,한전주
35.15601,126.93513,1,동구,광주광역시 동구 산수동 509-51,전용주
35.15602,126.86488,1,서구,전남광주통합특별시 서구 쌍촌동 1373-3,전용주
35.15602,126.89166,1,서구,전남광주통합특별시 서구 농성동 17-27,한전주
35.15602,126.89687,1,서구,전남광주통합특별시 서구 양동 381-40,한전주
35.15602,126.89767,1,서구,전남광주통합특별시 서구 양동 325-22,건축물
35.15602,126.89955,1,서구,전남광주통합특별시 서구 양동 350-1,한전주
35.15602,126.91029,1,북구,전남광주통합특별시 북구 북동 55-12,한전주
35.15602,126.93761,1,동구,광주광역시 동구 산수동 87-6,한전주
35.15603,126.86136,1,서구,전남광주통합특별시 서구 쌍촌동 1299,전용주
35.15603,126.86366,1,서구,전남광주통합특별시 서구 쌍촌동 1363-4,전용주
35.15603,126.86788,1,서구,전남광주통합특별시 서구 쌍촌동 198-2,한전주
35.15603,126.88482,1,서구,전남광주통합특별시 서구 농성동 477-5,한전주
35.15603,126.88483,1,서구,전남광주통합특별시 서구 농성동 477-5,한전주
35.15603,126.88488,1,서구,전남광주통합특별시 서구 농성동 477-5,한전주
35.15603,126.89048,1,서구,전남광주통합특별시 서구 농성동 330-62,한전주
35.15603,126.93304,1,동구,광주광역시 동구 산수동 527-47,한전주
35.15604,126.86407,1,서구,전남광주통합특별시 서구 쌍촌동 1364-4,전용주
35.15604,126.87702,3,서구,전남광주통합특별시 서구 화정동 71-3,한전주
35.15604,126.87883,1,서구,전남광주통합특별시 서구 화정동 107-2,한전주
35.15604,126.87885,1,서구,전남광주통합특별시 서구 화정동 107-2,한전주
35.15604,126.88008,1,서구,전남광주통합특별시 서구 화정동 127-2,한전주
35.15604,126.88972,1,서구,전남광주통합특별시 서구 농성동 362-12,한전주
35.15604,126.89623,1,서구,전남광주통합특별시 서구 양동 386-8,전용주
35.15604,126.91029,1,북구,전남광주통합특별시 북구 북동 55-12,한전주
35.15604,126.91921,1,동구,광주광역시 동구 계림동 297-32,한전주
35.15604,126.92753,1,동구,광주광역시 동구 산수동 562-12,한전주
35.15604,126.93788,1,동구,광주광역시 동구 산수동 91-2,전용주
35.15605,126.87785,2,서구,전남광주통합특별시 서구 화정동 71-86,한전주
35.15605,126.88891,1,서구,전남광주통합특별시 서구 농성동 366-2,한전주
35.15605,126.90788,1,북구,전남광주통합특별시 북구 북동 120,한전주
35.15606,126.8698,1,서구,전남광주통합특별시 서구 쌍촌동 285-5,한전주
35.15606,126.86982,1,서구,전남광주통합특별시 서구 쌍촌동 285-5,한전주
35.15606,126.90819,1,북구,전남광주통합특별시 북구 북동 112 광천당한약,한전주
35.15606,126.91432,1,동구,광주광역시 동구 대인동 316-16,한전주
35.15606,126.93344,1,동구,광주광역시 동구 산수동 527-26,한전주
35.15606,126.93575,1,동구,광주광역시 동구 산수동 509-25,전용주
35.15607,126.8751,1,서구,전남광주통합특별시 서구 화정동 102-132,전용주
35.15607,126.87724,1,서구,전남광주통합특별시 서구 화정동 71-85,한전주
35.15607,126.89918,1,서구,전남광주통합특별시 서구 양동 351-6,한전주
35.15607,126.91045,1,북구,전남광주통합특별시 북구 북동 28-5,한전주
35.15607,126.93356,1,동구,광주광역시 동구 산수동 527-21,한전주
35.15608,126.89715,1,서구,전남광주통합특별시 서구 양동 381-21,한전주
35.15609,126.8893,1,서구,전남광주통합특별시 서구 농성동 363-10,한전주
35.15609,126.8982,1,서구,전남광주통합특별시 서구 양동 327-1,전용주
35.15609,126.93529,1,동구,광주광역시 동구 산수동 509-74,한전주
35.1561,126.88564,1,서구,전남광주통합특별시 서구 농성동 390-10,한전주
35.1561,126.8971,1,서구,전남광주통합특별시 서구 양동 381-22,한전주
35.1561,126.90017,2,서구,전남광주통합특별시 서구 양동 349,한전주
35.15611,126.87979,1,서구,전남광주통합특별시 서구 화정동 126-11,전용주
35.15612,126.84896,3,서구,전남광주통합특별시 서구 치평동 1213-1,전용주
35.15612,126.84899,1,서구,전남광주통합특별시 서구 치평동 1213-1,전용주
35.15612,126.87595,4,서구,전남광주통합특별시 서구 화정동 98-4,한전주
35.15612,126.88093,1,서구,전남광주통합특별시 서구 화정동 177-54,한전주
35.15612,126.8903,1,서구,전남광주통합특별시 서구 농성동 330-54,한전주
35.15612,126.91382,1,동구,광주광역시 동구 대인동 319-11,한전주
35.15612,126.91985,1,동구,광주광역시 동구 계림동 297-12,한전주
35.15612,126.92992,1,동구,광주광역시 동구 산수동 553-91,한전주
35.15612,126.93434,1,동구,광주광역시 동구 산수동 528-11,한전주
35.15613,126.85071,2,서구,전남광주통합특별시 서구 치평동 1210-1,전용주
35.15613,126.85259,1,서구,전남광주통합특별시 서구 치평동 1209-4,전용주
35.15613,126.87783,1,서구,전남광주통합특별시 서구 화정동 71-83,한전주
35.15613,126.88437,1,서구,전남광주통합특별시 서구 농성동 390-59,한전주
35.15613,126.88863,1,서구,전남광주통합특별시 서구 농성동 367-21,한전주
35.15613,126.89084,1,서구,전남광주통합특별시 서구 농성동 330-14,건축물
35.15613,126.89882,1,서구,전남광주통합특별시 서구 양동 351-12,전용주
35.15613,126.90479,1,북구,전남광주통합특별시 북구 유동 42-1,한전주
35.15613,126.90773,1,북구,전남광주통합특별시 북구 북동 119,한전주
35.15613,126.92304,1,동구,광주광역시 동구 계림동 217-16,건축물
35.15613,126.92738,1,동구,광주광역시 동구 산수동 426-3,한전주
35.15614,126.85252,2,서구,전남광주통합특별시 서구 치평동 1209-4,전용주
35.15614,126.89799,1,서구,전남광주통합특별시 서구 양동 377-35,건축물
35.15614,126.90773,1,북구,전남광주통합특별시 북구 북동 119,전용주
35.15615,126.85071,1,서구,전남광주통합특별시 서구 치평동 1210-1,전용주
35.15615,126.87741,1,서구,전남광주통합특별시 서구 화정동 71-68,한전주
35.15615,126.88718,1,서구,전남광주통합특별시 서구 농성동 380-118,전용주
35.15615,126.9054,2,북구,전남광주통합특별시 북구 누문동 1,한전주
35.15615,126.92322,1,동구,광주광역시 동구 산수동 483-1,한전주
35.15616,126.89847,1,서구,전남광주통합특별시 서구 양동 330-11,한전주
35.15617,126.86341,1,서구,전남광주통합특별시 서구 쌍촌동 1363-8,전용주
35.15617,126.88854,1,서구,전남광주통합특별시 서구 농성동 367-18,한전주
35.15617,126.8915,1,서구,전남광주통합특별시 서구 농성동 17-5,전용주
35.15617,126.89413,1,서구,전남광주통합특별시 서구 양동 407-8,한전주
35.15618,126.91928,1,동구,광주광역시 동구 계림동 297-35,한전주
35.15618,126.93094,1,동구,광주광역시 동구 산수동 540-24,한전주
35.15619,126.89727,1,서구,전남광주통합특별시 서구 양동 381-5,전용주
35.1562,126.89992,1,서구,전남광주통합특별시 서구 양동 347-7,전용주
35.1562,126.93388,1,동구,광주광역시 동구 산수동 527-53,전용주
35.1562,126.93481,1,동구,광주광역시 동구 산수동 528-38,한전주
35.15621,126.8599,1,서구,전남광주통합특별시 서구 쌍촌동 1297-17,전용주
35.15621,126.90497,1,북구,전남광주통합특별시 북구 유동 42-2,한전주
35.15621,126.92294,1,동구,광주광역시 동구 계림동 217-18,건축물
35.15622,126.86017,1,서구,전남광주통합특별시 서구 쌍촌동 1297-15,전용주
35.15622,126.86045,1,서구,전남광주통합특별시 서구 쌍촌동 1297-13,전용주
35.15622,126.86085,1,서구,전남광주통합특별시 서구 쌍촌동 1297-10,전용주
35.15622,126.86128,1,서구,전남광주통합특별시 서구 쌍촌동 1293-7,전용주
35.15622,126.86206,1,서구,전남광주통합특별시 서구 쌍촌동 1290-10,전용주
35.15622,126.86234,1,서구,전남광주통합특별시 서구 쌍촌동 1290-8,전용주
35.15622,126.90414,1,북구,전남광주통합특별시 북구 유동 53-4,전용주
35.15623,126.87813,1,서구,전남광주통합특별시 서구 화정동 70-77,전용주
35.15623,126.89699,1,서구,전남광주통합특별시 서구 양동 381-17,한전주
35.15623,126.90867,1,북구,전남광주통합특별시 북구 북동 104-12,한전주
35.15623,126.91402,1,동구,광주광역시 동구 대인동 319-6,한전주
35.15623,126.92686,1,동구,광주광역시 동구 산수동 428-5,한전주
35.15623,126.92717,1,동구,광주광역시 동구 산수동 426-16,한전주
35.15623,126.93239,1,동구,광주광역시 동구 산수동 539-7,한전주
35.15624,126.86169,1,서구,전남광주통합특별시 서구 쌍촌동 1290-13,전용주
35.15624,126.86487,1,서구,전남광주통합특별시 서구 쌍촌동 1373-2,전용주
35.15624,126.87868,1,서구,전남광주통합특별시 서구 화정동 107-7,한전주
35.15624,126.88543,1,서구,전남광주통합특별시 서구 농성동 390-8,한전주
35.15624,126.89211,1,서구,전남광주통합특별시 서구 농성동 18-3,한전주
35.15624,126.90966,1,북구,전남광주통합특별시 북구 북동 61,전용주
35.15624,126.91937,1,동구,광주광역시 동구 계림동 295-19,전용주
35.15624,126.92343,1,동구,광주광역시 동구 계림동 215-5,한전주
35.15625,126.87192,1,서구,전남광주통합특별시 서구 내방동 503-48,한전주
35.15625,126.89138,1,서구,전남광주통합특별시 서구 농성동 31-3,전용주
35.15625,126.89639,1,서구,전남광주통합특별시 서구 양동 388-5,한전주
35.15625,126.89726,1,서구,전남광주통합특별시 서구 양동 376-16,한전주
35.15625,126.90489,1,북구,전남광주통합특별시 북구 유동 42-1,전용주
35.15625,126.92285,1,동구,광주광역시 동구 계림동 218,전용주
35.15625,126.93282,1,동구,광주광역시 동구 산수동 530-35,한전주
35.15626,126.87192,1,서구,전남광주통합특별시 서구 내방동 503-48,한전주
35.15626,126.87813,1,서구,전남광주통합특별시 서구 화정동 70-77,한전주
35.15626,126.898,2,서구,전남광주통합특별시 서구 양동 377-44,한전주
35.15626,126.93063,1,동구,광주광역시 동구 산수동 540-28,전용주
35.15626,126.93441,1,동구,광주광역시 동구 산수동 528-5,한전주
35.15627,126.8701,1,서구,전남광주통합특별시 서구 쌍촌동 285-1,한전주
35.15627,126.89945,1,서구,전남광주통합특별시 서구 양동 350-17,전용주
35.15627,126.89947,1,서구,전남광주통합특별시 서구 양동 350-17,전용주
35.15627,126.92638,1,동구,광주광역시 동구 산수동 427-6,한전주
35.15628,126.87192,2,서구,전남광주통합특별시 서구 내방동 503-48,전용주
35.15628,126.89829,1,서구,전남광주통합특별시 서구 양동 330-27,한전주
35.15628,126.91351,1,동구,광주광역시 동구 대인동 320-20,건축물
35.15629,126.85966,1,서구,전남광주통합특별시 서구 쌍촌동 1295-6,전용주
35.1563,126.88809,1,서구,전남광주통합특별시 서구 농성동 373-20,한전주
35.1563,126.8891,1,서구,전남광주통합특별시 서구 농성동 363-5,한전주
35.1563,126.89776,1,서구,전남광주통합특별시 서구 양동 377-11,한전주
35.1563,126.90957,1,북구,전남광주통합특별시 북구 북동 72 새청솔앞,전용주
35.15631,126.86407,1,서구,전남광주통합특별시 서구 쌍촌동 1364-2,전용주
35.15631,126.8873,1,서구,전남광주통합특별시 서구 농성동 380-118,전용주
35.15631,126.90804,1,북구,전남광주통합특별시 북구 북동 114,전용주
35.15631,126.91971,1,동구,광주광역시 동구 계림동 271-24,한전주
35.15632,126.86122,1,서구,전남광주통합특별시 서구 쌍촌동 1293-8,전용주
35.15632,126.86273,1,서구,전남광주통합특별시 서구 쌍촌동 1285-10,전용주
35.15632,126.86366,1,서구,전남광주통합특별시 서구 쌍촌동 1363-2,전용주
35.15632,126.87237,1,서구,전남광주통합특별시 서구 내방동 503-12,한전주
35.15632,126.88986,1,서구,전남광주통합특별시 서구 농성동 359-16,건축물
35.15632,126.93125,1,동구,광주광역시 동구 산수동 540-34,전용주
35.15633,126.88774,1,서구,전남광주통합특별시 서구 농성동 398-21,한전주
35.15633,126.89307,2,서구,전남광주통합특별시 서구 농성동 20-5,한전주
35.15633,126.90509,1,북구,전남광주통합특별시 북구 유동 42-1,한전주
35.15633,126.93506,1,동구,광주광역시 동구 산수동 528-33,한전주
35.15633,126.93524,1,동구,광주광역시 동구 산수동 528-32,한전주
35.15634,126.8841,1,서구,전남광주통합특별시 서구 농성동 393-25,한전주
35.15634,126.89194,1,서구,전남광주통합특별시 서구 농성동 28-11,전용주
35.15634,126.9047,1,북구,전남광주통합특별시 북구 유동 41-6,전용주
35.15634,126.93055,1,동구,광주광역시 동구 산수동 540-46,전용주
35.15635,126.87771,1,서구,전남광주통합특별시 서구 화정동 71-81,건축물
35.15635,126.89064,1,서구,전남광주통합특별시 서구 농성동 331-25,한전주
35.15635,126.89904,1,서구,전남광주통합특별시 서구 양동 351-15,한전주
35.15635,126.93317,1,동구,광주광역시 동구 산수동 530-46,한전주
35.15636,126.87126,1,서구,전남광주통합특별시 서구 내방동 465-41,전용주
35.15636,126.88447,1,서구,전남광주통합특별시 서구 농성동 392-26,전용주
35.15636,126.89807,1,서구,전남광주통합특별시 서구 양동 377-28,전용주
35.15636,126.90978,1,북구,전남광주통합특별시 북구 북동 83-15,한전주
35.15636,126.9268,1,동구,광주광역시 동구 산수동 427-15,한전주
35.15637,126.86136,1,서구,전남광주통합특별시 서구 쌍촌동 1293-5,전용주
35.15637,126.87019,1,서구,전남광주통합특별시 서구 내방동 465-44,전용주
35.15637,126.89307,1,서구,전남광주통합특별시 서구 농성동 20-5,한전주
35.15637,126.8989,1,서구,전남광주통합특별시 서구 양동 362-1,전용주
35.15637,126.90843,1,북구,전남광주통합특별시 북구 북동 104-9,한전주
35.15637,126.92751,1,동구,광주광역시 동구 산수동 423-10,건축물
35.15637,126.92759,1,동구,광주광역시 동구 산수동 407-10,한전주
35.15638,126.86017,1,서구,전남광주통합특별시 서구 쌍촌동 1297-2,전용주
35.15638,126.86218,1,서구,전남광주통합특별시 서구 쌍촌동 1290-4,전용주
35.15638,126.90848,1,북구,전남광주통합특별시 북구 북동 104-9,한전주
35.15638,126.92723,1,동구,광주광역시 동구 산수동 425-21,전용주
35.15639,126.84324,7,서구,전남광주통합특별시 서구 치평동 1166-7,전용주
35.15639,126.88866,1,서구,전남광주통합특별시 서구 농성동 367-1,전용주
35.15639,126.90512,1,북구,전남광주통합특별시 북구 유동 42-1,한전주
35.15639,126.91355,1,동구,광주광역시 동구 대인동 320-6,한전주
35.1564,126.86794,1,서구,전남광주통합특별시 서구 쌍촌동 237-3,한전주
35.1564,126.88593,1,서구,전남광주통합특별시 서구 농성동 380-117,전용주
35.1564,126.92366,1,동구,광주광역시 동구 계림동 215-27,한전주
35.1564,126.93103,1,동구,광주광역시 동구 산수동 540-7,전용주
35.15641,126.86487,1,서구,전남광주통합특별시 서구 쌍촌동 1373-1,전용주
35.15641,126.87164,2,서구,전남광주통합특별시 서구 내방동 503-49,한전주
35.15641,126.89016,3,서구,전남광주통합특별시 서구 농성동 332-15,한전주
35.15641,126.89819,1,서구,전남광주통합특별시 서구 양동 377-26,전용주
35.15641,126.93347,1,동구,광주광역시 동구 산수동 530-57,한전주
35.15642,126.86794,1,서구,전남광주통합특별시 서구 쌍촌동 237-3,한전주
35.15642,126.91315,1,동구,광주광역시 동구 대인동 320-18,한전주
35.15642,126.91903,1,동구,광주광역시 동구 계림동 296-4,전용주
35.15643,126.92304,1,동구,광주광역시 동구 계림동 218-8,한전주
35.15643,126.93261,1,동구,광주광역시 동구 산수동 530-29,전용주
35.15644,126.86962,1,서구,전남광주통합특별시 서구 쌍촌동 282-30,한전주
35.15644,126.87091,1,서구,전남광주통합특별시 서구 내방동 465-34,한전주
35.15644,126.87289,1,서구,전남광주통합특별시 서구 내방동 500-8,한전주
35.15644,126.89976,1,서구,전남광주통합특별시 서구 양동 347-2,전용주
35.15644,126.91114,1,북구,전남광주통합특별시 북구 북동 27-11 대양식품기계,한전주
35.15644,126.93449,1,동구,광주광역시 동구 산수동 528-25,건축물
35.15644,126.93571,1,동구,광주광역시 동구 산수동 508-57,전용주
35.15645,126.87913,1,서구,전남광주통합특별시 서구 화정동 23-118,한전주
35.15645,126.90898,1,북구,전남광주통합특별시 북구 북동 92-37,전용주
35.15645,126.91862,1,동구,광주광역시 동구 계림동 296-16,한전주
35.15645,126.92774,2,동구,광주광역시 동구 산수동 562-4,한전주
35.15645,126.93421,1,동구,광주광역시 동구 산수동 528-18,한전주
35.15646,126.88001,1,서구,전남광주통합특별시 서구 화정동 686-38,전용주
35.15646,126.89869,1,서구,전남광주통합특별시 서구 양동 358-6,전용주
35.15646,126.97104,1,북구,전남광주통합특별시 북구 화암동 47,전용주
35.15647,126.88947,1,서구,전남광주통합특별시 서구 농성동 359-4,한전주
35.15647,126.89131,2,서구,전남광주통합특별시 서구 농성동 30-10,전용주
35.15647,126.89669,1,서구,전남광주통합특별시 서구 양동 389-13,한전주
35.15647,126.89751,1,서구,전남광주통합특별시 서구 양동 376-18,한전주
35.15647,126.91372,1,동구,광주광역시 동구 대인동 319-1,한전주
35.15647,126.93477,1,동구,광주광역시 동구 산수동 528-21,건축물
35.15648,126.90492,1,북구,전남광주통합특별시 북구 유동 41-4,전용주
35.15648,126.9352,1,동구,광주광역시 동구 산수동 528-8,한전주
35.15648,126.93745,1,동구,광주광역시 동구 산수동 89-11,한전주
35.15649,126.86487,1,서구,전남광주통합특별시 서구 쌍촌동 1373-1,전용주
35.15649,126.92673,1,동구,광주광역시 동구 산수동 427-1,한전주
35.1565,126.86273,1,서구,전남광주통합특별시 서구 쌍촌동 1285-12,전용주
35.1565,126.90798,1,북구,전남광주통합특별시 북구 북동 116 수창초교담장길,전용주
35.1565,126.91881,1,동구,광주광역시 동구 계림동 296-20,한전주
35.1565,126.91947,1,동구,광주광역시 동구 계림동 295-16,전용주
35.15651,126.87342,1,서구,전남광주통합특별시 서구 내방동 594-4,한전주
35.15651,126.89676,1,서구,전남광주통합특별시 서구 양동 380-1,한전주
35.15651,126.91143,1,북구,전남광주통합특별시 북구 북동 16-2 정밀기공사,한전주
35.15651,126.92426,2,동구,광주광역시 동구 계림동 215-56,한전주
35.15651,126.93244,1,동구,광주광역시 동구 산수동 530-31,한전주
35.15651,126.93291,1,동구,광주광역시 동구 산수동 530-24,전용주
35.15652,126.88749,1,서구,전남광주통합특별시 서구 농성동 398-16,전용주
35.15652,126.92,1,동구,광주광역시 동구 계림동 271-27,한전주
35.15652,126.93034,1,동구,광주광역시 동구 산수동 540-27,한전주
35.15653,126.86086,1,서구,전남광주통합특별시 서구 쌍촌동 1296-10,전용주
35.15653,126.86169,1,서구,전남광주통합특별시 서구 쌍촌동 1291-13,전용주
35.15653,126.86197,1,서구,전남광주통합특별시 서구 쌍촌동 1291-11,전용주
35.15653,126.89927,1,서구,전남광주통합특별시 서구 양동 359-3,한전주
35.15653,126.92738,1,동구,광주광역시 동구 산수동 425-2,한전주
35.15653,126.93386,1,동구,광주광역시 동구 산수동 530-53,한전주
35.15653,126.93798,4,동구,광주광역시 동구 산수동 84,한전주
35.15654,126.88498,1,서구,전남광주통합특별시 서구 농성동 391-44,전용주
35.15655,126.86849,1,서구,전남광주통합특별시 서구 쌍촌동 243-1,한전주
35.15655,126.8688,1,서구,전남광주통합특별시 서구 쌍촌동 240-8,전용주
35.15655,126.87149,1,서구,전남광주통합특별시 서구 내방동 475-1,전용주
35.15655,126.88627,1,서구,전남광주통합특별시 서구 농성동 380-68,한전주
35.15655,126.88715,2,서구,전남광주통합특별시 서구 농성동 398-31,한전주
35.15655,126.90527,1,북구,전남광주통합특별시 북구 유동 40-34,전용주
35.15655,126.92646,1,동구,광주광역시 동구 산수동 451-8,한전주
35.15655,126.93059,1,동구,광주광역시 동구 산수동 540-72,전용주
35.15656,126.86824,1,서구,전남광주통합특별시 서구 쌍촌동 244,한전주
35.15656,126.89087,1,서구,전남광주통합특별시 서구 농성동 331-48,한전주
35.15656,126.9087,1,북구,전남광주통합특별시 북구 북동 92-20,전용주
35.15657,126.88715,1,서구,전남광주통합특별시 서구 농성동 398-31,한전주
35.15657,126.91169,1,북구,전남광주통합특별시 북구 북동 17-2,한전주
35.15658,126.87752,1,서구,전남광주통합특별시 서구 화정동 72-8,한전주
35.15658,126.89151,2,서구,전남광주통합특별시 서구 농성동 30-6,한전주
35.15658,126.89213,1,서구,전남광주통합특별시 서구 농성동 28-4,한전주
35.15658,126.93257,1,동구,광주광역시 동구 산수동 530-30,건축물
35.15659,126.83599,1,서구,전남광주통합특별시 서구 덕흥동 740-1,한전주
35.15659,126.85967,1,서구,전남광주통합특별시 서구 쌍촌동 1295-4,전용주
35.15659,126.8796,1,서구,전남광주통합특별시 서구 화정동 23-137,한전주
35.15659,126.92212,1,동구,광주광역시 동구 계림동 1845,한전주
35.15659,126.93761,1,동구,광주광역시 동구 산수동 89-18,전용주
35.1566,126.86149,5,서구,전남광주통합특별시 서구 쌍촌동 1289,전용주
35.1566,126.87786,1,서구,전남광주통합특별시 서구 화정동 70-5,한전주
35.1566,126.88627,2,서구,전남광주통합특별시 서구 농성동 380-68,한전주
35.1566,126.9051,1,북구,전남광주통합특별시 북구 유동 40-14,전용주
35.1566,126.91821,1,동구,광주광역시 동구 계림동 465-37,한전주
35.15661,126.86122,1,서구,전남광주통합특별시 서구 쌍촌동 1293-10,전용주
35.15661,126.86391,1,서구,전남광주통합특별시 서구 쌍촌동 1364-11,전용주
35.15661,126.87975,1,서구,전남광주통합특별시 서구 화정동 산 5-21,전용주
35.15662,126.86407,1,서구,전남광주통합특별시 서구 쌍촌동 1364,전용주
35.15662,126.89774,1,서구,전남광주통합특별시 서구 양동 376-21,한전주
35.15662,126.91922,1,동구,광주광역시 동구 계림동 295-22,전용주
35.15662,126.93106,1,동구,광주광역시 동구 산수동 540-59,전용주
35.15662,126.93442,1,동구,광주광역시 동구 산수동 529-26,한전주
35.15663,126.86342,1,서구,전남광주통합특별시 서구 쌍촌동 1363-11,전용주
35.15663,126.86449,1,서구,전남광주통합특별시 서구 쌍촌동 1372,전용주
35.15663,126.869,1,서구,전남광주통합특별시 서구 쌍촌동 279-2,전용주
35.15663,126.88048,2,서구,전남광주통합특별시 서구 화정동 127-1,한전주
35.15663,126.89903,1,서구,전남광주통합특별시 서구 양동 360-15,한전주
35.15663,126.91085,1,북구,전남광주통합특별시 북구 북동 88-15 장인식품기계,한전주
35.15664,126.87037,3,서구,전남광주통합특별시 서구 쌍촌동 285,전용주
35.15664,126.87235,1,서구,전남광주통합특별시 서구 내방동 503-18,한전주
35.15665,126.86273,1,서구,전남광주통합특별시 서구 쌍촌동 1285-13,전용주
35.15665,126.86812,1,서구,전남광주통합특별시 서구 쌍촌동 235-3,한전주
35.15665,126.92748,1,동구,광주광역시 동구 산수동 424-5,한전주
35.15666,126.87849,1,서구,전남광주통합특별시 서구 화정동 70-3,한전주
35.15666,126.88765,1,서구,전남광주통합특별시 서구 농성동 398-2,전용주
35.15666,126.88899,2,서구,전남광주통합특별시 서구 농성동 357-4,한전주
35.15666,126.89198,1,서구,전남광주통합특별시 서구 농성동 28-6,한전주
35.15667,126.86136,1,서구,전남광주통합특별시 서구 쌍촌동 1293-3,전용주
35.15667,126.87094,1,서구,전남광주통합특별시 서구 내방동 465-53,전용주
35.15667,126.89172,1,서구,전남광주통합특별시 서구 농성동 30-3,한전주
35.15667,126.90888,1,북구,전남광주통합특별시 북구 북동 92-10,한전주
35.15667,126.92018,1,동구,광주광역시 동구 계림동 284-40,한전주
35.15667,126.92649,1,동구,광주광역시 동구 산수동 452-10,한전주
35.15667,126.93459,1,동구,광주광역시 동구 산수동 529-27,한전주
35.15668,126.91828,1,동구,광주광역시 동구 계림동 465-37,건축물
35.15668,126.93763,1,동구,광주광역시 동구 산수동 89-5,한전주
35.15669,126.86692,1,서구,전남광주통합특별시 서구 쌍촌동 155,한전주
35.15669,126.86694,3,서구,전남광주통합특별시 서구 쌍촌동 155,한전주
35.15669,126.8681,1,서구,전남광주통합특별시 서구 쌍촌동 915-8,한전주
35.15669,126.86812,3,서구,전남광주통합특별시 서구 쌍촌동 915-8,한전주
35.15669,126.86814,1,서구,전남광주통합특별시 서구 쌍촌동 915-8,한전주
35.15669,126.88899,1,서구,전남광주통합특별시 서구 농성동 357-4,한전주
35.15669,126.89043,1,서구,전남광주통합특별시 서구 농성동 331-15,전용주
35.15669,126.90842,1,북구,전남광주통합특별시 북구 북동 93-3,한전주
35.15669,126.92095,1,동구,광주광역시 동구 계림동 250-104,전용주
35.15669,126.96033,1,북구,전남광주통합특별시 북구 화암동 433,한전주
35.1567,126.92718,1,동구,광주광역시 동구 산수동 425-14,전용주
35.15671,126.88579,1,서구,전남광주통합특별시 서구 농성동 380-89,한전주
35.15671,126.89103,1,서구,전남광주통합특별시 서구 농성동 31-7,한전주
35.15671,126.9133,1,동구,광주광역시 동구 대인동 320-3,한전주
35.15671,126.93275,1,동구,광주광역시 동구 산수동 532-16,한전주
35.15672,126.87275,1,서구,전남광주통합특별시 서구 내방동 483-5,전용주
35.15672,126.87312,1,서구,전남광주통합특별시 서구 내방동 595,전용주
35.15672,126.88917,1,서구,전남광주통합특별시 서구 농성동 356-10,한전주
35.15672,126.91982,1,동구,광주광역시 동구 계림동 277-1,전용주
35.15672,126.97178,5,북구,전남광주통합특별시 북구 화암동 45,전용주
35.15673,126.86169,1,서구,전남광주통합특별시 서구 쌍촌동 1291,전용주
35.15673,126.88411,1,서구,전남광주통합특별시 서구 농성동 391-50,전용주
35.15673,126.88641,1,서구,전남광주통합특별시 서구 농성동 380-76,한전주
35.15673,126.93033,1,동구,광주광역시 동구 산수동 549-17,전용주
35.15673,126.93478,1,동구,광주광역시 동구 산수동 529-45,한전주
35.15674,126.87312,2,서구,전남광주통합특별시 서구 내방동 595,전용주
35.15674,126.87825,1,서구,전남광주통합특별시 서구 화정동 70-35,한전주
35.15674,126.88832,1,서구,전남광주통합특별시 서구 농성동 372-8,한전주
35.15674,126.92859,1,동구,광주광역시 동구 산수동 552-6,한전주
35.15675,126.87803,1,서구,전남광주통합특별시 서구 화정동 74-21,한전주
35.15675,126.87924,1,서구,전남광주통합특별시 서구 화정동 23-99,한전주
35.15676,126.8472,10,서구,전남광주통합특별시 서구 치평동 1166-2,전용주
35.15676,126.87646,1,서구,전남광주통합특별시 서구 화정동 100-23,한전주
35.15676,126.89805,1,서구,전남광주통합특별시 서구 양동 368-5,한전주
35.15676,126.91068,1,북구,전남광주통합특별시 북구 북동 85-3 삼호기계,한전주
35.15676,126.91908,1,동구,광주광역시 동구 계림동 295-3,한전주
35.15676,126.92721,1,동구,광주광역시 동구 산수동 425-25,한전주
35.15676,126.95936,1,북구,전남광주통합특별시 북구 화암동 산 81,한전주
35.15677,126.86804,1,서구,전남광주통합특별시 서구 쌍촌동 234-1,한전주
35.15677,126.87992,2,서구,전남광주통합특별시 서구 화정동 산 5-22,한전주
35.15677,126.87995,1,서구,전남광주통합특별시 서구 화정동 산 5-22,전용주
35.15677,126.8874,1,서구,전남광주통합특별시 서구 농성동 398-17,한전주
35.15677,126.91804,1,동구,광주광역시 동구 계림동 486-9,한전주
35.15677,126.93089,1,동구,광주광역시 동구 산수동 540-2,한전주
35.15678,126.92859,1,동구,광주광역시 동구 산수동 552-6,한전주
35.15678,126.93017,1,동구,광주광역시 동구 산수동 549-20,전용주
35.15678,126.93073,1,동구,광주광역시 동구 산수동 540-52,전용주
35.15679,126.86826,1,서구,전남광주통합특별시 서구 쌍촌동 247-14,한전주
35.15679,126.89756,1,서구,전남광주통합특별시 서구 양동 376-1,한전주
35.15679,126.92751,1,동구,광주광역시 동구 산수동 423-6,한전주
35.1568,126.88411,5,서구,전남광주통합특별시 서구 농성동 391-50,한전주
35.1568,126.88415,1,서구,전남광주통합특별시 서구 농성동 391-50,한전주
35.1568,126.93243,1,동구,광주광역시 동구 산수동 532-6,한전주
35.15681,126.83649,1,서구,전남광주통합특별시 서구 덕흥동 731,한전주
35.15681,126.86349,1,서구,전남광주통합특별시 서구 쌍촌동 1360-6,전용주
35.15681,126.8649,1,서구,전남광주통합특별시 서구 쌍촌동 1357-4,전용주
35.15681,126.86842,1,서구,전남광주통합특별시 서구 쌍촌동 247-16,한전주
35.15681,126.88526,1,서구,전남광주통합특별시 서구 농성동 390-2,한전주
35.15681,126.88686,1,서구,전남광주통합특별시 서구 농성동 397-10,한전주
35.15681,126.88741,1,서구,전남광주통합특별시 서구 농성동 398-9,전용주
35.15681,126.88992,1,서구,전남광주통합특별시 서구 농성동 332-7,전용주
35.15681,126.89006,1,서구,전남광주통합특별시 서구 농성동 332-6,한전주
35.15681,126.90826,1,북구,전남광주통합특별시 북구 북동 94-11,한전주
35.15681,126.93404,1,동구,광주광역시 동구 산수동 529-15,전용주
35.15682,126.86754,2,서구,전남광주통합특별시 서구 쌍촌동 256-1,한전주
35.15682,126.89139,1,서구,전남광주통합특별시 서구 농성동 30-8,한전주
35.15682,126.90403,1,북구,전남광주통합특별시 북구 유동 34-1,한전주
35.15682,126.91944,1,동구,광주광역시 동구 계림동 295-8,한전주
35.15682,126.93424,1,동구,광주광역시 동구 산수동 529-13,전용주
35.15682,126.93537,1,동구,광주광역시 동구 산수동 508-11,전용주
35.15683,126.86441,1,서구,전남광주통합특별시 서구 쌍촌동 1358-1,전용주
35.15683,126.93261,1,동구,광주광역시 동구 산수동 532-7,건축물
35.15684,126.88406,1,서구,전남광주통합특별시 서구 농성동 393-22,전용주
35.15684,126.89664,4,서구,전남광주통합특별시 서구 양동 370-6,한전주
35.15684,126.89665,1,서구,전남광주통합특별시 서구 양동 370-6,한전주
35.15684,126.89844,1,서구,전남광주통합특별시 서구 양동 367-2,한전주
35.15684,126.89894,1,서구,전남광주통합특별시 서구 양동 365-9,건축물
35.15684,126.91237,1,북구,전남광주통합특별시 북구 북동 6,한전주
35.15684,126.9332,1,동구,광주광역시 동구 산수동 532-29,한전주
35.15684,126.93964,1,동구,광주광역시 동구 산수동 99-16,한전주
35.15685,126.87492,1,서구,전남광주통합특별시 서구 내방동 311-11,한전주
35.15685,126.88784,1,서구,전남광주통합특별시 서구 농성동 400-4,한전주
35.15685,126.88973,1,서구,전남광주통합특별시 서구 농성동 345-131,한전주
35.15685,126.90599,1,북구,전남광주통합특별시 북구 유동 38-8,한전주
35.15685,126.926,1,동구,광주광역시 동구 산수동 447-21,한전주
35.15686,126.86888,1,서구,전남광주통합특별시 서구 쌍촌동 245-1,전용주
35.15686,126.87492,1,서구,전남광주통합특별시 서구 내방동 311-11,한전주
35.15686,126.88458,1,서구,전남광주통합특별시 서구 농성동 392-16,전용주
35.15686,126.88476,1,서구,전남광주통합특별시 서구 농성동 391-49,한전주
35.15686,126.89233,1,서구,전남광주통합특별시 서구 농성동 27,한전주
35.15686,126.91106,1,북구,전남광주통합특별시 북구 북동 88-4,한전주
35.15686,126.91237,1,북구,전남광주통합특별시 북구 북동 6,한전주
35.15686,126.926,1,동구,광주광역시 동구 산수동 447-21,한전주
35.15686,126.92659,1,동구,광주광역시 동구 산수동 452-5,한전주
35.15686,126.94469,2,동구,광주광역시 동구 산수동 산50-1,전용주
35.15687,126.87492,1,서구,전남광주통합특별시 서구 내방동 311-11,한전주
35.15687,126.88631,1,서구,전남광주통합특별시 서구 농성동 380-108,전용주
35.15687,126.90628,1,북구,전남광주통합특별시 북구 북동 333-2 수창초교후문,한전주
35.15688,126.86475,1,서구,전남광주통합특별시 서구 쌍촌동 1357-5,전용주
35.15688,126.87301,1,서구,전남광주통합특별시 서구 내방동 827-1,한전주
35.15688,126.87302,2,서구,전남광주통합특별시 서구 내방동 827-1,전용주
35.15688,126.87422,1,서구,전남광주통합특별시 서구 내방동 578-10,전용주
35.15688,126.87538,1,서구,전남광주통합특별시 서구 화정동 97-20,한전주
35.15688,126.90955,1,북구,전남광주통합특별시 북구 북동 92-24,건축물
35.15689,126.86349,1,서구,전남광주통합특별시 서구 쌍촌동 1360-6,전용주
35.15689,126.87278,1,서구,전남광주통합특별시 서구 내방동 483-2,전용주
35.15689,126.89233,1,서구,전남광주통합특별시 서구 농성동 27,한전주
35.15689,126.93479,1,동구,광주광역시 동구 산수동 529-40,건축물
35.15689,126.94469,1,동구,광주광역시 동구 산수동 산50-1,전용주
35.1569,126.86122,1,서구,전남광주통합특별시 서구 쌍촌동 1293-12,전용주
35.15691,126.86391,1,서구,전남광주통합특별시 서구 쌍촌동 1359-7,전용주
35.15691,126.86408,1,서구,전남광주통합특별시 서구 쌍촌동 1359-4,전용주
35.15691,126.87549,1,서구,전남광주통합특별시 서구 화정동 97-15,한전주
35.15691,126.8758,1,서구,전남광주통합특별시 서구 화정동 97-18,한전주
35.15691,126.88351,1,서구,전남광주통합특별시 서구 농성동 393-18,전용주
35.15691,126.9188,1,동구,광주광역시 동구 계림동 294-17,전용주
35.15691,126.93046,1,동구,광주광역시 동구 산수동 548-46,전용주
35.15691,126.933,1,동구,광주광역시 동구 산수동 532-59,전용주
35.15692,126.87331,1,서구,전남광주통합특별시 서구 내방동 590-5,전용주
35.15692,126.88436,1,서구,전남광주통합특별시 서구 농성동 392-31,전용주
35.15692,126.89352,1,서구,전남광주통합특별시 서구 양동 407-4,한전주
35.15692,126.91049,1,북구,전남광주통합특별시 북구 북동 89-3,전용주
35.15693,126.9104,1,북구,전남광주통합특별시 북구 북동 89-29 영진사,한전주
35.15693,126.92001,1,동구,광주광역시 동구 계림동 270-20,한전주
35.15693,126.93805,1,동구,광주광역시 동구 산수동 103-24,한전주
35.15693,126.95986,3,북구,전남광주통합특별시 북구 화암동 435,건축물
35.15694,126.86045,1,서구,전남광주통합특별시 서구 쌍촌동 1294-13,전용주
35.15694,126.86136,1,서구,전남광주통합특별시 서구 쌍촌동 1293-1,전용주
35.15694,126.86247,1,서구,전남광주통합특별시 서구 쌍촌동 1292-7,전용주
35.15694,126.87804,1,서구,전남광주통합특별시 서구 화정동 74-20,
35.15694,126.88765,1,서구,전남광주통합특별시 서구 농성동 398-18,한전주
35.15694,126.88859,1,서구,전남광주통합특별시 서구 농성동 369-2,한전주
35.15694,126.91249,1,북구,전남광주통합특별시 북구 북동 1-55,전용주
35.15694,126.9267,1,동구,광주광역시 동구 산수동 453-12,한전주
35.15694,126.93055,1,동구,광주광역시 동구 산수동 548-45,한전주
35.15695,126.85996,1,서구,전남광주통합특별시 서구 쌍촌동 1294-17,전용주
35.15695,126.8619,1,서구,전남광주통합특별시 서구 쌍촌동 1292-11,전용주
35.15695,126.87107,1,서구,전남광주통합특별시 서구 내방동 475-8,전용주
35.15695,126.88381,1,서구,전남광주통합특별시 서구 농성동 393-63,한전주
35.15695,126.92004,1,동구,광주광역시 동구 계림동 279-3,한전주
35.15696,126.86085,1,서구,전남광주통합특별시 서구 쌍촌동 1294-10,전용주
35.15696,126.91049,1,북구,전남광주통합특별시 북구 북동 89-3,한전주
35.15696,126.91927,1,동구,광주광역시 동구 계림동 294-4,한전주
35.15697,126.88908,1,서구,전남광주통합특별시 서구 농성동 355,한전주
35.15697,126.92748,1,동구,광주광역시 동구 산수동 423-26,전용주
35.15697,126.9337,1,동구,광주광역시 동구 산수동 532-25,한전주
35.15698,126.84427,2,서구,전남광주통합특별시 서구 치평동 1166-3,전용주
35.15698,126.89828,1,서구,전남광주통합특별시 서구 양동 368-25,한전주
35.15698,126.91776,1,동구,광주광역시 동구 계림동 484-13,한전주
35.15699,126.87754,1,서구,전남광주통합특별시 서구 화정동 73-29,한전주
35.15699,126.87755,1,서구,전남광주통합특별시 서구 화정동 73-29,전용주
35.15699,126.87756,1,서구,전남광주통합특별시 서구 화정동 73-29,한전주
35.15699,126.91964,1,동구,광주광역시 동구 계림동 280-1,한전주
35.157,126.86674,1,서구,전남광주통합특별시 서구 쌍촌동 178-1,한전주
35.157,126.87349,1,서구,전남광주통합특별시 서구 내방동 591-4,전용주
35.157,126.87925,1,서구,전남광주통합특별시 서구 화정동 23-57,한전주
35.157,126.88687,1,서구,전남광주통합특별시 서구 농성동 397-15,한전주
35.15701,126.88582,1,서구,전남광주통합특별시 서구 농성동 380-83,한전주
35.15701,126.93473,1,동구,광주광역시 동구 산수동 529-47,건축물
35.15702,126.87878,1,서구,전남광주통합특별시 서구 화정동 70-22,한전주
35.15702,126.90782,1,북구,전남광주통합특별시 북구 북동 94-5,한전주
35.15702,126.90908,1,북구,전남광주통합특별시 북구 북동 91-23,건축물
35.15702,126.9108,1,북구,전남광주통합특별시 북구 북동 88-6,건축물
35.15702,126.93031,1,동구,광주광역시 동구 산수동 548-48,한전주
35.15702,126.93327,1,동구,광주광역시 동구 산수동 532-45,건축물
35.15703,126.8894,2,서구,전남광주통합특별시 서구 농성동 354-6,전용주
35.15703,126.89372,1,서구,전남광주통합특별시 서구 양동 412-3,전용주
35.15703,126.93102,1,동구,광주광역시 동구 산수동 541-58,한전주
35.15703,126.93347,1,동구,광주광역시 동구 산수동 532-21,한전주
35.15704,126.87784,2,서구,전남광주통합특별시 서구 화정동 74-12,한전주
35.15705,126.87515,1,서구,전남광주통합특별시 서구 내방동 311-38,한전주
35.15705,126.87826,1,서구,전남광주통합특별시 서구 화정동 70-69,한전주
35.15705,126.87945,1,서구,전남광주통합특별시 서구 화정동 23-55,한전주
35.15705,126.88638,1,서구,전남광주통합특별시 서구 농성동 394,한전주
35.15705,126.88703,1,서구,전남광주통합특별시 서구 농성동 397-5,전용주
35.15705,126.88814,1,서구,전남광주통합특별시 서구 농성동 370-6,건축물
35.15705,126.89211,1,서구,전남광주통합특별시 서구 농성동 25-5,한전주
35.15705,126.90784,1,북구,전남광주통합특별시 북구 북동 94-5,한전주
35.15705,126.9298,1,동구,광주광역시 동구 산수동 549-37,전용주
35.15705,126.93233,1,동구,광주광역시 동구 산수동 532-61,한전주
35.15706,126.86509,1,서구,전남광주통합특별시 서구 쌍촌동 1357-2,전용주
35.15706,126.86715,1,서구,전남광주통합특별시 서구 쌍촌동 257,한전주
35.15706,126.87558,1,서구,전남광주통합특별시 서구 화정동 97-13,전용주
35.15706,126.885,1,서구,전남광주통합특별시 서구 농성동 391-9,한전주
35.15707,126.90584,1,북구,전남광주통합특별시 북구 유동 38-32,한전주
35.15707,126.92713,1,동구,광주광역시 동구 산수동 425-28,한전주
35.15708,126.86059,1,서구,전남광주통합특별시 서구 쌍촌동 1294-5,전용주
35.15708,126.88505,1,서구,전남광주통합특별시 서구 농성동 391-12,전용주
35.15708,126.90562,1,북구,전남광주통합특별시 북구 유동 38-14,한전주
35.15708,126.90626,1,북구,전남광주통합특별시 북구 유동 15-5,한전주
35.15708,126.92657,1,동구,광주광역시 동구 산수동 453-26,전용주
35.15708,126.92752,1,동구,광주광역시 동구 산수동 423-2,전용주
35.15709,126.86016,1,서구,전남광주통합특별시 서구 쌍촌동 1294-2,전용주
35.15709,126.89854,1,서구,전남광주통합특별시 서구 양동 367-49,한전주
35.15709,126.91006,2,북구,전남광주통합특별시 북구 북동 89-40,한전주
35.15709,126.91236,1,북구,전남광주통합특별시 북구 북동 1-18,한전주
35.15709,126.91837,1,동구,광주광역시 동구 계림동 486-6,건축물
35.15709,126.93291,1,동구,광주광역시 동구 산수동 532-51,전용주
35.15709,126.93307,1,동구,광주광역시 동구 산수동 532-48,전용주
35.1571,126.85967,1,서구,전남광주통합특별시 서구 쌍촌동 1295,전용주
35.1571,126.8879,1,서구,전남광주통합특별시 서구 농성동 372-3,전용주
35.1571,126.90908,1,북구,전남광주통합특별시 북구 북동 91-23,건축물
35.1571,126.92646,1,동구,광주광역시 동구 산수동 453-33,전용주
35.1571,126.93263,1,동구,광주광역시 동구 산수동 532-57,전용주
35.15711,126.86789,1,서구,전남광주통합특별시 서구 쌍촌동 254-2,전용주
35.15711,126.93529,1,동구,광주광역시 동구 산수동 508-8,한전주
35.15712,126.87096,1,서구,전남광주통합특별시 서구 내방동 475,전용주
35.15712,126.87243,1,서구,전남광주통합특별시 서구 내방동 481-4,한전주
35.15712,126.91152,1,북구,전남광주통합특별시 북구 북동 5-3,건축물
35.15712,126.91266,1,북구,전남광주통합특별시 북구 북동 1-15,한전주
35.15713,126.87539,1,서구,전남광주통합특별시 서구 내방동 307-19,한전주
35.15713,126.88839,1,서구,전남광주통합특별시 서구 농성동 370-8,한전주
35.15713,126.93436,1,동구,광주광역시 동구 산수동 531-49,한전주
35.15714,126.88439,1,서구,전남광주통합특별시 서구 농성동 392-33,건축물
35.15714,126.89423,1,서구,전남광주통합특별시 서구 양동 405-3,한전주
35.15715,126.86407,1,서구,전남광주통합특별시 서구 쌍촌동 1359-2,전용주
35.15715,126.86825,3,서구,전남광주통합특별시 서구 쌍촌동 247-2,한전주
35.15715,126.90905,1,북구,전남광주통합특별시 북구 북동 91-16,한전주
35.15715,126.9179,1,동구,광주광역시 동구 계림동 485-32,한전주
35.15715,126.93207,1,동구,광주광역시 동구 산수동 538-12,한전주
35.15715,126.93559,1,동구,광주광역시 동구 산수동 508-42,건축물
35.15716,126.85996,1,서구,전남광주통합특별시 서구 쌍촌동 1294,전용주
35.15716,126.86341,1,서구,전남광주통합특별시 서구 쌍촌동 1360-9,전용주
35.15716,126.87332,1,서구,전남광주통합특별시 서구 내방동 590-3,전용주
35.15717,126.86197,1,서구,전남광주통합특별시 서구 쌍촌동 1292-2,전용주
35.15717,126.90362,1,북구,전남광주통합특별시 북구 임동 886,한전주
35.15717,126.92783,1,동구,광주광역시 동구 산수동 551-17,전용주
35.15718,126.86496,1,서구,전남광주통합특별시 서구 쌍촌동 1357-7,전용주
35.15718,126.86514,1,서구,전남광주통합특별시 서구 쌍촌동 1357-1,전용주
35.15718,126.87244,1,서구,전남광주통합특별시 서구 내방동 481-4,한전주
35.15718,126.87247,1,서구,전남광주통합특별시 서구 내방동 481-4,한전주
35.15718,126.89158,1,서구,전남광주통합특별시 서구 농성동 25,전용주
35.15718,126.90301,1,북구,전남광주통합특별시 북구 유동 47 옥산슈퍼,건축물
35.15718,126.90652,1,북구,전남광주통합특별시 북구 유동 14-6 정오카세차장 앞,한전주
35.15718,126.91801,1,동구,광주광역시 동구 계림동 486-12,한전주
35.15718,126.93045,1,동구,광주광역시 동구 산수동 548-43,한전주
35.15718,126.93997,1,동구,광주광역시 동구 산수동 498-22,한전주
35.15719,126.837,4,서구,전남광주통합특별시 서구 덕흥동 728-2,한전주
35.15719,126.83702,1,서구,전남광주통합특별시 서구 덕흥동 728-2,한전주
35.15719,126.88398,1,서구,전남광주통합특별시 서구 농성동 393-11,한전주
35.15719,126.93207,1,동구,광주광역시 동구 산수동 538-12,전용주
35.15719,126.93339,1,동구,광주광역시 동구 산수동 532-37,한전주
35.1572,126.87879,1,서구,전남광주통합특별시 서구 화정동 70-21,한전주
35.1572,126.88533,1,서구,전남광주통합특별시 서구 농성동 391-19,전용주
35.1572,126.88841,1,서구,전남광주통합특별시 서구 농성동 352-6,전용주
35.1572,126.91834,1,동구,광주광역시 동구 계림동 485-10,전용주
35.1572,126.92702,1,동구,광주광역시 동구 산수동 425-1,전용주
35.1572,126.93511,1,동구,광주광역시 동구 산수동 508-46,한전주
35.15721,126.88586,1,서구,전남광주통합특별시 서구 농성동 380-106,한전주
35.15721,126.89322,1,서구,전남광주통합특별시 서구 양동 459-5,한전주
35.15721,126.89846,1,서구,전남광주통합특별시 서구 양동 367-37,건축물
35.15722,126.88891,1,서구,전남광주통합특별시 서구 농성동 353-12,한전주
35.15722,126.90965,1,북구,전남광주통합특별시 북구 북동 89-15,한전주
35.15722,126.92956,1,동구,광주광역시 동구 산수동 549-31,전용주
35.15723,126.90562,1,북구,전남광주통합특별시 북구 유동 16-10,전용주
35.15723,126.91756,1,동구,광주광역시 동구 계림동 484-23,한전주
35.15723,126.92832,1,동구,광주광역시 동구 산수동 550-7,한전주
35.15723,126.93013,1,동구,광주광역시 동구 산수동 548-51,전용주
35.15723,126.93022,1,동구,광주광역시 동구 산수동 548-11,전용주
35.15723,126.93233,1,동구,광주광역시 동구 산수동 533-17,한전주
35.15723,126.93249,1,동구,광주광역시 동구 산수동 533-18,한전주
35.15724,126.90939,1,북구,전남광주통합특별시 북구 북동 91-13,건축물
35.15724,126.92761,1,동구,광주광역시 동구 산수동 551-21,한전주
35.15724,126.93049,1,동구,광주광역시 동구 산수동 548-10,전용주
35.15724,126.93073,1,동구,광주광역시 동구 산수동 541-10,전용주
35.15724,126.94073,1,동구,광주광역시 동구 산수동 79-2,한전주
35.15725,126.86533,4,서구,전남광주통합특별시 서구 쌍촌동 1361,전용주
35.15725,126.87615,1,서구,전남광주통합특별시 서구 화정동 94-4,한전주
35.15725,126.89829,1,서구,전남광주통합특별시 서구 양동 367-45,건축물
35.15725,126.90882,1,북구,전남광주통합특별시 북구 북동 91-6,한전주
35.15725,126.91039,1,북구,전남광주통합특별시 북구 북동 89-24,한전주
35.15725,126.92805,1,동구,광주광역시 동구 산수동 551-11,한전주
35.15726,126.87509,1,서구,전남광주통합특별시 서구 내방동 311-35,한전주
35.15726,126.90371,1,북구,전남광주통합특별시 북구 유동 32,한전주
35.15726,126.91126,1,북구,전남광주통합특별시 북구 북동 2-18,전용주
35.15726,126.93357,1,동구,광주광역시 동구 산수동 532-35,건축물
35.15727,126.87597,1,서구,전남광주통합특별시 서구 화정동 97-30,한전주
35.15727,126.88801,1,서구,전남광주통합특별시 서구 농성동 370-2,한전주
35.15727,126.89421,1,서구,전남광주통합특별시 서구 양동 408-14,전용주
35.15727,126.91112,1,북구,전남광주통합특별시 북구 북동 2-22,한전주
35.15728,126.88586,1,서구,전남광주통합특별시 서구 농성동 380-106,한전주
35.15728,126.88867,1,서구,전남광주통합특별시 서구 농성동 353-13,한전주
35.15729,126.8676,1,서구,전남광주통합특별시 서구 쌍촌동 253-9,한전주
35.15729,126.92874,1,동구,광주광역시 동구 산수동 552-36,한전주
35.15729,126.93073,1,동구,광주광역시 동구 산수동 541-10,건축물
35.15729,126.93382,1,동구,광주광역시 동구 산수동 531-21,한전주
35.15729,126.93535,1,동구,광주광역시 동구 산수동 508-31,한전주
35.1573,126.86764,2,서구,전남광주통합특별시 서구 쌍촌동 252-7,한전주
35.1573,126.90658,1,북구,전남광주통합특별시 북구 유동 14-6,한전주
35.15731,126.86058,1,서구,전남광주통합특별시 서구 쌍촌동 1275-4,전용주
35.15731,126.86281,1,서구,전남광주통합특별시 서구 쌍촌동 1284-4,전용주
35.15731,126.8919,1,서구,전남광주통합특별시 서구 농성동 25-12,한전주
35.15731,126.90927,1,북구,전남광주통합특별시 북구 북동 91-10,전용주
35.15731,126.92706,1,동구,광주광역시 동구 산수동 453-4,한전주
35.15731,126.94362,1,동구,광주광역시 동구 산수동 산50-3,전용주
35.15732,126.8613,1,서구,전남광주통합특별시 서구 쌍촌동 1278-3,전용주
35.15732,126.86214,1,서구,전남광주통합특별시 서구 쌍촌동 1280-6,전용주
35.15732,126.88761,1,서구,전남광주통합특별시 서구 농성동 404-16,전용주
35.15732,126.91239,1,북구,전남광주통합특별시 북구 북동 1-43,한전주
35.15732,126.91966,1,동구,광주광역시 동구 계림동 284-11,한전주
35.15732,126.93432,1,동구,광주광역시 동구 산수동 531-10,건축물
35.15733,126.93091,1,동구,광주광역시 동구 산수동 541-11,전용주
35.15733,126.93512,1,동구,광주광역시 동구 산수동 508-44,한전주
35.15734,126.92634,1,동구,광주광역시 동구 산수동 455-12,전용주
35.15735,126.9328,1,동구,광주광역시 동구 산수동 533-22,전용주
35.15735,126.93468,1,동구,광주광역시 동구 산수동 531-12,한전주
35.15736,126.89266,1,서구,전남광주통합특별시 서구 농성동 608,한전주
35.15736,126.9199,1,동구,광주광역시 동구 계림동 284-13,한전주
35.15736,126.92621,1,동구,광주광역시 동구 산수동 455-15,전용주
35.15736,126.92678,1,동구,광주광역시 동구 산수동 456-13,한전주
35.15737,126.86407,1,서구,전남광주통합특별시 서구 쌍촌동 1359-1,전용주
35.15737,126.91115,1,북구,전남광주통합특별시 북구 북동 2-21,한전주
35.15738,126.86507,1,서구,전남광주통합특별시 서구 쌍촌동 1357-9,전용주
35.15738,126.89037,1,서구,전남광주통합특별시 서구 농성동 334-1,전용주
35.15738,126.90945,1,북구,전남광주통합특별시 북구 북동 89-13,한전주
35.15738,126.93401,1,동구,광주광역시 동구 산수동 531-23,건축물
35.15738,126.93416,1,동구,광주광역시 동구 산수동 531-25,전용주
35.15739,126.87539,1,서구,전남광주통합특별시 서구 내방동 307-25,한전주
35.1574,126.88831,1,서구,전남광주통합특별시 서구 농성동 351-5,한전주
35.1574,126.91212,1,북구,전남광주통합특별시 북구 북동 1-9,한전주
35.1574,126.92995,1,동구,광주광역시 동구 산수동 548-17,한전주
35.1574,126.93484,1,동구,광주광역시 동구 산수동 531-43,전용주
35.15741,126.86174,1,서구,전남광주통합특별시 서구 쌍촌동 1279-1,전용주
35.15741,126.86245,1,서구,전남광주통합특별시 서구 쌍촌동 1280-3,전용주
35.15741,126.88462,1,서구,전남광주통합특별시 서구 농성동 391-3,한전주
35.15741,126.89131,1,서구,전남광주통합특별시 서구 농성동 25-1,전용주
35.15741,126.90878,1,북구,전남광주통합특별시 북구 북동 91-38,한전주
35.15742,126.86099,1,서구,전남광주통합특별시 서구 쌍촌동 1277-3,전용주
35.15742,126.86341,1,서구,전남광주통합특별시 서구 쌍촌동 1360-11,전용주
35.15742,126.91059,1,북구,전남광주통합특별시 북구 북동 3-18,한전주
35.15742,126.91811,1,동구,광주광역시 동구 계림동 485-57,한전주
35.15742,126.91916,1,동구,광주광역시 동구 계림동 293-14,한전주
35.15743,126.8639,1,서구,전남광주통합특별시 서구 쌍촌동 1359-11,전용주
35.15743,126.88561,1,서구,전남광주통합특별시 서구 농성동 380-100,한전주
35.15743,126.90909,1,북구,전남광주통합특별시 북구 북동 91-3,전용주
35.15743,126.912,1,북구,전남광주통합특별시 북구 북동 1-8,한전주
35.15744,126.92692,1,동구,광주광역시 동구 산수동 456-16,건축물
35.15744,126.94051,1,동구,광주광역시 동구 산수동 1-6,건축물
35.15745,126.88523,1,서구,전남광주통합특별시 서구 농성동 391-18,전용주
35.15745,126.88831,1,서구,전남광주통합특별시 서구 농성동 351-5,한전주
35.15745,126.93312,1,동구,광주광역시 동구 산수동 533-25,한전주
35.15746,126.86027,1,서구,전남광주통합특별시 서구 쌍촌동 1275-2,전용주
35.15746,126.86813,1,서구,전남광주통합특별시 서구 쌍촌동 248-3,한전주
35.15746,126.92755,1,동구,광주광역시 동구 산수동 551-38,전용주
35.15746,126.93278,1,동구,광주광역시 동구 산수동 533-23,전용주
35.15746,126.93381,1,동구,광주광역시 동구 산수동 531-20,한전주
35.15746,126.94013,1,동구,광주광역시 동구 산수동 100-4,한전주
35.15747,126.85993,1,서구,전남광주통합특별시 서구 쌍촌동 1275-9,전용주
35.15747,126.88968,1,서구,전남광주통합특별시 서구 농성동 345-27,전용주
35.15747,126.91131,1,북구,전남광주통합특별시 북구 북동 2-12,한전주
35.15747,126.91751,1,동구,광주광역시 동구 계림동 484-26,전용주
35.15747,126.93003,1,동구,광주광역시 동구 산수동 548-16,전용주
35.15748,126.88665,1,서구,전남광주통합특별시 서구 농성동 380-65,한전주
35.15748,126.9323,1,동구,광주광역시 동구 산수동 533-15,한전주
35.15748,126.93435,1,동구,광주광역시 동구 산수동 531-3,건축물
35.15749,126.8712,2,서구,전남광주통합특별시 서구 내방동 474,전용주
35.15749,126.88725,2,서구,전남광주통합특별시 서구 농성동 380-5,전용주
35.15749,126.89063,1,서구,전남광주통합특별시 서구 농성동 336,전용주
35.15749,126.93348,1,동구,광주광역시 동구 산수동 533-35,한전주
35.1575,126.86535,1,서구,전남광주통합특별시 서구 쌍촌동 1356-7,전용주
35.1575,126.91017,1,북구,전남광주통합특별시 북구 북동 89-2,건축물
35.1575,126.93458,1,동구,광주광역시 동구 산수동 531-42,건축물
35.15751,126.88602,1,서구,전남광주통합특별시 서구 농성동 380-64,한전주
35.15751,126.93263,1,동구,광주광역시 동구 산수동 533-20,전용주
35.15751,126.94106,1,동구,광주광역시 동구 산수동 79-28,한전주
35.15752,126.87479,1,서구,전남광주통합특별시 서구 내방동 307-7,한전주
35.15752,126.87953,1,서구,전남광주통합특별시 서구 화정동 23-257,한전주
35.15752,126.9126,1,북구,전남광주통합특별시 북구 중흥동 667-4,건축물
35.15752,126.92585,1,동구,광주광역시 동구 산수동 447-22,한전주
35.15753,126.86138,1,서구,전남광주통합특별시 서구 쌍촌동 1278-2,전용주
35.15753,126.88387,1,서구,전남광주통합특별시 서구 농성동 393-4,한전주
35.15753,126.88751,1,서구,전남광주통합특별시 서구 농성동 404-3,한전주
35.15753,126.89661,1,서구,전남광주통합특별시 서구 양동 374-3,한전주
35.15753,126.92731,1,동구,광주광역시 동구 산수동 551-36,한전주
35.15753,126.93504,1,동구,광주광역시 동구 산수동 508-26,한전주
35.15754,126.91246,1,북구,전남광주통합특별시 북구 중흥동 667-9,전용주
35.15755,126.90358,1,북구,전남광주통합특별시 북구 유동 31-4,한전주
35.15755,126.91725,1,동구,광주광역시 동구 계림동 489-14,한전주
35.15755,126.9201,1,동구,광주광역시 동구 계림동 284-5,한전주
35.15756,126.88743,1,서구,전남광주통합특별시 서구 농성동 403-2,한전주
35.15756,126.894,1,서구,전남광주통합특별시 서구 양동 461,한전주
35.15756,126.93418,1,동구,광주광역시 동구 산수동 531-5,한전주
35.15757,126.91028,1,북구,전남광주통합특별시 북구 북동 3-14,건축물
35.15758,126.89214,1,서구,전남광주통합특별시 서구 농성동 24-1,한전주
35.15758,126.90364,1,북구,전남광주통합특별시 북구 유동 140-15,전용주
35.15758,126.90785,1,북구,전남광주통합특별시 북구 북동 97-11,한전주
35.15758,126.9179,1,동구,광주광역시 동구 계림동 485-49,전용주
35.15759,126.94059,1,동구,광주광역시 동구 산수동 1-8,한전주
35.1576,126.86438,1,서구,전남광주통합특별시 서구 쌍촌동 1356,전용주
35.1576,126.86798,1,서구,전남광주통합특별시 서구 쌍촌동 252-10,한전주
35.1576,126.87204,1,서구,전남광주통합특별시 서구 내방동 478-2,한전주
35.1576,126.88787,1,서구,전남광주통합특별시 서구 농성동 401-12,전용주
35.1576,126.88873,9,서구,전남광주통합특별시 서구 농성동 350-6,전용주
35.1576,126.9199,1,동구,광주광역시 동구 계림동 284-6,한전주
35.1576,126.93086,1,동구,광주광역시 동구 산수동 541-7,한전주
35.15761,126.86407,1,서구,전남광주통합특별시 서구 쌍촌동 1355-1,전용주
35.15761,126.92672,1,동구,광주광역시 동구 산수동 456-14,전용주
35.15761,126.94229,1,동구,광주광역시 동구 산수동 산52-17,한전주
35.15762,126.88543,1,서구,전남광주통합특별시 서구 농성동 408-2,한전주
35.15762,126.92977,1,동구,광주광역시 동구 산수동 548-35,한전주
35.15762,126.93371,1,동구,광주광역시 동구 산수동 217-6,한전주
35.15763,126.86177,1,서구,전남광주통합특별시 서구 쌍촌동 1279,전용주
35.15763,126.86861,1,서구,전남광주통합특별시 서구 쌍촌동 249-8,한전주
35.15763,126.88581,1,서구,전남광주통합특별시 서구 농성동 380-58,전용주
35.15763,126.90832,1,북구,전남광주통합특별시 북구 북동 96-18,전용주
35.15763,126.90846,1,북구,전남광주통합특별시 북구 북동 95-9,전용주
35.15763,126.90939,1,북구,전남광주통합특별시 북구 유동 3-12,한전주
35.15763,126.92627,1,동구,광주광역시 동구 산수동 456-9,전용주
35.15763,126.92651,1,동구,광주광역시 동구 산수동 453-41,한전주
35.15763,126.93035,1,동구,광주광역시 동구 산수동 548-21,한전주
35.15764,126.88496,2,서구,전남광주통합특별시 서구 농성동 471,한전주
35.15764,126.90329,1,북구,전남광주통합특별시 북구 유동 30-3,한전주
35.15764,126.9173,1,동구,광주광역시 동구 계림동 489-23,한전주
35.15764,126.9283,1,동구,광주광역시 동구 산수동 550-38,전용주
35.15765,126.86547,1,서구,전남광주통합특별시 서구 쌍촌동 1356-8,전용주
35.15765,126.88873,1,서구,전남광주통합특별시 서구 농성동 350-6,전용주
35.15765,126.90902,1,북구,전남광주통합특별시 북구 유동 122,한전주
35.15765,126.93539,1,동구,광주광역시 동구 산수동 508-17,한전주
35.15766,126.86482,1,서구,전남광주통합특별시 서구 쌍촌동 1356-3,전용주
35.15766,126.86794,1,서구,전남광주통합특별시 서구 쌍촌동 251-2,전용주
35.15766,126.90984,1,북구,전남광주통합특별시 북구 중흥동 723-7,한전주
35.15766,126.91811,1,동구,광주광역시 동구 계림동 485-47,한전주
35.15767,126.88961,1,서구,전남광주통합특별시 서구 농성동 345-19,전용주
35.15768,126.9183,1,동구,광주광역시 동구 계림동 485-46,한전주
35.15768,126.92665,1,동구,광주광역시 동구 산수동 456-4,전용주
35.15768,126.92712,1,동구,광주광역시 동구 산수동 551-62,전용주
35.15768,126.94069,1,동구,광주광역시 동구 산수동 1-9,한전주
35.15769,126.87956,1,서구,전남광주통합특별시 서구 화정동 23-281,한전주
35.1577,126.86088,1,서구,전남광주통합특별시 서구 쌍촌동 1277-8,전용주
35.1577,126.86356,1,서구,전남광주통합특별시 서구 쌍촌동 1355-4,전용주
35.1577,126.88873,1,서구,전남광주통합특별시 서구 농성동 350-6,한전주
35.1577,126.90314,1,북구,전남광주통합특별시 북구 유동 76-9 현대상사,한전주
35.1577,126.92986,1,동구,광주광역시 동구 산수동 548-34,한전주
35.1577,126.9344,5,동구,광주광역시 동구 산수동 562-1,한전주
35.15771,126.86273,1,서구,전남광주통합특별시 서구 쌍촌동 1284-8,전용주
35.15771,126.86329,1,서구,전남광주통합특별시 서구 쌍촌동 1355-6,전용주
35.15771,126.8909,1,서구,전남광주통합특별시 서구 농성동 338,전용주
35.15771,126.91061,1,북구,전남광주통합특별시 북구 북동 3-22,한전주
35.15771,126.91287,1,북구,전남광주통합특별시 북구 중흥동 668-12,한전주
35.15771,126.93347,1,동구,광주광역시 동구 산수동 228-7,전용주
35.15772,126.89327,1,서구,전남광주통합특별시 서구 양동 410,한전주
35.15772,126.91017,1,북구,전남광주통합특별시 북구 북동 3-28,전용주
35.15772,126.92744,1,동구,광주광역시 동구 산수동 551-32,전용주
35.15773,126.86004,1,서구,전남광주통합특별시 서구 쌍촌동 1274-10,전용주
35.15773,126.86235,1,서구,전남광주통합특별시 서구 쌍촌동 1281-7,전용주
35.15773,126.8861,1,서구,전남광주통합특별시 서구 농성동 380-61,한전주
35.15773,126.88811,1,서구,전남광주통합특별시 서구 농성동 351-7,한전주
35.15773,126.8937,3,서구,전남광주통합특별시 서구 양동 420-5,전용주
35.15773,126.89686,1,서구,전남광주통합특별시 서구 양동 367-85,전용주
35.15773,126.91867,1,동구,광주광역시 동구 계림동 485-13,한전주
35.15773,126.9331,1,동구,광주광역시 동구 산수동 227-10,한전주
35.15773,126.93393,1,동구,광주광역시 동구 산수동 234-1,건축물
35.15773,126.93427,1,동구,광주광역시 동구 산수동 236-1,한전주
35.15773,126.93491,1,동구,광주광역시 동구 산수동 508-28,한전주
35.15774,126.85962,1,서구,전남광주통합특별시 서구 쌍촌동 1271-6,전용주
35.15774,126.90798,1,북구,전남광주통합특별시 북구 북동 97-4,건축물
35.15774,126.92781,1,동구,광주광역시 동구 산수동 550-44,한전주
35.15775,126.88944,1,서구,전남광주통합특별시 서구 농성동 345-86,한전주
35.15775,126.91138,1,북구,전남광주통합특별시 북구 북동 2-7,건축물
35.15775,126.93303,1,동구,광주광역시 동구 산수동 219-4,한전주
35.15776,126.86103,1,서구,전남광주통합특별시 서구 쌍촌동 1277-1,전용주
35.15776,126.93079,1,동구,광주광역시 동구 산수동 541-31,전용주
35.15776,126.93234,1,동구,광주광역시 동구 산수동 533-26,한전주
35.15777,126.88784,1,서구,전남광주통합특별시 서구 농성동 349-8,한전주
35.15777,126.92905,1,동구,광주광역시 동구 산수동 547-69,전용주
35.15778,126.86148,1,서구,전남광주통합특별시 서구 쌍촌동 1278,전용주
35.15778,126.86207,1,서구,전남광주통합특별시 서구 쌍촌동 1281-5,전용주
35.15778,126.88736,1,서구,전남광주통합특별시 서구 농성동 403-1,전용주
35.15778,126.93436,1,동구,광주광역시 동구 산수동 255-2,한전주
35.15778,126.93521,1,동구,광주광역시 동구 산수동 508-21,건축물
35.15779,126.88479,1,서구,전남광주통합특별시 서구 농성동 470-4,전용주
35.15779,126.88899,1,서구,전남광주통합특별시 서구 농성동 345-93,한전주
35.1578,126.90996,1,북구,전남광주통합특별시 북구 중흥동 723-2,한전주
35.1578,126.91698,1,동구,광주광역시 동구 계림동 489-25,한전주
35.1578,126.93019,1,동구,광주광역시 동구 산수동 548-32,한전주
35.1578,126.93169,1,동구,광주광역시 동구 산수동 538-40,전용주
35.15781,126.90668,1,북구,전남광주통합특별시 북구 유동 10-15 새마을금고,한전주
35.15781,126.91268,1,북구,전남광주통합특별시 북구 중흥동 668-13,한전주
35.15781,126.93272,1,동구,광주광역시 동구 산수동 534-25,한전주
35.15781,126.93389,1,동구,광주광역시 동구 산수동 233-1,한전주
35.15781,126.93584,1,동구,광주광역시 동구 산수동 107-3,한전주
35.15782,126.86195,1,서구,전남광주통합특별시 서구 쌍촌동 1281-4,전용주
35.15782,126.88557,1,서구,전남광주통합특별시 서구 농성동 470-6,전용주
35.15782,126.92584,1,동구,광주광역시 동구 계림동 521-36,한전주
35.15782,126.92594,1,동구,광주광역시 동구 계림동 521-35,한전주
35.15782,126.92944,1,동구,광주광역시 동구 산수동 548-41,한전주
35.15782,126.93596,1,동구,광주광역시 동구 산수동 104-6,한전주
35.15783,126.86723,1,서구,전남광주통합특별시 서구 쌍촌동 267-15,한전주
35.15783,126.88515,1,서구,전남광주통합특별시 서구 농성동 470-2,전용주
35.15783,126.89212,1,서구,전남광주통합특별시 서구 양동 416-5,한전주
35.15783,126.93052,1,동구,광주광역시 동구 산수동 541-36,한전주
35.15783,126.9345,1,동구,광주광역시 동구 산수동 255-4,전용주
35.15783,126.9372,1,동구,광주광역시 동구 산수동 104-10,한전주
35.15784,126.92988,1,동구,광주광역시 동구 산수동 548-5,전용주
35.15784,126.93608,3,동구,광주광역시 동구 산수동 104-3,한전주
35.15785,126.87937,3,서구,전남광주통합특별시 서구 화정동 23-5,전용주
35.15785,126.87968,1,서구,전남광주통합특별시 서구 화정동 23-11,한전주
35.15785,126.88402,1,서구,전남광주통합특별시 서구 농성동 392-5,전용주
35.15785,126.8966,1,서구,전남광주통합특별시 서구 양동 373-1,
35.15785,126.91041,1,북구,전남광주통합특별시 북구 북동 3-4,한전주
35.15785,126.91783,1,동구,광주광역시 동구 계림동 488-6,한전주
35.15785,126.93223,1,동구,광주광역시 동구 산수동 534-41,한전주
35.15785,126.93347,1,동구,광주광역시 동구 산수동 228-6,건축물
35.15786,126.90818,1,북구,전남광주통합특별시 북구 유동 5-1,건축물
35.15786,126.93262,1,동구,광주광역시 동구 산수동 534-13,한전주
35.15787,126.90303,1,북구,전남광주통합특별시 북구 유동 29-11,한전주
35.15787,126.91828,1,동구,광주광역시 동구 계림동 485-5,한전주
35.15787,126.92825,1,동구,광주광역시 동구 산수동 550-47,전용주
35.15788,126.88512,2,서구,전남광주통합특별시 서구 농성동 470,전용주
35.15788,126.88834,1,서구,전남광주통합특별시 서구 농성동 350-1,한전주
35.15788,126.93389,1,동구,광주광역시 동구 산수동 233-1,한전주
35.15789,126.88512,1,서구,전남광주통합특별시 서구 농성동 470-2,한전주
35.15789,126.93473,1,동구,광주광역시 동구 산수동 255-1,전용주
35.1579,126.88649,1,서구,전남광주통합특별시 서구 농성동 412-3,한전주
35.1579,126.8865,1,서구,전남광주통합특별시 서구 농성동 412-3,한전주
35.1579,126.89698,1,서구,전남광주통합특별시 서구 양동 367-81,한전주
35.1579,126.91236,1,북구,전남광주통합특별시 북구 중흥동 670-10,전용주
35.1579,126.93326,1,동구,광주광역시 동구 산수동 228-1,한전주
35.15791,126.8871,3,서구,전남광주통합특별시 서구 농성동 406-19,한전주
35.15791,126.9131,1,북구,전남광주통합특별시 북구 중흥동 668-29,한전주
35.15792,126.86132,6,서구,전남광주통합특별시 서구 쌍촌동 1276,전용주
35.15792,126.92904,1,동구,광주광역시 동구 산수동 547-64,전용주
35.15792,126.93077,1,동구,광주광역시 동구 산수동 541-19,전용주
35.15792,126.93326,1,동구,광주광역시 동구 산수동 228-1,전용주
35.15793,126.86132,1,서구,전남광주통합특별시 서구 쌍촌동 1276,전용주
35.15793,126.89605,9,서구,전남광주통합특별시 서구 양동 462,전용주
35.15793,126.92689,1,동구,광주광역시 동구 산수동 551-56,한전주
35.15793,126.93173,1,동구,광주광역시 동구 산수동 538-52,전용주
35.15794,126.8879,1,서구,전남광주통합특별시 서구 농성동 349-6,한전주
35.15794,126.91197,1,북구,전남광주통합특별시 북구 중흥동 670-13,한전주
35.15794,126.92002,1,동구,광주광역시 동구 계림동 284-1,한전주
35.15794,126.9259,1,동구,광주광역시 동구 계림동 521-33,건축물
35.15795,126.86059,1,서구,전남광주통합특별시 서구 쌍촌동 1273-8,전용주
35.15795,126.88782,1,서구,전남광주통합특별시 서구 농성동 349-6,전용주
35.15795,126.8879,1,서구,전남광주통합특별시 서구 농성동 349-6,전용주
35.15795,126.92621,1,동구,광주광역시 동구 계림동 521-22,건축물
35.15795,126.92796,1,동구,광주광역시 동구 산수동 550-34,전용주
35.15795,126.9303,1,동구,광주광역시 동구 산수동 548-2,전용주
35.15796,126.90297,1,북구,전남광주통합특별시 북구 유동 29-10,전용주
35.15796,126.90993,1,북구,전남광주통합특별시 북구 중흥동 672-12,한전주
35.15796,126.91818,1,동구,광주광역시 동구 계림동 487-2,한전주
35.15796,126.92609,1,동구,광주광역시 동구 계림동 521-32,건축물
35.15797,126.89649,1,서구,전남광주통합특별시 서구 양동 398-26,한전주
35.15797,126.93491,1,동구,광주광역시 동구 산수동 714,전용주
35.15798,126.88109,5,서구,전남광주통합특별시 서구 화정동 12-50,전용주
35.15798,126.89718,1,서구,전남광주통합특별시 서구 양동 367-74,전용주
35.15798,126.93499,1,동구,광주광역시 동구 산수동 111-20,한전주
35.15799,126.93053,1,동구,광주광역시 동구 산수동 541-27,전용주
35.158,126.91271,1,북구,전남광주통합특별시 북구 중흥동 668-15,한전주
35.158,126.91273,1,북구,전남광주통합특별시 북구 중흥동 668-15,한전주
35.158,126.91748,1,동구,광주광역시 동구 계림동 489-19,전용주
35.158,126.9328,1,동구,광주광역시 동구 산수동 227-11,전용주
35.15801,126.86148,1,서구,전남광주통합특별시 서구 쌍촌동 1281-1,전용주
35.15801,126.90844,1,북구,전남광주통합특별시 북구 유동 2-9,한전주
35.15801,126.91092,1,북구,전남광주통합특별시 북구 중흥동 740-10,한전주
35.15802,126.92692,1,동구,광주광역시 동구 산수동 551-53,전용주
35.15802,126.92756,1,동구,광주광역시 동구 산수동 550-68,한전주
35.15803,126.85998,1,서구,전남광주통합특별시 서구 쌍촌동 1273-13,전용주
35.15803,126.90662,1,북구,전남광주통합특별시 북구 유동 10-7,한전주
35.15803,126.93214,1,동구,광주광역시 동구 산수동 534-39,한전주
35.15804,126.89385,1,서구,전남광주통합특별시 서구 양동 423-18,건축물
35.15804,126.92001,1,동구,광주광역시 동구 계림동 288-2,한전주
35.15804,126.92581,1,동구,광주광역시 동구 계림동 521-29,건축물
35.15805,126.91896,1,동구,광주광역시 동구 계림동 485-30,전용주
35.15806,126.8596,1,서구,전남광주통합특별시 서구 쌍촌동 1271-4,전용주
35.15806,126.87921,1,서구,전남광주통합특별시 서구 화정동 23-309,전용주
35.15806,126.88914,1,서구,전남광주통합특별시 서구 농성동 345-4,전용주
35.15806,126.9288,1,동구,광주광역시 동구 산수동 547-61,전용주
35.15807,126.88676,1,서구,전남광주통합특별시 서구 농성동 380-40,한전주
35.15807,126.91291,1,북구,전남광주통합특별시 북구 중흥동 668-16,건축물
35.15807,126.92606,1,동구,광주광역시 동구 계림동 521-23,건축물
35.15807,126.93528,1,동구,광주광역시 동구 산수동 111-14,한전주
35.15807,126.93588,1,동구,광주광역시 동구 산수동 108-4,전용주
35.15808,126.86363,2,서구,전남광주통합특별시 서구 쌍촌동 1350-12,전용주
35.15808,126.885,1,서구,전남광주통합특별시 서구 농성동 469,한전주
35.15808,126.88795,1,서구,전남광주통합특별시 서구 농성동 349-20,한전주
35.15808,126.8968,1,서구,전남광주통합특별시 서구 양동 398-23,전용주
35.15809,126.89618,1,서구,전남광주통합특별시 서구 양동 398-27,한전주
35.15809,126.91896,1,동구,광주광역시 동구 계림동 485-30,한전주
35.15809,126.92576,1,동구,광주광역시 동구 계림동 521-28,한전주
35.15809,126.93174,1,동구,광주광역시 동구 산수동 538-4,건축물
35.1581,126.93028,1,동구,광주광역시 동구 산수동 548-1,한전주
35.1581,126.93211,1,동구,광주광역시 동구 산수동 534-11,한전주
35.1581,126.9335,1,동구,광주광역시 동구 산수동 240-14,한전주
35.1581,126.9371,1,동구,광주광역시 동구 산수동 104-41,한전주
35.15811,126.9267,1,동구,광주광역시 동구 산수동 551-59,한전주
35.15812,126.87955,1,서구,전남광주통합특별시 서구 화정동 23-259,한전주
35.15812,126.91099,1,북구,전남광주통합특별시 북구 중흥동 671-18,한전주
35.15812,126.92779,1,동구,광주광역시 동구 산수동 550-32,건축물
35.15813,126.89316,1,서구,전남광주통합특별시 서구 양동 420-3,한전주
35.15813,126.8944,1,서구,전남광주통합특별시 서구 양동 427-1,한전주
35.15813,126.90772,1,북구,전남광주통합특별시 북구 유동 7-3,전용주
35.15813,126.91234,1,북구,전남광주통합특별시 북구 중흥동 669-48,한전주
35.15814,126.89418,1,서구,전남광주통합특별시 서구 양동 423-6,한전주
35.15814,126.89659,4,서구,전남광주통합특별시 서구 양동 371-26,한전주
35.15815,126.88656,2,서구,전남광주통합특별시 서구 농성동 412-7,한전주
35.15815,126.88707,1,서구,전남광주통합특별시 서구 농성동 380-45,건축물
35.15815,126.89124,2,서구,전남광주통합특별시 서구 농성동 338-1,한전주
35.15815,126.90954,1,북구,전남광주통합특별시 북구 유동 1-21,한전주
35.15815,126.91688,1,동구,광주광역시 동구 계림동 587-13,한전주
35.15815,126.92639,1,동구,광주광역시 동구 계림동 521-6,한전주
35.15816,126.90531,1,북구,전남광주통합특별시 북구 유동 112-14,한전주
35.15816,126.90543,1,북구,전남광주통합특별시 북구 유동 112-13,한전주
35.15816,126.93014,1,동구,광주광역시 동구 산수동 548-54,전용주
35.15816,126.93612,1,동구,광주광역시 동구 산수동 108-11,전용주
35.15817,126.86109,1,서구,전남광주통합특별시 서구 쌍촌동 1272-9,전용주
35.15817,126.86658,1,서구,전남광주통합특별시 서구 쌍촌동 153-1,한전주
35.15817,126.88601,1,서구,전남광주통합특별시 서구 농성동 414-2,한전주
35.15817,126.89365,1,서구,전남광주통합특별시 서구 양동 423-12,전용주
35.15818,126.89204,1,서구,전남광주통합특별시 서구 양동 416-4,건축물
35.15819,126.89229,1,서구,전남광주통합특별시 서구 양동 416-1,한전주
35.15819,126.89403,1,서구,전남광주통합특별시 서구 양동 423-7,한전주
35.15819,126.90925,1,북구,전남광주통합특별시 북구 유동 1-54,한전주
35.15819,126.94455,2,동구,광주광역시 동구 산수동 산49-2,전용주
35.1582,126.90762,1,북구,전남광주통합특별시 북구 유동 7-21,전용주
35.1582,126.91802,1,동구,광주광역시 동구 계림동 487-18,한전주
35.1582,126.92776,1,동구,광주광역시 동구 산수동 550-80,전용주
35.1582,126.93238,1,동구,광주광역시 동구 산수동 227-15,전용주
35.1582,126.9335,1,동구,광주광역시 동구 산수동 240-14,한전주
35.1582,126.93557,1,동구,광주광역시 동구 산수동 111-34,한전주
35.15821,126.9097,1,북구,전남광주통합특별시 북구 유동 1-2,한전주
35.15821,126.91744,1,동구,광주광역시 동구 계림동 489-1,한전주
35.15822,126.93079,1,동구,광주광역시 동구 산수동 541-21,전용주
35.15823,126.866,1,서구,전남광주통합특별시 서구 쌍촌동 149,한전주
35.15823,126.86609,1,서구,전남광주통합특별시 서구 쌍촌동 149,한전주
35.15823,126.90835,1,북구,전남광주통합특별시 북구 유동 2-5,한전주
35.15823,126.90903,1,북구,전남광주통합특별시 북구 유동 1-46,한전주
35.15823,126.91284,1,북구,전남광주통합특별시 북구 중흥동 668-17,한전주
35.15823,126.91676,1,동구,광주광역시 동구 계림동 587-14,전용주
35.15823,126.93227,1,동구,광주광역시 동구 산수동 227-3,전용주
35.15824,126.88457,1,서구,전남광주통합특별시 서구 농성동 392-1,전용주
35.15824,126.88822,1,서구,전남광주통합특별시 서구 농성동 348-13,한전주
35.15824,126.89677,1,서구,전남광주통합특별시 서구 양동 371-19,한전주
35.15824,126.91844,2,동구,광주광역시 동구 계림동 291-7,전용주
35.15824,126.92687,1,동구,광주광역시 동구 산수동 551-44,전용주
35.15824,126.93728,1,동구,광주광역시 동구 산수동 104-34,한전주
35.15825,126.88733,1,서구,전남광주통합특별시 서구 농성동 406-39,건축물
35.15826,126.88823,1,서구,전남광주통합특별시 서구 농성동 348-13,한전주
35.15826,126.90812,1,북구,전남광주통합특별시 북구 유동 2-7,한전주
35.15826,126.92909,1,동구,광주광역시 동구 산수동 463-12,한전주
35.15827,126.85961,1,서구,전남광주통합특별시 서구 쌍촌동 1271-3,전용주
35.15827,126.88689,2,서구,전남광주통합특별시 서구 농성동 380-22,한전주
35.15827,126.91212,1,북구,전남광주통합특별시 북구 중흥동 670-24,한전주
35.15828,126.87743,1,서구,전남광주통합특별시 서구 화정동 23-253,한전주
35.15828,126.89236,1,서구,전남광주통합특별시 서구 양동 419-6,한전주
35.15828,126.91121,2,북구,전남광주통합특별시 북구 중흥동 671-7,전용주
35.15828,126.91633,1,동구,광주광역시 동구 계림동 588-5,한전주
35.15828,126.92087,1,동구,광주광역시 동구 계림동 241-1,건축물
35.15829,126.87961,1,서구,전남광주통합특별시 서구 화정동 23-10,한전주
35.15829,126.89641,1,서구,전남광주통합특별시 서구 양동 431-11,전용주
35.15829,126.90944,1,북구,전남광주통합특별시 북구 유동 1-38,전용주
35.15829,126.9328,1,동구,광주광역시 동구 산수동 164-42,한전주
35.1583,126.92987,1,동구,광주광역시 동구 산수동 546-9,한전주
35.15831,126.86072,1,서구,전남광주통합특별시 서구 쌍촌동 1272-6,전용주
35.15831,126.86329,1,서구,전남광주통합특별시 서구 쌍촌동 1350-6,전용주
35.15831,126.89496,1,서구,전남광주통합특별시 서구 양동 460,전용주
35.15831,126.90808,1,북구,전남광주통합특별시 북구 유동 120-1,한전주
35.15831,126.92344,1,동구,광주광역시 동구 계림동 191-1,한전주
35.15831,126.92357,1,동구,광주광역시 동구 계림동 191-4,전용주
35.15831,126.93028,1,동구,광주광역시 동구 산수동 546-47,한전주
35.15832,126.88896,1,서구,전남광주통합특별시 서구 농성동 345-55,전용주
35.15832,126.89588,1,서구,전남광주통합특별시 서구 양동 432-23,한전주
35.15832,126.90256,1,북구,전남광주통합특별시 북구 유동 29 진카센터,한전주
35.15832,126.9261,1,동구,광주광역시 동구 계림동 521-42,건축물
35.15832,126.9272,1,동구,광주광역시 동구 산수동 550-30,전용주
35.15832,126.93315,1,동구,광주광역시 동구 산수동 164-56,한전주
35.15833,126.87761,1,서구,전남광주통합특별시 서구 화정동 23-254,한전주
35.15833,126.88059,1,서구,전남광주통합특별시 서구 화정동 134-19,한전주
35.15833,126.88899,1,서구,전남광주통합특별시 서구 농성동 346-8,전용주
35.15833,126.92845,1,동구,광주광역시 동구 산수동 547-19,전용주
35.15833,126.93054,1,동구,광주광역시 동구 산수동 542-10,전용주
35.15834,126.87901,1,서구,전남광주통합특별시 서구 화정동 23-220,한전주
35.15834,126.89195,1,서구,전남광주통합특별시 서구 양동 416-12,전용주
35.15835,126.90566,1,북구,전남광주통합특별시 북구 유동 112-29,건축물
35.15835,126.93214,1,동구,광주광역시 동구 산수동 534-22,한전주
35.15836,126.86628,1,서구,전남광주통합특별시 서구 쌍촌동 151-1,전용주
35.15836,126.88746,1,서구,전남광주통합특별시 서구 농성동 405-4,한전주
35.15836,126.91256,1,북구,전남광주통합특별시 북구 중흥동 669-41,전용주
35.15836,126.91966,1,동구,광주광역시 동구 계림동 292-11,한전주
35.15837,126.87901,1,서구,전남광주통합특별시 서구 화정동 23-220,전용주
35.15837,126.90808,7,북구,전남광주통합특별시 북구 유동 120-1,한전주
35.15837,126.91724,1,동구,광주광역시 동구 계림동 586-9,한전주
35.15837,126.9175,1,동구,광주광역시 동구 계림동 487-30,건축물
35.15837,126.91766,1,동구,광주광역시 동구 계림동 487-29,건축물
35.15837,126.93234,1,동구,광주광역시 동구 산수동 164-54,한전주
35.15838,126.87901,4,서구,전남광주통합특별시 서구 화정동 23-220,한전주
35.15838,126.9044,1,북구,전남광주통합특별시 북구 유동 113-22,한전주
35.15838,126.9088,1,북구,전남광주통합특별시 북구 유동 1-44,한전주
35.15838,126.91618,1,동구,광주광역시 동구 계림동 588-3,한전주
35.15838,126.9285,1,동구,광주광역시 동구 산수동 547-22,한전주
35.15838,126.93058,1,동구,광주광역시 동구 산수동 542-10,전용주
35.15839,126.87901,2,서구,전남광주통합특별시 서구 화정동 23-220,전용주
35.15839,126.89357,1,서구,전남광주통합특별시 서구 양동 424-4,전용주
35.15839,126.9086,1,북구,전남광주통합특별시 북구 유동 1-30,건축물
35.15839,126.92758,1,동구,광주광역시 동구 산수동 550-78,전용주
35.1584,126.8938,1,서구,전남광주통합특별시 서구 양동 425-4,한전주
35.1584,126.89599,1,서구,전남광주통합특별시 서구 양동 432-21,한전주
35.1584,126.89646,1,서구,전남광주통합특별시 서구 양동 431-8,한전주
35.1584,126.93238,1,동구,광주광역시 동구 산수동 164-54,한전주
35.1584,126.93572,1,동구,광주광역시 동구 산수동 112-24,한전주
35.15841,126.91014,1,북구,전남광주통합특별시 북구 중흥동 674-11,한전주
35.15841,126.92567,1,동구,광주광역시 동구 계림동 521-11,한전주
35.15841,126.92593,1,동구,광주광역시 동구 계림동 521-45,건축물
35.15842,126.86046,1,서구,전남광주통합특별시 서구 쌍촌동 1272-4,전용주
35.15842,126.86662,1,서구,전남광주통합특별시 서구 쌍촌동 269-8,전용주
35.15842,126.86666,2,서구,전남광주통합특별시 서구 쌍촌동 269-8,전용주
35.15842,126.88881,1,서구,전남광주통합특별시 서구 농성동 346-20,한전주
35.15842,126.91238,1,북구,전남광주통합특별시 북구 중흥동 669-30,한전주
35.15844,126.88851,1,서구,전남광주통합특별시 서구 농성동 348-10,전용주
35.15844,126.90394,1,북구,전남광주통합특별시 북구 유동 113-15,한전주
35.15844,126.90976,1,북구,전남광주통합특별시 북구 중흥동 716-25,한전주
35.15845,126.89233,1,서구,전남광주통합특별시 서구 양동 419-2,전용주
35.15845,126.90416,1,북구,전남광주통합특별시 북구 유동 113-16,건축물
35.15845,126.92641,1,동구,광주광역시 동구 계림동 520-44,한전주
35.15846,126.88788,1,서구,전남광주통합특별시 서구 농성동 347-5,한전주
35.15846,126.89432,1,서구,전남광주통합특별시 서구 양동 428-11,한전주
35.15847,126.90462,1,북구,전남광주통합특별시 북구 유동 113-8,한전주
35.15847,126.90862,1,북구,전남광주통합특별시 북구 유동 1-42,건축물
35.15848,126.88498,1,서구,전남광주통합특별시 서구 농성동 467-2,전용주
35.15848,126.90519,1,북구,전남광주통합특별시 북구 유동 112-22,한전주
35.15848,126.90831,1,북구,전남광주통합특별시 북구 유동 1-14,한전주
35.15848,126.91204,1,북구,전남광주통합특별시 북구 중흥동 670-24,전용주
35.15849,126.88476,1,서구,전남광주통합특별시 서구 농성동 468-5,전용주
35.15849,126.90728,1,북구,전남광주통합특별시 북구 유동 9-1,한전주
35.15849,126.93244,1,동구,광주광역시 동구 산수동 164-50,한전주
35.1585,126.89213,4,서구,전남광주통합특별시 서구 양동 439-137,한전주
35.1585,126.91279,1,북구,전남광주통합특별시 북구 중흥동 669-26,전용주
35.1585,126.92309,2,동구,광주광역시 동구 계림동 191-2,한전주
35.1585,126.93607,1,동구,광주광역시 동구 산수동 112-30,건축물
35.15851,126.86018,1,서구,전남광주통합특별시 서구 쌍촌동 1272-2,전용주
35.15852,126.88722,1,서구,전남광주통합특별시 서구 농성동 406-11,한전주
35.15852,126.92836,2,동구,광주광역시 동구 산수동 463-20,한전주
35.15853,126.91062,1,북구,전남광주통합특별시 북구 중흥동 671-10,한전주
35.15853,126.91069,1,북구,전남광주통합특별시 북구 중흥동 671-10,한전주
35.15853,126.91692,1,동구,광주광역시 동구 계림동 586-13,한전주
35.15853,126.91782,1,동구,광주광역시 동구 계림동 585-1,한전주
35.15853,126.91963,1,동구,광주광역시 동구 계림동 178-38,전용주
35.15853,126.91964,1,동구,광주광역시 동구 계림동 178-38,전용주
35.15854,126.89464,1,서구,전남광주통합특별시 서구 양동 428-27,전용주
35.15854,126.91069,1,북구,전남광주통합특별시 북구 중흥동 671-10,한전주
35.15854,126.91735,1,동구,광주광역시 동구 계림동 586-7,한전주
35.15854,126.91801,1,동구,광주광역시 동구 계림동 585-3,한전주
35.15854,126.92309,1,동구,광주광역시 동구 계림동 191-2,전용주
35.15855,126.89143,1,서구,전남광주통합특별시 서구 양동 439-134,전용주
35.15855,126.91313,1,북구,전남광주통합특별시 북구 중흥동 663-5,전용주
35.15855,126.9283,1,동구,광주광역시 동구 산수동 547-57,한전주
35.15855,126.93018,1,동구,광주광역시 동구 산수동 546-34,한전주
35.15856,126.85963,1,서구,전남광주통합특별시 서구 쌍촌동 1271-1,전용주
35.15856,126.89614,1,서구,전남광주통합특별시 서구 양동 432,전용주
35.15856,126.92697,1,동구,광주광역시 동구 계림동 519-55,한전주
35.15856,126.92812,1,동구,광주광역시 동구 산수동 547-37,전용주
35.15857,126.90401,1,북구,전남광주통합특별시 북구 유동 113-19,한전주
35.15858,126.86628,1,서구,전남광주통합특별시 서구 쌍촌동 269-3,한전주
35.15858,126.9079,1,북구,전남광주통합특별시 북구 유동 6-12,한전주
35.15858,126.92566,1,동구,광주광역시 동구 계림동 521-10,건축물
35.15859,126.89466,1,서구,전남광주통합특별시 서구 양동 428-27,전용주
35.1586,126.86379,1,서구,전남광주통합특별시 서구 쌍촌동 1351-3,전용주
35.1586,126.88864,1,서구,전남광주통합특별시 서구 농성동 346-16,한전주
35.1586,126.88867,1,서구,전남광주통합특별시 서구 농성동 346-16,한전주
35.1586,126.89566,1,서구,전남광주통합특별시 서구 양동 434-3,전용주
35.1586,126.93159,1,동구,광주광역시 동구 산수동 537-39,전용주
35.1586,126.93291,1,동구,광주광역시 동구 산수동 164-19,한전주
35.15861,126.86352,1,서구,전남광주통합특별시 서구 쌍촌동 1351-6,전용주
35.15861,126.91882,1,동구,광주광역시 동구 계림동 178-55,전용주
35.15862,126.90965,1,북구,전남광주통합특별시 북구 중흥동 716-10,한전주
35.15862,126.92042,1,동구,광주광역시 동구 계림동 95-2,한전주
35.15862,126.92709,1,동구,광주광역시 동구 계림동 519-56,한전주
35.15863,126.88607,1,서구,전남광주통합특별시 서구 농성동 420-12,한전주
35.15863,126.8916,1,서구,전남광주통합특별시 서구 양동 439-126,전용주
35.15863,126.92658,1,동구,광주광역시 동구 계림동 520-40,한전주
35.15863,126.93275,1,동구,광주광역시 동구 산수동 164-24,한전주
35.15864,126.84695,7,서구,전남광주통합특별시 서구 치평동 1166-1,전용주
35.15864,126.88823,1,서구,전남광주통합특별시 서구 농성동 347-15,전용주
35.15864,126.89242,1,서구,전남광주통합특별시 서구 양동 437-5,전용주
35.15864,126.90359,1,북구,전남광주통합특별시 북구 유동 140-48,한전주
35.15864,126.90677,1,북구,전남광주통합특별시 북구 유동 8-9,한전주
35.15864,126.91626,1,동구,광주광역시 동구 계림동 587-19,전용주
35.15864,126.94374,2,동구,광주광역시 동구 산수동 산47-6,한전주
35.15865,126.88782,1,서구,전남광주통합특별시 서구 농성동 424-6,전용주
35.15865,126.89536,1,서구,전남광주통합특별시 서구 양동 434-17,전용주
35.15865,126.91596,1,동구,광주광역시 동구 계림동 589-5,한전주
35.15865,126.93203,1,동구,광주광역시 동구 산수동 534-18,한전주
35.15866,126.90771,1,북구,전남광주통합특별시 북구 유동 6-7,한전주
35.15866,126.90905,1,북구,전남광주통합특별시 북구 중흥동 717-17,한전주
35.15866,126.92655,1,동구,광주광역시 동구 계림동 520-40,한전주
35.15867,126.9294,4,동구,광주광역시 동구 산수동 463-9,전용주
35.15868,126.88588,1,서구,전남광주통합특별시 서구 농성동 416-4,한전주
35.15868,126.88747,1,서구,전남광주통합특별시 서구 농성동 424-11,한전주
35.15869,126.89359,1,서구,전남광주통합특별시 서구 양동 425-25,한전주
35.15869,126.91297,1,북구,전남광주통합특별시 북구 중흥동 663-6,한전주
35.15869,126.9316,1,동구,광주광역시 동구 산수동 537-11,전용주
35.1587,126.89245,1,서구,전남광주통합특별시 서구 양동 437-4,한전주
35.1587,126.91905,1,동구,광주광역시 동구 계림동 178-16,한전주
35.1587,126.92842,2,동구,광주광역시 동구 산수동 463-19,한전주
35.15871,126.89215,1,서구,전남광주통합특별시 서구 양동 439-1,전용주
35.15871,126.90988,1,북구,전남광주통합특별시 북구 중흥동 716-3,한전주
35.15871,126.92971,1,동구,광주광역시 동구 산수동 546-14,한전주
35.15871,126.9305,1,동구,광주광역시 동구 산수동 542-37,전용주
35.15872,126.88522,1,서구,전남광주통합특별시 서구 농성동 466-3,전용주
35.15872,126.90924,1,북구,전남광주통합특별시 북구 중흥동 717-5,전용주
35.15873,126.89619,1,서구,전남광주통합특별시 서구 양동 432-9,한전주
35.15873,126.91793,1,동구,광주광역시 동구 계림동 584-12,한전주
35.15874,126.88591,1,서구,전남광주통합특별시 서구 농성동 416-5,한전주
35.15874,126.91714,1,동구,광주광역시 동구 계림동 586-4,한전주
35.15874,126.93244,1,동구,광주광역시 동구 산수동 164-57,전용주
35.15875,126.86642,1,서구,전남광주통합특별시 서구 쌍촌동 270-2,전용주
35.15875,126.93025,2,동구,광주광역시 동구 산수동 562-5,한전주
35.15876,126.89397,1,서구,전남광주통합특별시 서구 양동 425-14,한전주
35.15876,126.89504,1,서구,전남광주통합특별시 서구 양동 459,한전주
35.15876,126.91181,1,북구,전남광주통합특별시 북구 중흥동 670-23,한전주
35.15876,126.91539,1,동구,광주광역시 동구 계림동 589-1,전용주
35.15876,126.91663,1,동구,광주광역시 동구 계림동 586-16,한전주
35.15876,126.92679,1,동구,광주광역시 동구 계림동 519-49,건축물
35.15877,126.89245,1,서구,전남광주통합특별시 서구 양동 437-4,전용주
35.15877,126.89604,1,서구,전남광주통합특별시 서구 양동 432-10,전용주
35.15878,126.89382,1,서구,전남광주통합특별시 서구 양동 425-34,전용주
35.15878,126.89536,1,서구,전남광주통합특별시 서구 양동 434-20,한전주
35.15878,126.91612,1,동구,광주광역시 동구 계림동 587-21,한전주
35.15878,126.91708,1,동구,광주광역시 동구 계림동 586-3,한전주
35.15878,126.924,1,동구,광주광역시 동구 계림동 52,한전주
35.15878,126.92572,1,동구,광주광역시 동구 계림동 521-55,한전주
35.15879,126.92599,1,동구,광주광역시 동구 계림동 520-31,한전주
35.15879,126.93016,1,동구,광주광역시 동구 산수동 546-24,한전주
35.1588,126.8882,1,서구,전남광주통합특별시 서구 농성동 424-9,전용주
35.1588,126.89439,1,서구,전남광주통합특별시 서구 양동 456-90,전용주
35.1588,126.93623,1,동구,광주광역시 동구 산수동 571-3,한전주
35.15881,126.91156,1,북구,전남광주통합특별시 북구 중흥동 670-22,한전주
35.15881,126.92666,1,동구,광주광역시 동구 계림동 519-32,전용주
35.15883,126.90483,1,북구,전남광주통합특별시 북구 유동 76-4 약속식당,전용주
35.15883,126.91818,1,동구,광주광역시 동구 계림동 584-3,한전주
35.15883,126.92995,1,동구,광주광역시 동구 산수동 546-23,전용주
35.15883,126.93562,1,동구,광주광역시 동구 산수동 산21-7,전용주
35.15884,126.9021,1,북구,전남광주통합특별시 북구 유동 81-5,건축물
35.15884,126.90497,1,북구,전남광주통합특별시 북구 유동 111-30,한전주
35.15884,126.92633,1,동구,광주광역시 동구 계림동 520-5,한전주
35.15885,126.90849,1,북구,전남광주통합특별시 북구 중흥동 717-42,한전주
35.15885,126.91177,1,북구,전남광주통합특별시 북구 중흥동 670-1,한전주
35.15886,126.89104,1,서구,전남광주통합특별시 서구 양동 439-26,한전주
35.15886,126.89567,1,서구,전남광주통합특별시 서구 양동 433-2,건축물
35.15887,126.89321,1,서구,전남광주통합특별시 서구 양동 425-2,한전주
35.15887,126.89428,1,서구,전남광주통합특별시 서구 양동 438-105,한전주
35.15887,126.9293,1,동구,광주광역시 동구 산수동 468-2,전용주
35.15887,126.93209,1,동구,광주광역시 동구 산수동 534-7,건축물
35.15888,126.9021,1,북구,전남광주통합특별시 북구 유동 81-5,한전주
35.15889,126.89466,1,서구,전남광주통합특별시 서구 양동 438-109,한전주
35.15889,126.90464,1,북구,전남광주통합특별시 북구 유동 111-13,한전주
35.15889,126.91918,1,동구,광주광역시 동구 계림동 178-11,한전주
35.15889,126.93241,1,동구,광주광역시 동구 산수동 164-29,한전주
35.1589,126.86547,1,서구,전남광주통합특별시 서구 쌍촌동 1352,전용주
35.1589,126.91592,1,동구,광주광역시 동구 계림동 539-29,한전주
35.1589,126.9293,1,동구,광주광역시 동구 산수동 547-52,건축물
35.1589,126.93287,1,동구,광주광역시 동구 산수동 164-17,한전주
35.15891,126.878,1,서구,전남광주통합특별시 서구 화정동 23-15,전용주
35.15891,126.89556,1,서구,전남광주통합특별시 서구 양동 434,한전주
35.15891,126.91288,1,북구,전남광주통합특별시 북구 중흥동 669-1,전용주
35.15892,126.89156,1,서구,전남광주통합특별시 서구 양동 439-46,전용주
35.15892,126.89178,1,서구,전남광주통합특별시 서구 양동 439-58,전용주
35.15892,126.89252,1,서구,전남광주통합특별시 서구 양동 437,전용주
35.15892,126.90801,1,북구,전남광주통합특별시 북구 중흥동 720-13,한전주
35.15892,126.91008,1,북구,전남광주통합특별시 북구 중흥동 716-23,한전주
35.15892,126.91884,1,동구,광주광역시 동구 계림동 177-13,전용주
35.15892,126.93273,1,동구,광주광역시 동구 산수동 164-22,한전주
35.15893,126.8879,1,서구,전남광주통합특별시 서구 농성동 423-14,건축물
35.15893,126.90822,1,북구,전남광주통합특별시 북구 중흥동 720-15,한전주
35.15893,126.90869,1,북구,전남광주통합특별시 북구 중흥동 717-44,전용주
35.15893,126.91516,1,동구,광주광역시 동구 계림동 538-31,한전주
35.15894,126.89252,1,서구,전남광주통합특별시 서구 양동 437,한전주
35.15894,126.8936,1,서구,전남광주통합특별시 서구 양동 438-100,한전주
35.15894,126.896,1,서구,전남광주통합특별시 서구 양동 433-5,전용주
35.15894,126.91054,1,북구,전남광주통합특별시 북구 중흥동 675-10,한전주
35.15894,126.91622,1,동구,광주광역시 동구 계림동 540-8,전용주
35.15895,126.89399,1,서구,전남광주통합특별시 서구 양동 438-103,전용주
35.15895,126.91651,1,동구,광주광역시 동구 계림동 540-4,전용주
35.15895,126.92628,1,동구,광주광역시 동구 계림동 520-14,한전주
35.15895,126.92737,2,동구,광주광역시 동구 계림동 525-1,한전주
35.15895,126.9291,1,동구,광주광역시 동구 산수동 547-54,전용주
35.15896,126.89289,1,서구,전남광주통합특별시 서구 양동 438-319,전용주
35.15896,126.91599,1,동구,광주광역시 동구 계림동 539-28,건축물
35.15896,126.93622,1,동구,광주광역시 동구 산수동 571-2,한전주
35.15897,126.86376,1,서구,전남광주통합특별시 서구 쌍촌동 1351-1,전용주
35.15897,126.89509,1,서구,전남광주통합특별시 서구 양동 456-61,전용주
35.15897,126.9292,1,동구,광주광역시 동구 산수동 547-53,한전주
35.15897,126.93062,1,동구,광주광역시 동구 산수동 542-50,한전주
35.15898,126.89088,1,서구,전남광주통합특별시 서구 양동 439-142,한전주
35.15899,126.86547,10,서구,전남광주통합특별시 서구 쌍촌동 1352,전용주
35.15899,126.88542,1,서구,전남광주통합특별시 서구 농성동 415-64,한전주
35.15899,126.89156,5,서구,전남광주통합특별시 서구 양동 439-46,한전주
35.15899,126.918,1,동구,광주광역시 동구 계림동 584-1,한전주
35.15901,126.89494,1,서구,전남광주통합특별시 서구 양동 438-112,한전주
35.15901,126.89531,1,서구,전남광주통합특별시 서구 양동 456-64,한전주
35.15901,126.90404,2,북구,전남광주통합특별시 북구 유동 140-48,한전주
35.15901,126.9098,1,북구,전남광주통합특별시 북구 중흥동 716-17,한전주
35.15901,126.9265,1,동구,광주광역시 동구 계림동 519-19,건축물
35.15902,126.86612,1,서구,전남광주통합특별시 서구 쌍촌동 106-2,한전주
35.15902,126.89345,1,서구,전남광주통합특별시 서구 양동 438-98,전용주
35.15903,126.88775,1,서구,전남광주통합특별시 서구 농성동 423-9,한전주
35.15903,126.89607,1,서구,전남광주통합특별시 서구 양동 456-76,한전주
35.15903,126.9083,1,북구,전남광주통합특별시 북구 중흥동 720-7,한전주
35.15903,126.91605,1,동구,광주광역시 동구 계림동 539-11,전용주
35.15903,126.91732,1,동구,광주광역시 동구 계림동 582-4,한전주
35.15904,126.82644,1,서구,전남광주통합특별시 서구 치평동 1132-64,한전주
35.15904,126.88834,1,서구,전남광주통합특별시 서구 농성동 346-1,전용주
35.15904,126.92617,1,동구,광주광역시 동구 계림동 520-9,한전주
35.15905,126.92763,1,동구,광주광역시 동구 계림동 518-15,한전주
35.15905,126.93568,1,동구,광주광역시 동구 산수동 569-4,한전주
35.15906,126.88338,3,서구,전남광주통합특별시 서구 농성동 417-21,전용주
35.15906,126.90676,1,북구,전남광주통합특별시 북구 유동 8-8,전용주
35.15907,126.84546,1,서구,전남광주통합특별시 서구 치평동 1002-20,전용주
35.15907,126.86612,1,서구,전남광주통합특별시 서구 쌍촌동 106-2,한전주
35.15907,126.86801,5,서구,전남광주통합특별시 서구 쌍촌동 96,한전주
35.15907,126.92961,1,동구,광주광역시 동구 산수동 546-44,한전주
35.15907,126.93214,1,동구,광주광역시 동구 산수동 164-66,전용주
35.15908,126.88777,3,서구,전남광주통합특별시 서구 농성동 423-9,전용주
35.15908,126.89191,1,서구,전남광주통합특별시 서구 양동 439-64,한전주
35.15908,126.89292,1,서구,전남광주통합특별시 서구 양동 438-142,한전주
35.15908,126.90527,1,북구,전남광주통합특별시 북구 유동 110-14,한전주
35.15908,126.90815,1,북구,전남광주통합특별시 북구 중흥동 720-12,건축물
35.15908,126.90898,1,북구,전남광주통합특별시 북구 중흥동 717-34,한전주
35.15908,126.93006,1,동구,광주광역시 동구 산수동 546-2,한전주
35.15908,126.93235,1,동구,광주광역시 동구 산수동 164-13,한전주
35.15909,126.84786,1,서구,전남광주통합특별시 서구 치평동 1188-4,전용주
35.15909,126.89159,1,서구,전남광주통합특별시 서구 양동 439-40,한전주
35.15909,126.91762,1,동구,광주광역시 동구 계림동 583-1,한전주
35.15909,126.9362,1,동구,광주광역시 동구 산수동 571-1,한전주
35.1591,126.84673,1,서구,전남광주통합특별시 서구 치평동 1189-7,전용주
35.1591,126.84686,1,서구,전남광주통합특별시 서구 치평동 1189-8,전용주
35.1591,126.84761,1,서구,전남광주통합특별시 서구 치평동 1188-3,전용주
35.1591,126.89269,1,서구,전남광주통합특별시 서구 양동 438-367,한전주
35.15911,126.88365,1,서구,전남광주통합특별시 서구 농성동 417-31,전용주
35.15911,126.89322,1,서구,전남광주통합특별시 서구 양동 438-95,한전주
35.15911,126.90817,1,북구,전남광주통합특별시 북구 중흥동 720-5,한전주
35.15911,126.91272,1,북구,전남광주통합특별시 북구 중흥동 678-30,한전주
35.15911,126.91559,1,동구,광주광역시 동구 계림동 539-21,한전주
35.15911,126.91968,1,동구,광주광역시 동구 계림동 578-8,건축물
35.15912,126.89561,15,서구,전남광주통합특별시 서구 양동 438-127,한전주
35.15912,126.91314,1,북구,전남광주통합특별시 북구 중흥동 663-18,한전주
35.15912,126.92671,1,동구,광주광역시 동구 계림동 519-51,건축물
35.15912,126.9319,1,동구,광주광역시 동구 산수동 534-37,한전주
35.15913,126.85796,1,서구,전남광주통합특별시 서구 쌍촌동 1320-2,전용주
35.15913,126.8943,1,서구,전남광주통합특별시 서구 양동 438-62,한전주
35.15913,126.90754,1,북구,전남광주통합특별시 북구 중흥동 720-45,한전주
35.15913,126.91046,1,북구,전남광주통합특별시 북구 중흥동 675-11,한전주
35.15913,126.92535,1,동구,광주광역시 동구 계림동 521-1,전용주
35.15913,126.92539,1,동구,광주광역시 동구 계림동 521-1,한전주
35.15913,126.92567,1,동구,광주광역시 동구 계림동 520-34,한전주
35.15914,126.85796,2,서구,전남광주통합특별시 서구 쌍촌동 1320-2,전용주
35.15914,126.89561,1,서구,전남광주통합특별시 서구 양동 438-127,전용주
35.15914,126.93262,1,동구,광주광역시 동구 산수동 164-20,한전주
35.15915,126.84639,1,서구,전남광주통합특별시 서구 치평동 1189-4,전용주
35.15915,126.86377,1,서구,전남광주통합특별시 서구 쌍촌동 1351,전용주
35.15915,126.8932,1,서구,전남광주통합특별시 서구 양동 438-95,한전주
35.15915,126.93203,1,동구,광주광역시 동구 산수동 534-6,전용주
35.15916,126.84599,1,서구,전남광주통합특별시 서구 치평동 1189-1,전용주
35.15916,126.89116,1,서구,전남광주통합특별시 서구 양동 439-44,한전주
35.15916,126.91643,1,동구,광주광역시 동구 계림동 540-1,한전주
35.15916,126.91737,1,동구,광주광역시 동구 계림동 582-2,한전주
35.15916,126.93628,1,동구,광주광역시 동구 산수동 577,한전주
35.15918,126.88837,1,서구,전남광주통합특별시 서구 농성동 425-19,한전주
35.15918,126.9118,1,북구,전남광주통합특별시 북구 중흥동 676-3,한전주
35.15919,126.90985,1,북구,전남광주통합특별시 북구 중흥동 716-18,한전주
35.1592,126.89297,1,서구,전남광주통합특별시 서구 양동 438-92,한전주
35.1592,126.89388,1,서구,전남광주통합특별시 서구 양동 438-168,한전주
35.1592,126.89814,1,북구,전남광주통합특별시 북구 임동 94-185,한전주
35.1592,126.90448,1,북구,전남광주통합특별시 북구 유동 114-5,한전주
35.1592,126.90564,1,북구,전남광주통합특별시 북구 유동 108-18,한전주
35.1592,126.90835,1,북구,전남광주통합특별시 북구 중흥동 720-6,한전주
35.1592,126.91226,1,북구,전남광주통합특별시 북구 중흥동 678-7,한전주
35.1592,126.91687,1,동구,광주광역시 동구 계림동 536-5,한전주
35.1592,126.91715,1,동구,광주광역시 동구 계림동 582-8,한전주
35.1592,126.93146,1,동구,광주광역시 동구 산수동 537-60,전용주
35.15921,126.88829,1,서구,전남광주통합특별시 서구 농성동 423-20,전용주
35.15921,126.90549,1,북구,전남광주통합특별시 북구 유동 108-16,한전주
35.15921,126.90906,1,북구,전남광주통합특별시 북구 중흥동 718-24,한전주
35.15921,126.92554,1,동구,광주광역시 동구 계림동 520-11,건축물
35.15921,126.92586,1,동구,광주광역시 동구 계림동 520-25,건축물
35.15921,126.92787,1,동구,광주광역시 동구 계림동 518-13,한전주
35.15922,126.85884,1,서구,전남광주통합특별시 서구 쌍촌동 1333-7,전용주
35.15922,126.89248,1,서구,전남광주통합특별시 서구 양동 438-135,전용주
35.15922,126.89276,1,서구,전남광주통합특별시 서구 양동 438-140,한전주
35.15922,126.90723,1,북구,전남광주통합특별시 북구 중흥동 721-15 삼성모텔,한전주
35.15923,126.85828,1,서구,전남광주통합특별시 서구 쌍촌동 1322-5,전용주
35.15923,126.91237,1,북구,전남광주통합특별시 북구 중흥동 678-22,전용주
35.15923,126.92603,1,동구,광주광역시 동구 계림동 520-22,한전주
35.15923,126.92885,1,동구,광주광역시 동구 산수동 547-50,건축물
35.15923,126.93279,1,동구,광주광역시 동구 산수동 126-24,한전주
35.15924,126.89102,1,서구,전남광주통합특별시 서구 양동 439-15,전용주
35.15924,126.89839,1,북구,전남광주통합특별시 북구 임동 94-178,한전주
35.15924,126.90151,1,북구,전남광주통합특별시 북구 유동 87-4,한전주
35.15924,126.91567,1,동구,광주광역시 동구 계림동 539-20,전용주
35.15924,126.92902,1,동구,광주광역시 동구 산수동 547-30,건축물
35.15925,126.89211,1,서구,전남광주통합특별시 서구 양동 438-411,한전주
35.15925,126.91006,1,북구,전남광주통합특별시 북구 중흥동 716-1,한전주
35.15925,126.91493,1,동구,광주광역시 동구 계림동 538-35,전용주
35.15925,126.93034,1,동구,광주광역시 동구 산수동 542-15,전용주
35.15926,126.91805,1,동구,광주광역시 동구 계림동 581-7,전용주
35.15926,126.92788,1,동구,광주광역시 동구 계림동 545-15,전용주
35.15926,126.92818,1,동구,광주광역시 동구 산수동 545-36,한전주
35.15926,126.93186,1,동구,광주광역시 동구 산수동 534-26,전용주
35.15926,126.93687,1,동구,광주광역시 동구 산수동 산20-1,한전주
35.15927,126.85884,1,서구,전남광주통합특별시 서구 쌍촌동 1333-7,전용주
35.15927,126.8884,1,서구,전남광주통합특별시 서구 농성동 425-9,전용주
35.15927,126.89102,1,서구,전남광주통합특별시 서구 양동 439-15,전용주
35.15927,126.89417,1,서구,전남광주통합특별시 서구 양동 438-61,전용주
35.15927,126.89492,1,서구,전남광주통합특별시 서구 양동 438-114,전용주
35.15928,126.89774,1,북구,전남광주통합특별시 북구 임동 94-188,전용주
35.15928,126.90805,1,북구,전남광주통합특별시 북구 중흥동 720-20,전용주
35.15928,126.90867,1,북구,전남광주통합특별시 북구 중흥동 718-20,전용주
35.15928,126.90984,1,북구,전남광주통합특별시 북구 중흥동 716-19,한전주
35.15928,126.91629,1,동구,광주광역시 동구 계림동 539-8,한전주
35.15928,126.91947,1,동구,광주광역시 동구 계림동 578-5,건축물
35.15928,126.92982,1,동구,광주광역시 동구 산수동 546-37,한전주
35.1593,126.89512,1,서구,전남광주통합특별시 서구 양동 438-214,전용주
35.1593,126.91044,1,북구,전남광주통합특별시 북구 중흥동 675-14,한전주
35.15931,126.84622,1,서구,전남광주통합특별시 서구 치평동 1190-10,전용주
35.15931,126.88785,1,서구,전남광주통합특별시 서구 농성동 423-22,전용주
35.15931,126.90848,1,북구,전남광주통합특별시 북구 중흥동 719-6,한전주
35.15931,126.92498,1,동구,광주광역시 동구 계림동 38-2,한전주
35.15931,126.92951,1,동구,광주광역시 동구 산수동 546-58,전용주
35.15932,126.90926,1,북구,전남광주통합특별시 북구 중흥동 718-19,한전주
35.15932,126.91565,1,동구,광주광역시 동구 계림동 539-18,한전주
35.15932,126.93204,1,동구,광주광역시 동구 산수동 534-4,전용주
35.15932,126.9357,1,동구,광주광역시 동구 산수동 569-2,건축물
35.15933,126.88822,3,서구,전남광주통합특별시 서구 농성동 609-8,전용주
35.15933,126.88829,1,서구,전남광주통합특별시 서구 농성동 609-8,전용주
35.15933,126.90785,1,북구,전남광주통합특별시 북구 중흥동 720-4,한전주
35.15933,126.91508,1,동구,광주광역시 동구 계림동 538-22,건축물
35.15933,126.91596,1,동구,광주광역시 동구 계림동 539-4,한전주
35.15934,126.90753,1,북구,전남광주통합특별시 북구 중흥동 720-42,한전주
35.15934,126.91434,3,동구,광주광역시 동구 계림동 928,한전주
35.15934,126.92587,1,동구,광주광역시 동구 계림동 520-18,한전주
35.15935,126.92935,1,동구,광주광역시 동구 산수동 547-75,전용주
35.15935,126.93048,1,동구,광주광역시 동구 산수동 542-54,전용주
35.15936,126.84777,1,서구,전남광주통합특별시 서구 치평동 1199-5,전용주
35.15936,126.85868,1,서구,전남광주통합특별시 서구 쌍촌동 1333-9,전용주
35.15936,126.91517,1,동구,광주광역시 동구 계림동 538-21,전용주
35.15936,126.92857,1,동구,광주광역시 동구 산수동 545-26,한전주
35.15936,126.93232,1,동구,광주광역시 동구 산수동 164-77,전용주
35.15936,126.9355,1,동구,광주광역시 동구 산수동 569-7,한전주
35.15937,126.89364,1,서구,전남광주통합특별시 서구 양동 438-366,전용주
35.15937,126.89385,1,서구,전남광주통합특별시 서구 양동 438-198,한전주
35.15937,126.91204,1,북구,전남광주통합특별시 북구 중흥동 678-34,한전주
35.15937,126.91691,1,동구,광주광역시 동구 계림동 536-3,한전주
35.15937,126.91916,1,동구,광주광역시 동구 계림동 177-6,한전주
35.15937,126.92319,1,동구,광주광역시 동구 계림동 191,전용주
35.15938,126.92522,1,동구,광주광역시 동구 계림동 522-28,한전주
35.15938,126.92725,1,동구,광주광역시 동구 계림동 518-60,전용주
35.15939,126.8923,1,서구,전남광주통합특별시 서구 양동 456-21,전용주
35.15939,126.89277,1,서구,전남광주통합특별시 서구 양동 438-397,한전주
35.15939,126.89332,1,서구,전남광주통합특별시 서구 양동 438-57,한전주
35.15939,126.93265,1,동구,광주광역시 동구 산수동 126-14,한전주
35.15939,126.93569,1,동구,광주광역시 동구 산수동 569-2,한전주
35.15941,126.86486,1,서구,전남광주통합특별시 서구 쌍촌동 1344-4,전용주
35.15941,126.90414,1,북구,전남광주통합특별시 북구 유동 96-10,한전주
35.15941,126.91734,1,동구,광주광역시 동구 계림동 581-17,전용주
35.15941,126.92805,1,동구,광주광역시 동구 산수동 545-46,전용주
35.15941,126.92879,1,동구,광주광역시 동구 산수동 545-18,한전주
35.15942,126.88821,1,서구,전남광주통합특별시 서구 농성동 425-2,한전주
35.15942,126.91175,1,북구,전남광주통합특별시 북구 중흥동 678-11,한전주
35.15943,126.88413,1,서구,전남광주통합특별시 서구 농성동 460-34,한전주
35.15944,126.89115,1,서구,전남광주통합특별시 서구 양동 439-118,전용주
35.15944,126.92893,1,동구,광주광역시 동구 산수동 545-68,전용주
35.15944,126.93212,1,동구,광주광역시 동구 산수동 164-11,건축물
35.15944,126.93278,1,동구,광주광역시 동구 산수동 126-23,전용주
35.15944,126.93637,1,동구,광주광역시 동구 산수동 114-10,한전주
35.15945,126.90889,1,북구,전남광주통합특별시 북구 중흥동 718-10 선수촌모텔 뒤,전용주
35.15945,126.91573,1,동구,광주광역시 동구 계림동 539-1,한전주
35.15945,126.92837,1,동구,광주광역시 동구 산수동 545-29,건축물
35.15945,126.93142,1,동구,광주광역시 동구 산수동 537-46,전용주
35.15946,126.84737,1,서구,전남광주통합특별시 서구 치평동 1198-4,전용주
35.15946,126.89119,2,서구,전남광주통합특별시 서구 양동 439-118,전용주
35.15946,126.92727,1,동구,광주광역시 동구 계림동 518-59,전용주
35.15947,126.89117,1,서구,전남광주통합특별시 서구 양동 439-118,전용주
35.15947,126.89218,1,서구,전남광주통합특별시 서구 양동 438-146,한전주
35.15947,126.91988,1,동구,광주광역시 동구 계림동 573-9,한전주
35.15949,126.90903,1,북구,전남광주통합특별시 북구 중흥동 718-1,한전주
35.15949,126.93182,1,동구,광주광역시 동구 산수동 534-33,한전주
35.1595,126.92871,1,동구,광주광역시 동구 산수동 545-17,건축물
35.15951,126.90394,1,북구,전남광주통합특별시 북구 유동 96-12,전용주
35.15951,126.90955,1,북구,전남광주통합특별시 북구 중흥동 715-17,전용주
35.15951,126.91468,1,동구,광주광역시 동구 계림동 929,한전주
35.15951,126.9169,1,동구,광주광역시 동구 계림동 535-14,한전주
35.15951,126.92845,1,동구,광주광역시 동구 산수동 545-25,건축물
35.15951,126.92903,1,동구,광주광역시 동구 산수동 545-60,한전주
35.15952,126.91341,1,북구,전남광주통합특별시 북구 중흥동 662-14,한전주
35.15952,126.91645,1,동구,광주광역시 동구 계림동 537-13,한전주
35.15953,126.86417,1,서구,전남광주통합특별시 서구 쌍촌동 1346-4,전용주
35.15953,126.91173,1,북구,전남광주통합특별시 북구 중흥동 678-17,한전주
35.15953,126.92771,1,동구,광주광역시 동구 산수동 545-53,한전주
35.15953,126.92996,1,동구,광주광역시 동구 산수동 546-29,한전주
35.15953,126.93022,1,동구,광주광역시 동구 산수동 542-11,전용주
35.15955,126.86387,1,서구,전남광주통합특별시 서구 쌍촌동 1347-4,전용주
35.15955,126.90726,1,북구,전남광주통합특별시 북구 중흥동 721-2,한전주
35.15955,126.92854,1,동구,광주광역시 동구 산수동 545-21,건축물
35.15955,126.93044,1,동구,광주광역시 동구 산수동 542-48,한전주
35.15957,126.85845,1,서구,전남광주통합특별시 서구 쌍촌동 1322-2,전용주
35.15957,126.86518,4,서구,전남광주통합특별시 서구 쌍촌동 1344-6,전용주
35.15957,126.89109,1,서구,전남광주통합특별시 서구 양동 439-119,한전주
35.15957,126.89139,1,서구,전남광주통합특별시 서구 양동 439-97,전용주
35.15957,126.89169,1,서구,전남광주통합특별시 서구 양동 438-384,전용주
35.15958,126.89184,1,서구,전남광주통합특별시 서구 양동 438-383,전용주
35.15958,126.90388,1,북구,전남광주통합특별시 북구 유동 96-13,한전주
35.15958,126.91716,1,동구,광주광역시 동구 계림동 535-8,한전주
35.15959,126.84738,1,서구,전남광주통합특별시 서구 치평동 1198-3,전용주
35.1596,126.84723,1,서구,전남광주통합특별시 서구 치평동 1198-8,전용주
35.1596,126.8942,1,서구,전남광주통합특별시 서구 양동 438-488,한전주
35.1596,126.90374,1,북구,전남광주통합특별시 북구 유동 94-12,전용주
35.1596,126.90848,1,북구,전남광주통합특별시 북구 중흥동 719-3,한전주
35.1596,126.91589,1,동구,광주광역시 동구 계림동 537-21,한전주
35.15961,126.92598,1,동구,광주광역시 동구 계림동 519-17,건축물
35.15962,126.91649,1,동구,광주광역시 동구 계림동 537-12,한전주
35.15962,126.9294,1,동구,광주광역시 동구 산수동 544-42,한전주
35.15963,126.8456,2,서구,전남광주통합특별시 서구 치평동 1196,전용주
35.15963,126.84561,1,서구,전남광주통합특별시 서구 치평동 1196,전용주
35.15963,126.84563,1,서구,전남광주통합특별시 서구 치평동 1196,전용주
35.15963,126.84566,9,서구,전남광주통합특별시 서구 치평동 1196,전용주
35.15963,126.92863,1,동구,광주광역시 동구 산수동 545-16,건축물
35.15963,126.92974,1,동구,광주광역시 동구 산수동 544-32,한전주
35.15963,126.92996,1,동구,광주광역시 동구 산수동 544-30,한전주
35.15964,126.86488,1,서구,전남광주통합특별시 서구 쌍촌동 1344-2,전용주
35.15964,126.91677,1,동구,광주광역시 동구 계림동 535-15,한전주
35.15964,126.93275,1,동구,광주광역시 동구 산수동 126-21,한전주
35.15965,126.85888,1,서구,전남광주통합특별시 서구 쌍촌동 1333-4,전용주
35.15965,126.90977,1,북구,전남광주통합특별시 북구 중흥동 712-23,한전주
35.15965,126.91935,1,동구,광주광역시 동구 계림동 573-14,한전주
35.15965,126.92525,1,동구,광주광역시 동구 계림동 522-19,건축물
35.15966,126.89088,1,서구,전남광주통합특별시 서구 양동 439-121,한전주
35.15966,126.91987,1,동구,광주광역시 동구 계림동 168-18,한전주
35.15966,126.92511,1,동구,광주광역시 동구 계림동 522-5,한전주
35.15966,126.92736,1,동구,광주광역시 동구 계림동 518-9,한전주
35.15967,126.86443,1,서구,전남광주통합특별시 서구 쌍촌동 1345-9,전용주
35.15967,126.9256,1,동구,광주광역시 동구 계림동 522-22,한전주
35.15967,126.9467,2,북구,전남광주통합특별시 북구 청풍동 1445-1,한전주
35.15968,126.84778,1,서구,전남광주통합특별시 서구 치평동 1199-3,전용주
35.15968,126.88815,1,서구,전남광주통합특별시 서구 농성동 425,한전주
35.15968,126.91891,1,동구,광주광역시 동구 계림동 577-3,한전주
35.15968,126.9313,1,동구,광주광역시 동구 산수동 537-42,한전주
35.15968,126.93207,1,동구,광주광역시 동구 산수동 129-19,전용주
35.15969,126.83858,1,서구,전남광주통합특별시 서구 덕흥동 37-8,한전주
35.15969,126.85901,1,서구,전남광주통합특별시 서구 쌍촌동 1323,전용주
35.15969,126.90324,1,북구,전남광주통합특별시 북구 유동 81-1,한전주
35.15969,126.91179,1,북구,전남광주통합특별시 북구 중흥동 678-1,한전주
35.1597,126.91938,1,동구,광주광역시 동구 계림동 573-14,건축물
35.15971,126.88598,4,서구,전남광주통합특별시 서구 농성동 415-2,한전주
35.15971,126.89009,1,서구,전남광주통합특별시 서구 농성동 609-60,전용주
35.15971,126.91486,1,동구,광주광역시 동구 계림동 937,한전주
35.15971,126.91505,1,동구,광주광역시 동구 계림동 538-1,한전주
35.15971,126.91854,1,동구,광주광역시 동구 계림동 577-11,건축물
35.15971,126.92839,1,동구,광주광역시 동구 산수동 545-79,건축물
35.15972,126.84594,2,서구,전남광주통합특별시 서구 치평동 1191-6,전용주
35.15972,126.9081,1,북구,전남광주통합특별시 북구 중흥동 719-8,전용주
35.15973,126.89029,1,서구,전남광주통합특별시 서구 농성동 439-38,한전주
35.15973,126.91626,1,동구,광주광역시 동구 계림동 537-9,건축물
35.15973,126.92715,1,동구,광주광역시 동구 계림동 518-8,건축물
35.15973,126.92797,1,동구,광주광역시 동구 산수동 545-73,한전주
35.15974,126.90735,1,북구,전남광주통합특별시 북구 중흥동 721-16,한전주
35.15974,126.90988,1,북구,전남광주통합특별시 북구 중흥동 712-5,한전주
35.15974,126.92551,1,동구,광주광역시 동구 계림동 522-21,건축물
35.15974,126.92603,1,동구,광주광역시 동구 계림동 519-18,한전주
35.15975,126.88799,1,서구,전남광주통합특별시 서구 농성동 451-11,건축물
35.15975,126.90033,1,북구,전남광주통합특별시 북구 임동 91-3,한전주
35.15975,126.92572,1,동구,광주광역시 동구 계림동 522-17,한전주
35.15975,126.93253,1,동구,광주광역시 동구 산수동 126-17,한전주
35.15976,126.92956,1,동구,광주광역시 동구 산수동 544-44,건축물
35.15977,126.85872,1,서구,전남광주통합특별시 서구 쌍촌동 1333-12,전용주
35.15977,126.85888,1,서구,전남광주통합특별시 서구 쌍촌동 1333-3,전용주
35.15977,126.89056,1,서구,전남광주통합특별시 서구 농성동 439-150,한전주
35.15977,126.91604,1,동구,광주광역시 동구 계림동 537-7,한전주
35.15977,126.92994,1,동구,광주광역시 동구 산수동 544-35,한전주
35.15977,126.93194,1,동구,광주광역시 동구 산수동 534-36,한전주
35.15978,126.89249,1,서구,전남광주통합특별시 서구 양동 438-52,한전주
35.15978,126.89352,1,서구,전남광주통합특별시 서구 양동 438-283,한전주
35.15978,126.90917,1,북구,전남광주통합특별시 북구 중흥동 715-22,전용주
35.15978,126.91557,1,동구,광주광역시 동구 계림동 537-25,한전주
35.15978,126.92879,1,동구,광주광역시 동구 산수동 545-65,한전주
35.15978,126.93032,1,동구,광주광역시 동구 산수동 543-23,한전주
35.15978,126.93181,1,동구,광주광역시 동구 산수동 534-38,한전주
35.15978,126.93208,1,동구,광주광역시 동구 산수동 129-5,전용주
35.15979,126.84619,1,서구,전남광주통합특별시 서구 치평동 1191-4,전용주
35.15979,126.89313,1,서구,전남광주통합특별시 서구 양동 438-38,전용주
35.1598,126.88971,3,서구,전남광주통합특별시 서구 농성동 426-8,한전주
35.15981,126.84654,2,서구,전남광주통합특별시 서구 치평동 1192,전용주
35.15981,126.88971,1,서구,전남광주통합특별시 서구 농성동 426-8,전용주
35.15981,126.8916,1,서구,전남광주통합특별시 서구 양동 438-78,한전주
35.15982,126.86361,1,서구,전남광주통합특별시 서구 쌍촌동 1347-9,전용주
35.15982,126.91541,1,동구,광주광역시 동구 계림동 537-24,한전주
35.15982,126.92506,1,동구,광주광역시 동구 계림동 522-10,한전주
35.15982,126.93705,1,동구,광주광역시 동구 산수동 707,한전주
35.15983,126.90844,1,북구,전남광주통합특별시 북구 중흥동 714-24,한전주
35.15983,126.92891,1,동구,광주광역시 동구 산수동 545-63,건축물
35.15984,126.86444,1,서구,전남광주통합특별시 서구 쌍촌동 1345-11,전용주
35.15984,126.88775,1,서구,전남광주통합특별시 서구 농성동 422-4,전용주
35.15984,126.89162,1,서구,전남광주통합특별시 서구 양동 438-78,한전주
35.15984,126.91496,1,동구,광주광역시 동구 계림동 939,한전주
35.15984,126.91652,1,동구,광주광역시 동구 계림동 534-23,건축물
35.15984,126.9327,1,동구,광주광역시 동구 산수동 126-19,전용주
35.15985,126.86406,1,서구,전남광주통합특별시 서구 쌍촌동 1346-9,전용주
35.15985,126.88976,1,서구,전남광주통합특별시 서구 농성동 426-8,전용주
35.15985,126.91581,1,동구,광주광역시 동구 계림동 537-23,건축물
35.15985,126.92904,1,동구,광주광역시 동구 산수동 545-5,전용주
35.15985,126.92961,1,동구,광주광역시 동구 산수동 544-34,한전주
35.15985,126.93037,1,동구,광주광역시 동구 산수동 543-22,건축물
35.15986,126.88771,2,서구,전남광주통합특별시 서구 농성동 422-4,전용주
35.15986,126.88969,1,서구,전남광주통합특별시 서구 농성동 440-14,한전주
35.15986,126.89121,1,서구,전남광주통합특별시 서구 양동 439-91,전용주
35.15986,126.90766,1,북구,전남광주통합특별시 북구 중흥동 719-28,한전주
35.15986,126.91853,1,동구,광주광역시 동구 계림동 577-1,한전주
35.15986,126.92842,1,동구,광주광역시 동구 산수동 545-8,건축물
35.15986,126.9366,1,동구,광주광역시 동구 산수동 695,한전주
35.15987,126.90405,1,북구,전남광주통합특별시 북구 유동 120-3,한전주
35.15987,126.91719,1,동구,광주광역시 동구 계림동 535-2,한전주
35.15987,126.92589,1,동구,광주광역시 동구 계림동 522-1,한전주
35.15988,126.84737,1,서구,전남광주통합특별시 서구 치평동 1198-1,전용주
35.15988,126.91581,1,동구,광주광역시 동구 계림동 537-23,한전주
35.15988,126.92722,1,동구,광주광역시 동구 계림동 518-7,한전주
35.15988,126.92809,1,동구,광주광역시 동구 산수동 545-85,한전주
35.15989,126.89297,1,서구,전남광주통합특별시 서구 양동 438-301,전용주
35.15989,126.89923,1,북구,전남광주통합특별시 북구 임동 92-102,한전주
35.15989,126.91437,1,동구,광주광역시 동구 계림동 924,전용주
35.15989,126.9276,1,동구,광주광역시 동구 계림동 1800,전용주
35.15989,126.93239,1,동구,광주광역시 동구 산수동 126-1,한전주
35.1599,126.90405,21,북구,전남광주통합특별시 북구 유동 120-3,한전주
35.1599,126.90436,1,북구,전남광주통합특별시 북구 유동 115-16,한전주
35.1599,126.90778,1,북구,전남광주통합특별시 북구 중흥동 719-33,전용주
35.1599,126.91932,2,동구,광주광역시 동구 계림동 574-7,한전주
35.1599,126.92532,1,동구,광주광역시 동구 계림동 522-7,건축물
35.15991,126.85832,1,서구,전남광주통합특별시 서구 쌍촌동 1322-9,전용주
35.15991,126.88987,1,서구,전남광주통합특별시 서구 농성동 440-8,전용주
35.15991,126.9081,2,북구,전남광주통합특별시 북구 중흥동 714-1,한전주
35.15991,126.90857,1,북구,전남광주통합특별시 북구 중흥동 714-8,한전주
35.15991,126.92535,1,동구,광주광역시 동구 계림동 522-7,건축물
35.15991,126.92663,1,동구,광주광역시 동구 계림동 518-64,전용주
35.15991,126.9274,1,동구,광주광역시 동구 계림동 1797,한전주
35.15992,126.91204,1,북구,전남광주통합특별시 북구 중흥동 679-7,전용주
35.15992,126.91565,1,동구,광주광역시 동구 계림동 537-22,건축물
35.15992,126.93183,1,동구,광주광역시 동구 산수동 534-1,한전주
35.15993,126.86489,1,서구,전남광주통합특별시 서구 쌍촌동 1344,전용주
35.15993,126.89945,1,북구,전남광주통합특별시 북구 임동 92-116,전용주
35.15994,126.9168,1,동구,광주광역시 동구 계림동 534-17,한전주
35.15995,126.90916,1,북구,전남광주통합특별시 북구 중흥동 715-9,한전주
35.15995,126.91635,1,동구,광주광역시 동구 계림동 534-28,한전주
35.15995,126.92791,1,동구,광주광역시 동구 계림동 1793,한전주
35.15995,126.93676,1,동구,광주광역시 동구 산수동 698,한전주
35.15996,126.90048,1,북구,전남광주통합특별시 북구 임동 61-1,한전주
35.15997,126.9179,1,동구,광주광역시 동구 계림동 576-15,전용주
35.15998,126.84777,1,서구,전남광주통합특별시 서구 치평동 1199-1,전용주
35.15998,126.89285,1,서구,전남광주통합특별시 서구 양동 438-186,한전주
35.15998,126.91548,1,동구,광주광역시 동구 계림동 537-5,한전주
35.15998,126.9253,1,동구,광주광역시 동구 계림동 522-7,한전주
35.15999,126.90568,1,북구,전남광주통합특별시 북구 유동 105-16 Q무인텔,한전주
35.16,126.84688,1,서구,전남광주통합특별시 서구 치평동 1197-11,전용주
35.16,126.86427,1,서구,전남광주통합특별시 서구 쌍촌동 1346-1,전용주
35.16,126.91673,1,동구,광주광역시 동구 계림동 534-16,한전주
35.16,126.92005,1,동구,광주광역시 동구 계림동 572-23,한전주
35.16001,126.92921,1,동구,광주광역시 동구 산수동 544-68,한전주
35.16002,126.89838,2,북구,전남광주통합특별시 북구 임동 92-66,한전주
35.16002,126.90534,1,북구,전남광주통합특별시 북구 유동 105-15 YWCA뒤,전용주
35.16002,126.91479,1,동구,광주광역시 동구 계림동 905,한전주
35.16002,126.925,1,동구,광주광역시 동구 계림동 522-14,건축물
35.16002,126.93262,1,동구,광주광역시 동구 산수동 126-36,한전주
35.16003,126.84723,1,서구,전남광주통합특별시 서구 치평동 1198-11,전용주
35.16003,126.91528,1,동구,광주광역시 동구 계림동 537-1,한전주
35.16003,126.92842,1,동구,광주광역시 동구 산수동 545-33,전용주
35.16003,126.93703,1,동구,광주광역시 동구 산수동 705,한전주
35.16003,126.94035,1,북구,전남광주통합특별시 북구 두암동 269-3,한전주
35.16004,126.8901,1,서구,전남광주통합특별시 서구 농성동 440,한전주
35.16004,126.92944,1,동구,광주광역시 동구 산수동 544-10,건축물
35.16005,126.84036,1,서구,전남광주통합특별시 서구 덕흥동 688,한전주
35.16005,126.89023,1,서구,전남광주통합특별시 서구 농성동 439-14,한전주
35.16005,126.89179,1,서구,전남광주통합특별시 서구 양동 438-247,한전주
35.16005,126.91157,1,북구,전남광주통합특별시 북구 중흥동 682-28,전용주
35.16005,126.918,1,동구,광주광역시 동구 계림동 576-4,한전주
35.16005,126.92975,1,동구,광주광역시 동구 산수동 544-20,한전주
35.16006,126.85829,1,서구,전남광주통합특별시 서구 쌍촌동 1324-8,전용주
35.16006,126.85841,1,서구,전남광주통합특별시 서구 쌍촌동 1324-7,전용주
35.16006,126.85898,1,서구,전남광주통합특별시 서구 쌍촌동 1333-1,전용주
35.16006,126.8918,1,서구,전남광주통합특별시 서구 양동 438-247,한전주
35.16006,126.89838,1,북구,전남광주통합특별시 북구 임동 92-66,한전주
35.16007,126.9296,1,동구,광주광역시 동구 산수동 544-52,건축물
35.16008,126.85873,1,서구,전남광주통합특별시 서구 쌍촌동 1333-14,전용주
35.16008,126.86389,1,서구,전남광주통합특별시 서구 쌍촌동 1347-1,전용주
35.16008,126.88907,1,서구,전남광주통합특별시 서구 농성동 444-1,한전주
35.16008,126.91537,1,동구,광주광역시 동구 계림동 537-2,한전주
35.16008,126.91657,1,동구,광주광역시 동구 계림동 534-14,한전주
35.16008,126.93955,1,북구,전남광주통합특별시 북구 두암동 산 157-4,한전주
35.16009,126.91214,1,북구,전남광주통합특별시 북구 중흥동 679-29,전용주
35.16009,126.91218,1,북구,전남광주통합특별시 북구 중흥동 679-29,한전주
35.16009,126.92717,1,동구,광주광역시 동구 계림동 1749,한전주
35.16009,126.92921,1,동구,광주광역시 동구 산수동 544-68,한전주
35.1601,126.91125,1,북구,전남광주통합특별시 북구 중흥동 682-23,한전주
35.1601,126.91903,1,동구,광주광역시 동구 계림동 574-4,한전주
35.1601,126.92846,1,동구,광주광역시 동구 산수동 545-48,한전주
35.16011,126.8458,1,서구,전남광주통합특별시 서구 치평동 1193,전용주
35.16011,126.85757,1,서구,전남광주통합특별시 서구 쌍촌동 1324-12,전용주
35.16012,126.857,1,서구,전남광주통합특별시 서구 쌍촌동 1319-5,전용주
35.16012,126.85793,1,서구,전남광주통합특별시 서구 쌍촌동 1324-10,전용주
35.16012,126.89087,3,서구,전남광주통합특별시 서구 양동 439-116,한전주
35.16012,126.91783,1,동구,광주광역시 동구 계림동 576-2,한전주
35.16013,126.9044,1,북구,전남광주통합특별시 북구 유동 115-15,한전주
35.16013,126.91754,1,동구,광주광역시 동구 계림동 531-6,건축물
35.16014,126.84606,1,서구,전남광주통합특별시 서구 치평동 1193-2,전용주
35.16014,126.88997,1,서구,전남광주통합특별시 서구 농성동 441-1,한전주
35.16014,126.89004,1,서구,전남광주통합특별시 서구 농성동 439-15,전용주
35.16015,126.85652,1,서구,전남광주통합특별시 서구 쌍촌동 1319-8,전용주
35.16015,126.92783,1,동구,광주광역시 동구 계림동 1807,전용주
35.16016,126.90739,1,북구,전남광주통합특별시 북구 중흥동 722-3,한전주
35.16016,126.92522,1,동구,광주광역시 동구 계림동 522-32,한전주
35.16016,126.92931,1,동구,광주광역시 동구 산수동 544-67,한전주
35.16017,126.91715,1,동구,광주광역시 동구 계림동 531-10,한전주
35.16017,126.9188,1,동구,광주광역시 동구 계림동 574-1,한전주
35.16017,126.92689,1,동구,광주광역시 동구 계림동 518-2,한전주
35.16018,126.8896,1,서구,전남광주통합특별시 서구 농성동 441-4,한전주
35.16018,126.90503,1,북구,전남광주통합특별시 북구 유동 104-10,한전주
35.16018,126.92948,1,동구,광주광역시 동구 산수동 544-38,건축물
35.16019,126.89845,1,북구,전남광주통합특별시 북구 임동 92-59,전용주
35.16019,126.91195,1,북구,전남광주통합특별시 북구 중흥동 679-1,한전주
35.16019,126.93258,1,동구,광주광역시 동구 산수동 126-35,한전주
35.1602,126.8637,1,서구,전남광주통합특별시 서구 쌍촌동 1347-11,전용주
35.1602,126.90586,1,북구,전남광주통합특별시 북구 유동 105-1,한전주
35.1602,126.91976,2,동구,광주광역시 동구 계림동 573-1,한전주
35.1602,126.92717,1,동구,광주광역시 동구 계림동 1750,건축물
35.1602,126.92874,1,동구,광주광역시 동구 산수동 545-2,한전주
35.16021,126.85631,1,서구,전남광주통합특별시 서구 쌍촌동 1319-9,전용주
35.16021,126.86431,1,서구,전남광주통합특별시 서구 쌍촌동 1349,전용주
35.16021,126.8839,1,서구,전남광주통합특별시 서구 농성동 415-34,전용주
35.16021,126.88441,1,서구,전남광주통합특별시 서구 농성동 415-40,한전주
35.16021,126.90397,1,북구,전남광주통합특별시 북구 유동 115-26,한전주
35.16021,126.91477,1,동구,광주광역시 동구 계림동 907,한전주
35.16021,126.92696,1,동구,광주광역시 동구 계림동 1747,한전주
35.16021,126.92739,1,동구,광주광역시 동구 계림동 1754,전용주
35.16022,126.88636,1,서구,전남광주통합특별시 서구 농성동 415-61,한전주
35.16022,126.91628,1,동구,광주광역시 동구 계림동 534-11,한전주
35.16022,126.93166,1,동구,광주광역시 동구 산수동 535-34,한전주
35.16022,126.93241,1,동구,광주광역시 동구 산수동 127-12,전용주
35.16022,126.93675,1,동구,광주광역시 동구 산수동 696,한전주
35.16023,126.82974,1,서구,전남광주통합특별시 서구 덕흥동 1214-1,전용주
35.16023,126.85708,1,서구,전남광주통합특별시 서구 쌍촌동 1319-4,전용주
35.16023,126.91648,1,동구,광주광역시 동구 계림동 541,한전주
35.16024,126.86431,1,서구,전남광주통합특별시 서구 쌍촌동 1349,전용주
35.16024,126.8839,1,서구,전남광주통합특별시 서구 농성동 415-34,한전주
35.16024,126.89008,1,서구,전남광주통합특별시 서구 농성동 439-4,전용주
35.16025,126.8473,1,서구,전남광주통합특별시 서구 치평동 1195,전용주
35.16025,126.86431,5,서구,전남광주통합특별시 서구 쌍촌동 1349,전용주
35.16025,126.86434,1,서구,전남광주통합특별시 서구 쌍촌동 1349,한전주
35.16025,126.88842,3,서구,전남광주통합특별시 서구 농성동 446-11,한전주
35.16025,126.8893,1,서구,전남광주통합특별시 서구 농성동 445-2,전용주
35.16025,126.89062,1,서구,전남광주통합특별시 서구 양동 439-89,한전주
35.16025,126.89106,1,서구,전남광주통합특별시 서구 양동 439-87,한전주
35.16025,126.90958,1,북구,전남광주통합특별시 북구 중흥동 712-1,한전주
35.16025,126.92957,1,동구,광주광역시 동구 산수동 544-36,전용주
35.16026,126.86378,1,서구,전남광주통합특별시 서구 쌍촌동 1347-11,전용주
35.16026,126.91519,1,동구,광주광역시 동구 계림동 919,한전주
35.16026,126.91757,1,동구,광주광역시 동구 계림동 531-5,한전주
35.16027,126.84134,1,서구,전남광주통합특별시 서구 덕흥동 659,한전주
35.16027,126.92009,1,동구,광주광역시 동구 계림동 572-2,한전주
35.16027,126.92884,1,동구,광주광역시 동구 산수동 545-1,한전주
35.16027,126.93702,1,동구,광주광역시 동구 산수동 704,한전주
35.16028,126.89802,1,북구,전남광주통합특별시 북구 임동 92-130,한전주
35.16028,126.89823,1,북구,전남광주통합특별시 북구 임동 92-109,한전주
35.16028,126.90881,1,북구,전남광주통합특별시 북구 중흥동 713-11,한전주
35.1603,126.89823,2,북구,전남광주통합특별시 북구 임동 92-109,한전주
35.1603,126.91371,1,북구,전남광주통합특별시 북구 중흥동 654-16,한전주
35.1603,126.91402,1,북구,전남광주통합특별시 북구 중흥동 654-4,전용주
35.1603,126.929,1,동구,광주광역시 동구 산수동 544-63,한전주
35.16031,126.9087,1,북구,전남광주통합특별시 북구 중흥동 713-8,전용주
35.16031,126.92848,1,동구,광주광역시 동구 계림동 1775,한전주
35.16031,126.92969,1,동구,광주광역시 동구 산수동 544-5,한전주
35.16032,126.9084,1,북구,전남광주통합특별시 북구 중흥동 713-28,한전주
35.16032,126.91818,1,동구,광주광역시 동구 계림동 575-4,한전주
35.16032,126.92725,1,동구,광주광역시 동구 계림동 1743,한전주
35.16033,126.88868,1,서구,전남광주통합특별시 서구 농성동 446-12,전용주
35.16033,126.8992,1,북구,전남광주통합특별시 북구 임동 92-82,한전주
35.16034,126.89765,1,북구,전남광주통합특별시 북구 임동 94-158,한전주
35.16034,126.91954,1,동구,광주광역시 동구 계림동 571-9,한전주
35.16035,126.91727,1,동구,광주광역시 동구 계림동 531-1,한전주
35.16035,126.91888,1,동구,광주광역시 동구 계림동 571-15,한전주
35.16036,126.88754,2,서구,전남광주통합특별시 서구 농성동 451,전용주
35.16036,126.88938,1,서구,전남광주통합특별시 서구 농성동 445-5,한전주
35.16036,126.92757,1,동구,광주광역시 동구 계림동 1758,한전주
35.16037,126.88889,1,서구,전남광주통합특별시 서구 농성동 446-18,전용주
35.16037,126.91593,1,동구,광주광역시 동구 계림동 534-7,한전주
35.16038,126.85893,1,서구,전남광주통합특별시 서구 쌍촌동 1331-3,전용주
35.16038,126.929,1,동구,광주광역시 동구 산수동 544-11,한전주
35.16039,126.91483,1,동구,광주광역시 동구 계림동 909,한전주
35.16039,126.91977,1,동구,광주광역시 동구 계림동 565-6,건축물
35.1604,126.89665,1,북구,전남광주통합특별시 북구 임동 94-224,한전주
35.1604,126.89705,1,북구,전남광주통합특별시 북구 임동 94-213,한전주
35.1604,126.90406,1,북구,전남광주통합특별시 북구 유동 115-25,한전주
35.1604,126.90811,1,북구,전남광주통합특별시 북구 중흥동 713-24,한전주
35.16042,126.91919,1,동구,광주광역시 동구 계림동 571-4,한전주
35.16043,126.88528,1,서구,전남광주통합특별시 서구 농성동 418-13,전용주
35.16043,126.92819,1,동구,광주광역시 동구 계림동 1780,한전주
35.16044,126.91574,1,동구,광주광역시 동구 계림동 534-6,한전주
35.16044,126.94098,1,북구,전남광주통합특별시 북구 두암동 1001,한전주
35.16045,126.88529,1,서구,전남광주통합특별시 서구 농성동 418-13,전용주
35.16045,126.90675,1,북구,전남광주통합특별시 북구 유동 101-3,한전주
35.16045,126.91763,1,동구,광주광역시 동구 계림동 530-4,한전주
35.16045,126.9292,1,동구,광주광역시 동구 산수동 544-61,한전주
35.16046,126.90498,1,북구,전남광주통합특별시 북구 유동 104-3,한전주
35.16046,126.91708,1,동구,광주광역시 동구 계림동 532-4,한전주
35.16046,126.92464,1,동구,광주광역시 동구 계림동 1369-34,한전주
35.16048,126.90127,1,북구,전남광주통합특별시 북구 임동 63,한전주
35.16048,126.93246,1,동구,광주광역시 동구 산수동 132-19,한전주
35.16049,126.88921,1,서구,전남광주통합특별시 서구 농성동 610-31,한전주
35.16049,126.89875,1,북구,전남광주통합특별시 북구 임동 92-62,한전주
35.1605,126.86373,1,서구,전남광주통합특별시 서구 쌍촌동 1341-6,전용주
35.1605,126.86403,1,서구,전남광주통합특별시 서구 쌍촌동 1342-6,전용주
35.1605,126.91642,1,동구,광주광역시 동구 계림동 533-18,한전주
35.1605,126.92963,1,동구,광주광역시 동구 산수동 544-3,한전주
35.16051,126.82643,1,서구,전남광주통합특별시 서구 치평동 1148-10,한전주
35.16051,126.88833,1,서구,전남광주통합특별시 서구 농성동 446-1,한전주
35.16051,126.88875,1,서구,전남광주통합특별시 서구 농성동 446-5,전용주
35.16051,126.89672,1,북구,전남광주통합특별시 북구 임동 94-135,한전주
35.16051,126.91897,1,동구,광주광역시 동구 계림동 571-1,한전주
35.16051,126.92816,1,동구,광주광역시 동구 계림동 1810,전용주
35.16051,126.92892,1,동구,광주광역시 동구 계림동 1704,한전주
35.16052,126.89986,1,북구,전남광주통합특별시 북구 임동 223,한전주
35.16052,126.91543,1,동구,광주광역시 동구 계림동 923,한전주
35.16052,126.92377,1,동구,광주광역시 동구 계림동 66-1,한전주
35.16052,126.92777,1,동구,광주광역시 동구 계림동 1763,한전주
35.16053,126.90528,1,북구,전남광주통합특별시 북구 유동 104-12,한전주
35.16053,126.90918,1,북구,전남광주통합특별시 북구 중흥동 740-7,한전주
35.16053,126.9092,9,북구,전남광주통합특별시 북구 중흥동 740-7,한전주
35.16054,126.90436,1,북구,전남광주통합특별시 북구 유동 115-20,한전주
35.16054,126.9356,6,동구,광주광역시 동구 산수동 573-1,한전주
35.16054,126.9368,4,동구,광주광역시 동구 산수동 689,전용주
35.16055,126.86424,1,서구,전남광주통합특별시 서구 쌍촌동 1342-3,전용주
35.16056,126.89672,4,북구,전남광주통합특별시 북구 임동 94-135,한전주
35.16057,126.91544,1,동구,광주광역시 동구 계림동 923,한전주
35.16057,126.92746,1,동구,광주광역시 동구 계림동 1736,전용주
35.16058,126.8585,1,서구,전남광주통합특별시 서구 쌍촌동 1325-7,전용주
35.16058,126.9092,1,북구,전남광주통합특별시 북구 중흥동 740-7,한전주
35.1606,126.90418,1,북구,전남광주통합특별시 북구 유동 115-24,전용주
35.1606,126.91383,1,북구,전남광주통합특별시 북구 중흥동 654-6,한전주
35.16061,126.84143,1,서구,전남광주통합특별시 서구 덕흥동 661-2,한전주
35.16061,126.88526,2,서구,전남광주통합특별시 서구 농성동 418-10,전용주
35.16061,126.92864,1,동구,광주광역시 동구 계림동 1729,한전주
35.16062,126.91135,1,북구,전남광주통합특별시 북구 중흥동 682-19,전용주
35.16062,126.91798,1,동구,광주광역시 동구 계림동 570-20,한전주
35.16063,126.85735,1,서구,전남광주통합특별시 서구 쌍촌동 1325,전용주
35.16063,126.88741,1,서구,전남광주통합특별시 서구 농성동 422-8,전용주
35.16063,126.94848,1,북구,전남광주통합특별시 북구 청풍동 1444-1,한전주
35.16064,126.91215,44,북구,전남광주통합특별시 북구 중흥동 740-5,한전주
35.16064,126.92904,1,동구,광주광역시 동구 계림동 1699,건축물
35.16065,126.92883,1,동구,광주광역시 동구 계림동 1706,한전주
35.16065,126.93103,1,북구,전남광주통합특별시 북구 풍향동 637,한전주
35.16066,126.88866,1,서구,전남광주통합특별시 서구 농성동 447-10,전용주
35.16066,126.92946,1,동구,광주광역시 동구 산수동 544-1,한전주
35.16067,126.84687,13,서구,전남광주통합특별시 서구 유촌동 322,한전주
35.16067,126.88526,1,서구,전남광주통합특별시 서구 농성동 418-10,전용주
35.16067,126.90615,1,북구,전남광주통합특별시 북구 유동 103-26,한전주
35.16067,126.91768,1,동구,광주광역시 동구 계림동 530-2,한전주
35.16068,126.85647,1,서구,전남광주통합특별시 서구 쌍촌동 1318-1,전용주
35.16068,126.91472,3,동구,광주광역시 동구 계림동 898,한전주
35.16068,126.91791,1,동구,광주광역시 동구 계림동 570-20,한전주
35.16068,126.9198,1,동구,광주광역시 동구 계림동 565-3,건축물
35.16069,126.84143,1,서구,전남광주통합특별시 서구 덕흥동 661-2,한전주
35.16069,126.9165,1,동구,광주광역시 동구 계림동 533-14,전용주
35.1607,126.91686,1,동구,광주광역시 동구 계림동 529-11,전용주
35.1607,126.92796,1,동구,광주광역시 동구 계림동 1731,한전주
35.16071,126.86442,1,서구,전남광주통합특별시 서구 쌍촌동 1343,전용주
35.16072,126.86374,1,서구,전남광주통합특별시 서구 쌍촌동 1341-7,전용주
35.16073,126.8587,1,서구,전남광주통합특별시 서구 쌍촌동 1331-7,전용주
35.16073,126.91228,1,북구,전남광주통합특별시 북구 중흥동 686-25,전용주
35.16074,126.91137,1,북구,전남광주통합특별시 북구 중흥동 682-22,전용주
35.16075,126.9173,1,동구,광주광역시 동구 계림동 529-6,전용주
35.16075,126.92854,1,동구,광주광역시 동구 계림동 1714,한전주
35.16076,126.89785,1,북구,전남광주통합특별시 북구 임동 92-29,한전주
35.16076,126.90618,1,북구,전남광주통합특별시 북구 유동 103-25,한전주
35.16076,126.91955,1,동구,광주광역시 동구 계림동 566-3,한전주
35.16077,126.85879,1,서구,전남광주통합특별시 서구 쌍촌동 1331-7,전용주
35.16077,126.85896,1,서구,전남광주통합특별시 서구 쌍촌동 1331,전용주
35.16077,126.90419,1,북구,전남광주통합특별시 북구 유동 115-23,한전주
35.16077,126.91118,1,북구,전남광주통합특별시 북구 중흥동 682-1,전용주
35.16077,126.91119,1,북구,전남광주통합특별시 북구 중흥동 682-1,한전주
35.16077,126.92989,1,동구,광주광역시 동구 산수동 543-30,전용주
35.16078,126.91213,1,북구,전남광주통합특별시 북구 중흥동 686-9,한전주
35.16078,126.91853,1,동구,광주광역시 동구 계림동 570-8,한전주
35.16079,126.90443,1,북구,전남광주통합특별시 북구 유동 115-21,한전주
35.16079,126.91793,1,동구,광주광역시 동구 계림동 570-21,전용주
35.16079,126.92936,1,동구,광주광역시 동구 계림동 1695,한전주
35.16081,126.85778,1,서구,전남광주통합특별시 서구 쌍촌동 1326-1,전용주
35.16081,126.89773,1,북구,전남광주통합특별시 북구 임동 92-16,한전주
35.16081,126.8984,1,북구,전남광주통합특별시 북구 임동 92-42,한전주
35.16081,126.90115,1,북구,전남광주통합특별시 북구 임동 13-6,한전주
35.16081,126.91548,1,동구,광주광역시 동구 계림동 885,한전주
35.16081,126.91926,1,동구,광주광역시 동구 계림동 567-3,한전주
35.16082,126.86389,1,서구,전남광주통합특별시 서구 쌍촌동 1341-1,전용주
35.16083,126.91354,1,북구,전남광주통합특별시 북구 중흥동 652-1,한전주
35.16083,126.92988,1,동구,광주광역시 동구 산수동 543-29,한전주
35.16083,126.93108,1,북구,전남광주통합특별시 북구 풍향동 631,건축물
35.16084,126.85638,1,서구,전남광주통합특별시 서구 쌍촌동 1314-6,전용주
35.16084,126.89843,1,북구,전남광주통합특별시 북구 임동 92-42,한전주
35.16084,126.90983,1,북구,전남광주통합특별시 북구 중흥동 711-8,한전주
35.16084,126.92876,1,동구,광주광역시 동구 계림동 1711,건축물
35.16085,126.88877,1,서구,전남광주통합특별시 서구 농성동 610-2,한전주
35.16086,126.85678,1,서구,전남광주통합특별시 서구 쌍촌동 1315-5,전용주
35.16086,126.91354,3,북구,전남광주통합특별시 북구 중흥동 652-1,전용주
35.16086,126.91955,1,동구,광주광역시 동구 계림동 566-2,한전주
35.16086,126.93549,1,동구,광주광역시 동구 산수동 686,전용주
35.16087,126.85778,2,서구,전남광주통합특별시 서구 쌍촌동 1326-1,전용주
35.16087,126.89862,1,북구,전남광주통합특별시 북구 임동 92-47,한전주
35.16087,126.93117,1,북구,전남광주통합특별시 북구 풍향동 632,한전주
35.16088,126.92441,1,동구,광주광역시 동구 계림동 1369-34,한전주
35.16089,126.8562,4,서구,전남광주통합특별시 서구 쌍촌동 1317,전용주
35.16089,126.85625,1,서구,전남광주통합특별시 서구 쌍촌동 1317,전용주
35.16089,126.85626,1,서구,전남광주통합특별시 서구 쌍촌동 1317,전용주
35.16089,126.92885,1,동구,광주광역시 동구 계림동 1707,한전주
35.1609,126.85632,1,서구,전남광주통합특별시 서구 쌍촌동 1314-6,전용주
35.16091,126.84048,2,서구,전남광주통합특별시 서구 덕흥동 35-5,전용주
35.16091,126.85859,1,서구,전남광주통합특별시 서구 쌍촌동 1328-4,전용주
35.16091,126.88821,1,서구,전남광주통합특별시 서구 농성동 453-9,전용주
35.16091,126.90567,1,북구,전남광주통합특별시 북구 유동 103-3,한전주
35.16092,126.90086,1,북구,전남광주통합특별시 북구 임동 14-13,한전주
35.16093,126.85825,1,서구,전남광주통합특별시 서구 쌍촌동 1327-4,전용주
35.16094,126.85897,1,서구,전남광주통합특별시 서구 쌍촌동 1329-4,전용주
35.16094,126.91743,1,동구,광주광역시 동구 계림동 528-8,전용주
35.16094,126.9318,1,북구,전남광주통합특별시 북구 풍향동 708,한전주
35.16095,126.86482,1,서구,전남광주통합특별시 서구 쌍촌동 927-11,전용주
35.16095,126.86489,3,서구,전남광주통합특별시 서구 쌍촌동 927-79,전용주
35.16095,126.90063,1,북구,전남광주통합특별시 북구 임동 14-14,전용주
35.16095,126.90821,1,북구,전남광주통합특별시 북구 중흥동 710-25,전용주
35.16095,126.90908,1,북구,전남광주통합특별시 북구 중흥동 710-4,한전주
35.16096,126.8314,1,서구,전남광주통합특별시 서구 덕흥동 819-18,한전주
35.16096,126.83144,2,서구,전남광주통합특별시 서구 덕흥동 819-18,한전주
35.16096,126.8648,1,서구,전남광주통합특별시 서구 쌍촌동 927-11,전용주
35.16096,126.86482,1,서구,전남광주통합특별시 서구 쌍촌동 927-11,전용주
35.16098,126.88821,1,서구,전남광주통합특별시 서구 농성동 447-1,전용주
35.16099,126.90878,1,북구,전남광주통합특별시 북구 중흥동 710-3,한전주
35.16099,126.91202,1,북구,전남광주통합특별시 북구 중흥동 686-1,한전주
35.16099,126.92833,1,동구,광주광역시 동구 계림동 1720,한전주
35.16099,126.92913,1,동구,광주광역시 동구 계림동 1689,한전주
35.161,126.89726,1,북구,전남광주통합특별시 북구 임동 94-245,한전주
35.16101,126.93081,1,북구,전남광주통합특별시 북구 풍향동 621,한전주
35.16102,126.86415,1,서구,전남광주통합특별시 서구 쌍촌동 1342,전용주
35.16102,126.86445,1,서구,전남광주통합특별시 서구 쌍촌동 111-1,한전주
35.16103,126.85867,4,서구,전남광주통합특별시 서구 쌍촌동 1332,전용주
35.16103,126.85868,1,서구,전남광주통합특별시 서구 쌍촌동 1332,전용주
35.16103,126.89806,1,북구,전남광주통합특별시 북구 임동 92-26,한전주
35.16103,126.90528,1,북구,전남광주통합특별시 북구 유동 103-35,한전주
35.16103,126.91112,1,북구,전남광주통합특별시 북구 중흥동 685-19,한전주
35.16103,126.93931,2,북구,전남광주통합특별시 북구 두암동 988,한전주
35.16103,126.93933,2,북구,전남광주통합특별시 북구 두암동 988,한전주
35.16104,126.86378,1,서구,전남광주통합특별시 서구 쌍촌동 1341-9,전용주
35.16104,126.89742,1,북구,전남광주통합특별시 북구 임동 224-33,한전주
35.16104,126.90864,1,북구,전남광주통합특별시 북구 중흥동 710-2,한전주
35.16104,126.90933,1,북구,전남광주통합특별시 북구 중흥동 706-3,한전주
35.16105,126.90969,1,북구,전남광주통합특별시 북구 중흥동 711-10,한전주
35.16107,126.85645,1,서구,전남광주통합특별시 서구 쌍촌동 1314-4,전용주
35.16107,126.92843,1,동구,광주광역시 동구 계림동 1719,한전주
35.16109,126.91505,1,동구,광주광역시 동구 계림동 866,한전주
35.16109,126.91819,1,동구,광주광역시 동구 계림동 568-20,한전주
35.1611,126.90135,1,북구,전남광주통합특별시 북구 임동 13-22,한전주
35.16111,126.89685,1,북구,전남광주통합특별시 북구 임동 94-117,한전주
35.16111,126.91754,1,동구,광주광역시 동구 계림동 528-5,한전주
35.16111,126.93154,1,북구,전남광주통합특별시 북구 풍향동 695,한전주
35.16112,126.84231,1,서구,전남광주통합특별시 서구 덕흥동 1195-39,한전주
35.16112,126.89785,1,북구,전남광주통합특별시 북구 임동 92-15,한전주
35.16113,126.92886,1,동구,광주광역시 동구 계림동 1682,한전주
35.16114,126.9242,1,동구,광주광역시 동구 계림동 526-11,한전주
35.16115,126.85679,1,서구,전남광주통합특별시 서구 쌍촌동 1315-3,전용주
35.16115,126.89838,1,북구,전남광주통합특별시 북구 임동 92-36,한전주
35.16116,126.91848,1,동구,광주광역시 동구 계림동 568-5,전용주
35.16116,126.93091,1,북구,전남광주통합특별시 북구 풍향동 619,한전주
35.16116,126.93179,1,북구,전남광주통합특별시 북구 풍향동 703,한전주
35.16117,126.89712,1,북구,전남광주통합특별시 북구 임동 94-114,한전주
35.16117,126.91113,1,북구,전남광주통합특별시 북구 중흥동 685-9 현대모비스,한전주
35.16117,126.91795,1,동구,광주광역시 동구 계림동 568-21,한전주
35.16118,126.85719,1,서구,전남광주통합특별시 서구 쌍촌동 1316-3,전용주
35.16118,126.90826,1,북구,전남광주통합특별시 북구 중흥동 710-1 대신모텔,한전주
35.16118,126.92891,1,동구,광주광역시 동구 계림동 1680,한전주
35.16119,126.90242,1,북구,전남광주통합특별시 북구 임동 5-11,한전주
35.16119,126.90796,1,북구,전남광주통합특별시 북구 중흥동 709-3,한전주
35.1612,126.85856,1,서구,전남광주통합특별시 서구 쌍촌동 1328-2,전용주
35.1612,126.90242,1,북구,전남광주통합특별시 북구 임동 5-11,한전주
35.1612,126.91575,1,동구,광주광역시 동구 계림동 892,한전주
35.1612,126.93243,1,북구,전남광주통합특별시 북구 풍향동 749,한전주
35.16121,126.86396,1,서구,전남광주통합특별시 서구 쌍촌동 1339-4,한전주
35.16121,126.91402,1,북구,전남광주통합특별시 북구 중흥동 655-5,한전주
35.16121,126.91964,1,동구,광주광역시 동구 계림동 563-2,한전주
35.16121,126.93564,7,동구,광주광역시 동구 산수동 675,전용주
35.16121,126.93567,1,동구,광주광역시 동구 산수동 675,건축물
35.16122,126.91152,1,북구,전남광주통합특별시 북구 중흥동 685-20,한전주
35.16122,126.91264,1,북구,전남광주통합특별시 북구 중흥동 687-19,한전주
35.16122,126.91942,1,동구,광주광역시 동구 계림동 563-1,한전주
35.16123,126.85803,1,서구,전남광주통합특별시 서구 쌍촌동 1327-9,전용주
35.16123,126.93566,1,동구,광주광역시 동구 산수동 675,건축물
35.16124,126.9285,1,동구,광주광역시 동구 계림동 1674,건축물
35.16125,126.85841,1,서구,전남광주통합특별시 서구 쌍촌동 1328-10,전용주
35.16126,126.93085,1,북구,전남광주통합특별시 북구 풍향동 612,한전주
35.16127,126.93221,1,북구,전남광주통합특별시 북구 풍향동 752,한전주
35.16128,126.92889,1,동구,광주광역시 동구 계림동 1678,한전주
35.16129,126.93067,1,북구,전남광주통합특별시 북구 풍향동 609,건축물
35.1613,126.93146,1,북구,전남광주통합특별시 북구 풍향동 680,한전주
35.16131,126.83213,2,서구,전남광주통합특별시 서구 덕흥동 818-16,한전주
35.16131,126.86388,1,서구,전남광주통합특별시 서구 쌍촌동 1339-3,한전주
35.16131,126.89754,1,북구,전남광주통합특별시 북구 임동 94-113,한전주
35.16131,126.90858,1,북구,전남광주통합특별시 북구 중흥동 707-11,전용주
35.16131,126.9177,1,동구,광주광역시 동구 계림동 569-2,전용주
35.16131,126.92963,1,동구,광주광역시 동구 계림동 1634,전용주
35.16132,126.91134,1,북구,전남광주통합특별시 북구 중흥동 685-18,한전주
35.16132,126.93174,1,북구,전남광주통합특별시 북구 풍향동 689,한전주
35.16133,126.91721,1,동구,광주광역시 동구 계림동 528-14,전용주
35.16133,126.93255,1,북구,전남광주통합특별시 북구 풍향동 746,한전주
35.16134,126.86349,1,서구,전남광주통합특별시 서구 쌍촌동 1339-1,전용주
35.16134,126.90902,1,북구,전남광주통합특별시 북구 중흥동 706-5,한전주
35.16134,126.90906,1,북구,전남광주통합특별시 북구 중흥동 706-5,한전주
35.16134,126.91338,1,북구,전남광주통합특별시 북구 중흥동 651-16,한전주
35.16134,126.91529,1,동구,광주광역시 동구 계림동 869,한전주
35.16135,126.859,1,서구,전남광주통합특별시 서구 쌍촌동 1329-1,전용주
35.16135,126.90423,1,북구,전남광주통합특별시 북구 유동 117-11,한전주
35.16135,126.91414,1,북구,전남광주통합특별시 북구 중흥동 655-6,한전주
35.16136,126.90922,1,북구,전남광주통합특별시 북구 중흥동 706-2,한전주
35.16136,126.90923,1,북구,전남광주통합특별시 북구 중흥동 706-2,한전주
35.16137,126.89719,1,북구,전남광주통합특별시 북구 임동 94-107,한전주
35.16137,126.91269,1,북구,전남광주통합특별시 북구 중흥동 687-16,한전주
35.16138,126.91183,1,북구,전남광주통합특별시 북구 중흥동 687-12,전용주
35.16138,126.91333,1,북구,전남광주통합특별시 북구 중흥동 651-16,전용주
35.16139,126.84254,1,서구,전남광주통합특별시 서구 덕흥동 1195-38,전용주
35.1614,126.85637,1,서구,전남광주통합특별시 서구 쌍촌동 1314-2,전용주
35.1614,126.93413,5,북구,전남광주통합특별시 북구 풍향동 802,한전주
35.16141,126.91363,1,북구,전남광주통합특별시 북구 중흥동 651-3,한전주
35.16142,126.91735,1,동구,광주광역시 동구 계림동 528-1,한전주
35.16143,126.91594,1,동구,광주광역시 동구 계림동 895,한전주
35.16144,126.8568,1,서구,전남광주통합특별시 서구 쌍촌동 1315-1,전용주
35.16144,126.91229,1,북구,전남광주통합특별시 북구 중흥동 687-26,한전주
35.16144,126.91292,1,북구,전남광주통합특별시 북구 중흥동 651-11,한전주
35.16144,126.91664,2,동구,광주광역시 동구 계림동 505-900,한전주
35.16144,126.91667,1,동구,광주광역시 동구 계림동 505-900,한전주
35.16144,126.92859,1,동구,광주광역시 동구 계림동 1669,한전주
35.16145,126.8577,2,서구,전남광주통합특별시 서구 쌍촌동 1326,전용주
35.16145,126.8979,1,북구,전남광주통합특별시 북구 임동 92-8,전용주
35.16145,126.9182,1,동구,광주광역시 동구 계림동 562-17,전용주
35.16146,126.88665,1,서구,전남광주통합특별시 서구 광천동 28-15,한전주
35.16146,126.91599,1,동구,광주광역시 동구 계림동 895,한전주
35.16146,126.91802,1,동구,광주광역시 동구 계림동 562-18,한전주
35.16147,126.91293,1,북구,전남광주통합특별시 북구 중흥동 651-11,한전주
35.16147,126.91735,1,동구,광주광역시 동구 계림동 528-1,전용주
35.16148,126.92941,1,동구,광주광역시 동구 계림동 1631,전용주
35.16149,126.89769,1,북구,전남광주통합특별시 북구 임동 224-22,한전주
35.16149,126.93269,1,북구,전남광주통합특별시 북구 풍향동 731,건축물
35.1615,126.85719,1,서구,전남광주통합특별시 서구 쌍촌동 1316-1,전용주
35.1615,126.8954,4,북구,전남광주통합특별시 북구 임동 637,전용주
35.1615,126.93212,1,북구,전남광주통합특별시 북구 풍향동 727,한전주
35.16151,126.83794,1,서구,전남광주통합특별시 서구 덕흥동 38-6,전용주
35.16151,126.85902,1,서구,전남광주통합특별시 서구 쌍촌동 1329,전용주
35.16151,126.93041,1,북구,전남광주통합특별시 북구 풍향동 579-19,한전주
35.16152,126.85852,2,서구,전남광주통합특별시 서구 쌍촌동 1328,전용주
35.16152,126.91133,1,북구,전남광주통합특별시 북구 중흥동 685-22,한전주
35.16152,126.91256,1,북구,전남광주통합특별시 북구 중흥동 688-25,한전주
35.16152,126.91436,1,북구,전남광주통합특별시 북구 중흥동 655-18,전용주
35.16152,126.931,1,북구,전남광주통합특별시 북구 풍향동 647,한전주
35.16154,126.83795,1,서구,전남광주통합특별시 서구 덕흥동 38-6,전용주
35.16154,126.85818,3,서구,전남광주통합특별시 서구 쌍촌동 1327-11,전용주
35.16154,126.90177,4,북구,전남광주통합특별시 북구 임동 231-2,한전주
35.16155,126.93229,1,북구,전남광주통합특별시 북구 풍향동 739,한전주
35.16156,126.83302,2,서구,전남광주통합특별시 서구 덕흥동 817-5,한전주
35.16156,126.91337,1,북구,전남광주통합특별시 북구 중흥동 651-12,전용주
35.16156,126.9154,1,동구,광주광역시 동구 계림동 872,한전주
35.16156,126.93396,1,북구,전남광주통합특별시 북구 풍향동 791,건축물
35.16157,126.84242,1,서구,전남광주통합특별시 서구 덕흥동 655-4,한전주
35.16157,126.84244,1,서구,전남광주통합특별시 서구 덕흥동 655-4,한전주
35.16157,126.9014,1,북구,전남광주통합특별시 북구 임동 13-9,한전주
35.16158,126.85702,2,서구,전남광주통합특별시 서구 쌍촌동 1316-11,전용주
35.16158,126.90819,1,북구,전남광주통합특별시 북구 중흥동 709-1,한전주
35.16158,126.91166,1,북구,전남광주통합특별시 북구 중흥동 685-1,한전주
35.16159,126.83199,1,서구,전남광주통합특별시 서구 덕흥동 1215-3,한전주
35.16159,126.85923,1,서구,전남광주통합특별시 서구 쌍촌동 1313-2,전용주
35.16159,126.8593,1,서구,전남광주통합특별시 서구 쌍촌동 1313-2,전용주
35.16159,126.91411,1,북구,전남광주통합특별시 북구 중흥동 655-28,한전주
35.16159,126.93412,1,북구,전남광주통합특별시 북구 풍향동 793,한전주
35.16159,126.93799,1,동구,광주광역시 동구 산수동 687,전용주
35.1616,126.85643,1,서구,전남광주통합특별시 서구 쌍촌동 1314,전용주
35.1616,126.91532,1,동구,광주광역시 동구 계림동 872,한전주
35.1616,126.91592,1,동구,광주광역시 동구 계림동 851,한전주
35.16161,126.91081,1,북구,전남광주통합특별시 북구 중흥동 684,한전주
35.16161,126.91087,1,북구,전남광주통합특별시 북구 중흥동 684,한전주
35.16161,126.92376,1,동구,광주광역시 동구 계림동 524-9,한전주
35.16161,126.92927,1,동구,광주광역시 동구 계림동 1624,전용주
35.16162,126.83411,1,서구,전남광주통합특별시 서구 덕흥동 816-14,한전주
35.16162,126.91142,1,북구,전남광주통합특별시 북구 중흥동 685-6,한전주
35.16162,126.93054,1,북구,전남광주통합특별시 북구 풍향동 579-23,한전주
35.16163,126.91735,1,동구,광주광역시 동구 계림동 561-12,전용주
35.16163,126.91755,1,동구,광주광역시 동구 계림동 561-9,전용주
35.16163,126.93176,2,북구,전남광주통합특별시 북구 풍향동 573-2,한전주
35.16163,126.93231,1,북구,전남광주통합특별시 북구 풍향동 738,한전주
35.16164,126.90096,1,북구,전남광주통합특별시 북구 임동 14-17,한전주
35.16165,126.91225,1,북구,전남광주통합특별시 북구 중흥동 688-16,한전주
35.16165,126.93138,1,북구,전남광주통합특별시 북구 풍향동 41-5,한전주
35.16166,126.83676,4,서구,전남광주통합특별시 서구 덕흥동 41-9,한전주
35.16166,126.91312,1,북구,전남광주통합특별시 북구 중흥동 651-1,한전주
35.16167,126.84239,2,서구,전남광주통합특별시 서구 덕흥동 64-2,한전주
35.16167,126.93114,1,북구,전남광주통합특별시 북구 풍향동 43-12,건축물
35.16168,126.83523,3,서구,전남광주통합특별시 서구 덕흥동 815-9,한전주
35.16168,126.90188,1,북구,전남광주통합특별시 북구 임동 13-2 카톨릭광주사회복지회 차고 옆,한전주
35.16169,126.9064,1,북구,전남광주통합특별시 북구 신안동 9-6,한전주
35.16169,126.9395,1,북구,전남광주통합특별시 북구 두암동 976-1,한전주
35.1617,126.89708,1,북구,전남광주통합특별시 북구 임동 94-210,한전주
35.1617,126.90662,1,북구,전남광주통합특별시 북구 신안동 10-16 NC백화점뒤,한전주
35.1617,126.91312,1,북구,전남광주통합특별시 북구 중흥동 651-1,한전주
35.16171,126.89724,1,북구,전남광주통합특별시 북구 임동 94-140,한전주
35.16171,126.91619,1,동구,광주광역시 동구 계림동 856,한전주
35.16171,126.93092,1,북구,전남광주통합특별시 북구 풍향동 578-15,건축물
35.16172,126.91537,1,동구,광주광역시 동구 계림동 842,한전주
35.16173,126.91219,1,북구,전남광주통합특별시 북구 중흥동 688-12,전용주
35.16174,126.83591,2,서구,전남광주통합특별시 서구 덕흥동 41-2,전용주
35.16174,126.87913,1,서구,전남광주통합특별시 서구 광천동 242,전용주
35.16174,126.91054,1,북구,전남광주통합특별시 북구 중흥동 683-19,한전주
35.16174,126.93455,1,북구,전남광주통합특별시 북구 풍향동 797,한전주
35.16175,126.90887,1,북구,전남광주통합특별시 북구 중흥동 707-10,한전주
35.16175,126.92801,1,동구,광주광역시 동구 계림동 1340,한전주
35.16177,126.9236,1,동구,광주광역시 동구 계림동 524-1,건축물
35.16178,126.906,1,북구,전남광주통합특별시 북구 신안동 7-2,전용주
35.16179,126.90649,1,북구,전남광주통합특별시 북구 신안동 10-16,한전주
35.16179,126.91054,1,북구,전남광주통합특별시 북구 중흥동 683-19,한전주
35.16179,126.91537,1,동구,광주광역시 동구 계림동 842,전용주
35.16179,126.91752,1,동구,광주광역시 동구 계림동 561-11,전용주
35.1618,126.88588,1,서구,전남광주통합특별시 서구 광천동 13-17,한전주
35.1618,126.8859,1,서구,전남광주통합특별시 서구 광천동 13-17,한전주
35.16182,126.88567,1,서구,전남광주통합특별시 서구 광천동 13-24,한전주
35.16182,126.93114,1,북구,전남광주통합특별시 북구 풍향동 43,한전주
35.16182,126.93158,1,북구,전남광주통합특별시 북구 풍향동 40-1,한전주
35.16182,126.93169,1,북구,전남광주통합특별시 북구 풍향동 40-3,한전주
35.16183,126.8425,1,서구,전남광주통합특별시 서구 덕흥동 652-3,전용주
35.16183,126.8859,1,서구,전남광주통합특별시 서구 광천동 13-17,한전주
35.16183,126.89836,1,북구,전남광주통합특별시 북구 임동 47-5,한전주
35.16183,126.9301,1,북구,전남광주통합특별시 북구 풍향동 579-25,전용주
35.16184,126.90933,1,북구,전남광주통합특별시 북구 중흥동 705-9,전용주
35.16184,126.9115,1,북구,전남광주통합특별시 북구 중흥동 690-29,한전주
35.16184,126.93274,1,북구,전남광주통합특별시 북구 풍향동 산 20,건축물
35.16185,126.91386,1,북구,전남광주통합특별시 북구 중흥동 650-18,한전주
35.16185,126.91966,1,동구,광주광역시 동구 계림동 558-2,한전주
35.16186,126.91405,1,북구,전남광주통합특별시 북구 중흥동 650-6,한전주
35.16186,126.93053,1,북구,전남광주통합특별시 북구 풍향동 606-3,한전주
35.16186,126.93098,1,북구,전남광주통합특별시 북구 풍향동 43-9,전용주
35.16188,126.89741,1,북구,전남광주통합특별시 북구 임동 94-66,한전주
35.16188,126.90314,1,북구,전남광주통합특별시 북구 임동 2-20,한전주
35.16188,126.91012,1,북구,전남광주통합특별시 북구 중흥동 683-13,한전주
35.16189,126.90804,1,북구,전남광주통합특별시 북구 중흥동 708-2,한전주
35.16189,126.90806,1,북구,전남광주통합특별시 북구 중흥동 708-2,한전주
35.16191,126.91048,1,북구,전남광주통합특별시 북구 중흥동 683-1,한전주
35.16192,126.84023,3,서구,전남광주통합특별시 서구 덕흥동 34-17,전용주
35.16192,126.89743,1,북구,전남광주통합특별시 북구 임동 94-59,전용주
35.16192,126.90158,1,북구,전남광주통합특별시 북구 임동 13-10,한전주
35.16194,126.93007,1,북구,전남광주통합특별시 북구 풍향동 579-6,건축물
35.16195,126.83886,4,서구,전남광주통합특별시 서구 덕흥동 39-7,전용주
35.16195,126.91944,1,동구,광주광역시 동구 계림동 559-6,한전주
35.16195,126.93341,1,북구,전남광주통합특별시 북구 풍향동 764,건축물
35.16197,126.83741,1,서구,전남광주통합특별시 서구 덕흥동 42-15,한전주
35.16198,126.93143,1,북구,전남광주통합특별시 북구 풍향동 41-1,한전주
35.16198,126.93407,1,북구,전남광주통합특별시 북구 풍향동 777,한전주
35.16199,126.83662,1,서구,전남광주통합특별시 서구 덕흥동 42-11,한전주
35.16199,126.90158,1,북구,전남광주통합특별시 북구 임동 13-10,한전주
35.162,126.92323,1,동구,광주광역시 동구 계림동 524-5,한전주
35.16201,126.88457,1,서구,전남광주통합특별시 서구 광천동 35,한전주
35.16201,126.92366,1,동구,광주광역시 동구 계림동 116-25,한전주
35.16201,126.93016,1,북구,전남광주통합특별시 북구 풍향동 579-5,한전주
35.16201,126.93419,1,북구,전남광주통합특별시 북구 풍향동 778,한전주
35.16202,126.92846,1,동구,광주광역시 동구 계림동 1604,한전주
35.16203,126.90541,1,북구,전남광주통합특별시 북구 신안동 8-6,한전주
35.16204,126.90836,1,북구,전남광주통합특별시 북구 중흥동 708-10,한전주
35.16204,126.91093,1,북구,전남광주통합특별시 북구 중흥동 696-19,한전주
35.16204,126.9116,1,북구,전남광주통합특별시 북구 중흥동 690-4,한전주
35.16205,126.89999,1,북구,전남광주통합특별시 북구 임동 7-9,한전주
35.16206,126.91228,1,북구,전남광주통합특별시 북구 중흥동 689-6,한전주
35.16207,126.91635,1,동구,광주광역시 동구 계림동 857,한전주
35.16208,126.90618,1,북구,전남광주통합특별시 북구 신안동 9-2,한전주
35.16208,126.92846,1,동구,광주광역시 동구 계림동 1604,전용주
35.16209,126.84264,1,서구,전남광주통합특별시 서구 덕흥동 33-5,한전주
35.16209,126.88417,1,서구,전남광주통합특별시 서구 광천동 36-1,한전주
35.16209,126.88652,1,서구,전남광주통합특별시 서구 광천동 27-28,한전주
35.16209,126.90247,1,북구,전남광주통합특별시 북구 임동 3-19,한전주
35.16209,126.91184,1,북구,전남광주통합특별시 북구 중흥동 690-3,한전주
35.16209,126.92363,2,동구,광주광역시 동구 계림동 116-7,전용주
35.16209,126.92367,1,동구,광주광역시 동구 계림동 116-7,한전주
35.1621,126.9191,1,동구,광주광역시 동구 계림동 559-2,한전주
35.16213,126.91333,1,북구,전남광주통합특별시 북구 중흥동 649-4,전용주
35.16213,126.93456,1,북구,전남광주통합특별시 북구 풍향동 781,한전주
35.16213,126.93905,14,북구,전남광주통합특별시 북구 두암동 990-1,한전주
35.16215,126.90843,1,북구,전남광주통합특별시 북구 중흥동 708-8,한전주
35.16215,126.91846,1,동구,광주광역시 동구 계림동 559-1,한전주
35.16216,126.8998,1,북구,전남광주통합특별시 북구 임동 7-7,한전주
35.16216,126.90641,1,북구,전남광주통합특별시 북구 신안동 9-5,한전주
35.16216,126.93092,1,북구,전남광주통합특별시 북구 풍향동 38-15,건축물
35.16216,126.93099,1,북구,전남광주통합특별시 북구 풍향동 38-13,건축물
35.16217,126.87758,21,서구,전남광주통합특별시 서구 광천동 895,전용주
35.16218,126.8846,1,서구,전남광주통합특별시 서구 광천동 34-1,한전주
35.16218,126.90574,1,북구,전남광주통합특별시 북구 신안동 8-7,한전주
35.16218,126.91946,1,동구,광주광역시 동구 계림동 557-11,한전주
35.16219,126.9022,1,북구,전남광주통합특별시 북구 임동 3-12,한전주
35.16219,126.98016,1,북구,전남광주통합특별시 북구 금곡동 862-4,한전주
35.1622,126.87758,1,서구,전남광주통합특별시 서구 광천동 895,전용주
35.1622,126.911,1,북구,전남광주통합특별시 북구 중흥동 696-8,한전주
35.16221,126.91412,1,북구,전남광주통합특별시 북구 중흥동 648-12,한전주
35.16221,126.92379,1,동구,광주광역시 동구 계림동 116-15,건축물
35.16222,126.90915,1,북구,전남광주통합특별시 북구 중흥동 707-1 주차장 1,한전주
35.16222,126.91352,1,북구,전남광주통합특별시 북구 중흥동 649-5,전용주
35.16222,126.91594,1,동구,광주광역시 동구 계림동 834,전용주
35.16223,126.90017,1,북구,전남광주통합특별시 북구 임동 7-14,한전주
35.16223,126.90186,1,북구,전남광주통합특별시 북구 임동 3-8,한전주
35.16223,126.9106,1,북구,전남광주통합특별시 북구 중흥동 697-5,한전주
35.16224,126.88679,1,서구,전남광주통합특별시 서구 광천동 15-14,전용주
35.16225,126.88679,1,서구,전남광주통합특별시 서구 광천동 15-14,전용주
35.16225,126.91239,1,북구,전남광주통합특별시 북구 중흥동 689-1,한전주
35.16226,126.84345,3,서구,전남광주통합특별시 서구 유촌동 719-2,한전주
35.16226,126.88679,1,서구,전남광주통합특별시 서구 광천동 15-14,전용주
35.16226,126.92425,1,동구,광주광역시 동구 계림동 1220,전용주
35.16227,126.88626,1,서구,전남광주통합특별시 서구 광천동 15-11,전용주
35.16227,126.91192,1,북구,전남광주통합특별시 북구 중흥동 690-36,전용주
35.16227,126.92959,1,북구,전남광주통합특별시 북구 풍향동 579-2,한전주
35.16228,126.88506,1,서구,전남광주통합특별시 서구 광천동 33-9,한전주
35.16228,126.93291,1,북구,전남광주통합특별시 북구 풍향동 39-22,한전주
35.16229,126.93019,1,북구,전남광주통합특별시 북구 풍향동 578-7,한전주
35.1623,126.90349,1,북구,전남광주통합특별시 북구 신안동 150-10,한전주
35.16231,126.88469,1,서구,전남광주통합특별시 서구 광천동 13-39,한전주
35.16231,126.90618,2,북구,전남광주통합특별시 북구 신안동 162-3,한전주
35.16232,126.93384,1,북구,전남광주통합특별시 북구 두암동 279-1,한전주
35.16233,126.84225,1,서구,전남광주통합특별시 서구 덕흥동 30-21,전용주
35.16233,126.89631,1,북구,전남광주통합특별시 북구 임동 97-81,한전주
35.16234,126.88469,1,서구,전남광주통합특별시 서구 광천동 13-39,전용주
35.16234,126.90949,1,북구,전남광주통합특별시 북구 중흥동 705-1 한빛교회,전용주
35.16234,126.9144,1,북구,전남광주통합특별시 북구 중흥동 648-16,건축물
35.16234,126.9182,1,동구,광주광역시 동구 계림동 560-8,한전주
35.16234,126.93213,1,북구,전남광주통합특별시 북구 풍향동 39-12,전용주
35.16234,126.93219,1,북구,전남광주통합특별시 북구 풍향동 39-12,한전주
35.16235,126.88524,1,서구,전남광주통합특별시 서구 광천동 33-8,전용주
35.16235,126.88557,1,서구,전남광주통합특별시 서구 광천동 61-22,전용주
35.16236,126.92406,1,동구,광주광역시 동구 계림동 116-2,한전주
35.16236,126.93368,1,북구,전남광주통합특별시 북구 두암동 280-104,한전주
35.16237,126.8407,3,서구,전남광주통합특별시 서구 덕흥동 30-13,전용주
35.16237,126.90927,1,북구,전남광주통합특별시 북구 중흥동 705-1 한빛교회,전용주
35.16238,126.88509,1,서구,전남광주통합특별시 서구 광천동 33-7,전용주
35.16238,126.89592,7,북구,전남광주통합특별시 북구 임동 101-5,한전주
35.16238,126.89598,1,북구,전남광주통합특별시 북구 임동 101-5,전용주
35.16238,126.91847,1,동구,광주광역시 동구 계림동 557-20,한전주
35.16238,126.93257,1,북구,전남광주통합특별시 북구 풍향동 39-40,한전주
35.16239,126.91057,1,북구,전남광주통합특별시 북구 중흥동 697-8,한전주
35.16239,126.91771,1,동구,광주광역시 동구 계림동 560-5,한전주
35.16239,126.93112,1,북구,전남광주통합특별시 북구 풍향동 38-38,한전주
35.1624,126.84225,3,서구,전남광주통합특별시 서구 덕흥동 30-21,한전주
35.1624,126.88236,1,서구,전남광주통합특별시 서구 광천동 56-4,한전주
35.1624,126.88585,1,서구,전남광주통합특별시 서구 광천동 13-16,전용주
35.1624,126.88591,1,서구,전남광주통합특별시 서구 광천동 13,전용주
35.1624,126.92426,1,동구,광주광역시 동구 계림동 1221,전용주
35.1624,126.92979,1,북구,전남광주통합특별시 북구 풍향동 579-1,한전주
35.1624,126.93035,1,북구,전남광주통합특별시 북구 풍향동 578-45,한전주
35.16241,126.84723,1,서구,전남광주통합특별시 서구 유촌동 346,전용주
35.16243,126.88607,1,서구,전남광주통합특별시 서구 광천동 14-5,전용주
35.16243,126.91304,1,북구,전남광주통합특별시 북구 중흥동 691-22,전용주
35.16243,126.91941,1,동구,광주광역시 동구 계림동 557-9,한전주
35.16244,126.90003,1,북구,전남광주통합특별시 북구 임동 7-3,한전주
35.16244,126.9111,1,북구,전남광주통합특별시 북구 중흥동 696-12,한전주
35.16245,126.84284,1,서구,전남광주통합특별시 서구 덕흥동 33-3,한전주
35.16245,126.84723,1,서구,전남광주통합특별시 서구 유촌동 346,전용주
35.16245,126.90379,1,북구,전남광주통합특별시 북구 신안동 149-12,한전주
35.16246,126.91374,1,북구,전남광주통합특별시 북구 중흥동 647-14,전용주
35.16246,126.9175,1,동구,광주광역시 동구 계림동 560-3,한전주
35.16246,126.92413,1,동구,광주광역시 동구 계림동 100-13,전용주
35.16246,126.93207,1,북구,전남광주통합특별시 북구 풍향동 39-44 금성맨션코너,한전주
35.16247,126.84289,1,서구,전남광주통합특별시 서구 덕흥동 33-3,한전주
35.16247,126.90703,1,북구,전남광주통합특별시 북구 신안동 10-8,한전주
35.16248,126.89684,2,북구,전남광주통합특별시 북구 임동 97-111,전용주
35.16248,126.90925,1,북구,전남광주통합특별시 북구 중흥동 703-4,한전주
35.16248,126.91684,1,동구,광주광역시 동구 계림동 542-2,한전주
35.16248,126.9308,1,북구,전남광주통합특별시 북구 풍향동 38-47,한전주
35.16248,126.93395,1,북구,전남광주통합특별시 북구 두암동 279-13,한전주
35.16249,126.90705,1,북구,전남광주통합특별시 북구 신안동 10-8,한전주
35.16249,126.91897,1,동구,광주광역시 동구 계림동 557-4,한전주
35.1625,126.88297,1,서구,전남광주통합특별시 서구 광천동 58-20,한전주
35.1625,126.9212,1,동구,광주광역시 동구 계림동 85-180,전용주
35.16251,126.88537,1,서구,전남광주통합특별시 서구 광천동 61-15,건축물
35.16251,126.88547,1,서구,전남광주통합특별시 서구 광천동 61-14,건축물
35.16251,126.89612,1,북구,전남광주통합특별시 북구 임동 97-50,전용주
35.16251,126.90323,1,북구,전남광주통합특별시 북구 신안동 150-5,건축물
35.16251,126.9121,1,북구,전남광주통합특별시 북구 중흥동 690-18,한전주
35.16252,126.88451,3,서구,전남광주통합특별시 서구 광천동 60-18,전용주
35.16252,126.89619,1,북구,전남광주통합특별시 북구 임동 97-50,건축물
35.16252,126.90626,1,북구,전남광주통합특별시 북구 신안동 12-7,한전주
35.16252,126.93997,1,북구,전남광주통합특별시 북구 두암동 973-4,한전주
35.16253,126.92911,1,북구,전남광주통합특별시 북구 풍향동 580-5,한전주
35.16254,126.91868,1,동구,광주광역시 동구 계림동 557-2,한전주
35.16254,126.9302,1,북구,전남광주통합특별시 북구 풍향동 578-1,한전주
35.16255,126.88529,1,서구,전남광주통합특별시 서구 광천동 33-4,한전주
35.16256,126.91398,1,북구,전남광주통합특별시 북구 중흥동 648-18,건축물
35.16257,126.93116,1,북구,전남광주통합특별시 북구 풍향동 38-36,한전주
35.16257,126.93997,1,북구,전남광주통합특별시 북구 두암동 973-4,한전주
35.16258,126.90272,3,북구,전남광주통합특별시 북구 신안동 151-10,한전주
35.16258,126.91709,1,동구,광주광역시 동구 계림동 560-1,한전주
35.16258,126.92091,1,동구,광주광역시 동구 계림동 85-138,전용주
35.16259,126.91186,1,북구,전남광주통합특별시 북구 중흥동 690-16,한전주
35.16259,126.91727,1,동구,광주광역시 동구 계림동 560-2,한전주
35.16259,126.92946,1,북구,전남광주통합특별시 북구 풍향동 580-1,한전주
35.1626,126.90412,1,북구,전남광주통합특별시 북구 신안동 149-16,한전주
35.1626,126.91051,1,북구,전남광주통합특별시 북구 중흥동 697-1,한전주
35.1626,126.91111,1,북구,전남광주통합특별시 북구 중흥동 696-7,한전주
35.16261,126.84204,1,서구,전남광주통합특별시 서구 덕흥동 74-1,한전주
35.16261,126.89648,1,북구,전남광주통합특별시 북구 임동 97-3,한전주
35.16261,126.89794,1,북구,전남광주통합특별시 북구 임동 33-19,한전주
35.16261,126.97989,1,북구,전남광주통합특별시 북구 금곡동 867-8,한전주
35.16262,126.84967,1,서구,전남광주통합특별시 서구 유촌동 396-2,한전주
35.16262,126.87932,1,서구,전남광주통합특별시 서구 광천동 895-2,전용주
35.16263,126.87986,1,서구,전남광주통합특별시 서구 광천동 231-6,한전주
35.16263,126.90852,1,북구,전남광주통합특별시 북구 중흥동 702-4,전용주
35.16264,126.82673,1,서구,전남광주통합특별시 서구 덕흥동 1132-1,한전주
35.16264,126.90428,1,북구,전남광주통합특별시 북구 신안동 149-10,한전주
35.16264,126.91325,1,북구,전남광주통합특별시 북구 중흥동 647-10,건축물
35.16266,126.91826,1,동구,광주광역시 동구 계림동 556-7,한전주
35.16267,126.90188,1,북구,전남광주통합특별시 북구 신안동 151-7,한전주
35.16267,126.91851,1,동구,광주광역시 동구 계림동 557-1,한전주
35.16269,126.94019,1,북구,전남광주통합특별시 북구 두암동 972-4,한전주
35.1627,126.90874,1,북구,전남광주통합특별시 북구 중흥동 703-6,전용주
35.1627,126.91016,1,북구,전남광주통합특별시 북구 중흥동 704-10,한전주
35.1627,126.91683,1,동구,광주광역시 동구 계림동 821,전용주
35.1627,126.93444,1,북구,전남광주통합특별시 북구 두암동 277-12,한전주
35.16271,126.9167,1,동구,광주광역시 동구 계림동 820,한전주
35.16271,126.91803,1,동구,광주광역시 동구 계림동 556-6,한전주
35.16271,126.91924,1,동구,광주광역시 동구 계림동 554-8,한전주
35.16271,126.93292,1,북구,전남광주통합특별시 북구 풍향동 23-108,한전주
35.16274,126.90198,1,북구,전남광주통합특별시 북구 신안동 151-27,한전주
35.16274,126.93061,1,북구,전남광주통합특별시 북구 풍향동 23-71,한전주
35.16275,126.91146,1,북구,전남광주통합특별시 북구 중흥동 696-18,한전주
35.16276,126.8958,1,북구,전남광주통합특별시 북구 임동 97-11 평화맨션,한전주
35.16276,126.89804,1,북구,전남광주통합특별시 북구 임동 33-15,한전주
35.16276,126.89808,1,북구,전남광주통합특별시 북구 임동 33-15,한전주
35.16276,126.89825,1,북구,전남광주통합특별시 북구 임동 33-6,건축물
35.16277,126.88584,1,서구,전남광주통합특별시 서구 광천동 13-3,한전주
35.16277,126.9193,1,동구,광주광역시 동구 계림동 554-8,한전주
35.16278,126.85067,2,서구,전남광주통합특별시 서구 유촌동 334,전용주
35.16278,126.92043,1,동구,광주광역시 동구 계림동 85-203,한전주
35.16279,126.91643,1,동구,광주광역시 동구 계림동 818,전용주
35.16279,126.93038,1,북구,전남광주통합특별시 북구 풍향동 35-17,한전주
35.16279,126.98007,1,북구,전남광주통합특별시 북구 금곡동 915-5,한전주
35.1628,126.92471,1,동구,광주광역시 동구 계림동 1115,한전주
35.16281,126.88215,5,서구,전남광주통합특별시 서구 광천동 54-15,전용주
35.16281,126.89619,1,북구,전남광주통합특별시 북구 임동 97-11,한전주
35.16281,126.90778,1,북구,전남광주통합특별시 북구 신안동 4-4,전용주
35.16282,126.88542,2,서구,전남광주통합특별시 서구 광천동 811,건축물
35.16282,126.93134,1,북구,전남광주통합특별시 북구 풍향동 23-14,한전주
35.16283,126.8847,2,서구,전남광주통합특별시 서구 광천동 62-1,건축물
35.16283,126.88594,1,서구,전남광주통합특별시 서구 광천동 13-12,전용주
35.16285,126.89771,1,북구,전남광주통합특별시 북구 임동 37-13,한전주
35.16285,126.91866,1,동구,광주광역시 동구 계림동 554-16,건축물
35.16285,126.9325,1,북구,전남광주통합특별시 북구 풍향동 23-76 대주풍향빌,한전주
35.16286,126.93092,1,북구,전남광주통합특별시 북구 풍향동 23-127,한전주
35.16288,126.84221,2,서구,전남광주통합특별시 서구 덕흥동 29-14,한전주
35.16288,126.92969,1,북구,전남광주통합특별시 북구 풍향동 577-6,한전주
35.1629,126.91735,1,동구,광주광역시 동구 계림동 556-1,한전주
35.1629,126.93163,1,북구,전남광주통합특별시 북구 풍향동 23-93,한전주
35.1629,126.9343,1,북구,전남광주통합특별시 북구 두암동 277-5,한전주
35.16291,126.93373,1,북구,전남광주통합특별시 북구 두암동 280-126,한전주
35.16292,126.91025,1,북구,전남광주통합특별시 북구 중흥동 704-3 신카인테리어,한전주
35.16292,126.91593,1,동구,광주광역시 동구 계림동 831,전용주
35.16292,126.93031,1,북구,전남광주통합특별시 북구 풍향동 35-5,한전주
35.16292,126.93298,1,북구,전남광주통합특별시 북구 풍향동 23-106,한전주
35.16293,126.88582,1,서구,전남광주통합특별시 서구 광천동 12,전용주
35.16293,126.90867,1,북구,전남광주통합특별시 북구 중흥동 702-1,한전주
35.16294,126.90734,1,북구,전남광주통합특별시 북구 신안동 11-7,한전주
35.16294,126.93184,1,북구,전남광주통합특별시 북구 풍향동 23-88,한전주
35.16295,126.91224,1,북구,전남광주통합특별시 북구 중흥동 692-10,
35.16296,126.90712,1,북구,전남광주통합특별시 북구 신안동 11-2,전용주
35.16296,126.91626,1,동구,광주광역시 동구 계림동 810,전용주
35.16296,126.92395,1,동구,광주광역시 동구 계림동 508-10,한전주
35.16297,126.84611,4,서구,전남광주통합특별시 서구 유촌동 680-6,한전주
35.16297,126.84619,1,서구,전남광주통합특별시 서구 유촌동 680-6,전용주
35.16297,126.84845,2,서구,전남광주통합특별시 서구 유촌동 352,전용주
35.16297,126.98222,1,북구,전남광주통합특별시 북구 금곡동 923,한전주
35.16298,126.84358,1,서구,전남광주통합특별시 서구 덕흥동 1195-34,한전주
35.16298,126.90287,1,북구,전남광주통합특별시 북구 신안동 147-15,한전주
35.16298,126.91771,1,동구,광주광역시 동구 계림동 555-23,한전주
35.16298,126.9332,1,북구,전남광주통합특별시 북구 두암동 280-84,한전주
35.16298,126.93322,1,북구,전남광주통합특별시 북구 두암동 280-84,한전주
35.16299,126.91887,1,동구,광주광역시 동구 계림동 554-5,한전주
35.16299,126.93961,1,북구,전남광주통합특별시 북구 두암동 974-1,한전주
35.16299,126.93966,1,북구,전남광주통합특별시 북구 두암동 974-1,한전주
35.163,126.90691,1,북구,전남광주통합특별시 북구 신안동 11-11,전용주
35.16301,126.91195,1,북구,전남광주통합특별시 북구 중흥동 692-11,한전주
35.16301,126.91274,1,북구,전남광주통합특별시 북구 중흥동 692-5,전용주
35.16302,126.84435,2,서구,전남광주통합특별시 서구 유촌동 674-2,한전주
35.16302,126.89744,1,북구,전남광주통합특별시 북구 임동 37-11,한전주
35.16302,126.91274,1,북구,전남광주통합특별시 북구 중흥동 692-5,전용주
35.16302,126.9128,1,북구,전남광주통합특별시 북구 중흥동 692-5,전용주
35.16302,126.93362,1,북구,전남광주통합특별시 북구 두암동 280-60,한전주
35.16303,126.9333,1,북구,전남광주통합특별시 북구 두암동 280-73,건축물
35.16304,126.88323,1,서구,전남광주통합특별시 서구 광천동 58-2,한전주
35.16304,126.91029,2,북구,전남광주통합특별시 북구 중흥동 698-1,건축물
35.16304,126.94021,1,북구,전남광주통합특별시 북구 두암동 972-7,한전주
35.16305,126.8855,1,서구,전남광주통합특별시 서구 광천동 10-32,한전주
35.16305,126.89769,1,북구,전남광주통합특별시 북구 임동 35-10,전용주
35.16306,126.87735,1,서구,전남광주통합특별시 서구 광천동 895-3,전용주
35.16306,126.90429,1,북구,전남광주통합특별시 북구 신안동 144-3,한전주
35.16306,126.90673,1,북구,전남광주통합특별시 북구 신안동 11-11,전용주
35.16306,126.9315,1,북구,전남광주통합특별시 북구 풍향동 23-12,한전주
35.16307,126.89826,1,북구,전남광주통합특별시 북구 임동 32-2,한전주
35.16307,126.91849,1,동구,광주광역시 동구 계림동 555-12,한전주
35.16308,126.8984,1,북구,전남광주통합특별시 북구 임동 32-4,한전주
35.16308,126.91078,1,북구,전남광주통합특별시 북구 중흥동 698-2,건축물
35.16308,126.91743,1,동구,광주광역시 동구 계림동 555-25,한전주
35.16308,126.93041,1,북구,전남광주통합특별시 북구 풍향동 24-9,한전주
35.16309,126.90347,1,북구,전남광주통합특별시 북구 신안동 145-5,한전주
35.16309,126.98214,1,북구,전남광주통합특별시 북구 금곡동 923-1,한전주
35.1631,126.88555,1,서구,전남광주통합특별시 서구 광천동 10-8,전용주
35.1631,126.88556,1,서구,전남광주통합특별시 서구 광천동 10-8,전용주
35.1631,126.9404,1,북구,전남광주통합특별시 북구 두암동 972-1,한전주
35.16311,126.91159,1,북구,전남광주통합특별시 북구 중흥동 695-10,한전주
35.16312,126.91136,1,북구,전남광주통합특별시 북구 중흥동 695-18,한전주
35.16312,126.91638,1,동구,광주광역시 동구 계림동 801,한전주
35.16312,126.93492,1,북구,전남광주통합특별시 북구 두암동 248,한전주
35.16314,126.90781,1,북구,전남광주통합특별시 북구 신안동 4-1,한전주
35.16314,126.9091,1,북구,전남광주통합특별시 북구 중흥동 701-3,전용주
35.16314,126.93205,1,북구,전남광주통합특별시 북구 풍향동 23-73,한전주
35.16315,126.90866,1,북구,전남광주통합특별시 북구 중흥동 701-6,전용주
35.16315,126.91807,1,동구,광주광역시 동구 계림동 555-6,한전주
35.16316,126.90317,1,북구,전남광주통합특별시 북구 신안동 145-20,한전주
35.16316,126.93431,1,북구,전남광주통합특별시 북구 두암동 285-22,한전주
35.16316,126.96101,3,북구,전남광주통합특별시 북구 청풍동 255-2,한전주
35.16317,126.83467,3,서구,전남광주통합특별시 서구 덕흥동 25-1,한전주
35.16317,126.88277,1,서구,전남광주통합특별시 서구 광천동 59-20,건축물
35.16317,126.90393,1,북구,전남광주통합특별시 북구 신안동 145-16,한전주
35.16317,126.91591,1,동구,광주광역시 동구 계림동 804,한전주
35.16317,126.94081,1,북구,전남광주통합특별시 북구 두암동 210-3,전용주
35.16317,126.94085,1,북구,전남광주통합특별시 북구 두암동 210-3,한전주
35.16317,126.94089,2,북구,전남광주통합특별시 북구 두암동 210-4,한전주
35.16318,126.85111,1,서구,전남광주통합특별시 서구 유촌동 415-2,한전주
35.16318,126.91136,1,북구,전남광주통합특별시 북구 중흥동 695-18,한전주
35.16319,126.88242,1,서구,전남광주통합특별시 서구 광천동 787-10,한전주
35.16319,126.89663,1,북구,전남광주통합특별시 북구 임동 97-19,건축물
35.16319,126.91701,1,동구,광주광역시 동구 계림동 789,한전주
35.1632,126.91965,1,동구,광주광역시 동구 계림동 548-12,건축물
35.16321,126.89977,1,북구,전남광주통합특별시 북구 임동 194-6,한전주
35.16321,126.92438,1,동구,광주광역시 동구 계림동 1074,한전주
35.16321,126.9307,1,북구,전남광주통합특별시 북구 풍향동 24-4,한전주
35.16322,126.90236,1,북구,전남광주통합특별시 북구 신안동 147-1,한전주
35.16322,126.93019,1,북구,전남광주통합특별시 북구 풍향동 30-8,한전주
35.16323,126.85715,1,서구,전남광주통합특별시 서구 유촌동 850-6,전용주
35.16323,126.91767,1,동구,광주광역시 동구 계림동 555-3,한전주
35.16323,126.93185,1,북구,전남광주통합특별시 북구 풍향동 20-25,한전주
35.16324,126.85178,1,서구,전남광주통합특별시 서구 유촌동 414-5,전용주
35.16324,126.9312,1,북구,전남광주통합특별시 북구 풍향동 23-48,한전주
35.16325,126.85149,1,서구,전남광주통합특별시 서구 유촌동 414,전용주
35.16325,126.87948,1,서구,전남광주통합특별시 서구 광천동 223-5,전용주
35.16326,126.85679,1,서구,전남광주통합특별시 서구 유촌동 849-6,전용주
35.16327,126.8573,1,서구,전남광주통합특별시 서구 유촌동 850-5,전용주
35.16327,126.88179,1,서구,전남광주통합특별시 서구 광천동 101-2,한전주
35.16327,126.89685,1,북구,전남광주통합특별시 북구 임동 97-21,한전주
35.16328,126.89935,1,북구,전남광주통합특별시 북구 임동 194-3,한전주
35.16328,126.91666,1,동구,광주광역시 동구 계림동 786,한전주
35.16328,126.9283,1,북구,전남광주통합특별시 북구 두암동 819-7,한전주
35.16328,126.93062,1,북구,전남광주통합특별시 북구 풍향동 25-50,전용주
35.16328,126.97981,1,북구,전남광주통합특별시 북구 금곡동 915-6,한전주
35.16329,126.90506,1,북구,전남광주통합특별시 북구 신안동 15-1,한전주
35.16329,126.93482,1,북구,전남광주통합특별시 북구 두암동 283-1,한전주
35.1633,126.90601,1,북구,전남광주통합특별시 북구 신안동 118-4,한전주
35.1633,126.93086,1,북구,전남광주통합특별시 북구 풍향동 24-1,한전주
35.16331,126.8853,1,서구,전남광주통합특별시 서구 광천동 64-1,한전주
35.16332,126.91746,2,동구,광주광역시 동구 계림동 505-1014,한전주
35.16333,126.85715,1,서구,전남광주통합특별시 서구 유촌동 850-7,전용주
35.16333,126.9006,1,북구,전남광주통합특별시 북구 신안동 267-3,한전주
35.16334,126.91072,1,북구,전남광주통합특별시 북구 중흥동 695-13,한전주
35.16334,126.93399,1,북구,전남광주통합특별시 북구 두암동 288-45,한전주
35.16334,126.93455,1,북구,전남광주통합특별시 북구 두암동 285-20,한전주
35.16335,126.87959,1,서구,전남광주통합특별시 서구 광천동 222-12,전용주
35.16335,126.92403,1,동구,광주광역시 동구 계림동 1076,한전주
35.16336,126.85192,1,서구,전남광주통합특별시 서구 유촌동 414-3,전용주
35.16336,126.88259,1,서구,전남광주통합특별시 서구 광천동 100-13,전용주
35.16336,126.89693,1,북구,전남광주통합특별시 북구 임동 97-8,한전주
35.16336,126.89792,1,북구,전남광주통합특별시 북구 임동 29-3,한전주
35.16336,126.91914,1,동구,광주광역시 동구 계림동 548-19,건축물
35.16337,126.88609,1,서구,전남광주통합특별시 서구 광천동 9-8,전용주
35.16338,126.91646,1,동구,광주광역시 동구 계림동 774,한전주
35.16339,126.84074,1,서구,전남광주통합특별시 서구 덕흥동 29-2,한전주
35.16339,126.90054,1,북구,전남광주통합특별시 북구 신안동 267-3,한전주
35.16339,126.93127,1,북구,전남광주통합특별시 북구 풍향동 23-60,한전주
35.16339,126.93152,1,북구,전남광주통합특별시 북구 풍향동 23-49,한전주
35.16339,126.98262,2,북구,전남광주통합특별시 북구 금곡동 1031,한전주
35.1634,126.88515,1,서구,전남광주통합특별시 서구 광천동 69-20,전용주
35.1634,126.88578,1,서구,전남광주통합특별시 서구 광천동 10-11,한전주
35.16341,126.84418,1,서구,전남광주통합특별시 서구 유촌동 672,한전주
35.16341,126.85645,1,서구,전남광주통합특별시 서구 유촌동 848-7,전용주
35.16341,126.88204,1,서구,전남광주통합특별시 서구 광천동 100-12,한전주
35.16341,126.90789,1,북구,전남광주통합특별시 북구 신안동 3-5,전용주
35.16341,126.90964,1,북구,전남광주통합특별시 북구 중흥동 700-17,전용주
35.16341,126.91884,1,동구,광주광역시 동구 계림동 548-23,한전주
35.16341,126.93354,1,북구,전남광주통합특별시 북구 두암동 280-113,한전주
35.16342,126.88464,1,서구,전남광주통합특별시 서구 광천동 69-25,전용주
35.16342,126.88633,1,서구,전남광주통합특별시 서구 광천동 9-3,전용주
35.16342,126.90745,1,북구,전남광주통합특별시 북구 신안동 11-6,한전주
35.16342,126.91934,1,동구,광주광역시 동구 계림동 548-10,한전주
35.16342,126.9318,1,북구,전남광주통합특별시 북구 풍향동 21-3,건축물
35.16342,126.93201,1,북구,전남광주통합특별시 북구 풍향동 21-2,한전주
35.16343,126.88415,1,서구,전남광주통합특별시 서구 광천동 68-3,전용주
35.16343,126.90308,1,북구,전남광주통합특별시 북구 신안동 146-3 북구어린이집,한전주
35.16343,126.90466,2,북구,전남광주통합특별시 북구 신안동 144-1,한전주
35.16344,126.85132,1,서구,전남광주통합특별시 서구 유촌동 418,전용주
35.16344,126.88268,1,서구,전남광주통합특별시 서구 광천동 100-4,한전주
35.16344,126.88443,1,서구,전남광주통합특별시 서구 광천동 66-10,한전주
35.16344,126.91022,1,북구,전남광주통합특별시 북구 중흥동 704-1 유신카정비,한전주
35.16345,126.85109,1,서구,전남광주통합특별시 서구 유촌동 415-16,전용주
35.16345,126.91602,1,동구,광주광역시 동구 계림동 778,한전주
35.16346,126.85673,1,서구,전남광주통합특별시 서구 유촌동 849-7,전용주
35.16346,126.85674,1,서구,전남광주통합특별시 서구 유촌동 849-8,전용주
35.16346,126.85698,1,서구,전남광주통합특별시 서구 유촌동 849-3,전용주
35.16346,126.87976,1,서구,전남광주통합특별시 서구 광천동 222-2,한전주
35.16346,126.91763,1,동구,광주광역시 동구 계림동 551-2,한전주
35.16346,126.93383,1,북구,전남광주통합특별시 북구 두암동 288-48,한전주
35.16347,126.90368,1,북구,전남광주통합특별시 북구 신안동 143-5,한전주
35.16347,126.91744,1,동구,광주광역시 동구 계림동 544-2,한전주
35.16348,126.85199,1,서구,전남광주통합특별시 서구 유촌동 423-2,전용주
35.16348,126.87955,1,서구,전남광주통합특별시 서구 광천동 222-15,한전주
35.16348,126.87959,1,서구,전남광주통합특별시 서구 광천동 222-15,전용주
35.16348,126.91035,1,북구,전남광주통합특별시 북구 중흥동 695-14,한전주
35.16348,126.92366,1,동구,광주광역시 동구 계림동 1063,전용주
35.16349,126.89942,1,북구,전남광주통합특별시 북구 임동 194-35,전용주
35.16351,126.88191,1,서구,전남광주통합특별시 서구 광천동 106-32,한전주
35.16351,126.9133,1,북구,전남광주통합특별시 북구 중흥동 646-6,전용주
35.16351,126.91884,1,동구,광주광역시 동구 계림동 548-1,한전주
35.16352,126.88317,1,서구,전남광주통합특별시 서구 광천동 99-13,전용주
35.16352,126.88593,1,서구,전남광주통합특별시 서구 광천동 10-9,전용주
35.16352,126.88598,1,서구,전남광주통합특별시 서구 광천동 10-9,한전주
35.16352,126.93067,1,북구,전남광주통합특별시 북구 풍향동 25-62,한전주
35.16353,126.90408,1,북구,전남광주통합특별시 북구 신안동 143-3,한전주
35.16353,126.9132,1,북구,전남광주통합특별시 북구 중흥동 646-6,건축물
35.16353,126.91538,1,북구,전남광주통합특별시 북구 중흥동 644-3,건축물
35.16353,126.93182,1,북구,전남광주통합특별시 북구 풍향동 21-4,한전주
35.16354,126.85729,1,서구,전남광주통합특별시 서구 유촌동 850-3,전용주
35.16354,126.90638,1,북구,전남광주통합특별시 북구 신안동 118-3,한전주
35.16354,126.9147,1,북구,전남광주통합특별시 북구 중흥동 749-4,한전주
35.16355,126.83863,1,서구,전남광주통합특별시 서구 덕흥동 26-1,한전주
35.16355,126.85625,1,서구,전남광주통합특별시 서구 유촌동 847-3,전용주
35.16356,126.90172,1,북구,전남광주통합특별시 북구 신안동 154-22,전용주
35.16356,126.90244,1,북구,전남광주통합특별시 북구 신안동 146-1,한전주
35.16356,126.90516,1,북구,전남광주통합특별시 북구 신안동 16-5,한전주
35.16356,126.9189,1,동구,광주광역시 동구 계림동 548-1,한전주
35.16357,126.85644,1,서구,전남광주통합특별시 서구 유촌동 848-8,전용주
35.16357,126.89999,1,북구,전남광주통합특별시 북구 임동 194-10,한전주
35.16358,126.85235,1,서구,전남광주통합특별시 서구 유촌동 424,한전주
35.16358,126.91704,1,동구,광주광역시 동구 계림동 747,한전주
35.16358,126.93296,2,북구,전남광주통합특별시 북구 두암동 280-49,한전주
35.16359,126.88006,1,서구,전남광주통합특별시 서구 광천동 221-7,한전주
35.16359,126.88495,1,서구,전남광주통합특별시 서구 광천동 69-29,전용주
35.16359,126.91819,1,동구,광주광역시 동구 계림동 549-16,건축물
35.16359,126.92361,1,동구,광주광역시 동구 계림동 1065,전용주
35.16361,126.93168,1,북구,전남광주통합특별시 북구 풍향동 20-6,한전주
35.16362,126.84043,1,서구,전남광주통합특별시 서구 덕흥동 29-1,한전주
35.16362,126.8863,1,서구,전남광주통합특별시 서구 광천동 5-3,한전주
35.16362,126.90223,1,북구,전남광주통합특별시 북구 신안동 146-25,한전주
35.16363,126.88082,1,서구,전남광주통합특별시 서구 광천동 106-1,한전주
35.16363,126.88085,4,서구,전남광주통합특별시 서구 광천동 106-1,한전주
35.16365,126.88001,1,서구,전남광주통합특별시 서구 광천동 221-2,한전주
35.16365,126.90358,1,북구,전남광주통합특별시 북구 신안동 143-12,한전주
35.16365,126.91829,1,동구,광주광역시 동구 계림동 549-5,한전주
35.16366,126.88044,1,서구,전남광주통합특별시 서구 광천동 116-11,한전주
35.16366,126.8822,1,서구,전남광주통합특별시 서구 광천동 106-45,한전주
35.16366,126.93256,1,북구,전남광주통합특별시 북구 풍향동 22-22,한전주
35.16367,126.85095,1,서구,전남광주통합특별시 서구 유촌동 415-10,전용주
35.16367,126.9038,1,북구,전남광주통합특별시 북구 신안동 143-2,한전주
35.16367,126.91674,1,동구,광주광역시 동구 계림동 742,한전주
35.16368,126.89903,1,북구,전남광주통합특별시 북구 임동 187-46,한전주
35.16368,126.903,1,북구,전남광주통합특별시 북구 신안동 142-5,한전주
35.16368,126.91568,2,동구,광주광역시 동구 계림동 731,한전주
35.16369,126.88051,1,서구,전남광주통합특별시 서구 광천동 106-11,한전주
35.16369,126.90548,1,북구,전남광주통합특별시 북구 신안동 16-16,한전주
35.1637,126.91894,1,동구,광주광역시 동구 계림동 547-20,건축물
35.16371,126.90078,1,북구,전남광주통합특별시 북구 신안동 266-4,한전주
35.16371,126.91222,1,북구,전남광주통합특별시 북구 중흥동 693-8,전용주
35.16372,126.8353,1,서구,전남광주통합특별시 서구 덕흥동 1214,한전주
35.16372,126.83715,1,서구,전남광주통합특별시 서구 덕흥동 83,한전주
35.16372,126.90336,4,북구,전남광주통합특별시 북구 신안동 162-4,한전주
35.16372,126.97963,1,북구,전남광주통합특별시 북구 금곡동 908-2,한전주
35.16373,126.88253,1,서구,전남광주통합특별시 서구 광천동 102-30,한전주
35.16373,126.91832,1,동구,광주광역시 동구 계림동 549-4,한전주
35.16374,126.83718,1,서구,전남광주통합특별시 서구 덕흥동 82,한전주
35.16374,126.90667,1,북구,전남광주통합특별시 북구 신안동 118-2,한전주
35.16374,126.91664,1,동구,광주광역시 동구 계림동 739,한전주
35.16374,126.9311,1,북구,전남광주통합특별시 북구 풍향동 25-21,한전주
35.16375,126.88198,1,서구,전남광주통합특별시 서구 광천동 106-30,
35.16376,126.85729,1,서구,전남광주통합특별시 서구 유촌동 850-1,전용주
35.16376,126.8988,1,북구,전남광주통합특별시 북구 임동 187-26,건축물
35.16376,126.89892,1,북구,전남광주통합특별시 북구 임동 187-45,한전주
35.16376,126.90008,1,북구,전남광주통합특별시 북구 임동 195-20,한전주
35.16376,126.91814,1,동구,광주광역시 동구 계림동 549-2,한전주
35.16376,126.93204,1,북구,전남광주통합특별시 북구 풍향동 20-31,한전주
35.16376,126.98301,1,북구,전남광주통합특별시 북구 금곡동 941-1,한전주
35.16377,126.85716,1,서구,전남광주통합특별시 서구 유촌동 850-10,전용주
35.16377,126.88141,2,서구,전남광주통합특별시 서구 광천동 106-13,건축물
35.16377,126.89983,1,북구,전남광주통합특별시 북구 임동 194-1,한전주
35.16378,126.90317,1,북구,전남광주통합특별시 북구 신안동 142-3,한전주
35.16379,126.85217,1,서구,전남광주통합특별시 서구 유촌동 452-7,전용주
35.16379,126.85645,1,서구,전남광주통합특별시 서구 유촌동 848-10,전용주
35.1638,126.88141,1,서구,전남광주통합특별시 서구 광천동 106-13,한전주
35.1638,126.88289,1,서구,전남광주통합특별시 서구 광천동 98-12,건축물
35.16382,126.88432,1,서구,전남광주통합특별시 서구 광천동 81-2,한전주
35.16382,126.93319,1,북구,전남광주통합특별시 북구 두암동 288-2,한전주
35.16382,126.94157,1,북구,전남광주통합특별시 북구 두암동 207-1,전용주
35.16383,126.84313,1,서구,전남광주통합특별시 서구 덕흥동 62,한전주
35.16383,126.84319,1,서구,전남광주통합특별시 서구 덕흥동 62,전용주
35.16383,126.91488,1,북구,전남광주통합특별시 북구 중흥동 748-46,한전주
35.16383,126.915,1,북구,전남광주통합특별시 북구 중흥동 644-16,한전주
35.16383,126.9322,1,북구,전남광주통합특별시 북구 풍향동 22-13,한전주
35.16384,126.88506,1,서구,전남광주통합특별시 서구 광천동 70-10,한전주
35.16384,126.90205,1,북구,전남광주통합특별시 북구 신안동 154-8,한전주
35.16384,126.93252,1,북구,전남광주통합특별시 북구 두암동 280-45,한전주
35.16385,126.83512,2,서구,전남광주통합특별시 서구 덕흥동 809-11,전용주
35.16385,126.85265,1,서구,전남광주통합특별시 서구 유촌동 431-2,한전주
35.16385,126.88212,1,서구,전남광주통합특별시 서구 광천동 106-41,한전주
35.16385,126.89862,1,북구,전남광주통합특별시 북구 임동 187-17,한전주
35.16385,126.919,1,동구,광주광역시 동구 계림동 547-18,한전주
35.16386,126.88068,1,서구,전남광주통합특별시 서구 광천동 106-9,한전주
35.16386,126.88285,1,서구,전남광주통합특별시 서구 광천동 98-10,한전주
35.16386,126.888,1,북구,전남광주통합특별시 북구 임동 104-8 일신방직담 15 한국아델리움 201동 건너,한전주
35.16386,126.8996,1,북구,전남광주통합특별시 북구 임동 192-30,전용주
35.16386,126.9161,1,동구,광주광역시 동구 계림동 735,한전주
35.16386,126.93122,1,북구,전남광주통합특별시 북구 풍향동 19-16,건축물
35.16387,126.85206,1,서구,전남광주통합특별시 서구 유촌동 451,전용주
35.16387,126.8568,1,서구,전남광주통합특별시 서구 유촌동 849-10,전용주
35.16388,126.83512,1,서구,전남광주통합특별시 서구 덕흥동 809-11,전용주
35.16388,126.8853,1,서구,전남광주통합특별시 서구 광천동 71-6,한전주
35.16388,126.88587,1,서구,전남광주통합특별시 서구 광천동 5-2,건축물
35.16388,126.94157,1,북구,전남광주통합특별시 북구 두암동 207-1,한전주
35.16389,126.85049,1,서구,전남광주통합특별시 서구 유촌동 393-1,한전주
35.16389,126.88628,1,서구,전남광주통합특별시 서구 광천동 6-1,한전주
35.16389,126.93423,1,북구,전남광주통합특별시 북구 두암동 289-10,건축물
35.16389,126.98327,1,북구,전남광주통합특별시 북구 금곡동 940-3,한전주
35.1639,126.84934,1,서구,전남광주통합특별시 서구 유촌동 820-36,한전주
35.1639,126.85218,1,서구,전남광주통합특별시 서구 유촌동 180-12,전용주
35.1639,126.89817,1,북구,전남광주통합특별시 북구 임동 187-9,한전주
35.1639,126.91272,2,북구,전남광주통합특별시 북구 중흥동 740-4,전용주
35.1639,126.91456,1,북구,전남광주통합특별시 북구 중흥동 748-44,한전주
35.1639,126.94176,1,북구,전남광주통합특별시 북구 두암동 207-2,전용주
35.16391,126.85183,1,서구,전남광주통합특별시 서구 유촌동 457,전용주
35.16391,126.8852,1,서구,전남광주통합특별시 서구 광천동 72-4,건축물
35.16391,126.8991,1,북구,전남광주통합특별시 북구 임동 191-6,한전주
35.16391,126.91428,1,북구,전남광주통합특별시 북구 중흥동 748-42,건축물
35.16392,126.90269,1,북구,전남광주통합특별시 북구 신안동 142-2,한전주
35.16392,126.91223,1,북구,전남광주통합특별시 북구 중흥동 693-10,건축물
35.16393,126.91396,1,북구,전남광주통합특별시 북구 중흥동 749-2,건축물
35.16393,126.91687,6,동구,광주광역시 동구 계림동 730,전용주
35.16394,126.88419,2,서구,전남광주통합특별시 서구 광천동 787-22,한전주
35.16394,126.89788,1,북구,전남광주통합특별시 북구 임동 187-1,한전주
35.16394,126.93372,1,북구,전남광주통합특별시 북구 두암동 288-10,한전주
35.16394,126.93386,1,북구,전남광주통합특별시 북구 두암동 288-8,건축물
35.16395,126.85229,1,서구,전남광주통합특별시 서구 유촌동 442,전용주
35.16395,126.93172,1,북구,전남광주통합특별시 북구 풍향동 20-1,한전주
35.16395,126.93357,1,북구,전남광주통합특별시 북구 두암동 288-17,전용주
35.16396,126.82722,1,서구,전남광주통합특별시 서구 덕흥동 1076-1,한전주
35.16397,126.88144,1,서구,전남광주통합특별시 서구 광천동 106-19,전용주
35.16397,126.91553,1,북구,전남광주통합특별시 북구 중흥동 644-1,한전주
35.16397,126.91779,1,동구,광주광역시 동구 계림동 545-3,한전주
35.16397,126.91861,1,동구,광주광역시 동구 계림동 546-19,한전주
35.16397,126.91902,1,동구,광주광역시 동구 계림동 547-3,한전주
35.16398,126.88432,1,서구,전남광주통합특별시 서구 광천동 80-14,전용주
35.16399,126.88235,1,서구,전남광주통합특별시 서구 광천동 102-21,한전주
35.16399,126.91373,1,북구,전남광주통합특별시 북구 중흥동 749-12,한전주
35.16399,126.91853,1,동구,광주광역시 동구 계림동 546-42,한전주
35.164,126.90578,1,북구,전남광주통합특별시 북구 신안동 161-13 궁전,한전주
35.164,126.91471,1,북구,전남광주통합특별시 북구 중흥동 748-30,건축물
35.164,126.92109,1,동구,광주광역시 동구 계림동 100-1,한전주
35.16403,126.85621,1,서구,전남광주통합특별시 서구 유촌동 847-2,전용주
35.16403,126.9136,1,북구,전남광주통합특별시 북구 중흥동 749-11,전용주
35.16404,126.90247,1,북구,전남광주통합특별시 북구 신안동 142-1,전용주
35.16404,126.91826,1,동구,광주광역시 동구 계림동 546-32,한전주
35.16404,126.93194,1,북구,전남광주통합특별시 북구 풍향동 20-20,한전주
35.16405,126.89913,1,북구,전남광주통합특별시 북구 임동 191-5,한전주
35.16405,126.91399,1,북구,전남광주통합특별시 북구 중흥동 748-23,한전주
35.16405,126.91529,1,북구,전남광주통합특별시 북구 중흥동 644-5,한전주
35.16405,126.93272,1,북구,전남광주통합특별시 북구 두암동 304-39,한전주
35.16405,126.93323,1,북구,전남광주통합특별시 북구 두암동 304-58,한전주
35.16406,126.85077,1,서구,전남광주통합특별시 서구 유촌동 415-15,전용주
35.16406,126.8883,1,북구,전남광주통합특별시 북구 임동 104-8 일신방직담 14 한국아델리움 201동 건너,한전주
35.16406,126.90722,1,북구,전남광주통합특별시 북구 신안동 2-11,한전주
35.16406,126.90724,1,북구,전남광주통합특별시 북구 신안동 2-11,한전주
35.16406,126.91777,1,동구,광주광역시 동구 계림동 545-2,한전주
35.16407,126.93456,1,북구,전남광주통합특별시 북구 두암동 819-21,전용주
35.16408,126.85169,1,서구,전남광주통합특별시 서구 유촌동 464-3,전용주
35.16408,126.9796,1,북구,전남광주통합특별시 북구 금곡동 908-1,한전주
35.16409,126.88469,1,서구,전남광주통합특별시 서구 광천동 80-6,
35.16409,126.91493,1,북구,전남광주통합특별시 북구 중흥동 748-9,건축물
35.16409,126.91862,1,동구,광주광역시 동구 계림동 546-21,한전주
35.1641,126.8825,1,서구,전남광주통합특별시 서구 광천동 102-19,한전주
35.1641,126.88574,1,서구,전남광주통합특별시 서구 광천동 2-5,건축물
35.16411,126.90042,2,북구,전남광주통합특별시 북구 임동 193-7,한전주
35.16411,126.90203,1,북구,전남광주통합특별시 북구 신안동 154-1,한전주
35.16411,126.94217,1,북구,전남광주통합특별시 북구 두암동 812-36,한전주
35.16412,126.88118,1,서구,전남광주통합특별시 서구 광천동 104-31,건축물
35.16412,126.88307,2,서구,전남광주통합특별시 서구 광천동 102-27,건축물
35.16412,126.90441,1,북구,전남광주통합특별시 북구 신안동 140-9,한전주
35.16412,126.91327,1,북구,전남광주통합특별시 북구 중흥동 751-20,한전주
35.16412,126.91441,1,북구,전남광주통합특별시 북구 중흥동 748-28,한전주
35.16413,126.85245,1,서구,전남광주통합특별시 서구 유촌동 440,전용주
35.16413,126.85653,1,서구,전남광주통합특별시 서구 유촌동 846-5,전용주
35.16413,126.85687,1,서구,전남광주통합특별시 서구 유촌동 845-5,전용주
35.16413,126.85717,1,서구,전남광주통합특별시 서구 유촌동 844-5,전용주
35.16413,126.87973,1,서구,전남광주통합특별시 서구 광천동 207-6,한전주
35.16413,126.88264,1,서구,전남광주통합특별시 서구 광천동 102-1,전용주
35.16413,126.90365,1,북구,전남광주통합특별시 북구 신안동 141-20,한전주
35.16414,126.88056,1,서구,전남광주통합특별시 서구 광천동 104-20,한전주
35.16414,126.91656,1,동구,광주광역시 동구 계림동 715,한전주
35.16415,126.85267,1,서구,전남광주통합특별시 서구 유촌동 181-18,한전주
35.16415,126.87945,1,서구,전남광주통합특별시 서구 광천동 207-10,한전주
35.16415,126.93108,1,북구,전남광주통합특별시 북구 풍향동 19-11,건축물
35.16415,126.94217,1,북구,전남광주통합특별시 북구 두암동 812-36,전용주
35.16415,126.96175,1,북구,전남광주통합특별시 북구 청풍동 산69,한전주
35.16416,126.88039,1,서구,전남광주통합특별시 서구 광천동 104-21,한전주
35.16416,126.88337,1,서구,전남광주통합특별시 서구 광천동 94-2,건축물
35.16417,126.85736,1,서구,전남광주통합특별시 서구 유촌동 844-4,전용주
35.16417,126.88118,1,서구,전남광주통합특별시 서구 광천동 104-31,건축물
35.16417,126.89849,1,북구,전남광주통합특별시 북구 임동 188-35,한전주
35.16417,126.91054,1,북구,전남광주통합특별시 북구 중흥동 694-14,건축물
35.16418,126.93191,1,북구,전남광주통합특별시 북구 풍향동 20-18,한전주
35.16418,126.93328,2,북구,전남광주통합특별시 북구 두암동 304-62,한전주
35.16419,126.84932,1,서구,전남광주통합특별시 서구 유촌동 820-128,한전주
35.16419,126.8528,1,서구,전남광주통합특별시 서구 유촌동 181-19,한전주
35.16419,126.93132,1,북구,전남광주통합특별시 북구 풍향동 19-59,한전주
35.1642,126.85744,3,서구,전남광주통합특별시 서구 유촌동 851,전용주
35.1642,126.94206,1,북구,전남광주통합특별시 북구 두암동 206-1,전용주
35.1642,126.94217,3,북구,전남광주통합특별시 북구 두암동 812-36,한전주
35.16421,126.88159,2,서구,전남광주통합특별시 서구 광천동 104-28,한전주
35.16421,126.88849,1,북구,전남광주통합특별시 북구 임동 104-8 일신방직담 13 한국아델리움 201동 건너,한전주
35.16422,126.85061,1,서구,전남광주통합특별시 서구 유촌동 388-3,전용주
35.16422,126.8566,1,서구,전남광주통합특별시 서구 유촌동 846-4,전용주
35.16422,126.883,1,서구,전남광주통합특별시 서구 광천동 102-10,전용주
35.16422,126.89957,1,북구,전남광주통합특별시 북구 임동 195-31,한전주
35.16422,126.9132,1,북구,전남광주통합특별시 북구 중흥동 750-20,한전주
35.16423,126.88232,1,서구,전남광주통합특별시 서구 광천동 102-41,한전주
35.16423,126.91468,1,북구,전남광주통합특별시 북구 중흥동 748-4,한전주
35.16424,126.85143,1,서구,전남광주통합특별시 서구 유촌동 474-10,전용주
35.16424,126.88159,1,서구,전남광주통합특별시 서구 광천동 104-28,한전주
35.16424,126.88497,1,서구,전남광주통합특별시 서구 광천동 77-4,한전주
35.16424,126.89719,1,북구,전남광주통합특별시 북구 임동 195-1,한전주
35.16424,126.92308,1,북구,전남광주통합특별시 북구 풍향동 597-14,건축물
35.16424,126.93166,1,북구,전남광주통합특별시 북구 풍향동 19-61,
35.16425,126.85711,1,서구,전남광주통합특별시 서구 유촌동 844-6,전용주
35.16425,126.85736,1,서구,전남광주통합특별시 서구 유촌동 844-2,전용주
35.16425,126.91238,1,북구,전남광주통합특별시 북구 중흥동 751-10,전용주
35.16425,126.91624,1,동구,광주광역시 동구 계림동 721,전용주
35.16425,126.93216,1,북구,전남광주통합특별시 북구 두암동 304-23,한전주
35.16426,126.87967,1,서구,전남광주통합특별시 서구 광천동 207-5,전용주
35.16426,126.89737,1,북구,전남광주통합특별시 북구 임동 185-52,한전주
35.16426,126.89926,1,북구,전남광주통합특별시 북구 임동 195-16,한전주
35.16426,126.91294,3,북구,전남광주통합특별시 북구 중흥동 770,건축물
35.16426,126.91483,1,북구,전남광주통합특별시 북구 중흥동 748-7,한전주
35.16426,126.97958,1,북구,전남광주통합특별시 북구 금곡동 904-2,한전주
35.16427,126.89744,1,북구,전남광주통합특별시 북구 임동 185-53,전용주
35.16427,126.91392,1,북구,전남광주통합특별시 북구 중흥동 748-6,건축물
35.16427,126.93284,1,북구,전남광주통합특별시 북구 두암동 304-66,한전주
35.16428,126.8998,1,북구,전남광주통합특별시 북구 임동 192-20,한전주
35.16428,126.91934,1,동구,광주광역시 동구 계림동 1017,건축물
35.16429,126.88109,1,서구,전남광주통합특별시 서구 광천동 117-7,건축물
35.16429,126.89847,1,북구,전남광주통합특별시 북구 임동 188-18,한전주
35.16429,126.91784,1,동구,광주광역시 동구 계림동 649,한전주
35.16429,126.93274,1,북구,전남광주통합특별시 북구 두암동 304-36,전용주
35.1643,126.85167,1,서구,전남광주통합특별시 서구 유촌동 474-1,한전주
35.1643,126.88062,1,서구,전남광주통합특별시 서구 광천동 118-17,전용주
35.1643,126.89679,1,북구,전남광주통합특별시 북구 임동 186-2,한전주
35.1643,126.91304,1,북구,전남광주통합특별시 북구 중흥동 750-3,한전주
35.1643,126.91658,1,동구,광주광역시 동구 계림동 693,한전주
35.1643,126.91712,1,동구,광주광역시 동구 계림동 697,한전주
35.1643,126.91783,1,동구,광주광역시 동구 계림동 649,한전주
35.1643,126.93139,1,북구,전남광주통합특별시 북구 풍향동 19-41,
35.16432,126.90076,1,북구,전남광주통합특별시 북구 임동 193-15,한전주
35.16432,126.98333,1,북구,전남광주통합특별시 북구 금곡동 941-13,한전주
35.16433,126.88294,1,서구,전남광주통합특별시 서구 광천동 102-33,건축물
35.16433,126.88603,1,서구,전남광주통합특별시 서구 광천동 786-66,한전주
35.16433,126.91907,1,동구,광주광역시 동구 계림동 1018,한전주
35.16433,126.9343,1,북구,전남광주통합특별시 북구 두암동 291-6,한전주
35.16433,126.9804,1,북구,전남광주통합특별시 북구 금곡동 910-1,한전주
35.16434,126.85209,1,서구,전남광주통합특별시 서구 유촌동 474-6,한전주
35.16434,126.88056,1,서구,전남광주통합특별시 서구 광천동 118-27,한전주
35.16434,126.9002,1,북구,전남광주통합특별시 북구 임동 192-25,한전주
35.16434,126.90481,1,북구,전남광주통합특별시 북구 신안동 120-14,한전주
35.16434,126.91362,1,북구,전남광주통합특별시 북구 중흥동 748-14,건축물
35.16434,126.91854,1,동구,광주광역시 동구 계림동 546-8,건축물
35.16434,126.9341,1,북구,전남광주통합특별시 북구 두암동 291-9,한전주
35.16435,126.88198,1,서구,전남광주통합특별시 서구 광천동 104-11,건축물
35.16435,126.88333,1,서구,전남광주통합특별시 서구 광천동 84-2,전용주
35.16435,126.91752,1,동구,광주광역시 동구 계림동 653,건축물
35.16436,126.88874,1,북구,전남광주통합특별시 북구 임동 104-8 일신방직담 12 한국아델리움 2단지 입구,한전주
35.16436,126.91663,1,동구,광주광역시 동구 계림동 692,한전주
35.16436,126.93136,1,북구,전남광주통합특별시 북구 풍향동 19-41,한전주
35.16437,126.88453,1,서구,전남광주통합특별시 서구 광천동 77-3,전용주
35.16437,126.88533,1,서구,전남광주통합특별시 서구 광천동 75-3,
35.16437,126.88546,1,서구,전남광주통합특별시 서구 광천동 75-20,한전주
35.16438,126.85085,1,서구,전남광주통합특별시 서구 유촌동 475-1,한전주
35.16438,126.90361,1,북구,전남광주통합특별시 북구 신안동 140-6,한전주
35.16438,126.91568,1,북구,전남광주통합특별시 북구 중흥동 747-28,건축물
35.16439,126.9134,1,북구,전남광주통합특별시 북구 중흥동 750-10,한전주
35.1644,126.90118,1,북구,전남광주통합특별시 북구 신안동 266-8,한전주
35.16441,126.88155,1,서구,전남광주통합특별시 서구 광천동 119-11,건축물
35.16442,126.87989,1,서구,전남광주통합특별시 서구 광천동 206-11,한전주
35.16442,126.89708,1,북구,전남광주통합특별시 북구 임동 185-38,한전주
35.16442,126.91599,1,동구,광주광역시 동구 계림동 594-1,한전주
35.16443,126.93248,1,북구,전남광주통합특별시 북구 두암동 304-17,전용주
35.16444,126.85134,1,서구,전남광주통합특별시 서구 유촌동 487-3,전용주
35.16444,126.85245,1,서구,전남광주통합특별시 서구 유촌동 824-37,한전주
35.16444,126.88063,1,서구,전남광주통합특별시 서구 광천동 118-15,건축물
35.16444,126.90461,1,북구,전남광주통합특별시 북구 신안동 120-7 기원전자,한전주
35.16445,126.91247,1,북구,전남광주통합특별시 북구 중흥동 750-8,한전주
35.16445,126.91862,1,동구,광주광역시 동구 계림동 1025,한전주
35.16446,126.84401,1,서구,전남광주통합특별시 서구 덕흥동 19-15,한전주
35.16446,126.88304,1,서구,전남광주통합특별시 서구 광천동 92-12,한전주
35.16446,126.91639,1,동구,광주광역시 동구 계림동 689,한전주
35.16447,126.8823,1,서구,전남광주통합특별시 서구 광천동 119-1,한전주
35.16447,126.91547,1,북구,전남광주통합특별시 북구 중흥동 747-43,한전주
35.16447,126.91762,1,동구,광주광역시 동구 계림동 651,한전주
35.16447,126.91838,1,동구,광주광역시 동구 계림동 1031,한전주
35.16448,126.85641,1,서구,전남광주통합특별시 서구 유촌동 846-8,전용주
35.16448,126.89917,1,북구,전남광주통합특별시 북구 임동 189-30,건축물
35.16449,126.90054,1,북구,전남광주통합특별시 북구 임동 193-12,한전주
35.16449,126.91808,1,동구,광주광역시 동구 계림동 647,한전주
35.1645,126.8566,1,서구,전남광주통합특별시 서구 유촌동 846-3,전용주
35.1645,126.88213,1,서구,전남광주통합특별시 서구 광천동 119-2,건축물
35.16451,126.85711,1,서구,전남광주통합특별시 서구 유촌동 844-8,전용주
35.16451,126.90008,1,북구,전남광주통합특별시 북구 임동 192-16,전용주
35.16452,126.87976,1,서구,전남광주통합특별시 서구 광천동 206-5,한전주
35.16452,126.88536,1,서구,전남광주통합특별시 서구 광천동 75-21,건축물
35.16452,126.90229,1,북구,전남광주통합특별시 북구 신안동 135-16,한전주
35.16452,126.91793,1,동구,광주광역시 동구 계림동 646,한전주
35.16453,126.88897,1,북구,전남광주통합특별시 북구 임동 104-8 일신방직담 11 한국아델리움 2단지 입구,한전주
35.16453,126.91198,1,북구,전남광주통합특별시 북구 중흥동 750-15,한전주
35.16453,126.91228,1,북구,전남광주통합특별시 북구 중흥동 750-16,건축물
35.16453,126.93206,1,북구,전남광주통합특별시 북구 두암동 304-14,한전주
35.16454,126.85401,1,서구,전남광주통합특별시 서구 유촌동 196,한전주
35.16454,126.88045,1,서구,전남광주통합특별시 서구 광천동 205-2,한전주
35.16454,126.89903,1,북구,전남광주통합특별시 북구 임동 189-25,한전주
35.16454,126.96195,1,북구,전남광주통합특별시 북구 청풍동 374-1,한전주
35.16455,126.9152,1,북구,전남광주통합특별시 북구 중흥동 747-20,한전주
35.16456,126.88119,1,서구,전남광주통합특별시 서구 광천동 118-23,건축물
35.16456,126.88152,1,서구,전남광주통합특별시 서구 광천동 119-10,건축물
35.16456,126.92203,1,북구,전남광주통합특별시 북구 풍향동 599-22,한전주
35.16457,126.90023,1,북구,전남광주통합특별시 북구 임동 192-21,한전주
35.16457,126.91153,1,북구,전남광주통합특별시 북구 중흥동 751-1,한전주
35.16457,126.91737,1,동구,광주광역시 동구 계림동 656,건축물
35.16458,126.88349,1,서구,전남광주통합특별시 서구 광천동 632-7,전용주
35.16458,126.8853,1,서구,전남광주통합특별시 서구 광천동 632-34,건축물
35.16458,126.89635,1,북구,전남광주통합특별시 북구 임동 122-12,한전주
35.16458,126.8997,1,북구,전남광주통합특별시 북구 임동 189-14,한전주
35.16459,126.91901,1,동구,광주광역시 동구 계림동 1021,한전주
35.1646,126.85478,19,서구,전남광주통합특별시 서구 유촌동 30,한전주
35.1646,126.88442,1,서구,전남광주통합특별시 서구 광천동 629-93,한전주
35.1646,126.90354,1,북구,전남광주통합특별시 북구 신안동 137-18 무인텔P,한전주
35.1646,126.91745,1,동구,광주광역시 동구 계림동 631,한전주
35.16461,126.8975,1,북구,전남광주통합특별시 북구 임동 185-18,전용주
35.16461,126.9217,1,북구,전남광주통합특별시 북구 풍향동 599-29,전용주
35.16462,126.85347,4,서구,전남광주통합특별시 서구 유촌동 165-1,한전주
35.16462,126.89701,1,북구,전남광주통합특별시 북구 임동 185-39,전용주
35.16462,126.89959,1,북구,전남광주통합특별시 북구 임동 189-15,전용주
35.16462,126.90086,1,북구,전남광주통합특별시 북구 신안동 261-25,한전주
35.16462,126.91691,1,동구,광주광역시 동구 계림동 674,한전주
35.16462,126.9787,1,북구,전남광주통합특별시 북구 금곡동 1020,한전주
35.16463,126.8389,4,서구,전남광주통합특별시 서구 덕흥동 76,한전주
35.16463,126.83895,1,서구,전남광주통합특별시 서구 덕흥동 76,한전주
35.16463,126.90406,1,북구,전남광주통합특별시 북구 신안동 139-9,한전주
35.16463,126.91716,1,동구,광주광역시 동구 계림동 662,한전주
35.16463,126.92328,1,북구,전남광주통합특별시 북구 풍향동 597-21,건축물
35.16465,126.87945,1,서구,전남광주통합특별시 서구 광천동 206-16,
35.16465,126.92233,1,북구,전남광주통합특별시 북구 풍향동 599-13,건축물
35.16465,126.93312,1,북구,전남광주통합특별시 북구 두암동 305-63,한전주
35.16466,126.85786,1,서구,전남광주통합특별시 서구 유촌동 854-2,전용주
35.16466,126.8851,1,서구,전남광주통합특별시 서구 광천동 632-67,한전주
35.16466,126.90492,1,북구,전남광주통합특별시 북구 신안동 120-8,한전주
35.16466,126.91673,1,동구,광주광역시 동구 계림동 682,전용주
35.16466,126.91694,1,동구,광주광역시 동구 계림동 673,건축물
35.16466,126.91772,1,동구,광주광역시 동구 계림동 635,건축물
35.16467,126.85268,1,서구,전남광주통합특별시 서구 유촌동 493-11,한전주
35.16467,126.87996,1,서구,전남광주통합특별시 서구 광천동 122-10,한전주
35.16467,126.89648,1,북구,전남광주통합특별시 북구 임동 122-29,한전주
35.16467,126.89995,1,북구,전남광주통합특별시 북구 임동 192-1,한전주
35.16467,126.91222,1,북구,전남광주통합특별시 북구 중흥동 750-1,건축물
35.16468,126.8529,1,서구,전남광주통합특별시 서구 유촌동 494-11,전용주
35.16468,126.88243,1,서구,전남광주통합특별시 서구 광천동 91-2,한전주
35.16468,126.91166,1,북구,전남광주통합특별시 북구 중흥동 750-12,전용주
35.16468,126.93177,1,북구,전남광주통합특별시 북구 두암동 304-5,한전주
35.16468,126.94241,3,북구,전남광주통합특별시 북구 두암동 204-8,전용주
35.16469,126.85347,1,서구,전남광주통합특별시 서구 유촌동 165-1,전용주
35.16469,126.97893,1,북구,전남광주통합특별시 북구 금곡동 884,한전주
35.1647,126.88096,1,서구,전남광주통합특별시 서구 광천동 120-21,건축물
35.1647,126.91477,1,북구,전남광주통합특별시 북구 중흥동 747-14,한전주
35.1647,126.91503,1,북구,전남광주통합특별시 북구 중흥동 747-11,건축물
35.16471,126.88451,1,서구,전남광주통합특별시 서구 광천동 629-100,한전주
35.16472,126.88188,1,서구,전남광주통합특별시 서구 광천동 89-19,한전주
35.16472,126.88451,1,서구,전남광주통합특별시 서구 광천동 629-100,한전주
35.16472,126.89855,1,북구,전남광주통합특별시 북구 임동 195-28,한전주
35.16472,126.92102,1,북구,전남광주통합특별시 북구 풍향동 603-14 하늘천,한전주
35.16472,126.9257,4,북구,전남광주통합특별시 북구 풍향동 1-2,한전주
35.16472,126.96197,1,북구,전남광주통합특별시 북구 청풍동 산71-6,한전주
35.16474,126.85186,1,서구,전남광주통합특별시 서구 유촌동 491-1,전용주
35.16474,126.87996,1,서구,전남광주통합특별시 서구 광천동 122-9,전용주
35.16474,126.92259,1,북구,전남광주통합특별시 북구 풍향동 599-9,한전주
35.16474,126.93706,7,북구,전남광주통합특별시 북구 두암동 990,한전주
35.16475,126.85231,1,서구,전남광주통합특별시 서구 유촌동 493-10,한전주
35.16475,126.8585,1,서구,전남광주통합특별시 서구 유촌동 856-5,전용주
35.16475,126.89916,1,북구,전남광주통합특별시 북구 임동 189-23,한전주
35.16475,126.97952,1,북구,전남광주통합특별시 북구 금곡동 888,한전주
35.16476,126.87986,1,서구,전남광주통합특별시 서구 광천동 122-8,한전주
35.16476,126.88081,1,서구,전남광주통합특별시 서구 광천동 120-13,한전주
35.16476,126.91466,1,북구,전남광주통합특별시 북구 중흥동 747-29,한전주
35.16476,126.91539,1,북구,전남광주통합특별시 북구 중흥동 747-4,한전주
35.16477,126.88252,1,서구,전남광주통합특별시 서구 광천동 89-15,한전주
35.16477,126.89626,1,북구,전남광주통합특별시 북구 임동 122-27,한전주
35.16478,126.88319,1,서구,전남광주통합특별시 서구 광천동 87-11,한전주
35.16478,126.92171,1,북구,전남광주통합특별시 북구 풍향동 599-30,한전주
35.16478,126.94311,1,북구,전남광주통합특별시 북구 두암동 산 145-2,한전주
35.16479,126.88914,1,북구,전남광주통합특별시 북구 임동 104-8 일신방직담 10 한국아델리움 202동 상가 건너 코너,한전주
35.16479,126.90294,1,북구,전남광주통합특별시 북구 신안동 137-3,한전주
35.16479,126.90373,1,북구,전남광주통합특별시 북구 신안동 139-6,전용주
35.16479,126.91779,1,동구,광주광역시 동구 계림동 634,한전주
35.1648,126.85347,1,서구,전남광주통합특별시 서구 유촌동 166,전용주
35.1648,126.8535,1,서구,전남광주통합특별시 서구 유촌동 166,한전주
35.1648,126.85806,1,서구,전남광주통합특별시 서구 유촌동 856-8,전용주
35.1648,126.88441,1,서구,전남광주통합특별시 서구 광천동 629-92,한전주
35.16481,126.88002,1,서구,전남광주통합특별시 서구 광천동 122-21,한전주
35.16481,126.8994,1,북구,전남광주통합특별시 북구 임동 189-35,한전주
35.16482,126.84525,2,서구,전남광주통합특별시 서구 유촌동 625,한전주
35.16482,126.88353,1,서구,전남광주통합특별시 서구 광천동 629-70,한전주
35.16482,126.88354,1,서구,전남광주통합특별시 서구 광천동 629-70,건축물
35.16482,126.89711,1,북구,전남광주통합특별시 북구 임동 185-9,한전주
35.16482,126.9221,1,북구,전남광주통합특별시 북구 풍향동 599-17,한전주
35.16483,126.83159,1,서구,전남광주통합특별시 서구 덕흥동 1212,한전주
35.16483,126.85732,1,서구,전남광주통합특별시 서구 유촌동 843-7,전용주
35.16483,126.89784,1,북구,전남광주통합특별시 북구 임동 184-13,한전주
35.16483,126.91581,1,북구,전남광주통합특별시 북구 중흥동 806-11,한전주
35.16483,126.92165,1,북구,전남광주통합특별시 북구 풍향동 599-55,한전주
35.16484,126.85394,1,서구,전남광주통합특별시 서구 유촌동 173-1,한전주
35.16484,126.8853,1,서구,전남광주통합특별시 서구 광천동 629-33,전용주
35.16484,126.92176,1,북구,전남광주통합특별시 북구 풍향동 599-19,한전주
35.16484,126.93179,1,북구,전남광주통합특별시 북구 두암동 312-13,건축물
35.16484,126.98303,2,북구,전남광주통합특별시 북구 금곡동 945-4,한전주
35.16485,126.853,1,서구,전남광주통합특별시 서구 유촌동 824-47,전용주
35.16485,126.85412,1,서구,전남광주통합특별시 서구 유촌동 171,한전주
35.16485,126.91818,1,동구,광주광역시 동구 계림동 630,한전주
35.16486,126.8572,1,서구,전남광주통합특별시 서구 유촌동 843-6,전용주
35.16486,126.91485,1,북구,전남광주통합특별시 북구 중흥동 747-8,한전주
35.16486,126.91545,1,북구,전남광주통합특별시 북구 중흥동 806-27,한전주
35.16486,126.93366,1,북구,전남광주통합특별시 북구 두암동 300-5,한전주
35.16487,126.85298,2,서구,전남광주통합특별시 서구 유촌동 824-47,한전주
35.16487,126.853,1,서구,전남광주통합특별시 서구 유촌동 824-47,한전주
35.16488,126.85806,1,서구,전남광주통합특별시 서구 유촌동 856-8,전용주
35.16488,126.88476,1,서구,전남광주통합특별시 서구 광천동 629-14,한전주
35.16488,126.89868,1,북구,전남광주통합특별시 북구 임동 188-30,전용주
35.16488,126.90412,1,북구,전남광주통합특별시 북구 신안동 139-3,한전주
35.16488,126.93382,1,북구,전남광주통합특별시 북구 두암동 300-3,한전주
35.16489,126.85287,1,서구,전남광주통합특별시 서구 유촌동 163-3,전용주
35.1649,126.8569,1,서구,전남광주통합특별시 서구 유촌동 843-4,전용주
35.1649,126.85771,1,서구,전남광주통합특별시 서구 유촌동 855,전용주
35.1649,126.89655,1,북구,전남광주통합특별시 북구 임동 122-20,한전주
35.1649,126.89743,1,북구,전남광주통합특별시 북구 임동 185-15,한전주
35.1649,126.89976,1,북구,전남광주통합특별시 북구 신안동 260-17,한전주
35.1649,126.92272,1,북구,전남광주통합특별시 북구 풍향동 599-57,한전주
35.1649,126.93421,1,북구,전남광주통합특별시 북구 두암동 290,전용주
35.16491,126.85775,1,서구,전남광주통합특별시 서구 유촌동 855,전용주
35.16491,126.88231,1,서구,전남광주통합특별시 서구 광천동 642-17,한전주
35.16492,126.84984,1,서구,전남광주통합특별시 서구 유촌동 388,한전주
35.16492,126.857,1,서구,전남광주통합특별시 서구 유촌동 843-5,전용주
35.16492,126.89605,1,북구,전남광주통합특별시 북구 임동 122-25,한전주
35.16493,126.83618,1,서구,전남광주통합특별시 서구 덕흥동 81,한전주
35.16493,126.84055,4,서구,전남광주통합특별시 서구 덕흥동 60,한전주
35.16493,126.88138,1,서구,전남광주통합특별시 서구 광천동 650-254,한전주
35.16493,126.88249,1,서구,전남광주통합특별시 서구 광천동 642-1,건축물
35.16493,126.93332,4,북구,전남광주통합특별시 북구 두암동 305-1,한전주
35.16494,126.85312,1,서구,전남광주통합특별시 서구 유촌동 137-4,전용주
35.16494,126.85806,1,서구,전남광주통합특별시 서구 유촌동 856,전용주
35.16494,126.92349,1,북구,전남광주통합특별시 북구 풍향동 597-1,한전주
35.16494,126.93188,1,북구,전남광주통합특별시 북구 두암동 305-2,한전주
35.16495,126.88216,1,서구,전남광주통합특별시 서구 광천동 642-5,전용주
35.16496,126.84055,1,서구,전남광주통합특별시 서구 덕흥동 60,전용주
35.16496,126.8569,1,서구,전남광주통합특별시 서구 유촌동 843-4,전용주
35.16496,126.923,1,북구,전남광주통합특별시 북구 풍향동 597-6,한전주
35.16497,126.84055,1,서구,전남광주통합특별시 서구 덕흥동 60,한전주
35.16498,126.89699,1,북구,전남광주통합특별시 북구 임동 185-6,한전주
35.16498,126.91451,1,북구,전남광주통합특별시 북구 중흥동 747-25,한전주
35.16498,126.91714,1,동구,광주광역시 동구 계림동 620,한전주
35.16499,126.84827,1,서구,전남광주통합특별시 서구 유촌동 350,한전주
35.16499,126.88054,1,서구,전남광주통합특별시 서구 광천동 121-9,한전주
35.16499,126.88299,1,서구,전남광주통합특별시 서구 광천동 88-8,건축물
35.16499,126.90247,1,북구,전남광주통합특별시 북구 신안동 135-1,한전주
35.165,126.88123,1,서구,전남광주통합특별시 서구 광천동 650-90,전용주
35.165,126.88321,1,서구,전남광주통합특별시 서구 광천동 632-6,전용주
35.165,126.92349,1,북구,전남광주통합특별시 북구 풍향동 597-1,전용주
35.165,126.93278,1,북구,전남광주통합특별시 북구 두암동 305-13,한전주
35.16501,126.91572,1,북구,전남광주통합특별시 북구 중흥동 806-9,한전주
35.16501,126.93255,1,북구,전남광주통합특별시 북구 두암동 305-15,한전주
35.16502,126.88947,1,북구,전남광주통합특별시 북구 임동 104-8 일신방직담 9 한국아델리움 202동 상가 건너,한전주
35.16502,126.92283,1,북구,전남광주통합특별시 북구 풍향동 598-11,한전주
35.16502,126.93343,1,북구,전남광주통합특별시 북구 두암동 305-33,한전주
35.16503,126.83641,2,서구,전남광주통합특별시 서구 덕흥동 23-2,한전주
35.16503,126.85652,1,서구,전남광주통합특별시 서구 유촌동 843-1,전용주
35.16503,126.87983,1,서구,전남광주통합특별시 서구 광천동 204-8,한전주
35.16503,126.89917,1,북구,전남광주통합특별시 북구 신안동 260-13,한전주
35.16503,126.91733,1,동구,광주광역시 동구 계림동 622,한전주
35.16504,126.85204,1,서구,전남광주통합특별시 서구 유촌동 497-3,전용주
35.16504,126.85205,1,서구,전남광주통합특별시 서구 유촌동 497-3,한전주
35.16504,126.85365,1,서구,전남광주통합특별시 서구 유촌동 137-1,한전주
35.16504,126.85668,1,서구,전남광주통합특별시 서구 유촌동 843-2,전용주
35.16504,126.93343,1,북구,전남광주통합특별시 북구 두암동 305-33,한전주
35.16505,126.83622,1,서구,전남광주통합특별시 서구 덕흥동 1209,한전주
35.16505,126.9219,1,북구,전남광주통합특별시 북구 풍향동 599-15,한전주
35.16505,126.97964,1,북구,전남광주통합특별시 북구 금곡동 896,한전주
35.16506,126.85204,1,서구,전남광주통합특별시 서구 유촌동 497-3,전용주
35.16506,126.86123,9,서구,전남광주통합특별시 서구 유촌동 864,한전주
35.16507,126.85652,1,서구,전남광주통합특별시 서구 유촌동 843-1,전용주
35.16507,126.88101,1,서구,전남광주통합특별시 서구 광천동 650-149,건축물
35.16507,126.88533,1,서구,전남광주통합특별시 서구 광천동 629-16,한전주
35.16508,126.86283,1,서구,전남광주통합특별시 서구 유촌동 873-1,전용주
35.16508,126.88002,1,서구,전남광주통합특별시 서구 광천동 122-18,한전주
35.16508,126.88617,1,서구,전남광주통합특별시 서구 광천동 474,한전주
35.16509,126.91491,1,북구,전남광주통합특별시 북구 중흥동 744-26,한전주
35.1651,126.83802,1,서구,전남광주통합특별시 서구 덕흥동 22-4,한전주
35.1651,126.88466,1,서구,전남광주통합특별시 서구 광천동 629-84,전용주
35.1651,126.89666,1,북구,전남광주통합특별시 북구 임동 26-37,한전주
35.1651,126.9319,1,북구,전남광주통합특별시 북구 두암동 309-15,한전주
35.16511,126.85183,2,서구,전남광주통합특별시 서구 유촌동 497-1,한전주
35.16511,126.85184,1,서구,전남광주통합특별시 서구 유촌동 497-1,한전주
35.16511,126.92137,1,북구,전남광주통합특별시 북구 풍향동 599-34,한전주
35.16511,126.94454,1,북구,전남광주통합특별시 북구 두암동 138,한전주
35.16512,126.8797,1,서구,전남광주통합특별시 서구 광천동 204-13,건축물
35.16512,126.88323,1,서구,전남광주통합특별시 서구 광천동 632-48,한전주
35.16512,126.91661,1,동구,광주광역시 동구 계림동 607,한전주
35.16512,126.91685,1,동구,광주광역시 동구 계림동 608,건축물
35.16513,126.85454,1,서구,전남광주통합특별시 서구 유촌동 170-1,한전주
35.16513,126.85633,1,서구,전남광주통합특별시 서구 유촌동 847-1,전용주
35.16513,126.93331,1,북구,전남광주통합특별시 북구 두암동 305-67,건축물
35.16516,126.9001,1,북구,전남광주통합특별시 북구 신안동 261-15,한전주
35.16516,126.90017,1,북구,전남광주통합특별시 북구 신안동 261-15,한전주
35.16516,126.90963,1,북구,전남광주통합특별시 북구 중흥동 611-8,한전주
35.16516,126.92234,2,북구,전남광주통합특별시 북구 풍향동 598-30,한전주
35.16516,126.93425,1,북구,전남광주통합특별시 북구 두암동 299-8,한전주
35.16517,126.85879,1,서구,전남광주통합특별시 서구 유촌동 857-5,전용주
35.16517,126.89666,1,북구,전남광주통합특별시 북구 임동 26-36,전용주
35.16517,126.92358,1,북구,전남광주통합특별시 북구 풍향동 596-5,전용주
35.16517,126.93264,1,북구,전남광주통합특별시 북구 두암동 305-11,한전주
35.16519,126.88348,1,서구,전남광주통합특별시 서구 광천동 629-26,건축물
35.1652,126.89882,1,북구,전남광주통합특별시 북구 신안동 259-6,한전주
35.16521,126.88278,1,서구,전남광주통합특별시 서구 광천동 636-13,한전주
35.16521,126.89762,1,북구,전남광주통합특별시 북구 임동 184-17,한전주
35.16521,126.90107,1,북구,전남광주통합특별시 북구 신안동 262-24,한전주
35.16521,126.90109,1,북구,전남광주통합특별시 북구 신안동 262-24,한전주
35.16521,126.90154,1,북구,전남광주통합특별시 북구 신안동 265-17,한전주
35.16521,126.92297,1,북구,전남광주통합특별시 북구 풍향동 598-31,한전주
35.16522,126.85133,1,서구,전남광주통합특별시 서구 유촌동 620-2,한전주
35.16522,126.88015,1,서구,전남광주통합특별시 서구 광천동 204,건축물
35.16522,126.88073,1,서구,전남광주통합특별시 서구 광천동 650-303,한전주
35.16522,126.92117,1,북구,전남광주통합특별시 북구 풍향동 603-1,한전주
35.16523,126.85268,1,서구,전남광주통합특별시 서구 유촌동 148-2,한전주
35.16523,126.88242,1,서구,전남광주통합특별시 서구 광천동 636-42,한전주
35.16523,126.91528,1,북구,전남광주통합특별시 북구 중흥동 744-9,건축물
35.16524,126.90098,1,북구,전남광주통합특별시 북구 신안동 262-25,한전주
35.16525,126.86209,1,서구,전남광주통합특별시 서구 유촌동 874-1,전용주
35.16526,126.8805,1,서구,전남광주통합특별시 서구 광천동 650-422,한전주
35.16526,126.88446,1,서구,전남광주통합특별시 서구 광천동 628-2,전용주
35.16526,126.88448,1,서구,전남광주통합특별시 서구 광천동 628-2,한전주
35.16526,126.93324,1,북구,전남광주통합특별시 북구 두암동 305-24,한전주
35.16527,126.83701,1,서구,전남광주통합특별시 서구 덕흥동 22-14,한전주
35.16527,126.85133,1,서구,전남광주통합특별시 서구 유촌동 620-2,한전주
35.16527,126.88276,1,서구,전남광주통합특별시 서구 광천동 636-17,전용주
35.16527,126.89787,1,북구,전남광주통합특별시 북구 임동 195-10,전용주
35.16527,126.91552,1,북구,전남광주통합특별시 북구 중흥동 806-5,한전주
35.16527,126.93278,1,북구,전남광주통합특별시 북구 두암동 309-8,한전주
35.16527,126.94412,1,북구,전남광주통합특별시 북구 두암동 134,한전주
35.16528,126.90034,1,북구,전남광주통합특별시 북구 신안동 261-14,한전주
35.16529,126.93149,1,북구,전남광주통합특별시 북구 두암동 311-15,한전주
35.16529,126.93459,6,북구,전남광주통합특별시 북구 두암동 968-1,한전주
35.16529,126.97963,1,북구,전남광주통합특별시 북구 금곡동 895-1,한전주
35.1653,126.85269,1,서구,전남광주통합특별시 서구 유촌동 148-2,전용주
35.1653,126.89668,1,북구,전남광주통합특별시 북구 임동 26-35,한전주
35.1653,126.89885,1,북구,전남광주통합특별시 북구 신안동 259-19,한전주
35.1653,126.93354,1,북구,전남광주통합특별시 북구 두암동 307-26,한전주
35.16531,126.89726,2,북구,전남광주통합특별시 북구 임동 184-3,한전주
35.16531,126.90073,1,북구,전남광주통합특별시 북구 신안동 262-28,한전주
35.16531,126.91447,1,북구,전남광주통합특별시 북구 중흥동 746-9,건축물
35.16532,126.83601,1,서구,전남광주통합특별시 서구 덕흥동 808-13,한전주
35.16532,126.85368,1,서구,전남광주통합특별시 서구 유촌동 134,건축물
35.16534,126.85249,1,서구,전남광주통합특별시 서구 유촌동 824-35,한전주
35.16534,126.88513,1,서구,전남광주통합특별시 서구 광천동 627-5,건축물
35.16534,126.91823,1,북구,전남광주통합특별시 북구 우산동 555-22,한전주
35.16534,126.91847,1,북구,전남광주통합특별시 북구 우산동 555-20,한전주
35.16534,126.92069,1,북구,전남광주통합특별시 북구 풍향동 603-4,건축물
35.16534,126.92234,1,북구,전남광주통합특별시 북구 풍향동 598-54,한전주
35.16535,126.88486,1,서구,전남광주통합특별시 서구 광천동 627-10,한전주
35.16536,126.85871,1,서구,전남광주통합특별시 서구 유촌동 857-3,전용주
35.16536,126.86174,3,서구,전남광주통합특별시 서구 유촌동 875,전용주
35.16536,126.86189,1,서구,전남광주통합특별시 서구 유촌동 874-7,전용주
35.16536,126.92267,1,북구,전남광주통합특별시 북구 풍향동 598-15,한전주
35.16537,126.85344,4,서구,전남광주통합특별시 서구 유촌동 76-6,전용주
35.16537,126.89979,1,북구,전남광주통합특별시 북구 신안동 260-4,한전주
35.16537,126.91874,1,북구,전남광주통합특별시 북구 우산동 555-37,한전주
35.16537,126.92154,1,북구,전남광주통합특별시 북구 풍향동 600-33,한전주
35.16538,126.88107,3,서구,전남광주통합특별시 서구 광천동 650-7,한전주
35.16539,126.88084,1,서구,전남광주통합특별시 서구 광천동 650-375,한전주
35.1654,126.83802,1,서구,전남광주통합특별시 서구 덕흥동 78,한전주
35.1654,126.88303,1,서구,전남광주통합특별시 서구 광천동 786-58,한전주
35.1654,126.88482,1,서구,전남광주통합특별시 서구 광천동 627-11,한전주
35.1654,126.9011,1,북구,전남광주통합특별시 북구 신안동 262-12,한전주
35.16541,126.85887,5,서구,전남광주통합특별시 서구 유촌동 858,전용주
35.16542,126.88356,1,서구,전남광주통합특별시 서구 광천동 625-68,건축물
35.16542,126.91501,1,북구,전남광주통합특별시 북구 중흥동 744-17,한전주
35.16543,126.8524,1,서구,전남광주통합특별시 서구 유촌동 513-2,한전주
35.16544,126.88047,1,서구,전남광주통합특별시 서구 광천동 650-323,건축물
35.16544,126.92369,1,북구,전남광주통합특별시 북구 풍향동 596-18,한전주
35.16545,126.83802,1,서구,전남광주통합특별시 서구 덕흥동 78,한전주
35.16545,126.8827,1,서구,전남광주통합특별시 서구 광천동 635-2,건축물
35.16546,126.85298,1,서구,전남광주통합특별시 서구 유촌동 145,한전주
35.16548,126.98357,1,북구,전남광주통합특별시 북구 금곡동952,한전주
35.16549,126.85334,1,서구,전남광주통합특별시 서구 유촌동 141,한전주
35.16549,126.89572,1,북구,전남광주통합특별시 북구 임동 135-3,한전주
35.16549,126.89679,1,북구,전남광주통합특별시 북구 임동 26-1,한전주
35.16549,126.93155,1,북구,전남광주통합특별시 북구 두암동 311-3,한전주
35.16549,126.93425,1,북구,전남광주통합특별시 북구 두암동 298-20,한전주
35.1655,126.85887,1,서구,전남광주통합특별시 서구 유촌동 858,전용주
35.1655,126.87991,1,서구,전남광주통합특별시 서구 광천동 650-300,한전주
35.16551,126.83739,1,서구,전남광주통합특별시 서구 덕흥동 563,한전주
35.16551,126.88266,1,서구,전남광주통합특별시 서구 광천동 634-4,한전주
35.16551,126.92018,1,북구,전남광주통합특별시 북구 풍향동 603-6 서방시장아케이트,건축물
35.16551,126.92037,4,북구,전남광주통합특별시 북구 풍향동 606-7,한전주
35.16551,126.92084,1,북구,전남광주통합특별시 북구 풍향동 601-26,한전주
35.16551,126.94643,1,북구,전남광주통합특별시 북구 두암동 산135,한전주
35.16552,126.88219,1,서구,전남광주통합특별시 서구 광천동 638-1,한전주
35.16552,126.91404,1,북구,전남광주통합특별시 북구 중흥동 746-1,한전주
35.16553,126.88232,1,서구,전남광주통합특별시 서구 광천동 636-6,한전주
35.16553,126.93145,2,북구,전남광주통합특별시 북구 두암동 311-3,한전주
35.16553,126.93148,1,북구,전남광주통합특별시 북구 두암동 311-3,한전주
35.16554,126.921,1,북구,전남광주통합특별시 북구 풍향동 601-27,한전주
35.16555,126.85226,1,서구,전남광주통합특별시 서구 유촌동 510-2,한전주
35.16555,126.862,10,서구,전남광주통합특별시 서구 유촌동 876,전용주
35.16555,126.90583,1,북구,전남광주통합특별시 북구 신안동 123-15,한전주
35.16555,126.94451,1,북구,전남광주통합특별시 북구 두암동 132-2,한전주
35.16556,126.86324,1,서구,전남광주통합특별시 서구 유촌동 882-5,전용주
35.16556,126.90946,2,북구,전남광주통합특별시 북구 중흥동 611-7,전용주
35.16556,126.91868,1,북구,전남광주통합특별시 북구 우산동 555-10,한전주
35.16556,126.93236,1,북구,전남광주통합특별시 북구 두암동 308-4,한전주
35.16557,126.86243,1,서구,전남광주통합특별시 서구 유촌동 880-4,전용주
35.16557,126.93406,1,북구,전남광주통합특별시 북구 두암동 298-25,한전주
35.16558,126.85403,1,서구,전남광주통합특별시 서구 유촌동 824-19,한전주
35.16558,126.88065,1,서구,전남광주통합특별시 서구 광천동 650-420,한전주
35.16558,126.88069,1,서구,전남광주통합특별시 서구 광천동 650-420,한전주
35.16558,126.90618,1,북구,전남광주통합특별시 북구 신안동 123-1,한전주
35.16558,126.91511,1,북구,전남광주통합특별시 북구 중흥동 744-18,
35.16558,126.91746,1,북구,전남광주통합특별시 북구 우산동 558-19,한전주
35.16559,126.8527,1,서구,전남광주통합특별시 서구 유촌동 148,전용주
35.16559,126.85271,1,서구,전남광주통합특별시 서구 유촌동 148,전용주
35.16559,126.89786,1,북구,전남광주통합특별시 북구 신안동 255-29,한전주
35.16559,126.9237,1,북구,전남광주통합특별시 북구 풍향동 596-23,한전주
35.1656,126.89758,1,북구,전남광주통합특별시 북구 신안동 254-37,한전주
35.1656,126.89953,1,북구,전남광주통합특별시 북구 신안동 258-16,건축물
35.1656,126.89957,1,북구,전남광주통합특별시 북구 신안동 258-16,한전주
35.1656,126.9231,1,북구,전남광주통합특별시 북구 풍향동 598-37,한전주
35.16561,126.85877,1,서구,전남광주통합특별시 서구 유촌동 860-4,전용주
35.16561,126.88243,1,서구,전남광주통합특별시 서구 광천동 636-32,한전주
35.16561,126.88473,1,서구,전남광주통합특별시 서구 광천동 623-7,한전주
35.16561,126.89505,1,북구,전남광주통합특별시 북구 임동 135-9,한전주
35.16561,126.89691,1,북구,전남광주통합특별시 북구 신안동 253-8,한전주
35.16561,126.93385,1,북구,전남광주통합특별시 북구 두암동 297-5,한전주
35.16562,126.8375,1,서구,전남광주통합특별시 서구 덕흥동 569-2,한전주
35.16562,126.85818,1,서구,전남광주통합특별시 서구 유촌동 25-1,전용주
35.16562,126.88477,1,서구,전남광주통합특별시 서구 광천동 623-7,한전주
35.16562,126.92012,1,북구,전남광주통합특별시 북구 풍향동 602-12,건축물
35.16562,126.92032,1,북구,전남광주통합특별시 북구 풍향동 602-13,건축물
35.16562,126.93308,1,북구,전남광주통합특별시 북구 두암동 308-9,한전주
35.16563,126.91448,1,북구,전남광주통합특별시 북구 중흥동 745-26,한전주
35.16564,126.88473,1,서구,전남광주통합특별시 서구 광천동 623-7,한전주
35.16564,126.90569,1,북구,전남광주통합특별시 북구 신안동 124-13,한전주
35.16564,126.91437,1,북구,전남광주통합특별시 북구 중흥동 745-10,한전주
35.16564,126.91767,1,북구,전남광주통합특별시 북구 우산동 558-23,한전주
35.16564,126.92127,1,북구,전남광주통합특별시 북구 풍향동 601-6,한전주
35.16564,126.93214,1,북구,전남광주통합특별시 북구 두암동 308-18,전용주
35.16565,126.83676,1,서구,전남광주통합특별시 서구 덕흥동 557,한전주
35.16565,126.93348,1,북구,전남광주통합특별시 북구 두암동 307-12,한전주
35.16566,126.82835,1,서구,전남광주통합특별시 서구 덕흥동 1088-4,한전주
35.16566,126.89953,2,북구,전남광주통합특별시 북구 신안동 270-2,한전주
35.16566,126.90125,1,북구,전남광주통합특별시 북구 신안동 263-5 에이스액자,한전주
35.16566,126.93328,1,북구,전남광주통합특별시 북구 두암동 308-3,한전주
35.16566,126.93329,1,북구,전남광주통합특별시 북구 두암동 308-3,한전주
35.16567,126.8526,1,서구,전남광주통합특별시 서구 유촌동 510-4,전용주
35.16567,126.88036,1,서구,전남광주통합특별시 서구 광천동 650-361,한전주
35.16567,126.90121,4,북구,전남광주통합특별시 북구 신안동 270,한전주
35.16567,126.92108,1,북구,전남광주통합특별시 북구 풍향동 601-11,건축물
35.16568,126.8814,1,서구,전남광주통합특별시 서구 광천동 639-5,한전주
35.16569,126.83801,1,서구,전남광주통합특별시 서구 덕흥동 576,전용주
35.16569,126.83807,1,서구,전남광주통합특별시 서구 덕흥동 576,전용주
35.16569,126.87952,1,서구,전남광주통합특별시 서구 광천동 650-336,한전주
35.16569,126.90147,1,북구,전남광주통합특별시 북구 신안동 264-3,한전주
35.16569,126.91928,1,북구,전남광주통합특별시 북구 우산동 555-1,전용주
35.16571,126.9235,1,북구,전남광주통합특별시 북구 풍향동 329-7,한전주
35.16572,126.89163,6,북구,전남광주통합특별시 북구 임동 100-1,한전주
35.16572,126.90014,1,북구,전남광주통합특별시 북구 신안동 258-37,한전주
35.16572,126.962,1,북구,전남광주통합특별시 북구 청풍동 산73-4,한전주
35.16573,126.89404,1,북구,전남광주통합특별시 북구 임동 129-1(임동주민센터 앞),전용주
35.16573,126.89541,2,북구,전남광주통합특별시 북구 임동 135-84,한전주
35.16573,126.90581,2,북구,전남광주통합특별시 북구 신안동 162-2,한전주
35.16574,126.9228,1,북구,전남광주통합특별시 북구 풍향동 598-44,전용주
35.16574,126.9303,1,북구,전남광주통합특별시 북구 풍향동 2-81,한전주
35.16575,126.85375,1,서구,전남광주통합특별시 서구 유촌동 126-1,전용주
35.16575,126.85879,1,서구,전남광주통합특별시 서구 유촌동 860-3,전용주
35.16576,126.85323,1,서구,전남광주통합특별시 서구 유촌동 123,한전주
35.16576,126.85346,1,서구,전남광주통합특별시 서구 유촌동 119-1,한전주
35.16576,126.88003,1,서구,전남광주통합특별시 서구 광천동 650-396,한전주
35.16576,126.88182,1,서구,전남광주통합특별시 서구 광천동 639-7,한전주
35.16576,126.90527,1,북구,전남광주통합특별시 북구 신안동 124-14,한전주
35.16577,126.88254,1,서구,전남광주통합특별시 서구 광천동 632-57,한전주
35.16577,126.92159,1,북구,전남광주통합특별시 북구 풍향동 600-16,한전주
35.16578,126.85344,1,서구,전남광주통합특별시 서구 유촌동 119-1,전용주
35.16578,126.94436,1,북구,전남광주통합특별시 북구 두암동 132-1,한전주
35.16579,126.85268,1,서구,전남광주통합특별시 서구 유촌동 824-30,전용주
35.16579,126.91616,1,북구,전남광주통합특별시 북구 우산동 518-90,한전주
35.16581,126.83749,1,서구,전남광주통합특별시 서구 덕흥동 424,전용주
35.16581,126.83856,3,서구,전남광주통합특별시 서구 덕흥동 79,한전주
35.16581,126.86325,1,서구,전남광주통합특별시 서구 유촌동 882-2,전용주
35.16581,126.89634,1,북구,전남광주통합특별시 북구 임동 135-111,한전주
35.16581,126.91411,1,북구,전남광주통합특별시 북구 중흥동 745-29,전용주
35.16582,126.89614,1,북구,전남광주통합특별시 북구 임동 135-127,한전주
35.16582,126.89769,1,북구,전남광주통합특별시 북구 신안동 254-41,한전주
35.16582,126.91389,1,북구,전남광주통합특별시 북구 중흥동 745-17,한전주
35.16582,126.92223,1,북구,전남광주통합특별시 북구 풍향동 600-26,한전주
35.16582,126.93142,1,북구,전남광주통합특별시 북구 두암동 314-6,전용주
35.16583,126.83852,2,서구,전남광주통합특별시 서구 덕흥동 79-1,한전주
35.16583,126.91831,1,북구,전남광주통합특별시 북구 우산동 555-31,한전주
35.16583,126.92011,1,북구,전남광주통합특별시 북구 풍향동 602-44,한전주
35.16583,126.92097,1,북구,전남광주통합특별시 북구 풍향동 601-41,건축물
35.16583,126.93361,1,북구,전남광주통합특별시 북구 두암동 307-13,전용주
35.16583,126.9337,1,북구,전남광주통합특별시 북구 두암동 307-13,한전주
35.16584,126.87955,1,서구,전남광주통합특별시 서구 광천동 650-426,한전주
35.16585,126.85203,1,서구,전남광주통합특별시 서구 유촌동 613-7,한전주
35.16585,126.85241,1,서구,전남광주통합특별시 서구 유촌동 518,한전주
35.16585,126.87955,2,서구,전남광주통합특별시 서구 광천동 650-426,한전주
35.16585,126.91889,1,북구,전남광주통합특별시 북구 우산동 555-15,한전주
35.16586,126.86282,1,서구,전남광주통합특별시 서구 유촌동 881-6,전용주
35.16586,126.89737,1,북구,전남광주통합특별시 북구 신안동 254-18,한전주
35.16587,126.83787,1,서구,전남광주통합특별시 서구 덕흥동 569,한전주
35.16587,126.89425,1,북구,전남광주통합특별시 북구 임동 129-2,한전주
35.16587,126.91759,1,북구,전남광주통합특별시 북구 우산동 558-15,한전주
35.16589,126.83855,1,서구,전남광주통합특별시 서구 덕흥동 79-1,한전주
35.16589,126.91908,1,북구,전남광주통합특별시 북구 우산동 555-15 옥돌오리탕 건너,한전주
35.16589,126.91963,2,북구,전남광주통합특별시 북구 우산동 561-1,한전주
35.16589,126.92113,1,북구,전남광주통합특별시 북구 풍향동 601-13,건축물
35.16589,126.92171,1,북구,전남광주통합특별시 북구 풍향동 600-6,한전주
35.1659,126.89584,1,북구,전남광주통합특별시 북구 임동 135-98,한전주
35.1659,126.90038,1,북구,전남광주통합특별시 북구 신안동 263-14,한전주
35.1659,126.91704,1,북구,전남광주통합특별시 북구 우산동 518-127,한전주
35.16591,126.85873,1,서구,전남광주통합특별시 서구 유촌동 861-5,전용주
35.16591,126.89618,1,북구,전남광주통합특별시 북구 임동 135-126,한전주
35.16591,126.92285,1,북구,전남광주통합특별시 북구 풍향동 552-11,한전주
35.16592,126.85273,1,서구,전남광주통합특별시 서구 유촌동 117-1,한전주
35.16592,126.85838,1,서구,전남광주통합특별시 서구 유촌동 861-8,전용주
35.16592,126.89981,1,북구,전남광주통합특별시 북구 신안동 258-22,한전주
35.16592,126.90588,1,북구,전남광주통합특별시 북구 신안동 163-5,한전주
35.16593,126.85879,1,서구,전남광주통합특별시 서구 유촌동 861-5,전용주
35.16593,126.92198,1,북구,전남광주통합특별시 북구 풍향동 600-23,한전주
35.16594,126.8515,1,서구,전남광주통합특별시 서구 유촌동 597-7,한전주
35.16594,126.85154,1,서구,전남광주통합특별시 서구 유촌동 597-7,전용주
35.16594,126.85464,2,서구,전남광주통합특별시 서구 유촌동 168-4,전용주
35.16594,126.91808,1,북구,전남광주통합특별시 북구 우산동 557-32,한전주
35.16595,126.92093,1,북구,전남광주통합특별시 북구 풍향동 601-46,건축물
35.16596,126.83536,1,서구,전남광주통합특별시 서구 덕흥동 808-9,한전주
35.16596,126.85295,1,서구,전남광주통합특별시 서구 유촌동 824-33,한전주
35.16596,126.91741,1,북구,전남광주통합특별시 북구 우산동 558-16,한전주
35.16596,126.92072,1,북구,전남광주통합특별시 북구 풍향동 601-21,한전주
35.16596,126.92392,1,북구,전남광주통합특별시 북구 풍향동 330-13,건축물
35.16597,126.83536,1,서구,전남광주통합특별시 서구 덕흥동 808-9,한전주
35.16597,126.91377,1,북구,전남광주통합특별시 북구 중흥동 745-27,건축물
35.16597,126.918,1,북구,전남광주통합특별시 북구 우산동 557-9,한전주
35.16598,126.8367,1,서구,전남광주통합특별시 서구 덕흥동 535,한전주
35.16598,126.92322,1,북구,전남광주통합특별시 북구 풍향동 329-2,한전주
35.16599,126.83423,1,서구,전남광주통합특별시 서구 덕흥동 808-5,한전주
35.16599,126.89722,1,북구,전남광주통합특별시 북구 신안동 254-24,한전주
35.16599,126.9216,1,북구,전남광주통합특별시 북구 풍향동 600-4,한전주
35.16599,126.9314,1,북구,전남광주통합특별시 북구 두암동 314-10,전용주
35.166,126.89902,1,북구,전남광주통합특별시 북구 신안동 259-21,한전주
35.166,126.89909,1,북구,전남광주통합특별시 북구 신안동 259-21,한전주
35.166,126.91623,1,북구,전남광주통합특별시 북구 우산동 518-80,한전주
35.166,126.91992,1,북구,전남광주통합특별시 북구 풍향동 602-22,건축물
35.16602,126.83604,1,서구,전남광주통합특별시 서구 덕흥동 903,한전주
35.16602,126.88165,1,서구,전남광주통합특별시 서구 광천동 589-3,전용주
35.16602,126.88274,1,서구,전남광주통합특별시 서구 광천동 625-31,한전주
35.16602,126.88475,1,서구,전남광주통합특별시 서구 광천동 615-2,한전주
35.16602,126.8951,1,북구,전남광주통합특별시 북구 임동 135-94,전용주
35.16602,126.92326,1,북구,전남광주통합특별시 북구 풍향동 552-20,한전주
35.16603,126.88915,1,북구,전남광주통합특별시 북구 임동 631,전용주
35.16603,126.89671,1,북구,전남광주통합특별시 북구 신안동 253-9,한전주
35.16603,126.92262,1,북구,전남광주통합특별시 북구 풍향동 553-24,한전주
35.16604,126.85186,4,서구,전남광주통합특별시 서구 유촌동 503-1,전용주
35.16604,126.85189,1,서구,전남광주통합특별시 서구 유촌동 503-1,전용주
35.16604,126.85387,1,서구,전남광주통합특별시 서구 유촌동 824-17,한전주
35.16604,126.8539,1,서구,전남광주통합특별시 서구 유촌동 824-17,한전주
35.16604,126.88362,1,서구,전남광주통합특별시 서구 광천동 601-14,건축물
35.16604,126.88542,1,서구,전남광주통합특별시 서구 광천동 614-1,전용주
35.16605,126.83573,1,서구,전남광주통합특별시 서구 덕흥동 901,전용주
35.16605,126.89591,1,북구,전남광주통합특별시 북구 임동 135-28,한전주
35.16605,126.92135,1,북구,전남광주통합특별시 북구 풍향동 601-2,한전주
35.16606,126.83713,1,서구,전남광주통합특별시 서구 덕흥동 428,한전주
35.16606,126.88475,1,서구,전남광주통합특별시 서구 광천동 615-2,한전주
35.16606,126.92285,1,북구,전남광주통합특별시 북구 풍향동 552-12,전용주
35.16607,126.8526,1,서구,전남광주통합특별시 서구 유촌동 522-3,전용주
35.16607,126.88243,1,서구,전남광주통합특별시 서구 광천동 592-14,한전주
35.16607,126.92496,1,북구,전남광주통합특별시 북구 풍향동 333-1,한전주
35.16607,126.93073,1,북구,전남광주통합특별시 북구 두암동 326-54,전용주
35.16607,126.93287,1,북구,전남광주통합특별시 북구 두암동 908-7,한전주
35.16608,126.88362,1,서구,전남광주통합특별시 서구 광천동 601-14,한전주
35.16608,126.93183,2,북구,전남광주통합특별시 북구 두암동 318-4,한전주
35.16609,126.87666,1,서구,전남광주통합특별시 서구 광천동 713-14,건축물
35.16609,126.88183,1,서구,전남광주통합특별시 서구 광천동 591-5,한전주
35.16609,126.88189,1,서구,전남광주통합특별시 서구 광천동 591-5,한전주
35.16609,126.90546,2,북구,전남광주통합특별시 북구 신안동 163-19,한전주
35.16609,126.9217,1,북구,전남광주통합특별시 북구 풍향동 600-2,한전주
35.1661,126.92207,1,북구,전남광주통합특별시 북구 풍향동 553-16,한전주
35.1661,126.92347,1,북구,전남광주통합특별시 북구 풍향동 551,한전주
35.1661,126.9327,1,북구,전남광주통합특별시 북구 두암동 908-15,한전주
35.16611,126.89608,1,북구,전남광주통합특별시 북구 임동 137-14,한전주
35.16611,126.91892,1,북구,전남광주통합특별시 북구 우산동 554-24,한전주
35.16611,126.93406,1,북구,전남광주통합특별시 북구 두암동 307-1,한전주
35.16612,126.85214,1,서구,전남광주통합특별시 서구 유촌동 532,한전주
35.16612,126.85341,1,서구,전남광주통합특별시 서구 유촌동 824-14,한전주
35.16612,126.86217,1,서구,전남광주통합특별시 서구 유촌동 878-1,전용주
35.16612,126.86281,1,서구,전남광주통합특별시 서구 유촌동 878-6,전용주
35.16612,126.88319,1,서구,전남광주통합특별시 서구 광천동 601-4,한전주
35.16612,126.89779,1,북구,전남광주통합특별시 북구 신안동 254-43,한전주
35.16612,126.90046,1,북구,전남광주통합특별시 북구 신안동 263-1 태원건재,한전주
35.16612,126.9231,1,북구,전남광주통합특별시 북구 풍향동 552-1,건축물
35.16613,126.83945,1,서구,전남광주통합특별시 서구 덕흥동 19-17,한전주
35.16613,126.91852,1,북구,전남광주통합특별시 북구 우산동 554-26,한전주
35.16614,126.87618,1,서구,전남광주통합특별시 서구 광천동 713-23,전용주
35.16614,126.87771,1,서구,전남광주통합특별시 서구 광천동 650-159,한전주
35.16614,126.87876,1,서구,전남광주통합특별시 서구 광천동 650-304,한전주
35.16614,126.89426,1,북구,전남광주통합특별시 북구 임동 133-26,한전주
35.16614,126.91613,1,북구,전남광주통합특별시 북구 우산동 518-79,한전주
35.16614,126.93609,2,북구,전남광주통합특별시 북구 두암동 967-2,전용주
35.16615,126.88489,1,서구,전남광주통합특별시 서구 광천동 615-1,
35.16615,126.91801,1,북구,전남광주통합특별시 북구 우산동 557-7,한전주
35.16616,126.92427,1,북구,전남광주통합특별시 북구 풍향동 429-13,한전주
35.16616,126.93104,1,북구,전남광주통합특별시 북구 두암동 314-16,전용주
35.16617,126.87598,1,서구,전남광주통합특별시 서구 광천동 713-28,건축물
35.16617,126.92525,1,북구,전남광주통합특별시 북구 풍향동 426-5,한전주
35.16618,126.89114,1,북구,전남광주통합특별시 북구 임동 100-51,한전주
35.16618,126.89448,1,북구,전남광주통합특별시 북구 임동 129-5,전용주
35.16618,126.89539,1,북구,전남광주통합특별시 북구 임동 135-66,한전주
35.16618,126.91498,1,북구,전남광주통합특별시 북구 중흥동 599-105,한전주
35.16618,126.93358,1,북구,전남광주통합특별시 북구 두암동 348-9,한전주
35.16619,126.83725,1,서구,전남광주통합특별시 서구 덕흥동 424-1,전용주
35.1662,126.83736,1,서구,전남광주통합특별시 서구 덕흥동 438,한전주
35.1662,126.88935,1,북구,전남광주통합특별시 북구 임동 104-65,한전주
35.1662,126.91635,1,북구,전남광주통합특별시 북구 우산동 518-68,한전주
35.16621,126.83607,1,서구,전남광주통합특별시 서구 덕흥동 905,한전주
35.16621,126.87545,1,서구,전남광주통합특별시 서구 광천동 713-44,한전주
35.16621,126.8952,1,북구,전남광주통합특별시 북구 임동 135-67,한전주
35.16621,126.89599,1,북구,전남광주통합특별시 북구 임동 138-1,한전주
35.16621,126.89826,1,북구,전남광주통합특별시 북구 신안동 255-13,한전주
35.16621,126.89947,1,북구,전남광주통합특별시 북구 신안동 257-16,한전주
35.16621,126.92354,1,북구,전남광주통합특별시 북구 풍향동 552-3,한전주
35.16621,126.93515,4,북구,전남광주통합특별시 북구 두암동 967-1,한전주
35.16622,126.87071,1,서구,전남광주통합특별시 서구 내방동 783-18,전용주
35.16622,126.89397,1,북구,전남광주통합특별시 북구 임동 132-14,한전주
35.16622,126.91831,1,북구,전남광주통합특별시 북구 우산동 554-46,한전주
35.16622,126.91839,1,북구,전남광주통합특별시 북구 우산동 554-46,한전주
35.16623,126.8354,1,서구,전남광주통합특별시 서구 덕흥동 1208-1,한전주
35.16623,126.88964,2,북구,전남광주통합특별시 북구 임동 104-7,전용주
35.16623,126.91774,1,북구,전남광주통합특별시 북구 우산동 557-22,한전주
35.16623,126.92515,1,북구,전남광주통합특별시 북구 풍향동 427-7,한전주
35.16624,126.89473,1,북구,전남광주통합특별시 북구 임동 134-6,한전주
35.16624,126.93079,1,북구,전남광주통합특별시 북구 두암동 325-2,전용주
35.16625,126.8781,1,서구,전남광주통합특별시 서구 광천동 650-392,한전주
35.16626,126.83537,2,서구,전남광주통합특별시 서구 덕흥동 1208,한전주
35.16626,126.91537,1,북구,전남광주통합특별시 북구 중흥동 599-101,한전주
35.16626,126.92215,1,북구,전남광주통합특별시 북구 풍향동 553-14,한전주
35.16626,126.93398,1,북구,전남광주통합특별시 북구 두암동 351-4,한전주
35.16627,126.87026,1,서구,전남광주통합특별시 서구 내방동 783-8,한전주
35.16627,126.88099,5,서구,전남광주통합특별시 서구 광천동 589-4,전용주
35.16627,126.88935,1,북구,전남광주통합특별시 북구 임동 104-65,한전주
35.16627,126.92083,1,북구,전남광주통합특별시 북구 풍향동 601-18,한전주
35.16628,126.83821,1,서구,전남광주통합특별시 서구 덕흥동 459,한전주
35.16628,126.85011,1,서구,전남광주통합특별시 서구 유촌동 599-18,한전주
35.16629,126.87396,1,서구,전남광주통합특별시 서구 광천동 714-27,전용주
35.16629,126.89731,1,북구,전남광주통합특별시 북구 신안동 254-23,한전주
35.1663,126.83679,1,서구,전남광주통합특별시 서구 덕흥동 528,한전주
35.1663,126.87263,1,서구,전남광주통합특별시 서구 광천동 714-57,한전주
35.1663,126.87427,1,서구,전남광주통합특별시 서구 광천동 714-13,한전주
35.1663,126.87534,1,서구,전남광주통합특별시 서구 광천동 713-47,한전주
35.1663,126.8842,1,서구,전남광주통합특별시 서구 광천동 604-7,한전주
35.1663,126.91615,1,북구,전남광주통합특별시 북구 우산동 518-69,한전주
35.1663,126.92242,1,북구,전남광주통합특별시 북구 풍향동 553-34,건축물
35.16631,126.85276,1,서구,전남광주통합특별시 서구 유촌동 113,전용주
35.16631,126.89149,1,북구,전남광주통합특별시 북구 임동 100-59,한전주
35.16631,126.92145,1,북구,전남광주통합특별시 북구 풍향동 533-18,한전주
35.16631,126.92228,1,북구,전남광주통합특별시 북구 풍향동 553-32,한전주
35.16631,126.92504,1,북구,전남광주통합특별시 북구 풍향동 428-25,한전주
35.16632,126.85221,1,서구,전남광주통합특별시 서구 유촌동 529,전용주
35.16632,126.85855,1,서구,전남광주통합특별시 서구 유촌동 862-5,전용주
35.16632,126.88216,1,서구,전남광주통합특별시 서구 광천동 591-21,한전주
35.16632,126.89142,2,북구,전남광주통합특별시 북구 임동 100-59,한전주
35.16632,126.89788,1,북구,전남광주통합특별시 북구 신안동 254-13,한전주
35.16632,126.92346,1,북구,전남광주통합특별시 북구 풍향동 552-16,한전주
35.16632,126.9254,1,북구,전남광주통합특별시 북구 풍향동 426-4,한전주
35.16633,126.87062,1,서구,전남광주통합특별시 서구 내방동 783-19,한전주
35.16633,126.88252,1,서구,전남광주통합특별시 서구 광천동 601-13,한전주
35.16633,126.89388,1,북구,전남광주통합특별시 북구 임동 132-13,한전주
35.16633,126.89916,1,북구,전남광주통합특별시 북구 신안동 257-18,한전주
35.16633,126.92369,1,북구,전남광주통합특별시 북구 풍향동 430-35,한전주
35.16634,126.83809,18,서구,전남광주통합특별시 서구 덕흥동 1199-10,한전주
35.16634,126.85209,1,서구,전남광주통합특별시 서구 유촌동 538,한전주
35.16634,126.8813,2,서구,전남광주통합특별시 서구 광천동 590-4,전용주
35.16635,126.87659,1,서구,전남광주통합특별시 서구 광천동 710-6,한전주
35.16635,126.89128,1,북구,전남광주통합특별시 북구 임동 104-32,한전주
35.16635,126.90304,1,북구,전남광주통합특별시 북구 신안동 131-2,한전주
35.16635,126.9257,1,북구,전남광주통합특별시 북구 풍향동 425-16,한전주
35.16635,126.93128,1,북구,전남광주통합특별시 북구 두암동 319-4,한전주
35.16636,126.85793,1,서구,전남광주통합특별시 서구 유촌동 862,전용주
35.16637,126.88103,1,서구,전남광주통합특별시 서구 광천동 590-5,건축물
35.16637,126.88318,1,서구,전남광주통합특별시 서구 광천동 599-4,한전주
35.16637,126.90055,1,북구,전남광주통합특별시 북구 신안동 263-1,한전주
35.16637,126.91778,1,북구,전남광주통합특별시 북구 우산동 557-21,건축물
35.16637,126.93086,1,북구,전남광주통합특별시 북구 두암동 323,한전주
35.16638,126.87613,3,서구,전남광주통합특별시 서구 광천동 713-1,한전주
35.16638,126.91644,1,북구,전남광주통합특별시 북구 우산동 518-67,한전주
35.16638,126.93128,1,북구,전남광주통합특별시 북구 두암동 319-4,한전주
35.16639,126.8965,1,북구,전남광주통합특별시 북구 신안동 645-5,한전주
35.16639,126.91883,1,북구,전남광주통합특별시 북구 우산동 554-23,한전주
35.16639,126.92281,1,북구,전남광주통합특별시 북구 풍향동 548-2,한전주
35.16639,126.92289,1,북구,전남광주통합특별시 북구 풍향동 548-2,건축물
35.16639,126.93207,1,북구,전남광주통합특별시 북구 두암동 907-4,한전주
35.1664,126.87772,1,서구,전남광주통합특별시 서구 광천동 650-339,전용주
35.1664,126.89505,1,북구,전남광주통합특별시 북구 임동 140-40,한전주
35.16641,126.86609,7,서구,전남광주통합특별시 서구 쌍촌동 1047-1,전용주
35.16641,126.87514,1,서구,전남광주통합특별시 서구 광천동 713-55,건축물
35.16641,126.87813,1,서구,전남광주통합특별시 서구 광천동 650-213,한전주
35.16641,126.87858,1,서구,전남광주통합특별시 서구 광천동 650-223,한전주
35.16641,126.92244,1,북구,전남광주통합특별시 북구 풍향동 553-13,한전주
35.16641,126.92418,1,북구,전남광주통합특별시 북구 풍향동 430-38,한전주
35.16642,126.83705,1,서구,전남광주통합특별시 서구 덕흥동 433,전용주
35.16642,126.89548,1,북구,전남광주통합특별시 북구 임동 135-61,한전주
35.16642,126.90501,1,북구,전남광주통합특별시 북구 신안동 163-1,한전주
35.16642,126.91796,1,북구,전남광주통합특별시 북구 우산동 557-15,한전주
35.16642,126.91828,1,북구,전남광주통합특별시 북구 우산동 556-32,한전주
35.16643,126.8819,1,서구,전남광주통합특별시 서구 광천동 591-13,
35.16643,126.89365,1,북구,전남광주통합특별시 북구 임동 132-21,한전주
35.16643,126.92323,1,북구,전남광주통합특별시 북구 풍향동 548-15,전용주
35.16644,126.83788,1,서구,전남광주통합특별시 서구 덕흥동 457,전용주
35.16644,126.8534,1,서구,전남광주통합특별시 서구 유촌동 98-1,한전주
35.16645,126.85262,1,서구,전남광주통합특별시 서구 유촌동 525-2,전용주
35.16645,126.85267,1,서구,전남광주통합특별시 서구 유촌동 525-2,전용주
35.16645,126.89636,1,북구,전남광주통합특별시 북구 신안동 645-4,한전주
35.16645,126.91723,1,북구,전남광주통합특별시 북구 우산동 518-111,한전주
35.16645,126.92442,1,북구,전남광주통합특별시 북구 풍향동 430-16,한전주
35.16646,126.93403,1,북구,전남광주통합특별시 북구 두암동 351-3,한전주
35.16647,126.86382,1,서구,전남광주통합특별시 서구 쌍촌동 807-2,한전주
35.16647,126.86606,1,서구,전남광주통합특별시 서구 쌍촌동 32-1,한전주
35.16647,126.87623,1,서구,전남광주통합특별시 서구 광천동 710-8,한전주
35.16647,126.87825,1,서구,전남광주통합특별시 서구 광천동 788-14,건축물
35.16647,126.91612,1,북구,전남광주통합특별시 북구 우산동 518-65,한전주
35.16648,126.87482,1,서구,전남광주통합특별시 서구 광천동 713-78,한전주
35.16649,126.83622,1,서구,전남광주통합특별시 서구 덕흥동 521,한전주
35.16649,126.90408,1,북구,전남광주통합특별시 북구 신안동 126-2,한전주
35.16649,126.9181,1,북구,전남광주통합특별시 북구 우산동 556-10,한전주
35.1665,126.87683,1,서구,전남광주통합특별시 서구 광천동 651-54,전용주
35.1665,126.88095,1,서구,전남광주통합특별시 서구 광천동 590-7,
35.1665,126.88205,1,서구,전남광주통합특별시 서구 광천동 786-59,건축물
35.1665,126.90501,1,북구,전남광주통합특별시 북구 신안동 163-1,전용주
35.1665,126.91599,1,북구,전남광주통합특별시 북구 우산동 518-64,한전주
35.1665,126.92189,1,북구,전남광주통합특별시 북구 풍향동 533-7,한전주
35.1665,126.92279,1,북구,전남광주통합특별시 북구 풍향동 548-20,한전주
35.16651,126.91668,4,북구,전남광주통합특별시 북구 우산동 518-91,한전주
35.16651,126.91879,1,북구,전남광주통합특별시 북구 우산동 554-30,한전주
35.16651,126.9249,1,북구,전남광주통합특별시 북구 풍향동 428-21,한전주
35.16652,126.89078,1,북구,전남광주통합특별시 북구 임동 104-47,한전주
35.16652,126.92052,1,북구,전남광주통합특별시 북구 풍향동 564-12,한전주
35.16652,126.92455,1,북구,전남광주통합특별시 북구 풍향동 430-6,한전주
35.16652,126.92533,1,북구,전남광주통합특별시 북구 풍향동 425-29,한전주
35.16653,126.85097,1,서구,전남광주통합특별시 서구 유촌동 613,한전주
35.16653,126.86848,1,서구,전남광주통합특별시 서구 쌍촌동 15-7,전용주
35.16653,126.8685,1,서구,전남광주통합특별시 서구 쌍촌동 15-7,전용주
35.16653,126.87809,1,서구,전남광주통합특별시 서구 광천동 788-17,한전주
35.16653,126.88204,1,서구,전남광주통합특별시 서구 광천동 593-16,건축물
35.16653,126.88328,1,서구,전남광주통합특별시 서구 광천동 599,한전주
35.16654,126.83561,1,서구,전남광주통합특별시 서구 덕흥동 917,한전주
35.16654,126.88276,1,서구,전남광주통합특별시 서구 광천동 597-8,건축물
35.16654,126.89611,1,북구,전남광주통합특별시 북구 신안동 645-1,한전주
35.16654,126.91406,1,북구,전남광주통합특별시 북구 중흥동 599-118,한전주
35.16654,126.91582,1,북구,전남광주통합특별시 북구 우산동 518-63,한전주
35.16654,126.92573,1,북구,전남광주통합특별시 북구 풍향동 425-13,한전주
35.16655,126.85468,1,서구,전남광주통합특별시 서구 유촌동 820-133,한전주
35.16656,126.85338,1,서구,전남광주통합특별시 서구 유촌동 98,한전주
35.16656,126.87232,1,서구,전남광주통합특별시 서구 쌍촌동 914-7,한전주
35.16656,126.87533,1,서구,전남광주통합특별시 서구 광천동 710-40,한전주
35.16656,126.8756,1,서구,전남광주통합특별시 서구 광천동 710-25,한전주
35.16656,126.8942,1,북구,전남광주통합특별시 북구 임동 133-34,한전주
35.16656,126.91341,2,북구,전남광주통합특별시 북구 중흥동 599-115,한전주
35.16656,126.92665,1,북구,전남광주통합특별시 북구 풍향동 417-12,한전주
35.16656,126.92825,1,북구,전남광주통합특별시 북구 풍향동 415-14,전용주
35.16657,126.83839,1,서구,전남광주통합특별시 서구 덕흥동 1199-6,전용주
35.16657,126.91704,1,북구,전남광주통합특별시 북구 우산동 518-165,한전주
35.16657,126.92123,1,북구,전남광주통합특별시 북구 풍향동 556-1,한전주
35.16657,126.92704,1,북구,전남광주통합특별시 북구 풍향동 416-32,전용주
35.16658,126.8358,1,서구,전남광주통합특별시 서구 덕흥동 919-2,한전주
35.16658,126.86186,1,서구,전남광주통합특별시 서구 쌍촌동 1111,전용주
35.16658,126.88537,1,서구,전남광주통합특별시 서구 광천동 611-1,전용주
35.16658,126.89113,1,북구,전남광주통합특별시 북구 임동 104-27,한전주
35.16658,126.9145,1,북구,전남광주통합특별시 북구 중흥동 599-28,한전주
35.16658,126.92414,1,북구,전남광주통합특별시 북구 풍향동 430-19,한전주
35.16658,126.92515,1,북구,전남광주통합특별시 북구 풍향동 427-1,한전주
35.16659,126.92362,1,북구,전남광주통합특별시 북구 풍향동 430-32,한전주
35.16659,126.92432,1,북구,전남광주통합특별시 북구 풍향동 430-14,건축물
35.1666,126.87259,1,서구,전남광주통합특별시 서구 광천동 714-46,한전주
35.1666,126.87487,1,서구,전남광주통합특별시 서구 광천동 710-57,한전주
35.1666,126.88132,1,서구,전남광주통합특별시 서구 광천동 593-27,
35.1666,126.89075,1,북구,전남광주통합특별시 북구 임동 104-46,한전주
35.1666,126.9145,1,북구,전남광주통합특별시 북구 중흥동 599-98,한전주
35.1666,126.91816,1,북구,전남광주통합특별시 북구 우산동 556-9,한전주
35.1666,126.92186,1,북구,전남광주통합특별시 북구 풍향동 533-6,건축물
35.1666,126.92332,1,북구,전남광주통합특별시 북구 풍향동 548-12,건축물
35.1666,126.92488,1,북구,전남광주통합특별시 북구 풍향동 433-12,한전주
35.1666,126.93234,1,북구,전남광주통합특별시 북구 두암동 907-13,한전주
35.16661,126.87211,1,서구,전남광주통합특별시 서구 쌍촌동 1-1,한전주
35.16661,126.88098,1,서구,전남광주통합특별시 서구 광천동 566-42,건축물
35.16662,126.8371,1,서구,전남광주통합특별시 서구 덕흥동 481,한전주
35.16662,126.87678,1,서구,전남광주통합특별시 서구 광천동 651-44,한전주
35.16662,126.89632,1,북구,전남광주통합특별시 북구 신안동 646-19,건축물
35.16662,126.91414,1,북구,전남광주통합특별시 북구 중흥동 599-38,전용주
35.16662,126.97811,1,북구,전남광주통합특별시 북구 금곡동 996,한전주
35.16663,126.88159,1,서구,전남광주통합특별시 서구 광천동 593-13,건축물
35.16663,126.89657,1,북구,전남광주통합특별시 북구 신안동 646-25,한전주
35.16663,126.92308,1,북구,전남광주통합특별시 북구 풍향동 548-10,전용주
35.16664,126.83735,1,서구,전남광주통합특별시 서구 덕흥동 478-3,전용주
35.16664,126.85136,1,서구,전남광주통합특별시 서구 유촌동 543-10,한전주
35.16664,126.8514,1,서구,전남광주통합특별시 서구 유촌동 543-10,전용주
35.16664,126.89461,1,북구,전남광주통합특별시 북구 임동 140-4,전용주
35.16664,126.91932,1,북구,전남광주통합특별시 북구 우산동 554-1,한전주
35.16664,126.92136,1,북구,전남광주통합특별시 북구 풍향동 530-2,한전주
35.16664,126.92442,1,북구,전남광주통합특별시 북구 풍향동 430-10,건축물
35.16664,126.962,1,북구,전남광주통합특별시 북구 청풍동 산72-1,한전주
35.16664,126.97818,1,북구,전남광주통합특별시 북구 금곡동 1026,한전주
35.16665,126.83752,1,서구,전남광주통합특별시 서구 덕흥동 454,전용주
35.16665,126.87262,1,서구,전남광주통합특별시 서구 광천동 714-45,한전주
35.16665,126.87657,1,서구,전남광주통합특별시 서구 광천동 651-19,한전주
35.16665,126.88247,1,서구,전남광주통합특별시 서구 광천동 596-22,한전주
35.16665,126.89011,1,북구,전남광주통합특별시 북구 임동 104-73,한전주
35.16665,126.89151,1,북구,전남광주통합특별시 북구 임동 110-3,전용주
35.16665,126.91659,1,북구,전남광주통합특별시 북구 우산동 518-143,한전주
35.16665,126.92562,1,북구,전남광주통합특별시 북구 풍향동 425-18,한전주
35.16665,126.93532,1,북구,전남광주통합특별시 북구 두암동 166-3,한전주
35.16666,126.86269,1,서구,전남광주통합특별시 서구 쌍촌동 1079,전용주
35.16666,126.86496,1,서구,전남광주통합특별시 서구 쌍촌동 807-36,전용주
35.16666,126.87211,1,서구,전남광주통합특별시 서구 쌍촌동 1-1,한전주
35.16666,126.87374,1,서구,전남광주통합특별시 서구 광천동 714-38,한전주
35.16666,126.89236,1,북구,전남광주통합특별시 북구 임동 149-2,건축물
35.16666,126.91391,1,북구,전남광주통합특별시 북구 중흥동 599-71,한전주
35.16667,126.85327,1,서구,전남광주통합특별시 서구 유촌동 96,한전주
35.16667,126.87815,1,서구,전남광주통합특별시 서구 광천동 650-321,한전주
35.16667,126.91748,1,북구,전남광주통합특별시 북구 우산동 518-104,한전주
35.16668,126.87211,1,서구,전남광주통합특별시 서구 쌍촌동 1-1,한전주
35.16668,126.87378,1,서구,전남광주통합특별시 서구 광천동 714-38,한전주
35.16668,126.87455,1,서구,전남광주통합특별시 서구 광천동 710-59,한전주
35.16668,126.89603,1,북구,전남광주통합특별시 북구 신안동 646-3,한전주
35.16668,126.93353,1,북구,전남광주통합특별시 북구 두암동 352-23,건축물
35.16669,126.8526,1,서구,전남광주통합특별시 서구 유촌동 556-2,전용주
35.16669,126.85384,1,서구,전남광주통합특별시 서구 유촌동 71,한전주
35.16669,126.87529,1,서구,전남광주통합특별시 서구 광천동 710-54,전용주
35.16669,126.88727,1,북구,전남광주통합특별시 북구 임동 603,한전주
35.16669,126.89018,1,북구,전남광주통합특별시 북구 임동 104-73,한전주
35.16669,126.89486,1,북구,전남광주통합특별시 북구 임동 140-35,한전주
35.16669,126.90199,1,북구,전남광주통합특별시 북구 신안동 502-5,한전주
35.16669,126.92788,1,북구,전남광주통합특별시 북구 풍향동 415-10,건축물
35.16669,126.93442,1,북구,전남광주통합특별시 북구 두암동 953,한전주
35.1667,126.89425,1,북구,전남광주통합특별시 북구 임동 133-28,한전주
35.1667,126.90286,1,북구,전남광주통합특별시 북구 신안동 127-11,한전주
35.1667,126.92768,1,북구,전남광주통합특별시 북구 풍향동 415-8,한전주
35.1667,126.93444,1,북구,전남광주통합특별시 북구 두암동 953,한전주
35.16671,126.8377,1,서구,전남광주통합특별시 서구 덕흥동 454-1,전용주
35.16671,126.88363,1,서구,전남광주통합특별시 서구 광천동 607-68,한전주
35.16671,126.89569,1,북구,전남광주통합특별시 북구 신안동 791-7,한전주
35.16671,126.91294,1,북구,전남광주통합특별시 북구 중흥동 805-17,한전주
35.16671,126.92323,1,북구,전남광주통합특별시 북구 풍향동 574-1,한전주
35.16672,126.88264,2,서구,전남광주통합특별시 서구 광천동 597-17,한전주
35.16672,126.89347,1,북구,전남광주통합특별시 북구 임동 147-45,한전주
35.16672,126.89735,1,북구,전남광주통합특별시 북구 신안동 252-22,한전주
35.16672,126.89756,1,북구,전남광주통합특별시 북구 신안동 252-23,한전주
35.16672,126.9156,1,북구,전남광주통합특별시 북구 중흥동 599-86,한전주
35.16672,126.91851,1,북구,전남광주통합특별시 북구 우산동 554-41,한전주
35.16673,126.9203,1,북구,전남광주통합특별시 북구 풍향동 564-3,한전주
35.16674,126.83615,1,서구,전남광주통합특별시 서구 덕흥동 923-2,한전주
35.16674,126.83826,1,서구,전남광주통합특별시 서구 덕흥동 1199-5,한전주
35.16674,126.87579,1,서구,전남광주통합특별시 서구 광천동 710-31,한전주
35.16674,126.89525,2,북구,전남광주통합특별시 북구 임동 139-8,전용주
35.16674,126.9233,1,북구,전남광주통합특별시 북구 풍향동 548-1,한전주
35.16674,126.92363,1,북구,전남광주통합특별시 북구 풍향동 549-6,한전주
35.16674,126.93062,1,북구,전남광주통합특별시 북구 두암동 326,한전주
35.16675,126.8517,1,서구,전남광주통합특별시 서구 유촌동 547,한전주
35.16675,126.87122,1,서구,전남광주통합특별시 서구 쌍촌동 916-16,한전주
35.16675,126.88137,1,서구,전남광주통합특별시 서구 광천동 594-7,한전주
35.16675,126.92236,1,북구,전남광주통합특별시 북구 풍향동 535-11,한전주
35.16675,126.92323,2,북구,전남광주통합특별시 북구 풍향동 574-1,한전주
35.16676,126.8646,1,서구,전남광주통합특별시 서구 쌍촌동 1094-2,한전주
35.16676,126.86479,1,서구,전남광주통합특별시 서구 쌍촌동 1096,한전주
35.16676,126.86515,1,서구,전남광주통합특별시 서구 쌍촌동 916-8,한전주
35.16676,126.91446,1,북구,전남광주통합특별시 북구 중흥동 599-27,한전주
35.16676,126.92745,1,북구,전남광주통합특별시 북구 풍향동 416-9,한전주
35.16676,126.93222,1,북구,전남광주통합특별시 북구 두암동 907-11,전용주
35.16677,126.87122,1,서구,전남광주통합특별시 서구 쌍촌동 916-16,한전주
35.16677,126.88048,1,서구,전남광주통합특별시 서구 광천동 583-15,한전주
35.16677,126.88101,1,서구,전남광주통합특별시 서구 광천동 566-48,한전주
35.16677,126.92279,1,북구,전남광주통합특별시 북구 풍향동 543-3,한전주
35.16678,126.83788,1,서구,전남광주통합특별시 서구 덕흥동 455,전용주
35.16678,126.85251,1,서구,전남광주통합특별시 서구 유촌동 556-1,한전주
35.16678,126.91471,1,북구,전남광주통합특별시 북구 중흥동 599-97,한전주
35.16679,126.86159,1,서구,전남광주통합특별시 서구 쌍촌동 1103,한전주
35.16679,126.86469,1,서구,전남광주통합특별시 서구 쌍촌동 1091-2,전용주
35.16679,126.91749,1,북구,전남광주통합특별시 북구 우산동 518-97,한전주
35.16679,126.92092,1,북구,전남광주통합특별시 북구 풍향동 505-3,한전주
35.16679,126.92626,1,북구,전남광주통합특별시 북구 풍향동 435-4,한전주
35.16679,126.92708,1,북구,전남광주통합특별시 북구 풍향동 416-28,한전주
35.1668,126.86012,1,서구,전남광주통합특별시 서구 유촌동 821,한전주
35.1668,126.86114,1,서구,전남광주통합특별시 서구 쌍촌동 1127,한전주
35.1668,126.87361,1,서구,전남광주통합특별시 서구 광천동 712-55,건축물
35.1668,126.89104,1,북구,전남광주통합특별시 북구 임동 104-23,한전주
35.1668,126.8925,1,북구,전남광주통합특별시 북구 임동 149-26,건축물
35.1668,126.89253,1,북구,전남광주통합특별시 북구 임동 149-26,전용주
35.1668,126.89569,1,북구,전남광주통합특별시 북구 신안동 791-4,한전주
35.1668,126.91668,1,북구,전남광주통합특별시 북구 우산동 518-5,한전주
35.16681,126.86178,1,서구,전남광주통합특별시 서구 쌍촌동 1111-5,전용주
35.16681,126.88243,2,서구,전남광주통합특별시 서구 광천동 596-1,한전주
35.16681,126.92173,1,북구,전남광주통합특별시 북구 풍향동 527-2,한전주
35.16681,126.92379,1,북구,전남광주통합특별시 북구 풍향동 549-3,한전주
35.16682,126.83633,1,서구,전남광주통합특별시 서구 덕흥동 514-1,한전주
35.16682,126.87277,1,서구,전남광주통합특별시 서구 광천동 747-6,전용주
35.16682,126.87942,6,서구,전남광주통합특별시 서구 광천동 650-290,한전주
35.16683,126.85257,1,서구,전남광주통합특별시 서구 유촌동 557,전용주
35.16683,126.86376,1,서구,전남광주통합특별시 서구 쌍촌동 1095-2,한전주
35.16683,126.87131,1,서구,전남광주통합특별시 서구 쌍촌동 914-17,한전주
35.16683,126.90403,1,북구,전남광주통합특별시 북구 신안동 125-4,한전주
35.16683,126.92035,1,북구,전남광주통합특별시 북구 풍향동 564-4,전용주
35.16684,126.92101,1,북구,전남광주통합특별시 북구 풍향동 503-3,한전주
35.16685,126.83837,1,서구,전남광주통합특별시 서구 덕흥동 58-1,한전주
35.16685,126.86201,1,서구,전남광주통합특별시 서구 쌍촌동 1099,한전주
35.16685,126.86376,1,서구,전남광주통합특별시 서구 쌍촌동 1095-2,전용주
35.16685,126.89058,1,북구,전남광주통합특별시 북구 임동 104-59,한전주
35.16685,126.91584,1,북구,전남광주통합특별시 북구 우산동 518-148,한전주
35.16685,126.92036,1,북구,전남광주통합특별시 북구 풍향동 564-4,건축물
35.16685,126.92448,1,북구,전남광주통합특별시 북구 풍향동 430-1,한전주
35.16686,126.85144,1,서구,전남광주통합특별시 서구 유촌동 544,한전주
35.16686,126.85428,1,서구,전남광주통합특별시 서구 유촌동 824-16,한전주
35.16686,126.88205,1,서구,전남광주통합특별시 서구 광천동 596-8,한전주
35.16686,126.89406,1,북구,전남광주통합특별시 북구 임동 140-25,한전주
35.16686,126.91902,1,북구,전남광주통합특별시 북구 우산동 554-32,한전주
35.16686,126.93909,1,북구,전남광주통합특별시 북구 두암동 산98-15,전용주
35.16687,126.8525,1,서구,전남광주통합특별시 서구 유촌동 557,한전주
35.16687,126.86213,1,서구,전남광주통합특별시 서구 쌍촌동 1132-7,한전주
35.16687,126.87476,1,서구,전남광주통합특별시 서구 광천동 710-60,한전주
35.16687,126.87836,1,서구,전남광주통합특별시 서구 광천동 650-351,건축물
35.16687,126.90092,1,북구,전남광주통합특별시 북구 신안동 502-17,한전주
35.16687,126.90439,3,북구,전남광주통합특별시 북구 신안동 125-1,전용주
35.16687,126.92143,1,북구,전남광주통합특별시 북구 풍향동 529-2,한전주
35.16687,126.92772,1,북구,전남광주통합특별시 북구 풍향동 415-1,한전주
35.16688,126.85138,7,서구,전남광주통합특별시 서구 유촌동 824-7,한전주
35.16688,126.92413,1,북구,전남광주통합특별시 북구 풍향동 549-9,한전주
35.16688,126.93195,1,북구,전남광주통합특별시 북구 두암동 907-1,한전주
35.16689,126.8593,1,서구,전남광주통합특별시 서구 유촌동 6-3,전용주
35.16689,126.87545,1,서구,전남광주통합특별시 서구 광천동 710-51,한전주
35.16689,126.87624,1,서구,전남광주통합특별시 서구 광천동 651-59,한전주
35.16689,126.91668,4,북구,전남광주통합특별시 북구 우산동 518-5,한전주
35.16689,126.92639,1,북구,전남광주통합특별시 북구 풍향동 425-35,한전주
35.16689,126.92682,1,북구,전남광주통합특별시 북구 풍향동 417-7,한전주
35.1669,126.85421,6,서구,전남광주통합특별시 서구 유촌동 824-16,한전주
35.1669,126.86092,1,서구,전남광주통합특별시 서구 쌍촌동 1136,전용주
35.1669,126.89348,1,북구,전남광주통합특별시 북구 임동 147-35,한전주
35.1669,126.92308,1,북구,전남광주통합특별시 북구 풍향동 543-2,한전주
35.16691,126.89094,1,북구,전남광주통합특별시 북구 임동 104-1,한전주
35.16691,126.89461,1,북구,전남광주통합특별시 북구 임동 140,한전주
35.16691,126.89692,1,북구,전남광주통합특별시 북구 신안동 252-6,한전주
35.16691,126.89718,1,북구,전남광주통합특별시 북구 신안동 252-16,전용주
35.16692,126.83806,1,서구,전남광주통합특별시 서구 덕흥동 472,전용주
35.16692,126.8516,1,서구,전남광주통합특별시 서구 유촌동 548,건축물
35.16692,126.85161,1,서구,전남광주통합특별시 서구 유촌동 548,한전주
35.16692,126.87657,1,서구,전남광주통합특별시 서구 광천동 651-13,건축물
35.16692,126.88447,1,서구,전남광주통합특별시 서구 광천동 607-46,전용주
35.16692,126.9008,1,북구,전남광주통합특별시 북구 신안동 502-1,한전주
35.16692,126.91277,1,북구,전남광주통합특별시 북구 중흥동 374-5,한전주
35.16693,126.86,1,서구,전남광주통합특별시 서구 유촌동 9-9,한전주
35.16694,126.83806,1,서구,전남광주통합특별시 서구 덕흥동 471,한전주
35.16694,126.85026,2,서구,전남광주통합특별시 서구 유촌동 598-15,한전주
35.16694,126.86144,1,서구,전남광주통합특별시 서구 쌍촌동 1124-2,전용주
35.16694,126.8764,1,서구,전남광주통합특별시 서구 광천동 651-12,건축물
35.16694,126.8811,1,서구,전남광주통합특별시 서구 광천동 566-15,한전주
35.16694,126.92719,1,북구,전남광주통합특별시 북구 풍향동 416-1,한전주
35.16694,126.92745,1,북구,전남광주통합특별시 북구 풍향동 416-4 건너편,한전주
35.16695,126.83567,1,서구,전남광주통합특별시 서구 덕흥동 927,한전주
35.16696,126.86132,1,서구,전남광주통합특별시 서구 쌍촌동 1114-1,전용주
35.16696,126.87296,1,서구,전남광주통합특별시 서구 광천동 747-10,한전주
35.16696,126.87764,1,서구,전남광주통합특별시 서구 광천동 650-452,전용주
35.16696,126.89482,1,북구,전남광주통합특별시 북구 임동 139-2,전용주
35.16696,126.90408,2,북구,전남광주통합특별시 북구 신안동 125-2,한전주
35.16696,126.91791,1,북구,전남광주통합특별시 북구 우산동 556-24,건축물
35.16697,126.85515,1,서구,전남광주통합특별시 서구 유촌동 820-59,전용주
35.16697,126.85516,1,서구,전남광주통합특별시 서구 유촌동 820-59,한전주
35.16697,126.90408,1,북구,전남광주통합특별시 북구 신안동 125-2,한전주
35.16697,126.92066,1,북구,전남광주통합특별시 북구 풍향동 504-3,한전주
35.16698,126.87797,1,서구,전남광주통합특별시 서구 광천동 650-455,한전주
35.16698,126.91365,1,북구,전남광주통합특별시 북구 중흥동 599-21,한전주
35.16699,126.87817,1,서구,전남광주통합특별시 서구 광천동 650-453,한전주
35.16699,126.89066,1,북구,전남광주통합특별시 북구 임동 104-14,한전주
35.16699,126.90203,1,북구,전남광주통합특별시 북구 신안동 495-8,한전주
35.16699,126.91355,1,북구,전남광주통합특별시 북구 중흥동 599-20,한전주
35.167,126.836,1,서구,전남광주통합특별시 서구 덕흥동 937-3,전용주
35.167,126.88065,1,서구,전남광주통합특별시 서구 광천동 582-17,한전주
35.167,126.89215,1,북구,전남광주통합특별시 북구 임동 150-2,전용주
35.167,126.90044,1,북구,전남광주통합특별시 북구 신안동 501-7,한전주
35.167,126.91842,2,북구,전남광주통합특별시 북구 우산동 556-1,한전주
35.167,126.9247,1,북구,전남광주통합특별시 북구 풍향동 433-7,한전주
35.167,126.92618,1,북구,전남광주통합특별시 북구 풍향동 435-24,한전주
35.167,126.9344,1,북구,전남광주통합특별시 북구 두암동 948-7,한전주
35.16701,126.87855,1,서구,전남광주통합특별시 서구 광천동 650-329,한전주
35.16701,126.88171,1,서구,전남광주통합특별시 서구 광천동 594-10,건축물
35.16701,126.89408,1,북구,전남광주통합특별시 북구 임동 141-15,한전주
35.16701,126.89512,1,북구,전남광주통합특별시 북구 신안동 790-6,전용주
35.16701,126.89514,1,북구,전남광주통합특별시 북구 신안동 790-6,전용주
35.16701,126.91516,1,북구,전남광주통합특별시 북구 중흥동 802-96,한전주
35.16702,126.88065,1,서구,전남광주통합특별시 서구 광천동 582-17,한전주
35.16702,126.92244,1,북구,전남광주통합특별시 북구 풍향동 535-31,한전주
35.16703,126.87356,1,서구,전남광주통합특별시 서구 광천동 746-102,한전주
35.16703,126.87386,1,서구,전남광주통합특별시 서구 광천동 788-36,한전주
35.16703,126.89365,1,북구,전남광주통합특별시 북구 임동 142-15,한전주
35.16703,126.89648,1,북구,전남광주통합특별시 북구 신안동 252-5,한전주
35.16703,126.91242,1,북구,전남광주통합특별시 북구 중흥동 374-20,건축물
35.16703,126.92085,1,북구,전남광주통합특별시 북구 풍향동 506-3,한전주
35.16704,126.88242,1,서구,전남광주통합특별시 서구 광천동 595-6,한전주
35.16704,126.88243,1,서구,전남광주통합특별시 서구 광천동 595-6,한전주
35.16704,126.91486,1,북구,전남광주통합특별시 북구 중흥동 802-98,한전주
35.16704,126.91768,1,북구,전남광주통합특별시 북구 우산동 533-10,한전주
35.16704,126.92559,1,북구,전남광주통합특별시 북구 풍향동 435-34,한전주
35.16704,126.92986,1,북구,전남광주통합특별시 북구 두암동 330-3,한전주
35.16705,126.83623,1,서구,전남광주통합특별시 서구 덕흥동 516,전용주
35.16705,126.91273,1,북구,전남광주통합특별시 북구 중흥동 374-48,건축물
35.16705,126.92582,1,북구,전남광주통합특별시 북구 풍향동 435-16,한전주
35.16706,126.85959,1,서구,전남광주통합특별시 서구 유촌동 8-2,한전주
35.16706,126.86559,1,서구,전남광주통합특별시 서구 쌍촌동 1086,한전주
35.16706,126.87293,1,서구,전남광주통합특별시 서구 광천동 746-115,한전주
35.16706,126.89312,1,북구,전남광주통합특별시 북구 임동 147-21,한전주
35.16706,126.92497,1,북구,전남광주통합특별시 북구 풍향동 433-2,한전주
35.16706,126.9311,1,북구,전남광주통합특별시 북구 두암동 898-17,한전주
35.16707,126.92149,1,북구,전남광주통합특별시 북구 풍향동 513 무등수산건너,한전주
35.16708,126.86623,1,서구,전남광주통합특별시 서구 쌍촌동 1068,한전주
35.16708,126.92195,1,북구,전남광주통합특별시 북구 풍향동 524,한전주
35.16708,126.93333,1,북구,전남광주통합특별시 북구 두암동 905-39,한전주
35.16709,126.89916,1,북구,전남광주통합특별시 북구 신안동 501-14,한전주
35.16709,126.9254,1,북구,전남광주통합특별시 북구 풍향동 434-3,한전주
35.1671,126.82971,1,서구,전남광주통합특별시 서구 덕흥동 1043-2,한전주
35.1671,126.83474,1,서구,전남광주통합특별시 서구 덕흥동 803-8,한전주
35.1671,126.85507,1,서구,전남광주통합특별시 서구 유촌동 820-77,한전주
35.1671,126.91154,1,북구,전남광주통합특별시 북구 중흥동 373-12,한전주
35.1671,126.91213,1,북구,전남광주통합특별시 북구 중흥동 374-39,한전주
35.1671,126.9222,1,북구,전남광주통합특별시 북구 풍향동 536-2,한전주
35.1671,126.92975,1,북구,전남광주통합특별시 북구 두암동 330-2,한전주
35.1671,126.93361,1,북구,전남광주통합특별시 북구 두암동 352-15,한전주
35.16711,126.87604,1,서구,전남광주통합특별시 서구 광천동 651-35,한전주
35.16711,126.87873,1,서구,전남광주통합특별시 서구 광천동 650-431,한전주
35.16711,126.92559,1,북구,전남광주통합특별시 북구 풍향동 435-21,한전주
35.16712,126.837,2,서구,전남광주통합특별시 서구 덕흥동 1199-35,전용주
35.16712,126.85069,1,서구,전남광주통합특별시 서구 유촌동 612,한전주
35.16712,126.85551,1,서구,전남광주통합특별시 서구 유촌동 35-2,전용주
35.16712,126.88149,1,서구,전남광주통합특별시 서구 광천동 566-20,한전주
35.16712,126.91546,1,북구,전남광주통합특별시 북구 중흥동 802-16,한전주
35.16712,126.92295,1,북구,전남광주통합특별시 북구 풍향동 535-28,한전주
35.16712,126.92619,1,북구,전남광주통합특별시 북구 풍향동 435-23,한전주
35.16713,126.86167,1,서구,전남광주통합특별시 서구 쌍촌동 1135,전용주
35.16713,126.86228,1,서구,전남광주통합특별시 서구 쌍촌동 1132,전용주
35.16713,126.87557,1,서구,전남광주통합특별시 서구 광천동 711-6,한전주
35.16713,126.87566,1,서구,전남광주통합특별시 서구 광천동 711-4,건축물
35.16713,126.89604,1,북구,전남광주통합특별시 북구 신안동 251-8,한전주
35.16713,126.92589,1,북구,전남광주통합특별시 북구 풍향동 435-31,건축물
35.16713,126.9259,1,북구,전남광주통합특별시 북구 풍향동 435-31,한전주
35.16713,126.93489,1,북구,전남광주통합특별시 북구 두암동 948-4,한전주
35.16714,126.91442,1,북구,전남광주통합특별시 북구 중흥동 802-118,건축물
35.16714,126.93071,1,북구,전남광주통합특별시 북구 두암동 898-3,한전주
35.16715,126.8624,2,서구,전남광주통합특별시 서구 쌍촌동 1140-9,한전주
35.16715,126.86242,1,서구,전남광주통합특별시 서구 쌍촌동 1140-9,한전주
35.16715,126.87714,1,서구,전남광주통합특별시 서구 광천동 650-181,전용주
35.16715,126.89456,1,북구,전남광주통합특별시 북구 임동 140-10,한전주
35.16715,126.91732,1,북구,전남광주통합특별시 북구 우산동 528-4,한전주
35.16716,126.89338,1,북구,전남광주통합특별시 북구 임동 147-2,한전주
35.16716,126.89456,1,북구,전남광주통합특별시 북구 임동 140-10,한전주
35.16716,126.91177,1,북구,전남광주통합특별시 북구 중흥동 374-14,한전주
35.16716,126.91414,1,북구,전남광주통합특별시 북구 중흥동 599-9,한전주
35.16716,126.93423,2,북구,전남광주통합특별시 북구 두암동 812-19,한전주
35.16717,126.83678,1,서구,전남광주통합특별시 서구 덕흥동 492,한전주
35.16717,126.86548,1,서구,전남광주통합특별시 서구 쌍촌동 1035,한전주
35.16717,126.89332,1,북구,전남광주통합특별시 북구 임동 147-16,한전주
35.16718,126.8786,1,서구,전남광주통합특별시 서구 광천동 668-7,건축물
35.16718,126.88209,1,서구,전남광주통합특별시 서구 광천동 565-3,
35.16718,126.89103,1,북구,전남광주통합특별시 북구 임동 100-45,한전주
35.16719,126.86426,1,서구,전남광주통합특별시 서구 쌍촌동 1014-1,한전주
35.16719,126.91269,1,북구,전남광주통합특별시 북구 중흥동 374-44,한전주
35.1672,126.87509,1,서구,전남광주통합특별시 서구 광천동 711-14,전용주
35.1672,126.92209,1,북구,전남광주통합특별시 북구 풍향동 537,건축물
35.1672,126.92288,1,북구,전남광주통합특별시 북구 풍향동 535-47,한전주
35.1672,126.93049,1,북구,전남광주통합특별시 북구 두암동 898-1,한전주
35.1672,126.93423,1,북구,전남광주통합특별시 북구 두암동 812-19,한전주
35.1672,126.93534,3,북구,전남광주통합특별시 북구 두암동 947-1,한전주
35.16721,126.88149,1,서구,전남광주통합특별시 서구 광천동 566-44,
35.16721,126.93289,1,북구,전남광주통합특별시 북구 두암동 905-15,한전주
35.16722,126.85368,1,서구,전남광주통합특별시 서구 유촌동 595-10,한전주
35.16722,126.87445,1,서구,전남광주통합특별시 서구 광천동 712-9,한전주
35.16722,126.8818,1,서구,전남광주통합특별시 서구 광천동 566-41,전용주
35.16722,126.89332,1,북구,전남광주통합특별시 북구 임동 147-49,한전주
35.16722,126.90105,1,북구,전남광주통합특별시 북구 신안동 495-13,한전주
35.16722,126.92954,1,북구,전남광주통합특별시 북구 두암동 334-6,한전주
35.16722,126.93222,2,북구,전남광주통합특별시 북구 두암동 906-5,전용주
35.16722,126.93566,3,북구,전남광주통합특별시 북구 두암동 966,한전주
35.16722,126.93569,1,북구,전남광주통합특별시 북구 두암동 966,한전주
35.16723,126.89321,3,북구,전남광주통합특별시 북구 임동 144-14,한전주
35.16723,126.9022,1,북구,전남광주통합특별시 북구 신안동 494-21 대성자동차검사장,한전주
35.16723,126.91137,1,북구,전남광주통합특별시 북구 중흥동 373-10,한전주
35.16723,126.915,1,북구,전남광주통합특별시 북구 중흥동 802-63,건축물
35.16723,126.91588,1,북구,전남광주통합특별시 북구 중흥동 802-42,한전주
35.16724,126.83573,1,서구,전남광주통합특별시 서구 덕흥동 936,한전주
35.16724,126.85431,1,서구,전남광주통합특별시 서구 유촌동 47-6,한전주
35.16724,126.89634,1,북구,전남광주통합특별시 북구 신안동 252-1,한전주
35.16724,126.91733,1,북구,전남광주통합특별시 북구 우산동 528-3,한전주
35.16724,126.9201,1,북구,전남광주통합특별시 북구 풍향동 498-2,한전주
35.16724,126.92136,1,북구,전남광주통합특별시 북구 풍향동 513,한전주
35.16724,126.92221,1,북구,전남광주통합특별시 북구 풍향동 539-4,한전주
35.16724,126.93334,1,북구,전남광주통합특별시 북구 두암동 905-36,한전주
35.16725,126.9182,1,북구,전남광주통합특별시 북구 우산동 508-7,한전주
35.16725,126.92068,1,북구,전남광주통합특별시 북구 풍향동 504-7,한전주
35.16725,126.92311,1,북구,전남광주통합특별시 북구 풍향동 543-6,한전주
35.16726,126.83523,1,서구,전남광주통합특별시 서구 덕흥동 946-16,한전주
35.16726,126.87608,1,서구,전남광주통합특별시 서구 광천동 651-27,한전주
35.16726,126.89268,1,북구,전남광주통합특별시 북구 임동 149,한전주
35.16726,126.89374,1,북구,전남광주통합특별시 북구 임동 142-4,한전주
35.16727,126.86236,1,서구,전남광주통합특별시 서구 쌍촌동 1130-2,한전주
35.16727,126.87405,1,서구,전남광주통합특별시 서구 광천동 712-24,한전주
35.16727,126.91238,1,북구,전남광주통합특별시 북구 중흥동 374-3,한전주
35.16727,126.92761,2,북구,전남광주통합특별시 북구 두암동 800,한전주
35.16728,126.85409,1,서구,전남광주통합특별시 서구 유촌동 610-1,한전주
35.16728,126.89236,1,북구,전남광주통합특별시 북구 임동 150-15,한전주
35.16728,126.92176,1,북구,전남광주통합특별시 북구 풍향동 521-1,한전주
35.16728,126.93338,1,북구,전남광주통합특별시 북구 두암동 905-36,한전주
35.16728,126.96225,1,북구,전남광주통합특별시 북구 청풍동 산75-3,한전주
35.16729,126.87426,1,서구,전남광주통합특별시 서구 광천동 712-19,한전주
35.16729,126.87533,1,서구,전남광주통합특별시 서구 광천동 711-9,건축물
35.16729,126.8954,1,북구,전남광주통합특별시 북구 신안동 251-11,한전주
35.1673,126.87361,1,서구,전남광주통합특별시 서구 광천동 746-68,한전주
35.1673,126.91144,1,북구,전남광주통합특별시 북구 중흥동 373-8,건축물
35.1673,126.92252,1,북구,전남광주통합특별시 북구 풍향동 539-8,한전주
35.1673,126.93966,1,북구,전남광주통합특별시 북구 두암동 98-1,한전주
35.16731,126.8816,1,서구,전남광주통합특별시 서구 광천동 566-3,한전주
35.16731,126.90156,1,북구,전남광주통합특별시 북구 신안동 495-2 광산제경사,한전주
35.16731,126.93032,1,북구,전남광주통합특별시 북구 두암동 897-7,한전주
35.16732,126.87294,3,서구,전남광주통합특별시 서구 광천동 746-72,한전주
35.16732,126.87473,2,서구,전남광주통합특별시 서구 광천동 711-16,한전주
35.16732,126.87573,1,서구,전남광주통합특별시 서구 광천동 652-8,한전주
35.16732,126.87682,1,서구,전남광주통합특별시 서구 광천동 662-8,한전주
35.16732,126.89317,1,북구,전남광주통합특별시 북구 임동 144-6,한전주
35.16732,126.8981,1,북구,전남광주통합특별시 북구 신안동 500-2,전용주
35.16732,126.90197,1,북구,전남광주통합특별시 북구 신안동 494-21,한전주
35.16732,126.9118,1,북구,전남광주통합특별시 북구 중흥동 374-53,전용주
35.16732,126.91346,1,북구,전남광주통합특별시 북구 중흥동 804-15,한전주
35.16732,126.92165,1,북구,전남광주통합특별시 북구 풍향동 520,한전주
35.16732,126.92272,1,북구,전남광주통합특별시 북구 풍향동 539-13,건축물
35.16733,126.83532,1,서구,전남광주통합특별시 서구 덕흥동 1199-40,한전주
35.16733,126.8811,1,서구,전남광주통합특별시 서구 광천동 585-15,한전주
35.16733,126.8819,1,서구,전남광주통합특별시 서구 광천동 566-46,한전주
35.16733,126.89182,1,북구,전남광주통합특별시 북구 임동 152-4,한전주
35.16733,126.91449,1,북구,전남광주통합특별시 북구 중흥동 802-90,건축물
35.16734,126.93052,1,북구,전남광주통합특별시 북구 두암동 899-27,한전주
35.16735,126.91551,1,북구,전남광주통합특별시 북구 중흥동 802-51,한전주
35.16735,126.92113,1,북구,전남광주통합특별시 북구 풍향동 512-3,한전주
35.16736,126.86412,1,서구,전남광주통합특별시 서구 쌍촌동 1012,한전주
35.16736,126.89723,3,북구,전남광주통합특별시 북구 신안동 268,한전주
35.16736,126.89945,1,북구,전남광주통합특별시 북구 신안동 501-2,한전주
35.16736,126.9107,1,북구,전남광주통합특별시 북구 중흥동 373-33,전용주
35.16736,126.91107,1,북구,전남광주통합특별시 북구 중흥동 373-42,한전주
35.16737,126.83688,1,서구,전남광주통합특별시 서구 덕흥동 497-5,한전주
35.16737,126.89244,1,북구,전남광주통합특별시 북구 임동 150-5,한전주
35.16737,126.90128,1,북구,전남광주통합특별시 북구 신안동 495-2 광산제경사,한전주
35.16737,126.90251,1,북구,전남광주통합특별시 북구 신안동 129-1,전용주
35.16737,126.92088,1,북구,전남광주통합특별시 북구 풍향동 509-2,한전주
35.16737,126.92948,1,북구,전남광주통합특별시 북구 두암동 334-2,한전주
35.16738,126.90219,1,북구,전남광주통합특별시 북구 신안동 494-5,한전주
35.16738,126.91212,2,북구,전남광주통합특별시 북구 중흥동 374-2,한전주
35.16738,126.91387,1,북구,전남광주통합특별시 북구 중흥동 802-105,한전주
35.16739,126.87734,2,서구,전남광주통합특별시 서구 광천동 658-2,한전주
35.16739,126.92165,1,북구,전남광주통합특별시 북구 풍향동 520,건축물
35.1674,126.87638,1,서구,전남광주통합특별시 서구 광천동 662-21,건축물
35.1674,126.87788,1,서구,전남광주통합특별시 서구 광천동 650-196,건축물
35.1674,126.87815,1,서구,전남광주통합특별시 서구 광천동 650-178,한전주
35.1674,126.93778,1,북구,전남광주통합특별시 북구 두암동 969-1,한전주
35.16741,126.87341,1,서구,전남광주통합특별시 서구 광천동 746-60,한전주
35.16741,126.87709,1,서구,전남광주통합특별시 서구 광천동 661-5,전용주
35.16741,126.87845,1,서구,전남광주통합특별시 서구 광천동 650-405,한전주
35.16741,126.89462,1,북구,전남광주통합특별시 북구 신안동 250-52,한전주
35.16742,126.83618,1,서구,전남광주통합특별시 서구 덕흥동 939-6,전용주
35.16742,126.89479,1,북구,전남광주통합특별시 북구 신안동 250-39,한전주
35.16743,126.8542,1,서구,전남광주통합특별시 서구 유촌동 824-8,한전주
35.16743,126.88006,1,서구,전남광주통합특별시 서구 광천동 582-9,한전주
35.16744,126.89322,1,북구,전남광주통합특별시 북구 임동 144-5,전용주
35.16744,126.91185,1,북구,전남광주통합특별시 북구 중흥동 374-1,전용주
35.16744,126.91525,1,북구,전남광주통합특별시 북구 중흥동 802-142,한전주
35.16744,126.93683,1,북구,전남광주통합특별시 북구 두암동 174-6,한전주
35.16745,126.87782,1,서구,전남광주통합특별시 서구 광천동 674-11,건축물
35.16745,126.89269,1,북구,전남광주통합특별시 북구 임동 147-24,한전주
35.16745,126.913,1,북구,전남광주통합특별시 북구 중흥동 375-23,한전주
35.16746,126.89541,1,북구,전남광주통합특별시 북구 신안동 251-39,전용주
35.16746,126.9231,1,북구,전남광주통합특별시 북구 풍향동 543-1,한전주
35.16747,126.92127,1,북구,전남광주통합특별시 북구 풍향동 512-1,한전주
35.16747,126.92184,1,북구,전남광주통합특별시 북구 풍향동 491-3,한전주
35.16748,126.83612,1,서구,전남광주통합특별시 서구 덕흥동 939-6,전용주
35.16748,126.89379,1,북구,전남광주통합특별시 북구 임동 143-2,한전주
35.16748,126.93182,1,북구,전남광주통합특별시 북구 두암동 900-8,한전주
35.16749,126.89838,1,북구,전남광주통합특별시 북구 신안동 500-4,한전주
35.16749,126.90083,1,북구,전남광주통합특별시 북구 신안동 493-6 한남유리,한전주
35.16749,126.92237,1,북구,전남광주통합특별시 북구 풍향동 539-23,한전주
35.1675,126.87691,1,서구,전남광주통합특별시 서구 광천동 661-3,건축물
35.1675,126.88054,1,서구,전남광주통합특별시 서구 광천동 585-1,한전주
35.1675,126.89327,1,북구,전남광주통합특별시 북구 임동 144-4,한전주
35.1675,126.90142,2,북구,전남광주통합특별시 북구 신안동 494-4,한전주
35.16751,126.87553,1,서구,전남광주통합특별시 서구 광천동 653-12,한전주
35.16751,126.91258,1,북구,전남광주통합특별시 북구 중흥동 375-16,건축물
35.16751,126.93961,1,북구,전남광주통합특별시 북구 두암동 98-1,한전주
35.16752,126.89864,1,북구,전남광주통합특별시 북구 신안동 500-14,한전주
35.16752,126.90164,1,북구,전남광주통합특별시 북구 신안동 494-12,한전주
35.16753,126.83488,1,서구,전남광주통합특별시 서구 덕흥동 803-4,한전주
35.16753,126.87866,1,서구,전남광주통합특별시 서구 광천동 672-5,한전주
35.16753,126.91365,4,북구,전남광주통합특별시 북구 중흥동 808-1,한전주
35.16753,126.91496,1,북구,전남광주통합특별시 북구 중흥동 802-143,한전주
35.16753,126.93888,1,북구,전남광주통합특별시 북구 두암동 185-6,한전주
35.16754,126.8762,1,서구,전남광주통합특별시 서구 광천동 662-19,건축물
35.16754,126.91387,1,북구,전남광주통합특별시 북구 중흥동 802-75,건축물
35.16755,126.91134,1,북구,전남광주통합특별시 북구 중흥동 373-22,한전주
35.16755,126.91338,1,북구,전남광주통합특별시 북구 중흥동 804-1,한전주
35.16755,126.932,1,북구,전남광주통합특별시 북구 두암동 906-23,한전주
35.16756,126.87441,1,서구,전남광주통합특별시 서구 광천동 712-13,한전주
35.16756,126.90039,1,북구,전남광주통합특별시 북구 신안동 496-5,한전주
35.16757,126.89205,1,북구,전남광주통합특별시 북구 임동 152-7,한전주
35.16758,126.91438,1,북구,전남광주통합특별시 북구 중흥동 802-81,한전주
35.16759,126.88443,1,서구,전남광주통합특별시 서구 광천동 558,전용주
35.16759,126.88445,2,서구,전남광주통합특별시 서구 광천동 558,전용주
35.16759,126.89356,1,북구,전남광주통합특별시 북구 임동 144-15,전용주
35.16759,126.89502,1,북구,전남광주통합특별시 북구 신안동 251-23,한전주
35.16759,126.90009,1,북구,전남광주통합특별시 북구 신안동 496-14,한전주
35.16759,126.91107,1,북구,전남광주통합특별시 북구 중흥동 373-26,한전주
35.1676,126.86213,1,서구,전남광주통합특별시 서구 쌍촌동 1140-13,한전주
35.1676,126.87642,1,서구,전남광주통합특별시 서구 광천동 662-24,한전주
35.1676,126.92044,1,북구,전남광주통합특별시 북구 풍향동 501-9,전용주
35.16761,126.89418,1,북구,전남광주통합특별시 북구 신안동 250-22,한전주
35.16762,126.89158,1,북구,전남광주통합특별시 북구 임동 153-9,한전주
35.16762,126.91331,1,북구,전남광주통합특별시 북구 중흥동 804-8,한전주
35.16762,126.91332,1,북구,전남광주통합특별시 북구 중흥동 804-8,한전주
35.16763,126.91191,1,북구,전남광주통합특별시 북구 중흥동 372-50,한전주
35.16763,126.93042,1,북구,전남광주통합특별시 북구 두암동 897-23,한전주
35.16763,126.93043,1,북구,전남광주통합특별시 북구 두암동 897-23,한전주
35.16763,126.93316,1,북구,전남광주통합특별시 북구 두암동 905-2,한전주
35.16764,126.88055,1,서구,전남광주통합특별시 서구 광천동 581-2,한전주
35.16764,126.89277,1,북구,전남광주통합특별시 북구 임동 146-15,건축물
35.16764,126.89333,1,북구,전남광주통합특별시 북구 임동 144-3,한전주
35.16765,126.83682,2,서구,전남광주통합특별시 서구 덕흥동 497,전용주
35.16765,126.87833,1,서구,전남광주통합특별시 서구 광천동 650-226,건축물
35.16765,126.87848,1,서구,전남광주통합특별시 서구 광천동 672-9,건축물
35.16765,126.89213,1,북구,전남광주통합특별시 북구 임동 152-1,전용주
35.16765,126.91534,1,북구,전남광주통합특별시 북구 중흥동 802-149,한전주
35.16765,126.93427,1,북구,전남광주통합특별시 북구 두암동 965,건축물
35.16765,126.9343,3,북구,전남광주통합특별시 북구 두암동 965,전용주
35.16766,126.8929,1,북구,전남광주통합특별시 북구 임동 146-10,전용주
35.16766,126.89924,1,북구,전남광주통합특별시 북구 신안동 496-12,한전주
35.16766,126.92118,1,북구,전남광주통합특별시 북구 풍향동 511-1,전용주
35.16767,126.8767,1,서구,전남광주통합특별시 서구 광천동 662-26,한전주
35.16767,126.88524,1,북구,전남광주통합특별시 북구 임동 627,한전주
35.16767,126.92088,1,북구,전남광주통합특별시 북구 풍향동 504-11,한전주
35.1677,126.87757,1,서구,전남광주통합특별시 서구 광천동 674-22,전용주
35.1677,126.87779,1,서구,전남광주통합특별시 서구 광천동 674-5,전용주
35.1677,126.90422,1,북구,전남광주통합특별시 북구 신안동 239-29,한전주
35.1677,126.913,1,북구,전남광주통합특별시 북구 중흥동 375-8,한전주
35.1677,126.92118,1,북구,전남광주통합특별시 북구 풍향동 511-1,한전주
35.1677,126.93751,1,북구,전남광주통합특별시 북구 두암동 969-10,한전주
35.16771,126.87814,1,서구,전남광주통합특별시 서구 광천동 673-12,전용주
35.16771,126.8797,1,서구,전남광주통합특별시 서구 광천동 582-20,전용주
35.16771,126.89292,1,북구,전남광주통합특별시 북구 임동 146-40,전용주
35.16771,126.8946,1,북구,전남광주통합특별시 북구 신안동 250-50,한전주
35.16771,126.92095,1,북구,전남광주통합특별시 북구 풍향동 511-4,한전주
35.16772,126.87386,2,서구,전남광주통합특별시 서구 광천동 746-83,한전주
35.16772,126.88109,1,서구,전남광주통합특별시 서구 광천동 578-20,한전주
35.16772,126.88151,1,서구,전남광주통합특별시 서구 광천동 580-1,한전주
35.16772,126.90927,1,북구,전남광주통합특별시 북구 중흥동 348-33,한전주
35.16772,126.91441,1,북구,전남광주통합특별시 북구 중흥동 802-128,한전주
35.16772,126.93282,1,북구,전남광주통합특별시 북구 두암동 904-46,한전주
35.16773,126.87614,1,서구,전남광주통합특별시 서구 광천동 656-40,한전주
35.16773,126.87922,1,서구,전남광주통합특별시 서구 광천동 786-61,한전주
35.16773,126.87938,1,서구,전남광주통합특별시 서구 광천동 670-3,한전주
35.16773,126.89338,1,북구,전남광주통합특별시 북구 임동 144-2,건축물
35.16773,126.89794,1,북구,전남광주통합특별시 북구 신안동 499-15,한전주
35.16774,126.89177,1,북구,전남광주통합특별시 북구 임동 154-5,한전주
35.16774,126.90469,1,북구,전남광주통합특별시 북구 신안동 239-37,한전주
35.16774,126.93065,1,북구,전남광주통합특별시 북구 두암동 900-26,한전주
35.16775,126.83526,1,서구,전남광주통합특별시 서구 덕흥동 946-2,한전주
35.16775,126.87523,1,서구,전남광주통합특별시 서구 광천동 653-44,한전주
35.16775,126.87952,3,서구,전남광주통합특별시 서구 광천동 786-42,전용주
35.16775,126.89772,1,북구,전남광주통합특별시 북구 신안동 499-13,한전주
35.16776,126.87582,1,서구,전남광주통합특별시 서구 광천동 653-22,한전주
35.16776,126.89952,1,북구,전남광주통합특별시 북구 신안동 496-2,한전주
35.16776,126.9086,1,북구,전남광주통합특별시 북구 중흥동 348-6,건축물
35.16776,126.9122,1,북구,전남광주통합특별시 북구 중흥동 372-10,한전주
35.16777,126.89102,1,북구,전남광주통합특별시 북구 임동 229-1,전용주
35.16777,126.89398,1,북구,전남광주통합특별시 북구 신안동 250-23,건축물
35.16777,126.9126,1,북구,전남광주통합특별시 북구 중흥동 375-35,한전주
35.16777,126.9148,1,북구,전남광주통합특별시 북구 중흥동 802-32,전용주
35.16777,126.93405,1,북구,전남광주통합특별시 북구 두암동 356-11,한전주
35.16778,126.8548,1,서구,전남광주통합특별시 서구 유촌동 823-2,한전주
35.1678,126.93046,1,북구,전남광주통합특별시 북구 두암동 896-11,한전주
35.16781,126.89451,1,북구,전남광주통합특별시 북구 신안동 250-35,한전주
35.16781,126.90524,1,북구,전남광주통합특별시 북구 중흥동 324-22,한전주
35.16781,126.90539,1,북구,전남광주통합특별시 북구 중흥동 324-30,한전주
35.16782,126.83692,2,서구,전남광주통합특별시 서구 덕흥동 510-1,전용주
35.16782,126.83693,1,서구,전남광주통합특별시 서구 덕흥동 510-1,전용주
35.16782,126.88243,1,서구,전남광주통합특별시 서구 광천동 568-10,한전주
35.16782,126.88248,2,서구,전남광주통합특별시 서구 광천동 568-10,한전주
35.16782,126.90402,1,북구,전남광주통합특별시 북구 신안동 239-43,한전주
35.16782,126.90478,1,북구,전남광주통합특별시 북구 신안동 239-34,한전주
35.16782,126.91414,1,북구,전남광주통합특별시 북구 중흥동 802-136,한전주
35.16782,126.93378,1,북구,전남광주통합특별시 북구 두암동 812-19,한전주
35.16783,126.83442,1,서구,전남광주통합특별시 서구 덕흥동 803-3,한전주
35.16783,126.88116,1,서구,전남광주통합특별시 서구 광천동 578-30,건축물
35.16783,126.89253,1,북구,전남광주통합특별시 북구 임동 146-24,한전주
35.16783,126.89343,1,북구,전남광주통합특별시 북구 임동 145-1,한전주
35.16783,126.89794,3,북구,전남광주통합특별시 북구 신안동 505,한전주
35.16783,126.91167,1,북구,전남광주통합특별시 북구 중흥동 372-32,건축물
35.16783,126.91385,1,북구,전남광주통합특별시 북구 중흥동 802-133,한전주
35.16784,126.87631,1,서구,전남광주통합특별시 서구 광천동 656-42,전용주
35.16784,126.90558,1,북구,전남광주통합특별시 북구 중흥동 324-32,한전주
35.16785,126.83257,1,서구,전남광주통합특별시 서구 덕흥동 804-4,한전주
35.16785,126.83442,1,서구,전남광주통합특별시 서구 덕흥동 803-3,한전주
35.16785,126.85545,1,서구,전남광주통합특별시 서구 유촌동 825-22,전용주
35.16785,126.8767,1,서구,전남광주통합특별시 서구 광천동 660-2,한전주
35.16785,126.89905,1,북구,전남광주통합특별시 북구 신안동 497-4,한전주
35.16785,126.91287,1,북구,전남광주통합특별시 북구 중흥동 375-3,한전주
35.16786,126.83512,1,서구,전남광주통합특별시 서구 덕흥동 947-2,한전주
35.16786,126.83692,1,서구,전남광주통합특별시 서구 덕흥동 510-1,전용주
35.16786,126.87991,1,서구,전남광주통합특별시 서구 광천동 581-6,한전주
35.16787,126.87649,1,서구,전남광주통합특별시 서구 광천동 656-49,건축물
35.16787,126.8767,1,서구,전남광주통합특별시 서구 광천동 660-2,한전주
35.16787,126.89343,1,북구,전남광주통합특별시 북구 임동 145-1,한전주
35.16787,126.90447,1,북구,전남광주통합특별시 북구 신안동 239-31,한전주
35.16787,126.91273,1,북구,전남광주통합특별시 북구 중흥동 375-36,한전주
35.16788,126.87481,1,서구,전남광주통합특별시 서구 광천동 711-19,한전주
35.16788,126.89715,1,북구,전남광주통합특별시 북구 신안동 499-6,한전주
35.16788,126.90598,1,북구,전남광주통합특별시 북구 중흥동 324-8,한전주
35.16788,126.93336,1,북구,전남광주통합특별시 북구 두암동 904-15,한전주
35.16788,126.93374,1,북구,전남광주통합특별시 북구 두암동 812-19,한전주
35.16789,126.87939,1,서구,전남광주통합특별시 서구 광천동 680-4,건축물
35.16789,126.89191,1,북구,전남광주통합특별시 북구 임동 154-1,한전주
35.16789,126.89794,1,북구,전남광주통합특별시 북구 신안동 505,한전주
35.16789,126.90266,2,북구,전남광주통합특별시 북구 신안동 238-23,한전주
35.16789,126.93203,1,북구,전남광주통합특별시 북구 두암동 903-14,한전주
35.1679,126.83677,1,서구,전남광주통합특별시 서구 덕흥동 508-2,전용주
35.1679,126.88031,3,서구,전남광주통합특별시 서구 광천동 581-14,한전주
35.1679,126.89233,1,북구,전남광주통합특별시 북구 임동 146-31,한전주
35.16791,126.87875,1,서구,전남광주통합특별시 서구 광천동 673-17,한전주
35.16791,126.90899,1,북구,전남광주통합특별시 북구 중흥동 348-9,한전주
35.16791,126.91357,1,북구,전남광주통합특별시 북구 중흥동 803-2,한전주
35.16792,126.87439,1,서구,전남광주통합특별시 서구 광천동 746-73,한전주
35.16792,126.87986,1,서구,전남광주통합특별시 서구 광천동 681-18,한전주
35.16792,126.88187,3,서구,전남광주통합특별시 서구 광천동 571-1,한전주
35.16792,126.89276,1,북구,전남광주통합특별시 북구 임동 146-21,한전주
35.16792,126.90022,2,북구,전남광주통합특별시 북구 신안동 493-3,한전주
35.16793,126.85478,1,서구,전남광주통합특별시 서구 동천동 227,한전주
35.16793,126.87415,1,서구,전남광주통합특별시 서구 광천동 746-116,한전주
35.16793,126.87503,1,서구,전남광주통합특별시 서구 광천동 653-15,한전주
35.16793,126.88053,1,서구,전남광주통합특별시 서구 광천동 581-10,한전주
35.16793,126.93743,1,북구,전남광주통합특별시 북구 두암동 946-6,한전주
35.16794,126.87811,1,서구,전남광주통합특별시 서구 광천동 673-1,한전주
35.16794,126.90022,1,북구,전남광주통합특별시 북구 신안동 493-3,한전주
35.16794,126.9049,2,북구,전남광주통합특별시 북구 중흥동 378-14,전용주
35.16795,126.87811,3,서구,전남광주통합특별시 서구 광천동 673-1,한전주
35.16795,126.87905,1,서구,전남광주통합특별시 서구 광천동 678-2,건축물
35.16796,126.89296,1,북구,전남광주통합특별시 북구 임동 146-18,한전주
35.16796,126.89888,1,북구,전남광주통합특별시 북구 신안동 497-3,한전주
35.16796,126.91173,1,북구,전남광주통합특별시 북구 중흥동 372-36,한전주
35.16796,126.91236,1,북구,전남광주통합특별시 북구 중흥동 375-1 해성슈퍼앞,한전주
35.16796,126.92908,1,북구,전남광주통합특별시 북구 두암동 891-36,한전주
35.16797,126.83364,2,서구,전남광주통합특별시 서구 덕흥동 803-1,한전주
35.16797,126.90239,1,북구,전남광주통합특별시 북구 신안동 238-51,한전주
35.16797,126.90408,1,북구,전남광주통합특별시 북구 신안동 239-41,한전주
35.16797,126.90863,1,북구,전남광주통합특별시 북구 중흥동 348-50,한전주
35.16798,126.89704,1,북구,전남광주통합특별시 북구 신안동 499-4,전용주
35.16798,126.92049,1,북구,전남광주통합특별시 북구 풍향동 501,한전주
35.16799,126.91445,1,북구,전남광주통합특별시 북구 중흥동 802-84,전용주
35.168,126.83611,1,서구,전남광주통합특별시 서구 덕흥동 939-10,한전주
35.168,126.90948,1,북구,전남광주통합특별시 북구 중흥동 348-42,한전주
35.16801,126.8765,1,서구,전남광주통합특별시 서구 광천동 656-51,한전주
35.16801,126.90353,2,북구,전남광주통합특별시 북구 신안동 239-35,건축물
35.16801,126.90391,1,북구,전남광주통합특별시 북구 신안동 239-9,한전주
35.16801,126.91689,1,북구,전남광주통합특별시 북구 중흥동 580-1 프린스이용원,한전주
35.16803,126.88261,1,서구,전남광주통합특별시 서구 광천동 569-41,한전주
35.16803,126.89621,1,북구,전남광주통합특별시 북구 신안동 649-19,전용주
35.16803,126.93338,1,북구,전남광주통합특별시 북구 두암동 904-13,한전주
35.16804,126.85219,1,서구,전남광주통합특별시 서구 유촌동 595-13,한전주
35.16804,126.85264,1,서구,전남광주통합특별시 서구 유촌동 609,한전주
35.16804,126.89179,1,북구,전남광주통합특별시 북구 임동 156-7,한전주
35.16804,126.89644,1,북구,전남광주통합특별시 북구 신안동 650-17,한전주
35.16804,126.89649,1,북구,전남광주통합특별시 북구 신안동 650-17,한전주
35.16804,126.98941,1,북구,전남광주통합특별시 북구 금곡동 1035,한전주
35.16805,126.87601,1,서구,전남광주통합특별시 서구 광천동 656-3,한전주
35.16805,126.90208,1,북구,전남광주통합특별시 북구 신안동 238-56,전용주
35.16805,126.91192,1,북구,전남광주통합특별시 북구 중흥동 372-39,한전주
35.16806,126.87623,1,서구,전남광주통합특별시 서구 광천동 656-44,한전주
35.16806,126.87788,1,서구,전남광주통합특별시 서구 광천동 659-16,전용주
35.16806,126.88108,1,서구,전남광주통합특별시 서구 광천동 578-25,한전주
35.16806,126.89212,1,북구,전남광주통합특별시 북구 임동 155-1,한전주
35.16807,126.83428,1,서구,전남광주통합특별시 서구 덕흥동 803-17,한전주
35.16807,126.89141,1,북구,전남광주통합특별시 북구 임동 226-4,한전주
35.16807,126.90368,1,북구,전남광주통합특별시 북구 신안동 239-3,한전주
35.16807,126.96181,1,북구,전남광주통합특별시 북구 청풍동 127,한전주
35.16808,126.8752,1,서구,전남광주통합특별시 서구 광천동 653-8,한전주
35.16808,126.88078,1,서구,전남광주통합특별시 서구 광천동 576-7,한전주
35.16808,126.90197,1,북구,전남광주통합특별시 북구 신안동 238-43,한전주
35.16808,126.92937,1,북구,전남광주통합특별시 북구 두암동 896-27,한전주
35.16808,126.93707,2,북구,전남광주통합특별시 북구 두암동 947-2,한전주
35.16809,126.83291,1,서구,전남광주통합특별시 서구 덕흥동 1210-17,한전주
35.16809,126.87542,1,서구,전남광주통합특별시 서구 광천동 653-53,한전주
35.16809,126.9054,1,북구,전남광주통합특별시 북구 중흥동 324-38,건축물
35.16809,126.90998,1,북구,전남광주통합특별시 북구 중흥동 349-10,한전주
35.16809,126.91119,1,북구,전남광주통합특별시 북구 중흥동 372-25,한전주
35.1681,126.90791,1,북구,전남광주통합특별시 북구 중흥동 325-40,한전주
35.16811,126.87816,1,서구,전남광주통합특별시 서구 광천동 676-37,한전주
35.16811,126.89621,1,북구,전남광주통합특별시 북구 신안동 649-8,한전주
35.16812,126.83724,1,서구,전남광주통합특별시 서구 덕흥동 56,한전주
35.16813,126.85261,1,서구,전남광주통합특별시 서구 동천동 243,전용주
35.16813,126.87893,1,서구,전남광주통합특별시 서구 광천동 678-1,전용주
35.16813,126.90265,1,북구,전남광주통합특별시 북구 신안동 238-7,전용주
35.16814,126.89238,1,북구,전남광주통합특별시 북구 임동 155-5,한전주
35.16816,126.87998,1,서구,전남광주통합특별시 서구 광천동 681-11,한전주
35.16816,126.91729,1,북구,전남광주통합특별시 북구 중흥동 566-2,한전주
35.16817,126.87679,1,서구,전남광주통합특별시 서구 광천동 660-12,건축물
35.16817,126.89273,1,북구,전남광주통합특별시 북구 임동 21-1,한전주
35.16817,126.90839,1,북구,전남광주통합특별시 북구 중흥동 325-19,전용주
35.16818,126.83498,1,서구,전남광주통합특별시 서구 덕흥동 968-54,한전주
35.16818,126.89111,1,북구,전남광주통합특별시 북구 임동 326-3,전용주
35.16818,126.90474,1,북구,전남광주통합특별시 북구 신안동 240-28,한전주
35.16818,126.91147,1,북구,전남광주통합특별시 북구 중흥동 372-22,한전주
35.16818,126.92879,1,북구,전남광주통합특별시 북구 두암동 891-20,한전주
35.16819,126.875,1,서구,전남광주통합특별시 서구 광천동 745-18,한전주
35.16819,126.87975,1,서구,전남광주통합특별시 서구 광천동 681-16,한전주
35.16819,126.88305,1,서구,전남광주통합특별시 서구 광천동 563-23,전용주
35.1682,126.8351,1,서구,전남광주통합특별시 서구 덕흥동 985-7,한전주
35.1682,126.87449,1,서구,전남광주통합특별시 서구 광천동 782-388,한전주
35.1682,126.90156,1,북구,전남광주통합특별시 북구 신안동 238-12,한전주
35.16821,126.87964,1,서구,전남광주통합특별시 서구 광천동 681-23,한전주
35.16821,126.8811,1,서구,전남광주통합특별시 서구 광천동 578-35,한전주
35.16821,126.90924,1,북구,전남광주통합특별시 북구 중흥동 347-1,한전주
35.16821,126.92044,1,북구,전남광주통합특별시 북구 풍향동 493-4,건축물
35.16821,126.93781,1,북구,전남광주통합특별시 북구 두암동 945-8,한전주
35.16822,126.91193,1,북구,전남광주통합특별시 북구 중흥동 371-48,한전주
35.16822,126.93203,1,북구,전남광주통합특별시 북구 두암동 903-5,한전주
35.16823,126.83586,2,서구,전남광주통합특별시 서구 덕흥동 953-9,한전주
35.16823,126.87914,1,서구,전남광주통합특별시 서구 광천동 679-4,한전주
35.16823,126.8827,3,서구,전남광주통합특별시 서구 광천동 569-1,건축물
35.16823,126.89184,1,북구,전남광주통합특별시 북구 임동 156-4,한전주
35.16823,126.89748,1,북구,전남광주통합특별시 북구 신안동 498-10,한전주
35.16823,126.90768,1,북구,전남광주통합특별시 북구 중흥동 325-10,건축물
35.16824,126.89677,1,북구,전남광주통합특별시 북구 신안동 498-4,한전주
35.16824,126.89865,1,북구,전남광주통합특별시 북구 신안동 492-8,한전주
35.16824,126.89921,3,북구,전남광주통합특별시 북구 신안동 492-5,전용주
35.16825,126.87586,1,서구,전남광주통합특별시 서구 광천동 656-37,한전주
35.16825,126.92057,1,북구,전남광주통합특별시 북구 풍향동 493-3,전용주
35.16825,126.93317,1,북구,전남광주통합특별시 북구 두암동 904-37,한전주
35.16826,126.90894,1,북구,전남광주통합특별시 북구 중흥동 347-3,한전주
35.16827,126.89902,1,북구,전남광주통합특별시 북구 신안동 492-4,한전주
35.16827,126.90245,1,북구,전남광주통합특별시 북구 신안동 238-27,한전주
35.16827,126.90418,1,북구,전남광주통합특별시 북구 신안동 240-9,한전주
35.16828,126.89489,1,북구,전남광주통합특별시 북구 신안동 789-16,한전주
35.16828,126.90924,1,북구,전남광주통합특별시 북구 중흥동 347-1,건축물
35.16829,126.87559,3,서구,전남광주통합특별시 서구 광천동 788-19,한전주
35.1683,126.89694,1,북구,전남광주통합특별시 북구 신안동 498-6,전용주
35.1683,126.9334,1,북구,전남광주통합특별시 북구 두암동 904-11,한전주
35.16831,126.87874,1,서구,전남광주통합특별시 서구 광천동 677-2,한전주
35.16832,126.87635,1,서구,전남광주통합특별시 서구 광천동 656-22,건축물
35.16832,126.87834,1,서구,전남광주통합특별시 서구 광천동 676-13,한전주
35.16832,126.89446,1,북구,전남광주통합특별시 북구 신안동 728,전용주
35.16832,126.90791,1,북구,전남광주통합특별시 북구 중흥동 325-62,전용주
35.16833,126.93187,1,북구,전남광주통합특별시 북구 두암동 902-15,한전주
35.16834,126.89232,1,북구,전남광주통합특별시 북구 임동 156-1,한전주
35.16834,126.91255,1,북구,전남광주통합특별시 북구 중흥동 376-19,한전주
35.16835,126.912,1,북구,전남광주통합특별시 북구 중흥동 371-30,한전주
35.16835,126.96339,2,북구,전남광주통합특별시 북구 청풍동 167-6,한전주
35.16836,126.89206,1,북구,전남광주통합특별시 북구 임동 156-9,한전주
35.16837,126.89442,1,북구,전남광주통합특별시 북구 신안동 728,한전주
35.16837,126.90751,1,북구,전남광주통합특별시 북구 중흥동 325-27,건축물
35.16839,126.90276,1,북구,전남광주통합특별시 북구 신안동 237-29,한전주
35.16839,126.93187,1,북구,전남광주통합특별시 북구 두암동 902-15,한전주
35.1684,126.89868,1,북구,전남광주통합특별시 북구 신안동 492-2,한전주
35.1684,126.90822,1,북구,전남광주통합특별시 북구 중흥동 325-23,한전주
35.1684,126.91125,1,북구,전남광주통합특별시 북구 중흥동 371-39,한전주
35.1684,126.92969,1,북구,전남광주통합특별시 북구 두암동 895-6,한전주
35.16841,126.91152,1,북구,전남광주통합특별시 북구 중흥동 371-44,한전주
35.16841,126.92862,1,북구,전남광주통합특별시 북구 두암동 891-9,전용주
35.16841,126.93296,1,북구,전남광주통합특별시 북구 두암동 904-25,한전주
35.16842,126.87906,1,서구,전남광주통합특별시 서구 광천동 686-40,한전주
35.16842,126.8818,1,서구,전남광주통합특별시 서구 광천동 573-7,한전주
35.16842,126.92952,1,북구,전남광주통합특별시 북구 두암동 895-5,한전주
35.16842,126.933,2,북구,전남광주통합특별시 북구 두암동 904-25,한전주
35.16843,126.87886,1,서구,전남광주통합특별시 서구 광천동 686-129,한전주
35.16843,126.90983,1,북구,전남광주통합특별시 북구 중흥동 349-8,한전주
35.16843,126.92756,1,북구,전남광주통합특별시 북구 두암동 794,한전주
35.16845,126.9086,1,북구,전남광주통합특별시 북구 중흥동 346-9,한전주
35.16845,126.91086,1,북구,전남광주통합특별시 북구 중흥동 370-24,전용주
35.16846,126.83528,1,서구,전남광주통합특별시 서구 덕흥동 955,한전주
35.16846,126.87713,1,서구,전남광주통합특별시 서구 광천동 657-2,한전주
35.16846,126.90184,1,북구,전남광주통합특별시 북구 신안동 238-3,한전주
35.16847,126.87682,1,서구,전남광주통합특별시 서구 광천동 656-12,한전주
35.16847,126.89586,1,북구,전남광주통합특별시 북구 신안동 677-2,한전주
35.16847,126.89622,1,북구,전남광주통합특별시 북구 신안동 650-6,전용주
35.16848,126.89649,2,북구,전남광주통합특별시 북구 신안동 650-13,한전주
35.16848,126.91702,1,북구,전남광주통합특별시 북구 중흥동 543,한전주
35.16849,126.83487,1,서구,전남광주통합특별시 서구 덕흥동 968-53,한전주
35.16849,126.87654,2,서구,전남광주통합특별시 서구 광천동 656-10,한전주
35.16849,126.8968,1,북구,전남광주통합특별시 북구 신안동 498-1,한전주
35.16849,126.8982,1,북구,전남광주통합특별시 북구 신안동 491-6,한전주
35.16849,126.93794,1,북구,전남광주통합특별시 북구 두암동 945-11,한전주
35.1685,126.90126,1,북구,전남광주통합특별시 북구 신안동 235-15,한전주
35.1685,126.92917,1,북구,전남광주통합특별시 북구 두암동 892-13,한전주
35.1685,126.93393,1,북구,전남광주통합특별시 북구 두암동 356-33,건축물
35.16851,126.8317,1,서구,전남광주통합특별시 서구 덕흥동 978-5,한전주
35.16851,126.93838,1,북구,전남광주통합특별시 북구 두암동 945-3,한전주
35.16852,126.85108,1,서구,전남광주통합특별시 서구 유촌동 593-15,한전주
35.16853,126.8947,1,북구,전남광주통합특별시 북구 신안동 730-3,한전주
35.16853,126.90787,1,북구,전남광주통합특별시 북구 중흥동 346-31,한전주
35.16853,126.91222,1,북구,전남광주통합특별시 북구 중흥동 371-23,한전주
35.16854,126.90727,1,북구,전남광주통합특별시 북구 중흥동 325-1,한전주
35.16855,126.87662,1,서구,전남광주통합특별시 서구 광천동 656-16,한전주
35.16855,126.87975,1,서구,전남광주통합특별시 서구 광천동 681-1,한전주
35.16856,126.8942,1,북구,전남광주통합특별시 북구 신안동 805-5,한전주
35.16856,126.89483,1,북구,전남광주통합특별시 북구 신안동 726-4,한전주
35.16856,126.91191,2,북구,전남광주통합특별시 북구 중흥동 378-20,한전주
35.16857,126.92888,1,북구,전남광주통합특별시 북구 두암동 892-17,한전주
35.16858,126.88196,1,서구,전남광주통합특별시 서구 광천동 782-261,한전주
35.1686,126.83522,1,서구,전남광주통합특별시 서구 덕흥동 966-8,한전주
35.1686,126.93777,3,북구,전남광주통합특별시 북구 두암동 962,한전주
35.16861,126.88027,1,서구,전남광주통합특별시 서구 광천동 576-12,한전주
35.16861,126.91,1,북구,전남광주통합특별시 북구 중흥동 349-36,한전주
35.16861,126.91115,1,북구,전남광주통합특별시 북구 중흥동 370-31,한전주
35.16861,126.93211,1,북구,전남광주통합특별시 북구 두암동 903-1,한전주
35.16861,126.93564,1,북구,전남광주통합특별시 북구 두암동 952,한전주
35.16862,126.83206,1,서구,전남광주통합특별시 서구 덕흥동 981-3,한전주
35.16862,126.93073,3,북구,전남광주통합특별시 북구 두암동 894-36,한전주
35.16862,126.93075,1,북구,전남광주통합특별시 북구 두암동 894-36,한전주
35.16864,126.87615,1,서구,전남광주통합특별시 서구 광천동 655-21,한전주
35.16864,126.91169,1,북구,전남광주통합특별시 북구 중흥동 371-33,건축물
35.16864,126.92951,1,북구,전남광주통합특별시 북구 두암동 895-10,한전주
35.16865,126.89542,1,북구,전남광주통합특별시 북구 신안동 679-10,한전주
35.16866,126.89438,1,북구,전남광주통합특별시 북구 신안동 745-3,한전주
35.16866,126.89585,1,북구,전남광주통합특별시 북구 신안동 675,한전주
35.16867,126.87793,1,서구,전남광주통합특별시 서구 광천동 676-30,한전주
35.16867,126.88027,1,서구,전남광주통합특별시 서구 광천동 576-2,한전주
35.16867,126.89085,1,북구,전남광주통합특별시 북구 임동 326,한전주
35.16868,126.87777,1,서구,전남광주통합특별시 서구 광천동 657-13,한전주
35.16868,126.88179,1,서구,전남광주통합특별시 서구 광천동 782-267,한전주
35.16868,126.89389,1,북구,전남광주통합특별시 북구 신안동 760-3,전용주
35.16868,126.92846,1,북구,전남광주통합특별시 북구 두암동 892-28,한전주
35.16869,126.87605,1,서구,전남광주통합특별시 서구 광천동 655-18,전용주
35.16869,126.87632,1,서구,전남광주통합특별시 서구 광천동 656-1,한전주
35.16869,126.89612,1,북구,전남광주통합특별시 북구 신안동 805-8,건축물
35.16869,126.90794,1,북구,전남광주통합특별시 북구 중흥동 346-32,한전주
35.16869,126.91142,1,북구,전남광주통합특별시 북구 중흥동 371-2,한전주
35.16869,126.94064,1,북구,전남광주통합특별시 북구 두암동 산95-2,한전주
35.16871,126.87863,1,서구,전남광주통합특별시 서구 광천동 684-1,전용주
35.16871,126.87987,1,서구,전남광주통합특별시 서구 광천동 682-2,한전주
35.16871,126.89609,1,북구,전남광주통합특별시 북구 신안동 669,건축물
35.16871,126.89653,1,북구,전남광주통합특별시 북구 신안동 651,한전주
35.16872,126.89741,1,북구,전남광주통합특별시 북구 신안동 491-1,전용주
35.16872,126.89742,2,북구,전남광주통합특별시 북구 신안동 491-1,한전주
35.16873,126.90759,1,북구,전남광주통합특별시 북구 중흥동 326-45,한전주
35.16873,126.9303,1,북구,전남광주통합특별시 북구 두암동 894-29,한전주
35.16874,126.87898,1,서구,전남광주통합특별시 서구 광천동 684-6,건축물
35.16875,126.89376,1,북구,전남광주통합특별시 북구 신안동 739-4,한전주
35.16875,126.91019,1,북구,전남광주통합특별시 북구 중흥동 349-21,건축물
35.16876,126.8786,1,서구,전남광주통합특별시 서구 광천동 684,전용주
35.16876,126.89491,1,북구,전남광주통합특별시 북구 신안동 805-33,한전주
35.16878,126.88055,1,서구,전남광주통합특별시 서구 광천동 574-4,한전주
35.16878,126.89396,1,북구,전남광주통합특별시 북구 신안동 748-5,한전주
35.16879,126.83201,1,서구,전남광주통합특별시 서구 덕흥동 973,한전주
35.16879,126.87682,1,서구,전남광주통합특별시 서구 광천동 656-67,한전주
35.16879,126.89742,1,북구,전남광주통합특별시 북구 신안동 491-1,전용주
35.16881,126.93078,1,북구,전남광주통합특별시 북구 두암동 894-35,한전주
35.16882,126.90213,1,북구,전남광주통합특별시 북구 신안동 237-37,한전주
35.16883,126.90876,1,북구,전남광주통합특별시 북구 중흥동 346-13,한전주
35.16883,126.92775,3,북구,전남광주통합특별시 북구 두암동 890-4,한전주
35.16883,126.93603,1,북구,전남광주통합특별시 북구 두암동 940,건축물
35.16883,126.93608,1,북구,전남광주통합특별시 북구 두암동 940,한전주
35.16883,126.93835,1,북구,전남광주통합특별시 북구 두암동 943-6,한전주
35.16885,126.87972,1,서구,전남광주통합특별시 서구 광천동 686-9,한전주
35.16885,126.90731,1,북구,전남광주통합특별시 북구 중흥동 326-10,한전주
35.16886,126.83549,1,서구,전남광주통합특별시 서구 덕흥동 957,한전주
35.16886,126.83664,1,서구,전남광주통합특별시 서구 덕흥동 283-2,한전주
35.16887,126.8794,1,서구,전남광주통합특별시 서구 광천동 686-46,한전주
35.16887,126.89301,1,북구,전남광주통합특별시 북구 신안동 779-16,전용주
35.16887,126.8942,1,북구,전남광주통합특별시 북구 신안동 805-27,한전주
35.16887,126.89589,1,북구,전남광주통합특별시 북구 신안동 667-1,한전주
35.16889,126.89334,1,북구,전남광주통합특별시 북구 신안동 764-10,한전주
35.16889,126.89672,1,북구,전남광주통합특별시 북구 신안동 805-29,한전주
35.1689,126.8955,1,북구,전남광주통합특별시 북구 신안동 687-1,한전주
35.1689,126.90165,1,북구,전남광주통합특별시 북구 신안동 237-57,전용주
35.1689,126.90976,1,북구,전남광주통합특별시 북구 중흥동 344-10,한전주
35.16892,126.87908,1,서구,전남광주통합특별시 서구 광천동 686-37,한전주
35.16892,126.89679,1,북구,전남광주통합특별시 북구 신안동 469-6,한전주
35.16892,126.89896,1,북구,전남광주통합특별시 북구 신안동 234-13,한전주
35.16892,126.9085,1,북구,전남광주통합특별시 북구 중흥동 346-35,한전주
35.16892,126.9296,1,북구,전남광주통합특별시 북구 두암동 894-4,한전주
35.16895,126.85127,1,서구,전남광주통합특별시 서구 유촌동 608,한전주
35.16895,126.89295,1,북구,전남광주통합특별시 북구 신안동 779-4,한전주
35.16896,126.86162,1,서구,전남광주통합특별시 서구 동천동 555,전용주
35.16896,126.87792,1,서구,전남광주통합특별시 서구 광천동 691-3,전용주
35.16896,126.91588,1,북구,전남광주통합특별시 북구 중흥동 514-2,한전주
35.16898,126.89943,7,북구,전남광주통합특별시 북구 신안동 234-5,한전주
35.16898,126.92942,1,북구,전남광주통합특별시 북구 두암동 893-16,한전주
35.16899,126.87832,1,서구,전남광주통합특별시 서구 광천동 686-76,한전주
35.16899,126.90982,1,북구,전남광주통합특별시 북구 중흥동 344-26,전용주
35.16899,126.93576,1,북구,전남광주통합특별시 북구 두암동 940 대주빌라 D단지 입구,한전주
35.169,126.89266,1,북구,전남광주통합특별시 북구 신안동 778-1,전용주
35.169,126.9382,1,북구,전남광주통합특별시 북구 두암동 943-9,한전주
35.16901,126.88017,1,서구,전남광주통합특별시 서구 광천동 686-92,한전주
35.16901,126.89487,1,북구,전남광주통합특별시 북구 신안동 722,한전주
35.16901,126.89865,1,북구,전남광주통합특별시 북구 신안동 234-18,한전주
35.16902,126.94024,1,북구,전남광주통합특별시 북구 두암동 193,한전주
35.16903,126.8621,1,서구,전남광주통합특별시 서구 동천동 559,전용주
35.16903,126.93038,1,북구,전남광주통합특별시 북구 두암동 894-7,한전주
35.16904,126.89452,1,북구,전남광주통합특별시 북구 신안동 734-1,건축물
35.16907,126.85097,1,서구,전남광주통합특별시 서구 유촌동 593-18,한전주
35.16907,126.8788,1,서구,전남광주통합특별시 서구 광천동 686-101,한전주
35.16907,126.93202,1,북구,전남광주통합특별시 북구 두암동 869-1,건축물
35.16908,126.89637,1,북구,전남광주통합특별시 북구 신안동 658-1,한전주
35.16909,126.89556,1,북구,전남광주통합특별시 북구 신안동 805-15,건축물
35.16911,126.90444,1,북구,전남광주통합특별시 북구 신안동 213-12,한전주
35.16911,126.916,1,북구,전남광주통합특별시 북구 중흥동 509-5,건축물
35.16912,126.87908,4,서구,전남광주통합특별시 서구 광천동 686-63,한전주
35.16912,126.89476,1,북구,전남광주통합특별시 북구 신안동 721,한전주
35.16912,126.93763,1,북구,전남광주통합특별시 북구 두암동 941-1,한전주
35.16913,126.90401,1,북구,전남광주통합특별시 북구 신안동 213-12,한전주
35.16914,126.89908,1,북구,전남광주통합특별시 북구 신안동 234-16,전용주
35.16914,126.90828,1,북구,전남광주통합특별시 북구 중흥동 345-4,한전주
35.16915,126.83478,3,서구,전남광주통합특별시 서구 덕흥동 966-1,한전주
35.16915,126.9273,1,북구,전남광주통합특별시 북구 두암동 890-6,한전주
35.16916,126.8604,1,서구,전남광주통합특별시 서구 동천동 544,전용주
35.16917,126.83478,1,서구,전남광주통합특별시 서구 덕흥동 966-1,한전주
35.16917,126.8609,1,서구,전남광주통합특별시 서구 동천동 572,전용주
35.16917,126.87782,2,서구,전남광주통합특별시 서구 광천동 691-37,
35.16917,126.89232,1,북구,전남광주통합특별시 북구 신안동 776-4,한전주
35.16917,126.91597,1,북구,전남광주통합특별시 북구 중흥동 509-4,건축물
35.16917,126.93522,2,북구,전남광주통합특별시 북구 두암동 939,전용주
35.16918,126.88593,1,북구,전남광주통합특별시 북구 임동 340,전용주
35.16918,126.93178,1,북구,전남광주통합특별시 북구 두암동 870-6,한전주
35.16919,126.83487,1,서구,전남광주통합특별시 서구 덕흥동 1199-17,한전주
35.16919,126.86117,1,서구,전남광주통합특별시 서구 동천동 571,전용주
35.16919,126.89323,1,북구,전남광주통합특별시 북구 신안동 764-24,한전주
35.16919,126.89908,1,북구,전남광주통합특별시 북구 신안동 234-16,한전주
35.16919,126.9091,1,북구,전남광주통합특별시 북구 중흥동 344-16,한전주
35.1692,126.89224,1,북구,전남광주통합특별시 북구 신안동 776-6,한전주
35.1692,126.89292,1,북구,전남광주통합특별시 북구 신안동 767-10,한전주
35.1692,126.89604,1,북구,전남광주통합특별시 북구 신안동 663-1 서광수도사,한전주
35.1692,126.91546,1,북구,전남광주통합특별시 북구 중흥동 494,한전주
35.16921,126.89362,2,북구,전남광주통합특별시 북구 신안동 764-59,한전주
35.16921,126.89839,1,북구,전남광주통합특별시 북구 신안동 243,한전주
35.16923,126.89585,1,북구,전남광주통합특별시 북구 신안동 692-1,한전주
35.16923,126.91544,1,북구,전남광주통합특별시 북구 중흥동 494-1,한전주
35.16924,126.89839,1,북구,전남광주통합특별시 북구 신안동 243,한전주
35.16924,126.93829,1,북구,전남광주통합특별시 북구 두암동 951,한전주
35.16925,126.86069,1,서구,전남광주통합특별시 서구 동천동 564,전용주
35.16925,126.86119,1,서구,전남광주통합특별시 서구 동천동 570,전용주
35.16926,126.89199,1,북구,전남광주통합특별시 북구 신안동 801-30,전용주
35.16926,126.89839,16,북구,전남광주통합특별시 북구 신안동 243,한전주
35.16926,126.93829,1,북구,전남광주통합특별시 북구 두암동 951,한전주
35.16928,126.86196,1,서구,전남광주통합특별시 서구 동천동 579,전용주
35.16928,126.90878,1,북구,전남광주통합특별시 북구 중흥동 345-32,전용주
35.16928,126.9165,1,북구,전남광주통합특별시 북구 중흥동 501-2,한전주
35.16928,126.93112,1,북구,전남광주통합특별시 북구 두암동 870-1,한전주
35.16929,126.89835,1,북구,전남광주통합특별시 북구 신안동 243,한전주
35.1693,126.89406,1,북구,전남광주통합특별시 북구 신안동 739-19,한전주
35.16931,126.83282,2,서구,전남광주통합특별시 서구 덕흥동 970,한전주
35.16931,126.89326,1,북구,전남광주통합특별시 북구 신안동 764-19,전용주
35.16931,126.91148,1,북구,전남광주통합특별시 북구 중흥동 369-12,한전주
35.16931,126.93763,1,북구,전남광주통합특별시 북구 두암동 935-4,한전주
35.16932,126.93339,1,북구,전남광주통합특별시 북구 두암동 868-12,한전주
35.16933,126.90812,1,북구,전남광주통합특별시 북구 중흥동 345-2,한전주
35.16933,126.91567,1,북구,전남광주통합특별시 북구 중흥동 496-1,건축물
35.16933,126.92838,1,북구,전남광주통합특별시 북구 두암동 893-52,한전주
35.16934,126.89796,1,북구,전남광주통합특별시 북구 신안동 231-28,한전주
35.16934,126.99759,1,북구,전남광주통합특별시 북구 금곡동 209-2,한전주
35.16935,126.89401,1,북구,전남광주통합특별시 북구 신안동 739-26,전용주
35.16935,126.89728,1,북구,전남광주통합특별시 북구 신안동 231-25,한전주
35.16936,126.90768,1,북구,전남광주통합특별시 북구 중흥동 326-5,한전주
35.16939,126.86311,2,서구,전남광주통합특별시 서구 동천동 584,전용주
35.16939,126.89513,1,북구,전남광주통합특별시 북구 신안동 451-3,한전주
35.16939,126.91777,1,북구,전남광주통합특별시 북구 우산동 470-1,한전주
35.16939,126.92687,1,북구,전남광주통합특별시 북구 두암1동 888-15 삼거리 동강생활관담벽,한전주
35.16939,126.92997,1,북구,전남광주통합특별시 북구 두암동 871-33,한전주
35.16939,126.93075,1,북구,전남광주통합특별시 북구 두암동 871-17,한전주
35.16939,126.93902,6,북구,전남광주통합특별시 북구 두암동 959,한전주
35.16939,126.93905,1,북구,전남광주통합특별시 북구 두암동 959,한전주
35.16939,126.93907,3,북구,전남광주통합특별시 북구 두암동 959,한전주
35.1694,126.86311,1,서구,전남광주통합특별시 서구 동천동 584,전용주
35.1694,126.89357,1,북구,전남광주통합특별시 북구 신안동 764-35,한전주
35.1694,126.90299,1,북구,전남광주통합특별시 북구 신안동 479-52,건축물
35.16941,126.84074,1,서구,전남광주통합특별시 서구 덕흥동 12-1,한전주
35.16941,126.89231,1,북구,전남광주통합특별시 북구 신안동 774-1,한전주
35.16941,126.91616,1,북구,전남광주통합특별시 북구 중흥동 500-2,한전주
35.16942,126.86168,1,서구,전남광주통합특별시 서구 동천동 655,전용주
35.16942,126.89894,1,북구,전남광주통합특별시 북구 신안동 233-13,한전주
35.16942,126.92235,1,북구,전남광주통합특별시 북구 두암동 712,한전주
35.16943,126.91058,1,북구,전남광주통합특별시 북구 중흥동 355-24,한전주
35.16944,126.89218,1,북구,전남광주통합특별시 북구 신안동 775-1,전용주
35.16944,126.92235,3,북구,전남광주통합특별시 북구 두암동 771,한전주
35.16944,126.9224,1,북구,전남광주통합특별시 북구 두암동 700-12,전용주
35.16945,126.89643,1,북구,전남광주통합특별시 북구 신안동 230-11,한전주
35.16945,126.90254,1,북구,전남광주통합특별시 북구 신안동 479-35,건축물
35.16945,126.93337,1,북구,전남광주통합특별시 북구 두암동 868-23,한전주
35.16946,126.86168,9,서구,전남광주통합특별시 서구 동천동 655,전용주
35.16946,126.89427,1,북구,전남광주통합특별시 북구 신안동 714-1,한전주
35.16946,126.93684,1,북구,전남광주통합특별시 북구 두암동 963,건축물
35.16947,126.89218,1,북구,전남광주통합특별시 북구 신안동 775-1,전용주
35.16947,126.9082,1,북구,전남광주통합특별시 북구 중흥동 345-17 스타빌앞,한전주
35.16947,126.92983,1,북구,전남광주통합특별시 북구 두암동 871-34,한전주
35.16948,126.86033,1,서구,전남광주통합특별시 서구 동천동 542,전용주
35.16948,126.91606,1,북구,전남광주통합특별시 북구 중흥동 500-3,한전주
35.16948,126.93414,2,북구,전남광주통합특별시 북구 두암동 400,한전주
35.1695,126.90224,1,북구,전남광주통합특별시 북구 신안동 479-25,건축물
35.1695,126.90972,1,북구,전남광주통합특별시 북구 중흥동 343-14,한전주
35.1695,126.93102,1,북구,전남광주통합특별시 북구 두암동 871-12,한전주
35.1695,126.93684,1,북구,전남광주통합특별시 북구 두암동 963,한전주
35.16951,126.89303,1,북구,전남광주통합특별시 북구 신안동 767-12,한전주
35.16951,126.90993,1,북구,전남광주통합특별시 북구 중흥동 343-21,한전주
35.16951,126.92816,1,북구,전남광주통합특별시 북구 두암동 889-4,한전주
35.16951,126.99784,1,북구,전남광주통합특별시 북구 금곡동 248,한전주
35.16952,126.8847,1,북구,전남광주통합특별시 북구 임동 484,전용주
35.16952,126.90211,1,북구,전남광주통합특별시 북구 신안동 479-23,건축물
35.16952,126.91149,1,북구,전남광주통합특별시 북구 중흥동 369-10,한전주
35.16953,126.89592,1,북구,전남광주통합특별시 북구 신안동 230-6,한전주
35.16953,126.91557,1,북구,전남광주통합특별시 북구 중흥동 184-2,한전주
35.16954,126.89253,1,북구,전남광주통합특별시 북구 신안동 440,전용주
35.16954,126.89463,1,북구,전남광주통합특별시 북구 신안동 447-5,한전주
35.16955,126.86197,1,서구,전남광주통합특별시 서구 동천동 541,전용주
35.16955,126.9305,1,북구,전남광주통합특별시 북구 두암동 871-8,한전주
35.16956,126.89022,1,북구,전남광주통합특별시 북구 운암동 424-16,건축물
35.16956,126.96255,1,북구,전남광주통합특별시 북구 청풍동 127-1,전용주
35.16956,126.96747,1,북구,전남광주통합특별시 북구 청풍동 1468-4,한전주
35.16957,126.89365,1,북구,전남광주통합특별시 북구 신안동 764-33,전용주
35.16957,126.92919,1,북구,전남광주통합특별시 북구 두암동 874-17,한전주
35.16958,126.88103,3,서구,전남광주통합특별시 서구 광천동 782-249,전용주
35.16958,126.89463,1,북구,전남광주통합특별시 북구 신안동 447-5,한전주
35.16958,126.90286,1,북구,전남광주통합특별시 북구 신안동 479-4,한전주
35.16958,126.99865,7,북구,전남광주통합특별시 북구 금곡동 1034,한전주
35.16958,126.9987,1,북구,전남광주통합특별시 북구 금곡동 1034,한전주
35.16959,126.91022,1,북구,전남광주통합특별시 북구 중흥동 355-10,한전주
35.16959,126.91574,1,북구,전남광주통합특별시 북구 중흥동 183-2,한전주
35.16959,126.93474,1,북구,전남광주통합특별시 북구 두암동 964,전용주
35.16959,126.93475,1,북구,전남광주통합특별시 북구 두암동 964,건축물
35.16959,126.93654,2,북구,전남광주통합특별시 북구 두암동 937,건축물
35.1696,126.83419,1,서구,전남광주통합특별시 서구 덕흥동 968-24,한전주
35.1696,126.8847,1,북구,전남광주통합특별시 북구 임동 484,전용주
35.1696,126.88984,1,북구,전남광주통합특별시 북구 운암동 421-43,건축물
35.1696,126.89307,3,북구,전남광주통합특별시 북구 신안동 445,전용주
35.1696,126.89945,1,북구,전남광주통합특별시 북구 신안동 233-26,전용주
35.16961,126.86115,1,서구,전남광주통합특별시 서구 동천동 536,전용주
35.16961,126.89125,1,북구,전남광주통합특별시 북구 운암동 424-20,한전주
35.16963,126.86084,1,서구,전남광주통합특별시 서구 동천동 538,전용주
35.16963,126.9203,1,북구,전남광주통합특별시 북구 우산동 329-7,한전주
35.16964,126.93986,1,북구,전남광주통합특별시 북구 두암동 812-42,건축물
35.16965,126.89373,1,북구,전남광주통합특별시 북구 신안동 764-14,한전주
35.16966,126.89391,1,북구,전남광주통합특별시 북구 신안동 764-68,전용주
35.16967,126.89028,1,북구,전남광주통합특별시 북구 운암동 424-3,한전주
35.16967,126.93123,1,북구,전남광주통합특별시 북구 두암동 865-28,한전주
35.16968,126.89373,1,북구,전남광주통합특별시 북구 신안동 764-14,전용주
35.16968,126.90156,1,북구,전남광주통합특별시 북구 신안동 480-40,건축물
35.16968,126.91551,1,북구,전남광주통합특별시 북구 중흥동 184-1,한전주
35.16969,126.8973,1,북구,전남광주통합특별시 북구 신안동 231-1,한전주
35.16969,126.90193,1,북구,전남광주통합특별시 북구 신안동 479-61,한전주
35.16969,126.9302,1,북구,전남광주통합특별시 북구 두암동 871-5,한전주
35.1697,126.86037,1,서구,전남광주통합특별시 서구 동천동 516,전용주
35.1697,126.86163,2,서구,전남광주통합특별시 서구 동천동 539,전용주
35.1697,126.89152,1,북구,전남광주통합특별시 북구 운암동 425-40,한전주
35.1697,126.90772,1,북구,전남광주통합특별시 북구 중흥동 326-1,한전주
35.1697,126.93174,1,북구,전남광주통합특별시 북구 두암동 865-22,한전주
35.16972,126.89542,1,북구,전남광주통합특별시 북구 신안동 230-8,한전주
35.16972,126.90935,1,북구,전남광주통합특별시 북구 중흥동 343-3,전용주
35.16974,126.9098,1,북구,전남광주통합특별시 북구 중흥동 343-16,한전주
35.16975,126.89079,1,북구,전남광주통합특별시 북구 운암동 424-10,한전주
35.16975,126.89153,2,북구,전남광주통합특별시 북구 운암동 425-40,한전주
35.16976,126.89704,1,북구,전남광주통합특별시 북구 신안동 229-6,한전주
35.16976,126.90202,1,북구,전남광주통합특별시 북구 신안동 479-63,한전주
35.16976,126.99833,1,북구,전남광주통합특별시 북구 금곡동 252,한전주
35.16977,126.86085,1,서구,전남광주통합특별시 서구 동천동 533,전용주
35.16977,126.88463,1,북구,전남광주통합특별시 북구 임동 480-1,한전주
35.16977,126.89679,1,북구,전남광주통합특별시 북구 신안동 229-46,한전주
35.16977,126.90245,1,북구,전남광주통합특별시 북구 신안동 479-50,한전주
35.16977,126.93522,5,북구,전남광주통합특별시 북구 두암동 938,건축물
35.16978,126.89483,5,북구,전남광주통합특별시 북구 신안동 503,한전주
35.16978,126.99858,1,북구,전남광주통합특별시 북구 금곡동 265,한전주
35.16979,126.89846,1,북구,전남광주통합특별시 북구 신안동 232-46,한전주
35.16979,126.99649,1,북구,전남광주통합특별시 북구 금곡동 240-1,한전주
35.1698,126.85387,5,서구,전남광주통합특별시 서구 동천동 192,한전주
35.1698,126.89185,1,북구,전남광주통합특별시 북구 운암동 425-13,한전주
35.1698,126.91616,1,북구,전남광주통합특별시 북구 중흥동 171-2,한전주
35.1698,127.00003,1,북구,전남광주통합특별시 북구 금곡동 167-1,건축물
35.16981,126.86226,1,서구,전남광주통합특별시 서구 동천동 529,전용주
35.16981,126.92615,1,북구,전남광주통합특별시 북구 두암동 888-29,한전주
35.16982,126.87309,1,서구,전남광주통합특별시 서구 동천동 730,전용주
35.16983,127.00003,1,북구,전남광주통합특별시 북구 금곡동 167-1,한전주
35.16984,126.99908,1,북구,전남광주통합특별시 북구 금곡동 275-13,한전주
35.16985,126.87293,1,서구,전남광주통합특별시 서구 동천동 728,전용주
35.16985,126.90988,1,북구,전남광주통합특별시 북구 중흥동 343-17 광남빌라,한전주
35.16986,126.89181,1,북구,전남광주통합특별시 북구 운암동 425-14,한전주
35.16986,126.90972,1,북구,전남광주통합특별시 북구 중흥동 343-10,한전주
35.16986,126.92849,1,북구,전남광주통합특별시 북구 두암동 874-27,한전주
35.16987,126.88937,1,북구,전남광주통합특별시 북구 운암동 421-14,건축물
35.16987,126.93853,1,북구,전남광주통합특별시 북구 두암동 930-4,한전주
35.16988,126.89214,1,북구,전남광주통합특별시 북구 운암동 425-59,한전주
35.16988,126.9206,1,북구,전남광주통합특별시 북구 우산동 333-6,한전주
35.16989,126.92654,1,북구,전남광주통합특별시 북구 두암동 888-8,한전주
35.16989,126.92922,1,북구,전남광주통합특별시 북구 두암동874-33,한전주
35.1699,126.93579,1,북구,전남광주통합특별시 북구 두암동 923-10,한전주
35.16991,126.86194,1,서구,전남광주통합특별시 서구 동천동 527,전용주
35.16991,126.93717,1,북구,전남광주통합특별시 북구 두암동 927-5,한전주
35.16992,126.89054,1,북구,전남광주통합특별시 북구 운암동 423-27,한전주
35.16992,126.90859,1,북구,전남광주통합특별시 북구 중흥동 342-6,한전주
35.16992,126.93334,1,북구,전남광주통합특별시 북구 두암동 867-12,건축물
35.16992,126.93634,1,북구,전남광주통합특별시 북구 두암동 925-15,한전주
35.16992,126.9975,1,북구,전남광주통합특별시 북구 금곡동 244,한전주
35.16993,126.86039,1,서구,전남광주통합특별시 서구 동천동 518,전용주
35.16993,126.91557,1,북구,전남광주통합특별시 북구 중흥동 201-3,건축물
35.16993,126.93412,1,북구,전남광주통합특별시 북구 두암동 363-3,한전주
35.16993,126.93647,1,북구,전남광주통합특별시 북구 두암동 925-14,한전주
35.16993,126.93857,1,북구,전남광주통합특별시 북구 두암동 960,한전주
35.16994,126.89067,1,북구,전남광주통합특별시 북구 운암동 423-17,한전주
35.16994,126.89598,1,북구,전남광주통합특별시 북구 신안동 229-31,한전주
35.16994,126.93412,1,북구,전남광주통합특별시 북구 두암동 363-3,한전주
35.16994,126.93857,1,북구,전남광주통합특별시 북구 두암동 960,한전주
35.16995,126.93857,8,북구,전남광주통합특별시 북구 두암동 960,한전주
35.16996,126.86116,1,서구,전남광주통합특별시 서구 동천동 523,전용주
35.16996,126.89631,1,북구,전남광주통합특별시 북구 신안동 229-4,한전주
35.16996,126.9089,1,북구,전남광주통합특별시 북구 중흥동 342-12,전용주
35.16996,126.9975,1,북구,전남광주통합특별시 북구 금곡동 244,한전주
35.16997,126.86108,1,서구,전남광주통합특별시 서구 동천동 522,전용주
35.16997,126.89236,1,북구,전남광주통합특별시 북구 운암동 425-63,한전주
35.16997,126.90141,1,북구,전남광주통합특별시 북구 신안동 480-4,한전주
35.16998,126.88994,1,북구,전남광주통합특별시 북구 운암동 421-37,전용주
35.16998,126.91147,1,북구,전남광주통합특별시 북구 중흥동 369-23,한전주
35.16999,126.889,1,북구,전남광주통합특별시 북구 운암동 421-16,한전주
35.16999,126.89035,1,북구,전남광주통합특별시 북구 운암동 423-25,한전주
35.16999,126.929,1,북구,전남광주통합특별시 북구 두암동 874-9,한전주
35.16999,126.9357,1,북구,전남광주통합특별시 북구 두암동 923-10,한전주
35.17,126.9342,1,북구,전남광주통합특별시 북구 두암동 399-6,한전주
35.17001,126.8926,1,북구,전남광주통합특별시 북구 운암동 425-66,한전주
35.17001,126.89266,1,북구,전남광주통합특별시 북구 운암동 425-66,한전주
35.17001,126.89415,2,북구,전남광주통합특별시 북구 신안동 423-4,전용주
35.17001,126.89533,1,북구,전남광주통합특별시 북구 신안동 229-13,한전주
35.17001,126.93634,1,북구,전남광주통합특별시 북구 두암동 925-16,전용주
35.17001,126.9972,1,북구,전남광주통합특별시 북구 금곡동 239,한전주
35.17002,126.8885,1,북구,전남광주통합특별시 북구 운암동 420-41,건축물
35.17003,126.88824,1,북구,전남광주통합특별시 북구 운암동 420-35,건축물
35.17003,126.90209,1,북구,전남광주통합특별시 북구 신안동 478-14,전용주
35.17003,126.90237,1,북구,전남광주통합특별시 북구 신안동 478-38,한전주
35.17003,126.90826,1,북구,전남광주통합특별시 북구 중흥동 327-28,전용주
35.17004,126.8734,1,서구,전남광주통합특별시 서구 동천동 741,전용주
35.17004,126.91173,1,북구,전남광주통합특별시 북구 중흥동 368-25,한전주
35.17005,126.91634,2,북구,전남광주통합특별시 북구 중흥동 785-20,한전주
35.17005,126.91637,1,북구,전남광주통합특별시 북구 중흥동 785-20,한전주
35.17005,126.93122,1,북구,전남광주통합특별시 북구 두암동 865-5,한전주
35.17005,126.93556,6,북구,전남광주통합특별시 북구 두암동 956,한전주
35.17005,126.96406,1,북구,전남광주통합특별시 북구 청풍동 528-1,한전주
35.17006,126.90892,1,북구,전남광주통합특별시 북구 중흥동 342-13,한전주
35.17006,126.9095,1,북구,전남광주통합특별시 북구 중흥동 340-26,한전주
35.17006,126.91043,1,북구,전남광주통합특별시 북구 중흥동 355-34,한전주
35.17006,126.91538,1,북구,전남광주통합특별시 북구 중흥동 205-3,한전주
35.17006,126.92867,1,북구,전남광주통합특별시 북구 두암동 874-2,한전주
35.17006,126.94042,1,북구,전남광주통합특별시 북구 두암동 산 79-2,전용주
35.17006,126.99832,1,북구,전남광주통합특별시 북구 금곡동 263,한전주
35.17007,126.916,1,북구,전남광주통합특별시 북구 중흥동 170-7,한전주
35.17007,126.93038,1,북구,전남광주통합특별시 북구 두암동 872-18,한전주
35.17009,126.88962,1,북구,전남광주통합특별시 북구 운암동 421-3,건축물
35.17009,126.90109,1,북구,전남광주통합특별시 북구 신안동 480-46,한전주
35.17009,126.92928,1,북구,전남광주통합특별시 북구 두암동 873-38,한전주
35.17009,126.93038,1,북구,전남광주통합특별시 북구 두암동 872-18,한전주
35.1701,126.8976,1,북구,전남광주통합특별시 북구 신안동 232-26,한전주
35.1701,126.92918,1,북구,전남광주통합특별시 북구 두암동 873-43,한전주
35.17011,126.89266,1,북구,전남광주통합특별시 북구 운암동 425-27,한전주
35.17011,126.91625,1,북구,전남광주통합특별시 북구 중흥동 169,한전주
35.17012,126.8547,1,서구,전남광주통합특별시 서구 동천동 179,한전주
35.17012,126.8893,1,북구,전남광주통합특별시 북구 운암동 421-47,전용주
35.17012,126.89727,1,북구,전남광주통합특별시 북구 신안동 228-48,한전주
35.17013,126.92906,1,북구,전남광주통합특별시 북구 두암동 873-47,한전주
35.17014,126.854,1,서구,전남광주통합특별시 서구 동천동 182,한전주
35.17014,126.91,1,북구,전남광주통합특별시 북구 중흥동 340-15,한전주
35.17014,126.94132,1,북구,전남광주통합특별시 북구 두암동 82,전용주
35.17015,126.89199,1,북구,전남광주통합특별시 북구 운암동 425-17,건축물
35.17015,126.91675,1,북구,전남광주통합특별시 북구 우산동 453-4,한전주
35.17015,126.92062,1,북구,전남광주통합특별시 북구 우산동 330-3,건축물
35.17015,126.93449,1,북구,전남광주통합특별시 북구 두암동 399-2,한전주
35.17016,126.8892,1,북구,전남광주통합특별시 북구 운암동 421-2,한전주
35.17016,126.89364,1,북구,전남광주통합특별시 북구 신안동 436-5,한전주
35.17016,126.89992,1,북구,전남광주통합특별시 북구 신안동 481-36,건축물
35.17016,126.90698,1,북구,전남광주통합특별시 북구 중흥동 328-19,전용주
35.17016,126.928,1,북구,전남광주통합특별시 북구 두암동 875-2,한전주
35.17017,126.89106,1,북구,전남광주통합특별시 북구 운암동 423-8,한전주
35.17017,126.90005,1,북구,전남광주통합특별시 북구 신안동 481-35,한전주
35.17017,126.96217,1,북구,전남광주통합특별시 북구 청풍동 1468,한전주
35.17018,126.884,1,북구,전남광주통합특별시 북구 운암동 1627-1,한전주
35.17018,126.89229,1,북구,전남광주통합특별시 북구 운암동 425-21,한전주
35.17018,126.89562,1,북구,전남광주통합특별시 북구 신안동 229-2,한전주
35.17018,126.92639,1,북구,전남광주통합특별시 북구 두암동 884-5,한전주
35.17018,126.92811,1,북구,전남광주통합특별시 북구 두암동 875-5,전용주
35.17019,126.87295,1,서구,전남광주통합특별시 서구 동천동 726,전용주
35.17019,126.89144,1,북구,전남광주통합특별시 북구 운암동 425-6,한전주
35.17019,126.90057,1,북구,전남광주통합특별시 북구 신안동 480-2,한전주
35.17019,126.91063,1,북구,전남광주통합특별시 북구 중흥동 355-37,한전주
35.17019,126.91499,1,북구,전남광주통합특별시 북구 중흥동 209,한전주
35.17019,126.9387,1,북구,전남광주통합특별시 북구 두암동 931-4,한전주
35.1702,126.89341,2,북구,전남광주통합특별시 북구 신안동 353-8,한전주
35.1702,126.92697,2,북구,전남광주통합특별시 북구 두암동 884-3,건축물
35.17021,126.89452,1,북구,전남광주통합특별시 북구 신안동 423-8,한전주
35.17021,126.89542,1,북구,전남광주통합특별시 북구 신안동 229-1,한전주
35.17021,126.91072,1,북구,전남광주통합특별시 북구 중흥동 356-32,전용주
35.17022,126.90816,1,북구,전남광주통합특별시 북구 중흥동 327-12,전용주
35.17022,126.93684,1,북구,전남광주통합특별시 북구 두암동 926-3,한전주
35.17023,126.90804,1,북구,전남광주통합특별시 북구 중흥동 327-24,한전주
35.17024,126.90879,1,북구,전남광주통합특별시 북구 중흥동 341-8,한전주
35.17025,126.88785,1,북구,전남광주통합특별시 북구 운암동 420-18,한전주
35.17025,126.91488,1,북구,전남광주통합특별시 북구 중흥동 224-94,한전주
35.17025,126.9334,1,북구,전남광주통합특별시 북구 두암동 912,한전주
35.17025,126.93343,49,북구,전남광주통합특별시 북구 두암동 912,한전주
35.17025,126.93345,1,북구,전남광주통합특별시 북구 두암동 912,한전주
35.17025,126.9335,2,북구,전남광주통합특별시 북구 두암동 912,한전주
35.17026,126.89509,1,북구,전남광주통합특별시 북구 신안동 242-6,한전주
35.17026,126.9152,1,북구,전남광주통합특별시 북구 중흥동 204-1,한전주
35.17026,126.9395,2,북구,전남광주통합특별시 북구 두암동 126-2,한전주
35.17027,126.89468,1,북구,전남광주통합특별시 북구 신안동 423-9,한전주
35.17028,126.88982,1,북구,전남광주통합특별시 북구 운암동 422-27,건축물
35.17028,126.89048,1,북구,전남광주통합특별시 북구 운암동 423-11,건축물
35.17028,126.91201,1,북구,전남광주통합특별시 북구 중흥동 367-39,한전주
35.17028,126.92769,1,북구,전남광주통합특별시 북구 두암동 875-29,한전주
35.17028,126.93348,1,북구,전남광주통합특별시 북구 두암동 912,한전주
35.17029,126.89145,1,북구,전남광주통합특별시 북구 운암동 425-31,한전주
35.1703,126.85431,1,서구,전남광주통합특별시 서구 동천동 180,한전주
35.1703,126.89205,1,북구,전남광주통합특별시 북구 운암동 425-33,한전주
35.1703,126.8966,1,북구,전남광주통합특별시 북구 신안동 228-19,한전주
35.1703,126.90864,4,북구,전남광주통합특별시 북구 중흥동 341-12,전용주
35.1703,126.91611,1,북구,전남광주통합특별시 북구 중흥동 168,한전주
35.1703,126.91614,1,북구,전남광주통합특별시 북구 중흥동 168,한전주
35.1703,126.93192,1,북구,전남광주통합특별시 북구 두암동 866-3,한전주
35.17031,126.8571,1,서구,전남광주통합특별시 서구 동천동 504,전용주
35.17031,126.85714,1,서구,전남광주통합특별시 서구 동천동 504,전용주
35.17031,126.87351,1,서구,전남광주통합특별시 서구 동천동 744,전용주
35.17031,126.90032,1,북구,전남광주통합특별시 북구 신안동 480-1,한전주
35.17031,126.9092,1,북구,전남광주통합특별시 북구 중흥동 341-6,한전주
35.17031,126.91694,1,북구,전남광주통합특별시 북구 중흥동 107-2,한전주
35.17031,126.99822,1,북구,전남광주통합특별시 북구 금곡동 323-2,한전주
35.17031,126.99973,1,북구,전남광주통합특별시 북구 금곡동 284-1,한전주
35.17032,126.88962,1,북구,전남광주통합특별시 북구 운암동 422-19,한전주
35.17033,126.90851,1,북구,전남광주통합특별시 북구 중흥동 341-12,한전주
35.17033,126.90852,2,북구,전남광주통합특별시 북구 중흥동 341-12,한전주
35.17033,126.90855,18,북구,전남광주통합특별시 북구 중흥동 341-12,한전주
35.17033,126.90984,1,북구,전남광주통합특별시 북구 중흥동 340-8,한전주
35.17033,126.91649,1,북구,전남광주통합특별시 북구 중흥동 112-6,한전주
35.17033,126.92817,1,북구,전남광주통합특별시 북구 두암동 876-21,한전주
35.17034,126.8848,1,북구,전남광주통합특별시 북구 임동 465,한전주
35.17034,126.8936,1,북구,전남광주통합특별시 북구 신안동 434-1,전용주
35.17034,126.9017,1,북구,전남광주통합특별시 북구 신안동 475-119,건축물
35.17034,126.91186,1,북구,전남광주통합특별시 북구 중흥동 368-29,한전주
35.17034,126.91553,1,북구,전남광주통합특별시 북구 중흥동 199,한전주
35.17035,126.84717,1,서구,전남광주통합특별시 서구 유촌동 607,한전주
35.17036,126.84069,2,서구,전남광주통합특별시 서구 덕흥동 10-11,한전주
35.17036,126.88317,1,북구,전남광주통합특별시 북구 운암동 1605-1,한전주
35.17036,126.90883,1,북구,전남광주통합특별시 북구 중흥동 341-7,한전주
35.17036,126.9158,1,북구,전남광주통합특별시 북구 중흥동 167-166,한전주
35.17036,126.99901,1,북구,전남광주통합특별시 북구 금곡동 316,한전주
35.17037,126.89023,1,북구,전남광주통합특별시 북구 운암동 423-5,한전주
35.17037,126.89168,1,북구,전남광주통합특별시 북구 운암동 425-2,한전주
35.17037,126.90792,1,북구,전남광주통합특별시 북구 중흥동 327-6,한전주
35.17038,126.93572,1,북구,전남광주통합특별시 북구 두암동 923-3,한전주
35.17038,126.93892,1,북구,전남광주통합특별시 북구 두암동 127,한전주
35.17039,126.88356,2,북구,전남광주통합특별시 북구 운암동 1617,한전주
35.17039,126.89097,1,북구,전남광주통합특별시 북구 운암동 423-7,한전주
35.17039,126.90225,1,북구,전남광주통합특별시 북구 신안동 478-58,한전주
35.17039,126.92805,1,북구,전남광주통합특별시 북구 두암동 876-26,한전주
35.1704,126.88853,1,북구,전남광주통합특별시 북구 운암동 420-4,한전주
35.1704,126.88936,1,북구,전남광주통합특별시 북구 운암동 422-38,건축물
35.1704,126.89451,1,북구,전남광주통합특별시 북구 신안동 404-2,한전주
35.1704,126.90109,1,북구,전남광주통합특별시 북구 신안동 475-134,한전주
35.1704,126.911,1,북구,전남광주통합특별시 북구 중흥동 356-6,건축물
35.1704,126.96109,1,북구,전남광주통합특별시 북구 청풍동 404-1,한전주
35.17041,126.88758,1,북구,전남광주통합특별시 북구 운암동 417-6,한전주
35.17041,126.902,1,북구,전남광주통합특별시 북구 신안동 475-66,한전주
35.17041,126.92595,1,북구,전남광주통합특별시 북구 두암1동 884-1,건축물
35.17041,126.93128,3,북구,전남광주통합특별시 북구 두암동 865-1,건축물
35.17042,126.89999,1,북구,전남광주통합특별시 북구 신안동 481-43,한전주
35.17043,126.88884,1,북구,전남광주통합특별시 북구 운암동 419-7,한전주
35.17043,126.90958,1,북구,전남광주통합특별시 북구 중흥동 340-2 마운틴마트앞,한전주
35.17043,126.91079,1,북구,전남광주통합특별시 북구 중흥동 356-27,한전주
35.17044,126.87339,1,서구,전남광주통합특별시 서구 동천동 750,전용주
35.17044,126.89289,1,북구,전남광주통합특별시 북구 신안동 353-24,전용주
35.17044,126.89498,1,북구,전남광주통합특별시 북구 신안동 423-18,한전주
35.17044,126.89964,1,북구,전남광주통합특별시 북구 신안동 481-17,한전주
35.17044,126.90698,1,북구,전남광주통합특별시 북구 중흥동 328-16,한전주
35.17044,126.90826,1,북구,전남광주통합특별시 북구 중흥동 327-15,한전주
35.17044,126.93997,1,북구,전남광주통합특별시 북구 두암동 산 78-2,전용주
35.17044,126.94,2,북구,전남광주통합특별시 북구 두암동 산 78-2,한전주
35.17045,126.87339,1,서구,전남광주통합특별시 서구 동천동 750,전용주
35.17045,126.87399,1,서구,전남광주통합특별시 서구 동천동 711,전용주
35.17045,126.90258,1,북구,전남광주통합특별시 북구 신안동 478-57,한전주
35.17045,126.93358,1,북구,전남광주통합특별시 북구 두암동 397-2,건축물
35.17045,126.99838,1,북구,전남광주통합특별시 북구 금곡동 323-3,한전주
35.17046,126.90136,1,북구,전남광주통합특별시 북구 신안동 475-114,한전주
35.17046,126.9303,1,북구,전남광주통합특별시 북구 두암동 863-8,한전주
35.17047,126.87394,1,서구,전남광주통합특별시 서구 동천동 711,전용주
35.17047,126.89901,1,북구,전남광주통합특별시 북구 신안동 481-9,한전주
35.17048,126.89071,1,북구,전남광주통합특별시 북구 운암동 423-36,한전주
35.17048,126.906,1,북구,전남광주통합특별시 북구 중흥동 322-30,한전주
35.17048,126.91709,1,북구,전남광주통합특별시 북구 중흥동 105,한전주
35.17048,126.92745,1,북구,전남광주통합특별시 북구 두암동 876-22,한전주
35.17049,126.87339,10,서구,전남광주통합특별시 서구 동천동 750,전용주
35.17049,126.88261,1,북구,전남광주통합특별시 북구 운암동 1591,한전주
35.17049,126.89407,2,북구,전남광주통합특별시 북구 신안동 417-2,한전주
35.17049,126.91629,1,북구,전남광주통합특별시 북구 중흥동 116-1,한전주
35.1705,126.88992,1,북구,전남광주통합특별시 북구 운암동 422-45,한전주
35.1705,126.91629,1,북구,전남광주통합특별시 북구 중흥동 785-110,전용주
35.1705,126.92668,1,북구,전남광주통합특별시 북구 두암동 884-15,한전주
35.1705,126.99944,1,북구,전남광주통합특별시 북구 금곡동 287,한전주
35.17051,126.87417,1,서구,전남광주통합특별시 서구 동천동 709,전용주
35.17051,126.9367,1,북구,전남광주통합특별시 북구 두암동 926-10,한전주
35.17052,126.87444,1,서구,전남광주통합특별시 서구 동천동 717,전용주
35.17052,126.90106,1,북구,전남광주통합특별시 북구 신안동 475-135,한전주
35.17053,126.90895,1,북구,전남광주통합특별시 북구 중흥동 341-11,전용주
35.17053,126.91061,1,북구,전남광주통합특별시 북구 중흥동 356-28,한전주
35.17053,126.92984,1,북구,전남광주통합특별시 북구 두암동 863-14,한전주
35.17054,126.89381,1,북구,전남광주통합특별시 북구 신안동 419-3,전용주
35.17055,126.87485,1,서구,전남광주통합특별시 서구 동천동 689,전용주
35.17055,126.88966,1,북구,전남광주통합특별시 북구 운암동 429,한전주
35.17055,126.89926,1,북구,전남광주통합특별시 북구 신안동 481-2,한전주
35.17055,126.9061,1,북구,전남광주통합특별시 북구 중흥동 322-29,한전주
35.17055,126.93201,1,북구,전남광주통합특별시 북구 두암동 866-1,한전주
35.17056,126.85115,1,서구,전남광주통합특별시 서구 유촌동 591-22,한전주
35.17056,126.88966,5,북구,전남광주통합특별시 북구 운암동 429,한전주
35.17056,126.8897,1,북구,전남광주통합특별시 북구 운암동 429,한전주
35.17056,126.88976,2,북구,전남광주통합특별시 북구 운암동 422-14,건축물
35.17056,126.89844,1,북구,전남광주통합특별시 북구 신안동 482-17,건축물
35.17056,126.91528,1,북구,전남광주통합특별시 북구 중흥동 207-5,한전주
35.17057,126.90191,1,북구,전남광주통합특별시 북구 신안동 475-60,건축물
35.17057,126.91682,1,북구,전남광주통합특별시 북구 중흥동 106,한전주
35.17058,126.88964,1,북구,전남광주통합특별시 북구 운암동 422-54,한전주
35.17058,126.89822,1,북구,전남광주통합특별시 북구 신안동 482-25,건축물
35.17058,126.90702,1,북구,전남광주통합특별시 북구 중흥동 328-1,한전주
35.17059,126.91215,1,북구,전남광주통합특별시 북구 중흥동 367-12,한전주
35.17059,126.92513,1,북구,전남광주통합특별시 북구 두암동 885-11,전용주
35.17059,126.93582,1,북구,전남광주통합특별시 북구 두암동 950,한전주
35.1706,126.89259,1,북구,전남광주통합특별시 북구 신안동 353-33,전용주
35.1706,126.9103,1,북구,전남광주통합특별시 북구 중흥동 331-100,한전주
35.1706,126.91711,1,북구,전남광주통합특별시 북구 중흥동 105-2,한전주
35.1706,126.93062,1,북구,전남광주통합특별시 북구 두암동 864-1,한전주
35.17061,126.93548,1,북구,전남광주통합특별시 북구 두암동 957,한전주
35.17062,126.87328,1,서구,전남광주통합특별시 서구 동천동 698,전용주
35.17062,126.89618,1,북구,전남광주통합특별시 북구 신안동 228-61,한전주
35.17062,126.90942,1,북구,전남광주통합특별시 북구 중흥동 331-81,전용주
35.17062,126.93375,1,북구,전남광주통합특별시 북구 두암동 406-2,한전주
35.17063,126.88164,1,북구,전남광주통합특별시 북구 운암동 1575,한전주
35.17063,126.90736,1,북구,전남광주통합특별시 북구 중흥동 329-33,한전주
35.17063,126.91173,1,북구,전남광주통합특별시 북구 중흥동 368-4,한전주
35.17064,126.87298,1,서구,전남광주통합특별시 서구 동천동 662,전용주
35.17064,126.90972,1,북구,전남광주통합특별시 북구 중흥동 331-83,한전주
35.17064,126.92245,1,북구,전남광주통합특별시 북구 두암동 699,한전주
35.17065,126.88861,1,북구,전남광주통합특별시 북구 운암동 419-29,한전주
35.17065,126.8952,1,북구,전남광주통합특별시 북구 신안동 380-1,한전주
35.17065,126.90572,1,북구,전남광주통합특별시 북구 신안동 212-16,한전주
35.17065,126.93548,7,북구,전남광주통합특별시 북구 두암동 957,한전주
35.17065,126.96276,1,북구,전남광주통합특별시 북구 청풍동 471,한전주
35.17066,126.88929,1,북구,전남광주통합특별시 북구 운암동 422-4,한전주
35.17066,126.89878,1,북구,전남광주통합특별시 북구 신안동 482-4,한전주
35.17066,126.9082,1,북구,전남광주통합특별시 북구 중흥동 327-3,전용주
35.17066,126.90868,1,북구,전남광주통합특별시 북구 중흥동 341-1,한전주
35.17067,126.89352,1,북구,전남광주통합특별시 북구 신안동 353-36,건축물
35.17067,126.91679,1,북구,전남광주통합특별시 북구 중흥동 102-11,한전주
35.17067,126.92555,1,북구,전남광주통합특별시 북구 두암동 885-9,한전주
35.17068,126.88809,1,북구,전남광주통합특별시 북구 운암동 419-24,한전주
35.17068,126.89053,2,북구,전남광주통합특별시 북구 운암동 423-2,건축물
35.17068,126.89242,1,북구,전남광주통합특별시 북구 신안동 351-33,한전주
35.17068,126.90144,1,북구,전남광주통합특별시 북구 신안동 475-129,한전주
35.17068,126.99967,1,북구,전남광주통합특별시 북구 금곡동 290,한전주
35.17069,126.8925,1,북구,전남광주통합특별시 북구 신안동 353-33,전용주
35.17069,126.9256,1,북구,전남광주통합특별시 북구 두암동 885-9,한전주
35.1707,126.89442,1,북구,전남광주통합특별시 북구 신안동 392-6,한전주
35.1707,126.92938,1,북구,전남광주통합특별시 북구 두암동 863-33,한전주
35.17071,126.85171,1,서구,전남광주통합특별시 서구 유촌동 591-21,한전주
35.17071,126.88728,1,북구,전남광주통합특별시 북구 운암동 417-4,한전주
35.17071,126.90206,1,북구,전남광주통합특별시 북구 신안동 475-70,한전주
35.17071,126.90534,1,북구,전남광주통합특별시 북구 신안동 212-28,한전주
35.17071,126.90707,1,북구,전남광주통합특별시 북구 중흥동 329-28,한전주
35.17071,126.90996,1,북구,전남광주통합특별시 북구 중흥동 331-89,전용주
35.17071,126.9108,1,북구,전남광주통합특별시 북구 중흥동 356-22,한전주
35.17071,126.93353,1,북구,전남광주통합특별시 북구 두암동 396-29,한전주
35.17071,126.9369,1,북구,전남광주통합특별시 북구 두암동 958,한전주
35.17071,126.93693,1,북구,전남광주통합특별시 북구 두암동 958,한전주
35.17071,126.93697,6,북구,전남광주통합특별시 북구 두암동 958,한전주
35.17072,126.85413,9,서구,전남광주통합특별시 서구 동천동 135,한전주
35.17072,126.87393,1,서구,전남광주통합특별시 서구 동천동 713,전용주
35.17072,126.88162,1,북구,전남광주통합특별시 북구 운암동 1574,전용주
35.17072,126.89746,1,북구,전남광주통합특별시 북구 신안동 483-23,한전주
35.17072,126.91536,1,북구,전남광주통합특별시 북구 중흥동 207-1,한전주
35.17072,126.91631,1,북구,전남광주통합특별시 북구 중흥동 114-1,한전주
35.17072,126.93494,1,북구,전남광주통합특별시 북구 두암동 922-9,한전주
35.17072,126.93686,1,북구,전남광주통합특별시 북구 두암동 919-8,한전주
35.17073,126.90102,1,북구,전남광주통합특별시 북구 신안동 475-116,건축물
35.17073,126.93425,1,북구,전남광주통합특별시 북구 두암동 408-46,한전주
35.17074,126.8736,1,서구,전남광주통합특별시 서구 동천동 705,전용주
35.17075,126.88226,1,북구,전남광주통합특별시 북구 운암동 1578,건축물
35.17075,126.9062,1,북구,전남광주통합특별시 북구 중흥동 322-1,한전주
35.17076,126.92376,1,북구,전남광주통합특별시 북구 두암동 886-12,한전주
35.17077,126.87337,1,서구,전남광주통합특별시 서구 동천동 697,전용주
35.17077,126.87531,1,서구,전남광주통합특별시 서구 동천동 685,전용주
35.17077,126.93022,1,북구,전남광주통합특별시 북구 두암동 863-39,한전주
35.17078,126.88666,1,북구,전남광주통합특별시 북구 운암동 417-30,한전주
35.17078,126.88829,1,북구,전남광주통합특별시 북구 운암동 419-9 광성경로당,건축물
35.17078,126.90149,1,북구,전남광주통합특별시 북구 신안동 475-20,한전주
35.17078,126.90914,1,북구,전남광주통합특별시 북구 중흥동 331-70,한전주
35.17078,126.91546,3,북구,전남광주통합특별시 북구 중흥동 785-93,한전주
35.17078,126.93752,1,북구,전남광주통합특별시 북구 두암동 928-16,한전주
35.17079,126.89495,1,북구,전남광주통합특별시 북구 신안동 385,한전주
35.17079,126.89889,1,북구,전남광주통합특별시 북구 신안동 486,한전주
35.1708,126.89889,9,북구,전남광주통합특별시 북구 신안동 486,한전주
35.1708,126.90179,1,북구,전남광주통합특별시 북구 신안동 475-27,건축물
35.1708,126.91627,1,북구,전남광주통합특별시 북구 중흥동 785-57,건축물
35.17081,126.90818,1,북구,전남광주통합특별시 북구 중흥동 327-2 DC마트,한전주
35.17081,126.91741,1,북구,전남광주통합특별시 북구 중흥동 46,한전주
35.17081,126.93047,1,북구,전남광주통합특별시 북구 두암동 855-27,한전주
35.17081,126.934,1,북구,전남광주통합특별시 북구 두암동 408-26,한전주
35.17082,126.93166,3,북구,전남광주통합특별시 북구 두암동 854-8,한전주
35.17082,126.9317,1,북구,전남광주통합특별시 북구 두암동 854-8,한전주
35.17083,126.88841,1,북구,전남광주통합특별시 북구 운암동 419-8,전용주
35.17083,126.89714,1,북구,전남광주통합특별시 북구 신안동 483-20,한전주
35.17083,126.89729,1,북구,전남광주통합특별시 북구 신안동 483-15,한전주
35.17083,126.91031,1,북구,전남광주통합특별시 북구 중흥동 331-98,한전주
35.17083,126.96093,1,북구,전남광주통합특별시 북구 청풍동 409-1,한전주
35.17084,126.88745,1,북구,전남광주통합특별시 북구 운암동 418-19,한전주
35.17084,126.89222,1,북구,전남광주통합특별시 북구 신안동 351-25,한전주
35.17084,126.93542,1,북구,전남광주통합특별시 북구 두암동 921-4,한전주
35.17085,126.86029,2,서구,전남광주통합특별시 서구 동천동 654,전용주
35.17085,126.87708,1,북구,전남광주통합특별시 북구 광천동 782-249,한전주
35.17085,126.9122,1,북구,전남광주통합특별시 북구 중흥동 367-1 두암유리앞,한전주
35.17085,126.92727,1,북구,전남광주통합특별시 북구 두암동 878-10,전용주
35.17085,126.9277,1,북구,전남광주통합특별시 북구 두암동 876-2,한전주
35.17086,126.8873,1,북구,전남광주통합특별시 북구 운암동 418-38,한전주
35.17086,126.90742,1,북구,전남광주통합특별시 북구 중흥동 329-18,전용주
35.17086,126.90853,1,북구,전남광주통합특별시 북구 중흥동 331-75,전용주
35.17087,126.90012,1,북구,전남광주통합특별시 북구 신안동 474-6,건축물
35.17087,126.90094,1,북구,전남광주통합특별시 북구 신안동 475-53,건축물
35.17087,126.9078,1,북구,전남광주통합특별시 북구 중흥동 329-5,한전주
35.17088,126.8743,1,서구,전남광주통합특별시 서구 동천동 714,전용주
35.17088,126.89095,1,북구,전남광주통합특별시 북구 운암동 1-7,한전주
35.17088,126.89416,1,북구,전남광주통합특별시 북구 신안동 353-14,한전주
35.17088,126.89819,1,북구,전남광주통합특별시 북구 신안동 482-20,한전주
35.17088,126.90666,1,북구,전남광주통합특별시 북구 중흥동 321-15,한전주
35.17088,126.9073,1,북구,전남광주통합특별시 북구 중흥동 329-25,전용주
35.17088,126.9175,1,북구,전남광주통합특별시 북구 중흥동 41-2,한전주
35.17088,126.92473,1,북구,전남광주통합특별시 북구 두암동 885-4,한전주
35.17088,126.92782,1,북구,전남광주통합특별시 북구 두암동 876-1,한전주
35.17089,126.90981,1,북구,전남광주통합특별시 북구 중흥동 331-85,한전주
35.17089,126.91004,1,북구,전남광주통합특별시 북구 중흥동 331-87,한전주
35.17089,126.91508,1,북구,전남광주통합특별시 북구 중흥동 148-2,한전주
35.17089,126.93035,1,북구,전남광주통합특별시 북구 두암동 855-12,한전주
35.17089,126.93508,1,북구,전남광주통합특별시 북구 두암동 922-2,한전주
35.1709,126.93197,1,북구,전남광주통합특별시 북구 두암동 853-24,한전주
35.1709,126.93597,1,북구,전남광주통합특별시 북구 두암동 919-1,한전주
35.17092,126.88222,3,북구,전남광주통합특별시 북구 운암동 426,한전주
35.17092,126.89372,1,북구,전남광주통합특별시 북구 신안동 353-18,전용주
35.17092,126.90624,1,북구,전남광주통합특별시 북구 중흥동 321-8,한전주
35.17092,126.93434,1,북구,전남광주통합특별시 북구 두암동 913-7,한전주
35.17093,126.8866,1,북구,전남광주통합특별시 북구 운암동 417-1,한전주
35.17093,126.89876,1,북구,전남광주통합특별시 북구 신안동 472-4,한전주
35.17093,126.9293,1,북구,전남광주통합특별시 북구 두암동 863-21,한전주
35.17093,126.93934,1,북구,전남광주통합특별시 북구 두암동 125-6,전용주
35.17093,126.99915,1,북구,전남광주통합특별시 북구 금곡동 345,한전주
35.17094,126.92442,1,북구,전남광주통합특별시 북구 두암동 885-1,한전주
35.17094,127.00038,1,북구,전남광주통합특별시 북구 금곡동 298,한전주
35.17095,126.8766,1,북구,전남광주통합특별시 북구 운암동 1540,한전주
35.17095,126.916,1,북구,전남광주통합특별시 북구 중흥동 121-1,한전주
35.17096,126.89071,1,북구,전남광주통합특별시 북구 운암동 31-11,한전주
35.17096,126.90211,1,북구,전남광주통합특별시 북구 신안동 475-128,한전주
35.17096,126.90871,1,북구,전남광주통합특별시 북구 중흥동 331-72,한전주
35.17096,126.91083,1,북구,전남광주통합특별시 북구 중흥동 356-20,한전주
35.17097,126.85183,1,서구,전남광주통합특별시 서구 유촌동 591-14,한전주
35.17097,126.90712,1,북구,전남광주통합특별시 북구 중흥동 329-26,한전주
35.17097,126.9157,1,북구,전남광주통합특별시 북구 중흥동 151,한전주
35.17097,126.92164,1,북구,전남광주통합특별시 북구 우산동 255-6,한전주
35.17098,126.90159,1,북구,전남광주통합특별시 북구 신안동 475-88,건축물
35.17099,126.89374,1,북구,전남광주통합특별시 북구 신안동 804-38,한전주
35.17099,126.89781,1,북구,전남광주통합특별시 북구 신안동 482-1,한전주
35.17099,126.90746,1,북구,전남광주통합특별시 북구 중흥동 329-3,한전주
35.17099,126.91098,1,북구,전남광주통합특별시 북구 중흥동 356-40,건축물
35.17099,126.93016,1,북구,전남광주통합특별시 북구 두암동 855-16,한전주
35.171,126.87487,1,서구,전남광주통합특별시 서구 동천동 679,전용주
35.171,126.89757,1,북구,전남광주통합특별시 북구 신안동 483-30,한전주
35.171,126.9286,1,북구,전남광주통합특별시 북구 두암동 877-9,전용주
35.171,126.93075,1,북구,전남광주통합특별시 북구 두암동 854-49,한전주
35.17101,126.90603,1,북구,전남광주통합특별시 북구 신안동 211-23,한전주
35.17101,126.93445,1,북구,전남광주통합특별시 북구 두암동 955,한전주
35.17102,126.87455,1,서구,전남광주통합특별시 서구 동천동 677,전용주
35.17102,126.88775,1,북구,전남광주통합특별시 북구 운암동 418-6,한전주
35.17102,126.91202,1,북구,전남광주통합특별시 북구 중흥동 365-9,한전주
35.17102,126.91737,2,북구,전남광주통합특별시 북구 중흥동 785-60,한전주
35.17102,126.91739,1,북구,전남광주통합특별시 북구 중흥동 785-60,한전주
35.17103,126.87528,1,서구,전남광주통합특별시 서구 동천동 681,전용주
35.17103,126.90572,1,북구,전남광주통합특별시 북구 신안동 211-19,한전주
35.17103,126.90666,1,북구,전남광주통합특별시 북구 중흥동 321-14,전용주
35.17104,126.873,1,서구,전남광주통합특별시 서구 동천동 665,전용주
35.17104,126.90514,1,북구,전남광주통합특별시 북구 신안동 212-1,한전주
35.17104,126.90546,4,북구,전남광주통합특별시 북구 신안동 215,한전주
35.17104,126.9062,1,북구,전남광주통합특별시 북구 중흥동 321-31,한전주
35.17104,126.93443,1,북구,전남광주통합특별시 북구 두암동 955,한전주
35.17105,126.88526,1,북구,전남광주통합특별시 북구 운암2동 416-13,한전주
35.17105,126.88686,1,북구,전남광주통합특별시 북구 운암동 418-32,한전주
35.17105,126.89681,1,북구,전남광주통합특별시 북구 신안동 483-7,건축물
35.17105,126.9082,1,북구,전남광주통합특별시 북구 중흥동 331-20,한전주
35.17105,126.92415,1,북구,전남광주통합특별시 북구 두암동 886-27,한전주
35.17106,126.91544,1,북구,전남광주통합특별시 북구 중흥동 147,한전주
35.17106,126.91735,1,북구,전남광주통합특별시 북구 중흥동 785-60,한전주
35.17106,126.93196,1,북구,전남광주통합특별시 북구 두암동 853-37,한전주
35.17107,126.9017,1,북구,전남광주통합특별시 북구 신안동 475-85,건축물
35.17107,126.90399,1,북구,전남광주통합특별시 북구 신안동 477-11,한전주
35.17108,126.90103,1,북구,전남광주통합특별시 북구 신안동 475-78,건축물
35.17108,126.9318,1,북구,전남광주통합특별시 북구 두암동 853-23,한전주
35.17109,126.88497,1,북구,전남광주통합특별시 북구 운암동 414-27,한전주
35.17109,126.88752,1,북구,전남광주통합특별시 북구 운암동 418-17,한전주
35.17109,126.88837,1,북구,전남광주통합특별시 북구 운암동 419-15,한전주
35.17109,126.89022,1,북구,전남광주통합특별시 북구 운암동 30-2,한전주
35.1711,126.89262,1,북구,전남광주통합특별시 북구 신안동 351-3,전용주
35.17111,126.8739,1,서구,전남광주통합특별시 서구 동천동 671,전용주
35.17111,126.89897,1,북구,전남광주통합특별시 북구 신안동 472-15,한전주
35.17111,126.90644,1,북구,전남광주통합특별시 북구 중흥동 321-29,건축물
35.17111,126.92706,1,북구,전남광주통합특별시 북구 두암동 879-18,한전주
35.17112,126.87353,1,서구,전남광주통합특별시 서구 동천동 669,전용주
35.17112,126.90839,1,북구,전남광주통합특별시 북구 중흥동 331-24,한전주
35.17112,126.93948,1,북구,전남광주통합특별시 북구 두암동 산76-3,한전주
35.17113,126.88741,1,북구,전남광주통합특별시 북구 운암동 418-24,건축물
35.17113,126.8972,1,북구,전남광주통합특별시 북구 신안동 483-3,한전주
35.17113,126.93362,1,북구,전남광주통합특별시 북구 두암동 396-10,한전주
35.17113,126.99936,1,북구,전남광주통합특별시 북구 금곡동 348,한전주
35.17114,126.89898,1,북구,전남광주통합특별시 북구 신안동 472-15,한전주
35.17114,126.90001,1,북구,전남광주통합특별시 북구 신안동 474-36,한전주
35.17114,126.90576,1,북구,전남광주통합특별시 북구 신안동 211-18,한전주
35.17114,126.91659,1,북구,전남광주통합특별시 북구 중흥동 100,한전주
35.17114,126.91737,1,북구,전남광주통합특별시 북구 중흥동 61,한전주
35.17114,126.92392,1,북구,전남광주통합특별시 북구 두암동 886-24,한전주
35.17115,126.89281,1,북구,전남광주통합특별시 북구 신안동 352-4 한국하이빌,전용주
35.17115,126.93391,2,북구,전남광주통합특별시 북구 두암동 408-16,한전주
35.17116,126.87428,1,서구,전남광주통합특별시 서구 동천동 674,전용주
35.17116,126.88782,1,북구,전남광주통합특별시 북구 운암동 418-61,한전주
35.17116,126.90548,1,북구,전남광주통합특별시 북구 신안동 211-14,전용주
35.17117,126.88704,1,북구,전남광주통합특별시 북구 운암동 418-27,전용주
35.17117,126.88987,1,북구,전남광주통합특별시 북구 운암동 400-25,건축물
35.17117,126.89045,1,북구,전남광주통합특별시 북구 운암동 31-13,한전주
35.17117,126.8905,1,북구,전남광주통합특별시 북구 운암동 31-13,한전주
35.17117,126.89429,1,북구,전남광주통합특별시 북구 신안동 356-2,한전주
35.17117,126.90043,1,북구,전남광주통합특별시 북구 신안동 474-21,한전주
35.17117,126.9978,1,북구,전남광주통합특별시 북구 금곡동 328-2,한전주
35.17118,126.924,143,북구,전남광주통합특별시 북구 두암동 910,한전주
35.17118,126.92749,1,북구,전남광주통합특별시 북구 두암동 878-16,한전주
35.17119,126.90212,1,북구,전남광주통합특별시 북구 신안동 475-30,한전주
35.17119,126.90899,1,북구,전남광주통합특별시 북구 중흥동 331-41,한전주
35.17119,126.924,1,북구,전남광주통합특별시 북구 두암동 910,한전주
35.17119,126.93057,1,북구,전남광주통합특별시 북구 두암동 855-36,한전주
35.1712,126.90995,1,북구,전남광주통합특별시 북구 중흥동 338-37,한전주
35.1712,126.93412,1,북구,전남광주통합특별시 북구 두암동 408-10,한전주
35.17122,126.90079,1,북구,전남광주통합특별시 북구 신안동 475-5,한전주
35.17122,126.91237,1,북구,전남광주통합특별시 북구 중흥동 366-24,한전주
35.17122,126.99998,1,북구,전남광주통합특별시 북구 금곡동 302-1,한전주
35.17123,126.8861,1,북구,전남광주통합특별시 북구 운암동 415-13,한전주
35.17123,126.89757,1,북구,전남광주통합특별시 북구 신안동 470-22,한전주
35.17123,126.9076,1,북구,전남광주통합특별시 북구 중흥동 330-5,한전주
35.17123,126.91035,1,북구,전남광주통합특별시 북구 중흥동 338-10,한전주
35.17123,126.91181,1,북구,전남광주통합특별시 북구 중흥동 365-31,한전주
35.17124,126.90707,1,북구,전남광주통합특별시 북구 중흥동 320-51,전용주
35.17124,126.91638,1,북구,전남광주통합특별시 북구 중흥동 94-2,한전주
35.17124,126.93126,1,북구,전남광주통합특별시 북구 두암동 854-14,한전주
35.17124,126.93211,1,북구,전남광주통합특별시 북구 두암동 853-9,한전주
35.17125,126.88967,1,북구,전남광주통합특별시 북구 운암동 400-18,한전주
35.17125,126.92851,1,북구,전남광주통합특별시 북구 두암동 862-23,한전주
35.17126,126.88967,1,북구,전남광주통합특별시 북구 운암동 400-18,한전주
35.17126,126.89081,1,북구,전남광주통합특별시 북구 운암동 1-5,한전주
35.17126,126.93545,1,북구,전남광주통합특별시 북구 두암동 921-1,전용주
35.17126,126.9358,1,북구,전남광주통합특별시 북구 두암동 920-1,전용주
35.17127,126.901,1,북구,전남광주통합특별시 북구 신안동 475-40,건축물
35.17127,126.91016,1,북구,전남광주통합특별시 북구 중흥동 338-56,한전주
35.17127,126.96089,1,북구,전남광주통합특별시 북구 청풍동 1479-1,한전주
35.17128,126.93646,1,북구,전남광주통합특별시 북구 두암동 918-4,한전주
35.17129,126.89671,1,북구,전남광주통합특별시 북구 신안동 483-2,한전주
35.17131,126.85193,1,서구,전남광주통합특별시 서구 유촌동 590-18,한전주
35.17131,126.88301,1,북구,전남광주통합특별시 북구 운암동 412-25,한전주
35.17131,126.88869,4,북구,전남광주통합특별시 북구 운암동 403,한전주
35.17131,126.89126,1,북구,전남광주통합특별시 북구 운암동 1-14 광주종합배관,건축물
35.17131,126.89862,1,북구,전남광주통합특별시 북구 신안동 472-2,한전주
35.17131,126.90679,1,북구,전남광주통합특별시 북구 중흥동 320-53,한전주
35.17131,126.92954,1,북구,전남광주통합특별시 북구 두암동 855-22,한전주
35.17131,126.93173,1,북구,전남광주통합특별시 북구 두암동 853-26,한전주
35.17132,126.89735,1,북구,전남광주통합특별시 북구 신안동 470-19,한전주
35.17132,126.90531,1,북구,전남광주통합특별시 북구 신안동 211-24 부영통닭,한전주
35.17132,126.90666,1,북구,전남광주통합특별시 북구 중흥동 320-34,한전주
35.17132,126.92751,1,북구,전남광주통합특별시 북구 두암동 878-20,건축물
35.17133,126.90036,1,북구,전남광주통합특별시 북구 신안동 474-16,건축물
35.17133,126.90956,1,북구,전남광주통합특별시 북구 중흥동 331-58,한전주
35.17134,126.91666,1,북구,전남광주통합특별시 북구 중흥동 98,한전주
35.17135,126.87892,1,북구,전남광주통합특별시 북구 운암동 1525,건축물
35.17135,126.87909,1,북구,전남광주통합특별시 북구 운암동 1527,건축물
35.17135,126.91577,1,북구,전남광주통합특별시 북구 중흥동 127-2,건축물
35.17135,126.91619,1,북구,전남광주통합특별시 북구 중흥동 92-2,전용주
35.17136,126.89022,2,북구,전남광주통합특별시 북구 운암동 31-1,한전주
35.17136,126.90833,1,북구,전남광주통합특별시 북구 중흥동 331-17,한전주
35.17136,126.9311,1,북구,전남광주통합특별시 북구 두암동 854-16,전용주
35.17137,126.88628,1,북구,전남광주통합특별시 북구 운암동 415-15,한전주
35.17137,126.9056,1,북구,전남광주통합특별시 북구 신안동 211-3,한전주
35.17137,126.90731,1,북구,전남광주통합특별시 북구 중흥동 330-6,한전주
35.17137,126.90807,1,북구,전남광주통합특별시 북구 중흥동 330-19,한전주
35.17138,126.88792,1,북구,전남광주통합특별시 북구 운암동 418-55,한전주
35.17138,126.89096,1,북구,전남광주통합특별시 북구 운암동 1-14 광주종합배관,한전주
35.17138,126.91668,2,북구,전남광주통합특별시 북구 중흥동 98-8,전용주
35.17139,126.91729,1,북구,전남광주통합특별시 북구 중흥동 72-1,한전주
35.1714,126.8794,1,북구,전남광주통합특별시 북구 운암동 1500,한전주
35.1714,126.9091,1,북구,전남광주통합특별시 북구 중흥동 331-39,한전주
35.17141,126.88556,1,북구,전남광주통합특별시 북구 운암동 415-42,한전주
35.17141,126.92824,1,북구,전남광주통합특별시 북구 두암동 862-26,한전주
35.17143,126.88542,1,북구,전남광주통합특별시 북구 운암동 415-41,한전주
35.17143,126.92496,1,북구,전남광주통합특별시 북구 두암동 883-1,한전주
35.17143,126.92699,1,북구,전남광주통합특별시 북구 두암동 879-14,전용주
35.17143,127.0035,6,북구,전남광주통합특별시 북구 금곡동 22-1,건축물
35.17144,126.90605,1,북구,전남광주통합특별시 북구 중흥동 353-5,한전주
35.17144,126.93397,1,북구,전남광주통합특별시 북구 두암동 408-6,한전주
35.17145,126.88681,1,북구,전남광주통합특별시 북구 운암동 418-15,한전주
35.17145,126.88877,1,북구,전남광주통합특별시 북구 운암동 399-12,한전주
35.17145,126.93016,1,북구,전남광주통합특별시 북구 두암동 855-8,한전주
35.17146,126.89859,1,북구,전남광주통합특별시 북구 신안동 472-13,한전주
35.17146,126.90771,1,북구,전남광주통합특별시 북구 중흥동 330-10,한전주
35.17146,126.91247,1,북구,전남광주통합특별시 북구 중흥동 364-48,한전주
35.17147,126.88174,1,북구,전남광주통합특별시 북구 운암동 1467-1,한전주
35.17147,126.92801,1,북구,전남광주통합특별시 북구 두암동 861-33,한전주
35.17148,126.90289,1,북구,전남광주통합특별시 북구 신안동 476-55,한전주
35.17148,126.90785,1,북구,전남광주통합특별시 북구 중흥동 330-10 일리시아,전용주
35.17148,126.92831,1,북구,전남광주통합특별시 북구 두암동 862-27,한전주
35.17148,126.93147,1,북구,전남광주통합특별시 북구 두암동 854-33,한전주
35.17149,126.88714,1,북구,전남광주통합특별시 북구 운암동 418-3,한전주
35.17149,126.88877,1,북구,전남광주통합특별시 북구 운암동 399-12,한전주
35.17149,126.91638,1,북구,전남광주통합특별시 북구 중흥동 93-1,전용주
35.1715,126.88112,1,북구,전남광주통합특별시 북구 운암동 1458,한전주
35.1715,126.88118,1,북구,전남광주통합특별시 북구 운암동 1458,한전주
35.1715,126.93766,1,북구,전남광주통합특별시 북구 두암동 116-13,한전주
35.17151,126.87852,1,북구,전남광주통합특별시 북구 운암동 1517,건축물
35.17151,126.88383,1,북구,전남광주통합특별시 북구 운암동 413-16,한전주
35.17151,126.90674,1,북구,전남광주통합특별시 북구 중흥동 320-32,전용주
35.17151,126.90853,1,북구,전남광주통합특별시 북구 중흥동 331-28,한전주
35.17151,126.91002,1,북구,전남광주통합특별시 북구 중흥동 338-7,한전주
35.17151,126.91107,1,북구,전남광주통합특별시 북구 중흥동 357-33,한전주
35.17151,126.91767,1,북구,전남광주통합특별시 북구 중흥동 55,건축물
35.17151,126.96349,1,북구,전남광주통합특별시 북구 청풍동 474-3,한전주
35.17151,126.99759,1,북구,전남광주통합특별시 북구 금곡동 109-6,한전주
35.17152,126.87739,1,북구,전남광주통합특별시 북구 운암동 1370,한전주
35.17152,126.93492,1,북구,전남광주통합특별시 북구 두암동 915-13,한전주
35.17153,126.93782,1,북구,전남광주통합특별시 북구 두암동 116-7,전용주
35.17155,126.91623,1,북구,전남광주통합특별시 북구 중흥동 88-6,전용주
35.17156,126.88043,1,북구,전남광주통합특별시 북구 운암동 1475-4,한전주
35.17156,126.92725,1,북구,전남광주통합특별시 북구 두암동 879-10,한전주
35.17156,126.93305,1,북구,전남광주통합특별시 북구 두암동 852-9,한전주
35.17157,126.88683,1,북구,전남광주통합특별시 북구 운암동 418-1,한전주
35.17158,126.88614,1,북구,전남광주통합특별시 북구 운암동 415-4,한전주
35.17158,126.90741,1,북구,전남광주통합특별시 북구 중흥동 330-1,한전주
35.17158,126.92939,2,북구,전남광주통합특별시 북구 두암동 856-5,한전주
35.17159,126.87988,1,북구,전남광주통합특별시 북구 운암동 1474-2,한전주
35.17159,126.8894,1,북구,전남광주통합특별시 북구 운암동 400-36,한전주
35.17159,126.90562,1,북구,전남광주통합특별시 북구 중흥동 354-8,한전주
35.17159,126.90841,1,북구,전남광주통합특별시 북구 중흥동 331-15,한전주
35.17159,126.91011,1,북구,전남광주통합특별시 북구 중흥동 338-6,한전주
35.17159,126.91054,1,북구,전남광주통합특별시 북구 중흥동 338-76,한전주
35.1716,126.87966,1,북구,전남광주통합특별시 북구 운암동 1474,한전주
35.1716,126.88081,1,북구,전남광주통합특별시 북구 운암동 1492,한전주
35.1716,126.90692,1,북구,전남광주통합특별시 북구 중흥동 320-41,전용주
35.1716,126.91585,1,북구,전남광주통합특별시 북구 중흥동 252-34,전용주
35.1716,126.92761,1,북구,전남광주통합특별시 북구 두암동 878-1,한전주
35.17161,126.85459,1,서구,전남광주통합특별시 서구 동천동 146,한전주
35.17161,126.87839,1,북구,전남광주통합특별시 북구 운암동 1513,한전주
35.17161,126.88322,1,북구,전남광주통합특별시 북구 운암동 411-11,한전주
35.17161,126.8975,1,북구,전남광주통합특별시 북구 신안동 470-8,한전주
35.17161,126.90625,1,북구,전남광주통합특별시 북구 중흥동 353-6,한전주
35.17162,126.89175,5,북구,전남광주통합특별시 북구 신안동 351-11,한전주
35.17164,126.88551,1,북구,전남광주통합특별시 북구 운암동 415-10,한전주
35.17164,126.90545,1,북구,전남광주통합특별시 북구 신안동 224-4,한전주
35.17164,126.93068,1,북구,전남광주통합특별시 북구 두암동 848-11,한전주
35.17164,126.93134,1,북구,전남광주통합특별시 북구 두암동 854-56,한전주
35.17166,126.88303,1,북구,전남광주통합특별시 북구 운암동 411-9,한전주
35.17166,126.91589,1,북구,전남광주통합특별시 북구 중흥동 252-34,전용주
35.17167,126.91585,2,북구,전남광주통합특별시 북구 중흥동 252-34,전용주
35.17167,126.91691,1,북구,전남광주통합특별시 북구 중흥동 83-1,한전주
35.17167,126.9231,1,북구,전남광주통합특별시 북구 우산동 231-68,한전주
35.17168,126.87884,1,북구,전남광주통합특별시 북구 운암동 1503,한전주
35.17169,126.8791,1,북구,전남광주통합특별시 북구 운암동 1505,한전주
35.17169,126.88798,1,북구,전남광주통합특별시 북구 운암동 395-22,한전주
35.17169,126.88867,1,북구,전남광주통합특별시 북구 운암동 399-3,한전주
35.17169,126.89175,1,북구,전남광주통합특별시 북구 신안동 351-11,한전주
35.17169,126.9059,1,북구,전남광주통합특별시 북구 중흥동 354-6,전용주
35.17169,126.90698,1,북구,전남광주통합특별시 북구 중흥동 320-40,한전주
35.17169,126.929,1,북구,전남광주통합특별시 북구 두암동 856-15,한전주
35.17169,126.93699,1,북구,전남광주통합특별시 북구 두암동 85,전용주
35.1717,126.87852,1,북구,전남광주통합특별시 북구 운암동 1501,한전주
35.1717,126.8836,1,북구,전남광주통합특별시 북구 운암동 411-16,한전주
35.1717,126.90681,1,북구,전남광주통합특별시 북구 중흥동 320-68,건축물
35.1717,126.92071,1,북구,전남광주통합특별시 북구 우산동 187-11,한전주
35.1717,126.92531,1,북구,전남광주통합특별시 북구 두암동 883-1,한전주
35.17171,126.88489,1,북구,전남광주통합특별시 북구 운암동 414-2,한전주
35.17172,126.89034,1,북구,전남광주통합특별시 북구 운암동 32-22,한전주
35.17172,126.89781,1,북구,전남광주통합특별시 북구 신안동 470-33,한전주
35.17173,126.88391,1,북구,전남광주통합특별시 북구 운암동 413-2,한전주
35.17173,126.92179,1,북구,전남광주통합특별시 북구 우산동 189-40,한전주
35.17173,126.92764,1,북구,전남광주통합특별시 북구 두암동 861-14,한전주
35.17173,126.93206,1,북구,전남광주통합특별시 북구 두암동 853-3,전용주
35.17174,126.87817,1,북구,전남광주통합특별시 북구 운암동 1391-3,한전주
35.17174,126.88568,1,북구,전남광주통합특별시 북구 운암동 415-2,한전주
35.17174,126.88919,1,북구,전남광주통합특별시 북구 운암동 398-10,한전주
35.17175,126.89417,1,북구,전남광주통합특별시 북구 신안동 337-7,전용주
35.17175,126.90769,1,북구,전남광주통합특별시 북구 중흥동 332-34,건축물
35.17175,126.93034,1,북구,전남광주통합특별시 북구 두암동 848-20,한전주
35.17176,126.90616,1,북구,전남광주통합특별시 북구 중흥동 353-12,한전주
35.17176,126.92155,1,북구,전남광주통합특별시 북구 우산동 189-20,한전주
35.17177,126.87651,1,북구,전남광주통합특별시 북구 운암동 1344,한전주
35.17177,126.90546,1,북구,전남광주통합특별시 북구 신안동 224-6,한전주
35.17177,126.90968,1,북구,전남광주통합특별시 북구 중흥동 339-23,한전주
35.17178,126.90488,1,북구,전남광주통합특별시 북구 신안동 225-33,한전주
35.17178,126.91093,1,북구,전남광주통합특별시 북구 중흥동 338-27,한전주
35.17179,126.88229,1,북구,전남광주통합특별시 북구 운암동 1448,한전주
35.17179,126.8861,1,북구,전남광주통합특별시 북구 운암동 415-4 성도교회,한전주
35.17179,126.88969,1,북구,전남광주통합특별시 북구 운암동 400-32,한전주
35.17179,126.90653,1,북구,전남광주통합특별시 북구 중흥동 320-66,한전주
35.17179,126.92531,4,북구,전남광주통합특별시 북구 두암동 883-1,한전주
35.1718,126.88089,1,북구,전남광주통합특별시 북구 운암동 1430,한전주
35.1718,126.8833,1,북구,전남광주통합특별시 북구 운암동 411-23,한전주
35.1718,126.8874,1,북구,전남광주통합특별시 북구 운암동 395-27,한전주
35.17181,126.92287,1,북구,전남광주통합특별시 북구 우산동 231-71,한전주
35.17182,126.88797,1,북구,전남광주통합특별시 북구 운암동 395-21,한전주
35.17182,126.92181,1,북구,전남광주통합특별시 북구 우산동 189-38,한전주
35.17182,126.93496,2,북구,전남광주통합특별시 북구 두암동 145-17,한전주
35.17183,126.88424,1,북구,전남광주통합특별시 북구 운암동 413-8,한전주
35.17183,126.91715,1,북구,전남광주통합특별시 북구 중흥동 252-39,전용주
35.17183,126.93576,1,북구,전남광주통합특별시 북구 두암동 818-11,건축물
35.17184,126.87606,1,북구,전남광주통합특별시 북구 운암동 1341,한전주
35.17185,126.91035,1,북구,전남광주통합특별시 북구 중흥동 338-18,한전주
35.17185,126.92805,1,북구,전남광주통합특별시 북구 두암동 861-18,건축물
35.17186,126.88706,1,북구,전남광주통합특별시 북구 운암동 395-35,한전주
35.17186,126.90799,1,북구,전남광주통합특별시 북구 중흥동 332-25,전용주
35.17186,126.91125,1,북구,전남광주통합특별시 북구 중흥동 357-24,한전주
35.17186,126.91972,1,북구,전남광주통합특별시 북구 우산동 274-73,한전주
35.17186,126.92043,1,북구,전남광주통합특별시 북구 우산동 187-7,한전주
35.17186,126.92328,1,북구,전남광주통합특별시 북구 우산동 231-50,한전주
35.17186,126.99747,1,북구,전남광주통합특별시 북구 금곡동 109-6,한전주
35.17187,126.87584,1,북구,전남광주통합특별시 북구 운암동 1340,한전주
35.17187,126.88348,1,북구,전남광주통합특별시 북구 운암동 411-5,한전주
35.17187,126.88377,1,북구,전남광주통합특별시 북구 운암동 411-27,한전주
35.17187,126.88851,1,북구,전남광주통합특별시 북구 운암동 398-7,한전주
35.17187,126.88944,1,북구,전남광주통합특별시 북구 운암동 400-12,한전주
35.17187,126.93068,1,북구,전남광주통합특별시 북구 두암동 848-5,한전주
35.17187,126.93098,1,북구,전남광주통합특별시 북구 두암동 854-58,한전주
35.17188,126.88506,1,북구,전남광주통합특별시 북구 운암동 414-37,한전주
35.17188,126.88759,1,북구,전남광주통합특별시 북구 운암동 395-14,한전주
35.17188,126.93363,1,북구,전남광주통합특별시 북구 두암동 396-1,한전주
35.17189,126.87643,1,북구,전남광주통합특별시 북구 운암동 1639,한전주
35.17189,126.90576,1,북구,전남광주통합특별시 북구 신안동 224-11,한전주
35.17189,126.90765,1,북구,전남광주통합특별시 북구 중흥동 332-27,전용주
35.17189,126.91045,1,북구,전남광주통합특별시 북구 중흥동 338-20,한전주
35.17189,126.92038,1,북구,전남광주통합특별시 북구 우산동 187-3,
35.17189,126.92613,1,북구,전남광주통합특별시 북구 두암동 880-28,한전주
35.1719,126.87643,3,북구,전남광주통합특별시 북구 운암동 1639,한전주
35.1719,126.90923,1,북구,전남광주통합특별시 북구 중흥동 339-30,한전주
35.1719,126.91149,1,북구,전남광주통합특별시 북구 중흥동 357-7,건축물
35.1719,126.91233,1,북구,전남광주통합특별시 북구 중흥동 365-15,한전주
35.17191,126.91013,1,북구,전남광주통합특별시 북구 중흥동 338-1,한전주
35.17191,126.92639,1,북구,전남광주통합특별시 북구 두암동 880-59,한전주
35.17191,126.99764,1,북구,전남광주통합특별시 북구 금곡동 1034-4,한전주
35.17193,126.88665,1,북구,전남광주통합특별시 북구 운암동 394-36,한전주
35.17194,126.88372,1,북구,전남광주통합특별시 북구 운암동 411-26,한전주
35.17194,126.90728,1,북구,전남광주통합특별시 북구 중흥동 320-13,한전주
35.17194,126.91579,1,북구,전남광주통합특별시 북구 중흥동 249-250,한전주
35.17195,126.88106,1,북구,전남광주통합특별시 북구 운암동 1444 서울연마,한전주
35.17195,126.89012,1,북구,전남광주통합특별시 북구 운암동 33-11,한전주
35.17195,126.9064,1,북구,전남광주통합특별시 북구 중흥동 785-16,한전주
35.17195,126.90796,1,북구,전남광주통합특별시 북구 중흥동 332-20,전용주
35.17195,126.91691,1,북구,전남광주통합특별시 북구 중흥동 252-26,전용주
35.17195,126.93392,1,북구,전남광주통합특별시 북구 두암동 408-29,한전주
35.17196,126.92134,1,북구,전남광주통합특별시 북구 우산동 189-49,한전주
35.17197,126.91638,3,북구,전남광주통합특별시 북구 중흥동 822,한전주
35.17198,126.88893,1,북구,전남광주통합특별시 북구 운암동 398-13,한전주
35.17198,126.89012,1,북구,전남광주통합특별시 북구 운암동 33-11,건축물
35.17199,126.92532,1,북구,전남광주통합특별시 북구 두암동 880-17,한전주
35.17199,126.92808,1,북구,전남광주통합특별시 북구 두암동 861-24,한전주
35.172,126.88039,1,북구,전남광주통합특별시 북구 운암동 1427,한전주
35.172,126.88878,1,북구,전남광주통합특별시 북구 운암동 398-3,한전주
35.172,126.90528,1,북구,전남광주통합특별시 북구 신안동 225-10,전용주
35.172,126.90782,1,북구,전남광주통합특별시 북구 중흥동 332-19,전용주
35.17201,126.91269,1,북구,전남광주통합특별시 북구 중흥동 364-1 삼오유리앞,한전주
35.17201,126.92175,1,북구,전남광주통합특별시 북구 우산동 189-35,한전주
35.17202,126.87818,1,북구,전남광주통합특별시 북구 운암동 1388,한전주
35.17202,126.88666,1,북구,전남광주통합특별시 북구 운암동 394-34,한전주
35.17202,126.91946,1,북구,전남광주통합특별시 북구 중흥동 288-46,한전주
35.17203,126.90539,1,북구,전남광주통합특별시 북구 신안동 225-25,전용주
35.17203,126.90981,1,북구,전남광주통합특별시 북구 중흥동 339-4,한전주
35.17203,126.91932,1,북구,전남광주통합특별시 북구 중흥동 11-2,한전주
35.17203,126.96636,1,북구,전남광주통합특별시 북구 청풍동 562,전용주
35.17204,126.9227,1,북구,전남광주통합특별시 북구 우산동 231-73,한전주
35.17204,126.92834,1,북구,전남광주통합특별시 북구 두암동 857-36,전용주
35.17205,126.88614,1,북구,전남광주통합특별시 북구 운암동 394-10,한전주
35.17205,126.90898,1,북구,전남광주통합특별시 북구 중흥동 334-25,한전주
35.17206,126.92849,1,북구,전남광주통합특별시 북구 두암동 857-13,한전주
35.17206,126.93576,1,북구,전남광주통합특별시 북구 두암동 456-66,전용주
35.17207,126.91599,1,북구,전남광주통합특별시 북구 중흥동 252-37,전용주
35.17207,126.9604,1,북구,전남광주통합특별시 북구 청풍동 422,한전주
35.17208,126.88327,1,북구,전남광주통합특별시 북구 운암동 411-21 황궁쟁반짜장,한전주
35.17208,126.92622,1,북구,전남광주통합특별시 북구 두암동 880-30,한전주
35.17208,126.93544,1,북구,전남광주통합특별시 북구 두암동 456-59,한전주
35.17209,126.88246,1,북구,전남광주통합특별시 북구 운암2동 1447-1,한전주
35.17209,126.88821,1,북구,전남광주통합특별시 북구 운암동 398-1,한전주
35.17209,126.92144,1,북구,전남광주통합특별시 북구 우산동 189-48,한전주
35.1721,126.87972,1,북구,전남광주통합특별시 북구 운암동 1428,건축물
35.1721,126.87975,1,북구,전남광주통합특별시 북구 운암동 1428,건축물
35.1721,126.88572,1,북구,전남광주통합특별시 북구 운암동 394-11,한전주
35.1721,126.91029,1,북구,전남광주통합특별시 북구 중흥동 337-31,한전주
35.1721,126.92507,1,북구,전남광주통합특별시 북구 두암동 881-6,한전주
35.1721,126.93331,1,북구,전남광주통합특별시 북구 두암동 851-10,한전주
35.17211,126.87742,1,북구,전남광주통합특별시 북구 운암동 1374,한전주
35.17211,126.87748,1,북구,전남광주통합특별시 북구 운암동 1380,한전주
35.17211,126.91705,1,북구,전남광주통합특별시 북구 중흥동 252-17,전용주
35.17211,126.92205,1,북구,전남광주통합특별시 북구 우산동 189-30,한전주
35.17211,126.92881,1,북구,전남광주통합특별시 북구 두암동 856-1,한전주
35.17211,126.93007,1,북구,전남광주통합특별시 북구 두암동 847-36,한전주
35.17212,126.88207,1,북구,전남광주통합특별시 북구 운암동 1447 미성엔지니어링,한전주
35.17212,126.90778,1,북구,전남광주통합특별시 북구 중흥동 333-32,전용주
35.17212,126.92077,1,북구,전남광주통합특별시 북구 우산동 186-14,한전주
35.17212,126.93406,1,북구,전남광주통합특별시 북구 두암동 456-18,한전주
35.17213,126.88008,1,북구,전남광주통합특별시 북구 운암동 1427-1,한전주
35.17213,126.88172,1,북구,전남광주통합특별시 북구 운암동 1445 미성엔지니어링,한전주
35.17213,126.91133,1,북구,전남광주통합특별시 북구 중흥동 357-1,한전주
35.17213,126.92935,1,북구,전남광주통합특별시 북구 두암동 847-39,한전주
35.17214,126.8853,1,북구,전남광주통합특별시 북구 운암동 392-14,한전주
35.17214,126.90498,1,북구,전남광주통합특별시 북구 신안동 226-20,한전주
35.17215,126.8851,1,북구,전남광주통합특별시 북구 운암동 392-11,한전주
35.17216,126.91671,1,북구,전남광주통합특별시 북구 중흥동 252-2,한전주
35.17216,126.91695,1,북구,전남광주통합특별시 북구 중흥동 252-35,한전주
35.17216,126.919,1,북구,전남광주통합특별시 북구 중흥동 11,한전주
35.17216,126.92121,1,북구,전남광주통합특별시 북구 우산동 189-14,한전주
35.17217,126.8895,1,북구,전남광주통합특별시 북구 운암동 400-5,한전주
35.17218,126.90834,1,북구,전남광주통합특별시 북구 중흥동 333-19,한전주
35.17218,126.91955,1,북구,전남광주통합특별시 북구 중흥동 288-34,건축물
35.17218,126.92334,1,북구,전남광주통합특별시 북구 우산동 231-36,한전주
35.17219,126.87774,1,북구,전남광주통합특별시 북구 운암동 1384,한전주
35.17219,126.88722,1,북구,전남광주통합특별시 북구 운암동 395-29,한전주
35.17219,126.92655,1,북구,전남광주통합특별시 북구 두암동 880-36,전용주
35.1722,126.90685,1,북구,전남광주통합특별시 북구 중흥동 320-16,한전주
35.1722,126.93018,1,북구,전남광주통합특별시 북구 두암동 847-35,한전주
35.17221,126.87628,1,북구,전남광주통합특별시 북구 운암동 1327,한전주
35.17221,126.88843,1,북구,전남광주통합특별시 북구 운암동 397-15,건축물
35.17221,126.91588,1,북구,전남광주통합특별시 북구 중흥동 245-1,한전주
35.17221,126.93465,1,북구,전남광주통합특별시 북구 두암동 456-1,한전주
35.17221,126.93577,1,북구,전남광주통합특별시 북구 두암동 812-52,건축물
35.17222,126.87944,1,북구,전남광주통합특별시 북구 운암동 1416-1 에어라인,건축물
35.17223,126.87916,1,북구,전남광주통합특별시 북구 운암동 1416 태양식품,한전주
35.17223,126.91095,1,북구,전남광주통합특별시 북구 중흥동 337-3,한전주
35.17223,126.91108,8,북구,전남광주통합특별시 북구 중흥동 378-1,한전주
35.17223,126.93424,1,북구,전남광주통합특별시 북구 두암동 456-67,한전주
35.17224,126.87581,1,북구,전남광주통합특별시 북구 운암동 1323,한전주
35.17224,126.88417,1,북구,전남광주통합특별시 북구 운암동 451-19,한전주
35.17224,126.88669,1,북구,전남광주통합특별시 북구 운암동 394-8,한전주
35.17224,126.90907,1,북구,전남광주통합특별시 북구 중흥동 334-21,한전주
35.17224,126.91705,1,북구,전남광주통합특별시 북구 중흥동 241-2 중흥3동사무소뒷길,한전주
35.17224,126.96536,1,북구,전남광주통합특별시 북구 청풍동 498,한전주
35.17225,126.87833,1,북구,전남광주통합특별시 북구 운암동 1407 수기정밀,한전주
35.17225,126.90682,1,북구,전남광주통합특별시 북구 중흥동 320-16,한전주
35.17225,126.92906,1,북구,전남광주통합특별시 북구 두암동 847-23,한전주
35.17226,126.90593,1,북구,전남광주통합특별시 북구 중흥동 352,한전주
35.17226,126.90672,1,북구,전남광주통합특별시 북구 중흥동 320-1,한전주
35.17226,126.9088,1,북구,전남광주통합특별시 북구 중흥동 334-19,한전주
35.17226,126.92984,1,북구,전남광주통합특별시 북구 두암동 847-38,한전주
35.17227,126.88627,1,북구,전남광주통합특별시 북구 운암동 394-4,건축물
35.17227,126.91608,1,북구,전남광주통합특별시 북구 중흥동 244-2,전용주
35.17227,126.92244,1,북구,전남광주통합특별시 북구 우산동 231-77,한전주
35.17228,126.88295,1,북구,전남광주통합특별시 북구 운암동 449-9 버들어린이공원,한전주
35.17228,126.88598,1,북구,전남광주통합특별시 북구 운암동 394-24,한전주
35.17228,126.91108,1,북구,전남광주통합특별시 북구 중흥동 337-4,전용주
35.17228,126.96393,1,북구,전남광주통합특별시 북구 청풍동 476-4 청풍야영장,한전주
35.1723,126.90966,1,북구,전남광주통합특별시 북구 중흥동 335-18,전용주
35.1723,126.91282,1,북구,전남광주통합특별시 북구 중흥동 363-10 뉴민하우스앞,한전주
35.1723,126.92678,1,북구,전남광주통합특별시 북구 두암동 860-19,전용주
35.17231,126.90952,1,북구,전남광주통합특별시 북구 중흥동 335-2,한전주
35.17231,126.91846,1,북구,전남광주통합특별시 북구 중흥동 6,한전주
35.17231,126.92064,1,북구,전남광주통합특별시 북구 우산동 186-17,한전주
35.17231,126.93486,1,북구,전남광주통합특별시 북구 두암동 456-37,한전주
35.17232,126.90614,1,북구,전남광주통합특별시 북구 중흥동 351-4,한전주
35.17232,126.91864,1,북구,전남광주통합특별시 북구 중흥동 288-53,한전주
35.17232,126.93396,1,북구,전남광주통합특별시 북구 두암동 411-49,한전주
35.17233,126.88782,1,북구,전남광주통합특별시 북구 운암동 396-8,한전주
35.17233,126.90723,1,북구,전남광주통합특별시 북구 중흥동 333-4,전용주
35.17233,126.91819,1,북구,전남광주통합특별시 북구 중흥동 288-63,한전주
35.17233,126.92275,1,북구,전남광주통합특별시 북구 우산동 231-57,한전주
35.17233,126.92358,1,북구,전남광주통합특별시 북구 우산동 231-22,한전주
35.17233,126.96876,1,북구,전남광주통합특별시 북구 청풍동 1459,한전주
35.17234,126.88764,1,북구,전남광주통합특별시 북구 운암동 396-14,한전주
35.17234,126.91576,1,북구,전남광주통합특별시 북구 중흥동 285-1,전용주
35.17234,126.9209,1,북구,전남광주통합특별시 북구 우산동 186-10,한전주
35.17236,126.88237,1,북구,전남광주통합특별시 북구 운암동 448-29,한전주
35.17236,126.91644,1,북구,전남광주통합특별시 북구 중흥동 244-3,한전주
35.17236,126.92566,1,북구,전남광주통합특별시 북구 두암동 880-13,한전주
35.17237,126.88194,1,북구,전남광주통합특별시 북구 운암동 448-26,한전주
35.17238,126.88206,1,북구,전남광주통합특별시 북구 운암동 448-27,한전주
35.17238,126.88832,1,북구,전남광주통합특별시 북구 운암동 397-4,한전주
35.17238,126.90546,1,북구,전남광주통합특별시 북구 신안동 226-5,한전주
35.17238,126.92847,1,북구,전남광주통합특별시 북구 두암동 857-10,한전주
35.17239,126.8887,1,북구,전남광주통합특별시 북구 운암동 397-6,한전주
35.17239,126.92181,1,북구,전남광주통합특별시 북구 우산동 189-27,한전주
35.1724,126.85242,1,서구,전남광주통합특별시 서구 동천동 110,한전주
35.1724,126.92149,1,북구,전남광주통합특별시 북구 우산동 189-4,한전주
35.17241,126.9365,3,북구,전남광주통합특별시 북구 두암동 73,전용주
35.17242,126.88537,1,북구,전남광주통합특별시 북구 운암동 392-17,한전주
35.17242,126.92311,1,북구,전남광주통합특별시 북구 우산동 231-40,한전주
35.17242,126.92814,1,북구,전남광주통합특별시 북구 두암동 857-4,건축물
35.17242,126.93576,1,북구,전남광주통합특별시 북구 두암동 80-1,전용주
35.17243,126.93218,1,북구,전남광주통합특별시 북구 두암동 850-12,한전주
35.17244,126.92619,1,북구,전남광주통합특별시 북구 두암동 880-3,한전주
35.17245,126.92352,1,북구,전남광주통합특별시 북구 우산동 231-19,한전주
35.17246,126.92831,1,북구,전남광주통합특별시 북구 두암동 857-9,한전주
35.17247,126.8814,1,북구,전남광주통합특별시 북구 운암동 448-39,한전주
35.17247,126.93301,1,북구,전남광주통합특별시 북구 두암동 851-20,한전주
35.17248,126.88155,1,북구,전남광주통합특별시 북구 운암동 448-16,한전주
35.17248,126.88374,3,북구,전남광주통합특별시 북구 운암동 449-3,한전주
35.17248,126.88375,1,북구,전남광주통합특별시 북구 운암동 449-3,한전주
35.17248,126.8857,1,북구,전남광주통합특별시 북구 운암동 393-43,한전주
35.17248,126.90998,1,북구,전남광주통합특별시 북구 중흥동 335-35,전용주
35.17248,126.91718,1,북구,전남광주통합특별시 북구 중흥동 286-45,한전주
35.17248,126.92117,1,북구,전남광주통합특별시 북구 우산동 189-1,한전주
35.17249,126.88073,1,북구,전남광주통합특별시 북구 운암동 445-23,한전주
35.17249,126.91289,1,북구,전남광주통합특별시 북구 중흥동 363-10,한전주
35.17249,126.96572,1,북구,전남광주통합특별시 북구 청풍동 508-5,한전주
35.1725,126.91076,1,북구,전남광주통합특별시 북구 중흥동 336-10,한전주
35.17251,126.88033,1,북구,전남광주통합특별시 북구 운암동 445-7,한전주
35.17251,126.92414,1,북구,전남광주통합특별시 북구 우산동 208-12,한전주
35.17251,126.93562,1,북구,전남광주통합특별시 북구 두암동 812-8,한전주
35.17252,126.87873,1,북구,전남광주통합특별시 북구 운암동 444-20,한전주
35.17252,126.92023,1,북구,전남광주통합특별시 북구 우산동 186-26,건축물
35.17252,126.92244,1,북구,전남광주통합특별시 북구 우산동 190-2,한전주
35.17252,126.92247,1,북구,전남광주통합특별시 북구 우산동 190-2,한전주
35.17252,126.9225,46,북구,전남광주통합특별시 북구 우산동 190-2,한전주
35.17253,126.8505,6,서구,전남광주통합특별시 서구 유촌동 603,한전주
35.17254,126.87983,1,북구,전남광주통합특별시 북구 운암동 445-11,한전주
35.17254,126.88702,1,북구,전남광주통합특별시 북구 운암동 396-19,건축물
35.17254,126.89621,1,북구,전남광주통합특별시 북구 신안동 313-1,한전주
35.17255,126.91602,1,북구,전남광주통합특별시 북구 중흥동 286-32,한전주
35.17255,126.93562,1,북구,전남광주통합특별시 북구 두암동 812-8,한전주
35.17255,126.96654,1,북구,전남광주통합특별시 북구 청풍동 583,한전주
35.17256,126.85047,1,서구,전남광주통합특별시 서구 동천동 111,전용주
35.17256,126.87919,1,북구,전남광주통합특별시 북구 운암동 444-31,한전주
35.17256,126.91095,2,북구,전남광주통합특별시 북구 중흥동 336-3,한전주
35.17256,126.92041,1,북구,전남광주통합특별시 북구 우산동 186-5,건축물
35.17256,126.92083,1,북구,전남광주통합특별시 북구 우산동 186-8,건축물
35.17256,126.92371,1,북구,전남광주통합특별시 북구 우산동 231-8,한전주
35.17257,126.87973,1,북구,전남광주통합특별시 북구 운암동 445-10,한전주
35.17258,126.91679,1,북구,전남광주통합특별시 북구 중흥동 286-42,한전주
35.17259,126.87068,4,북구,전남광주통합특별시 북구 운암동 1293,건축물
35.17259,126.92586,1,북구,전남광주통합특별시 북구 두암동 880-1,한전주
35.17259,126.9337,1,북구,전남광주통합특별시 북구 두암동 411-3,한전주
35.17259,126.93417,2,북구,전남광주통합특별시 북구 두암동 812-55,한전주
35.1726,126.87944,1,북구,전남광주통합특별시 북구 운암동 444-21,한전주
35.1726,126.88194,1,북구,전남광주통합특별시 북구 운암동 448-17,한전주
35.1726,126.88241,1,북구,전남광주통합특별시 북구 운암동 448-21,한전주
35.1726,126.88592,1,북구,전남광주통합특별시 북구 운암동 393-19,건축물
35.1726,126.9164,1,북구,전남광주통합특별시 북구 중흥동 286-17,한전주
35.17261,126.87713,1,북구,전남광주통합특별시 북구 운암동 441-5,한전주
35.17261,126.91078,1,북구,전남광주통합특별시 북구 중흥동 336-7,전용주
35.17262,126.9234,1,북구,전남광주통합특별시 북구 우산동 231-4,한전주
35.17263,126.87901,1,북구,전남광주통합특별시 북구 운암동 444-27,한전주
35.17263,126.9162,1,북구,전남광주통합특별시 북구 중흥동 286-30,한전주
35.17264,126.91041,1,북구,전남광주통합특별시 북구 중흥동 336-6,한전주
35.17264,126.9235,1,북구,전남광주통합특별시 북구 우산동 231-6,한전주
35.17265,126.88048,1,북구,전남광주통합특별시 북구 운암동 445-4,한전주
35.17266,126.87812,1,북구,전남광주통합특별시 북구 운암동 442-4,한전주
35.17266,126.93095,1,북구,전남광주통합특별시 북구 두암동 849-40,한전주
35.17268,126.8799,1,북구,전남광주통합특별시 북구 운암동 445-2,한전주
35.17268,126.9298,1,북구,전남광주통합특별시 북구 두암동 846-27,전용주
35.17268,126.93462,1,북구,전남광주통합특별시 북구 두암동 455-5,한전주
35.17269,126.87742,1,북구,전남광주통합특별시 북구 운암동 441-6,한전주
35.17269,126.87754,1,북구,전남광주통합특별시 북구 운암동 441-6 성산교회,건축물
35.17269,126.88526,1,북구,전남광주통합특별시 북구 운암동 392-24,전용주
35.17269,126.96526,2,북구,전남광주통합특별시 북구 청풍동 1466,한전주
35.1727,126.87713,1,북구,전남광주통합특별시 북구 운암동 441-5,한전주
35.1727,126.93054,1,북구,전남광주통합특별시 북구 두암동 846-14,한전주
35.17271,126.84598,1,서구,전남광주통합특별시 서구 덕흥동 2-28,한전주
35.17272,126.87654,1,북구,전남광주통합특별시 북구 운암동 440-12,한전주
35.17272,126.8779,1,북구,전남광주통합특별시 북구 운암동 442-3,한전주
35.17273,126.87976,1,북구,전남광주통합특별시 북구 운암동 445-1,건축물
35.17273,126.8816,1,북구,전남광주통합특별시 북구 운암동 447-22,한전주
35.17273,126.96603,1,북구,전남광주통합특별시 북구 청풍동 569,한전주
35.17274,126.88342,1,북구,전남광주통합특별시 북구 운암동 450-22,한전주
35.17274,126.92812,1,북구,전남광주통합특별시 북구 두암동 844-21,건축물
35.17275,126.88316,1,북구,전남광주통합특별시 북구 운암동 450-20,한전주
35.17275,126.91055,1,북구,전남광주통합특별시 북구 중흥동 336-11,한전주
35.17275,126.93474,1,북구,전남광주통합특별시 북구 두암동 455-2,한전주
35.17276,126.87904,1,북구,전남광주통합특별시 북구 운암동 444-12,한전주
35.17276,126.92099,1,북구,전남광주통합특별시 북구 우산동 185-14,건축물
35.17276,126.92732,1,북구,전남광주통합특별시 북구 두암동 858-18,전용주
35.17277,126.91986,1,북구,전남광주통합특별시 북구 우산동 186-1 말바우시장 제2공영주차장,한전주
35.17277,126.92069,1,북구,전남광주통합특별시 북구 우산동 185-12,건축물
35.17277,126.93513,1,북구,전남광주통합특별시 북구 두암동 815-11,한전주
35.17278,126.87607,1,북구,전남광주통합특별시 북구 운암동 440-8,한전주
35.17278,126.87621,1,북구,전남광주통합특별시 북구 운암동 440-15,한전주
35.17278,127.00686,1,북구,전남광주통합특별시 북구 충효동 109-1,한전주
35.17279,126.9203,1,북구,전남광주통합특별시 북구 우산동 186-33,한전주
35.17279,126.93578,2,북구,전남광주통합특별시 북구 두암동 71-8,한전주
35.17279,126.96603,1,북구,전남광주통합특별시 북구 청풍동 569,한전주
35.1728,126.87592,1,북구,전남광주통합특별시 북구 운암동 440-10,건축물
35.1728,126.88148,1,북구,전남광주통합특별시 북구 운암동 447-21,한전주
35.1728,126.89031,4,북구,전남광주통합특별시 북구 운암동 1789,한전주
35.1728,126.89035,1,북구,전남광주통합특별시 북구 운암동 1789,한전주
35.17281,126.88117,1,북구,전남광주통합특별시 북구 운암동 447-12,한전주
35.17281,126.91486,1,북구,전남광주통합특별시 북구 중흥동 284-11,한전주
35.17282,126.8525,1,서구,전남광주통합특별시 서구 동천동 108-1,한전주
35.17282,126.91522,1,북구,전남광주통합특별시 북구 중흥동 284-26,한전주
35.17283,126.87488,1,북구,전남광주통합특별시 북구 운암동 780-37,한전주
35.17283,126.87974,1,북구,전남광주통합특별시 북구 운암동 446-10,한전주
35.17283,126.8808,1,북구,전남광주통합특별시 북구 운암동 446-21,한전주
35.17283,126.92368,1,북구,전남광주통합특별시 북구 우산동 202-20,한전주
35.17284,126.87743,1,북구,전남광주통합특별시 북구 운암동 441-7,한전주
35.17284,126.88055,1,북구,전남광주통합특별시 북구 운암동 446-16,한전주
35.17284,126.91837,1,북구,전남광주통합특별시 북구 우산동 171-16,한전주
35.17284,126.9203,1,북구,전남광주통합특별시 북구 우산동 185-23,건축물
35.17284,126.92078,1,북구,전남광주통합특별시 북구 우산동 185-11,건축물
35.17285,126.87775,1,북구,전남광주통합특별시 북구 운암동 442-21 숯총각네,한전주
35.17285,126.8817,1,북구,전남광주통합특별시 북구 운암동 447-24,전용주
35.17285,126.88378,1,북구,전남광주통합특별시 북구 운암동 450-28,한전주
35.17286,126.9205,1,북구,전남광주통합특별시 북구 우산동 185-21,건축물
35.17287,126.87384,1,북구,전남광주통합특별시 북구 운암동 780-74,한전주
35.17287,126.87421,1,북구,전남광주통합특별시 북구 운암동 780-63,한전주
35.17287,126.87565,1,북구,전남광주통합특별시 북구 운암동 780-6,한전주
35.17287,126.87569,1,북구,전남광주통합특별시 북구 운암동 780-6,한전주
35.17287,126.92042,1,북구,전남광주통합특별시 북구 우산동 185-22,전용주
35.17287,126.92946,1,북구,전남광주통합특별시 북구 두암동 846-4,한전주
35.17287,126.9344,1,북구,전남광주통합특별시 북구 두암동 454-8,한전주
35.17288,126.87384,1,북구,전남광주통합특별시 북구 운암동 780-74,한전주
35.17288,126.92022,1,북구,전남광주통합특별시 북구 우산동 185-24,건축물
35.17288,126.92363,1,북구,전남광주통합특별시 북구 우산동 202-20,한전주
35.17288,126.92899,1,북구,전남광주통합특별시 북구 두암동 844-8,한전주
35.17288,126.9346,1,북구,전남광주통합특별시 북구 두암동 455-16,전용주
35.17289,126.85836,1,북구,전남광주통합특별시 북구 동림동 900-45,한전주
35.17289,126.87857,1,북구,전남광주통합특별시 북구 운암2동 443-7,한전주
35.1729,126.87928,1,북구,전남광주통합특별시 북구 운암동 443-23,한전주
35.1729,126.88911,1,북구,전남광주통합특별시 북구 운암동 496-5,한전주
35.1729,126.91553,1,북구,전남광주통합특별시 북구 중흥동 284-23,한전주
35.1729,126.93002,1,북구,전남광주통합특별시 북구 두암동 846-10,한전주
35.17291,126.88135,1,북구,전남광주통합특별시 북구 운암동 447-14,건축물
35.17291,126.88996,1,북구,전남광주통합특별시 북구 운암동 110-58,한전주
35.17291,126.91892,1,북구,전남광주통합특별시 북구 우산동 172-20,한전주
35.17292,126.92276,1,북구,전남광주통합특별시 북구 우산동 190-4,한전주
35.17292,126.93052,1,북구,전남광주통합특별시 북구 두암동 833-61,한전주
35.17293,126.92108,1,북구,전남광주통합특별시 북구 우산동 185-8,건축물
35.17294,126.88026,1,북구,전남광주통합특별시 북구 운암동 446-7,한전주
35.17294,126.92348,1,북구,전남광주통합특별시 북구 우산동 201-31,한전주
35.17296,126.87311,1,북구,전남광주통합특별시 북구 운암동 782-51,건축물
35.17296,126.87897,1,북구,전남광주통합특별시 북구 운암동 443-5,한전주
35.17297,126.93082,1,북구,전남광주통합특별시 북구 두암동 828-18,한전주
35.17297,127.00755,1,북구,전남광주통합특별시 북구 충효동 117-2 금산교 남단,한전주
35.17298,126.88349,1,북구,전남광주통합특별시 북구 운암동 450-25,한전주
35.17298,126.92276,1,북구,전남광주통합특별시 북구 우산동 190-4,한전주
35.17298,126.9268,1,북구,전남광주통합특별시 북구 두암동 858-4,전용주
35.17298,126.92879,1,북구,전남광주통합특별시 북구 두암동 844-40,한전주
35.17299,126.87311,1,북구,전남광주통합특별시 북구 운암동 782-51,한전주
35.17299,126.92106,1,북구,전남광주통합특별시 북구 우산동 185-8,한전주
35.17299,126.92289,1,북구,전남광주통합특별시 북구 우산동 201-52 신아케이트,한전주
35.17299,126.92869,1,북구,전남광주통합특별시 북구 두암동 844-35,한전주
35.173,126.87971,1,북구,전남광주통합특별시 북구 운암동 446-33,한전주
35.173,126.88838,1,북구,전남광주통합특별시 북구 운암동 496-17,한전주
35.173,126.88986,1,북구,전남광주통합특별시 북구 운암동 110-54,한전주
35.17301,126.87408,1,북구,전남광주통합특별시 북구 운암동 780-54,한전주
35.17301,126.87755,1,북구,전남광주통합특별시 북구 운암동 441-9 돈구이,한전주
35.17301,126.88096,1,북구,전남광주통합특별시 북구 운암동 446-46,한전주
35.17301,126.88138,1,북구,전남광주통합특별시 북구 운암동 447-16,한전주
35.17301,126.91964,1,북구,전남광주통합특별시 북구 우산동 173-11,한전주
35.17302,126.88096,1,북구,전남광주통합특별시 북구 운암동 446-46,한전주
35.17302,126.88292,1,북구,전남광주통합특별시 북구 운암동 450-2,한전주
35.17302,126.88299,1,북구,전남광주통합특별시 북구 운암동 450-2,건축물
35.17302,126.88324,1,북구,전남광주통합특별시 북구 운암동 450-15,건축물
35.17302,126.93686,2,북구,전남광주통합특별시 북구 두암동 72-4,전용주
35.17303,126.8802,1,북구,전남광주통합특별시 북구 운암동 446-30,건축물
35.17303,126.93091,1,북구,전남광주통합특별시 북구 두암동 828-19,한전주
35.17303,126.93419,1,북구,전남광주통합특별시 북구 두암동 453-2,한전주
35.17304,126.84722,1,서구,전남광주통합특별시 서구 덕흥동 46,한전주
35.17304,126.8473,1,서구,전남광주통합특별시 서구 덕흥동 46,한전주
35.17304,126.87595,1,북구,전남광주통합특별시 북구 운암동 452,한전주
35.17304,126.88039,1,북구,전남광주통합특별시 북구 운암동 446-36,건축물
35.17304,126.88944,1,북구,전남광주통합특별시 북구 운암동 110-43,한전주
35.17304,126.93334,1,북구,전남광주통합특별시 북구 두암동 827-15,한전주
35.17305,126.87796,1,북구,전남광주통합특별시 북구 운암동 442-19,건축물
35.17305,126.88949,1,북구,전남광주통합특별시 북구 운암동 110-43,한전주
35.17305,126.96642,1,북구,전남광주통합특별시 북구 청풍동 573,한전주
35.17306,126.87595,1,북구,전남광주통합특별시 북구 운암동 452,한전주
35.17306,126.88209,1,북구,전남광주통합특별시 북구 운암동 447-4,건축물
35.17306,126.91409,1,북구,전남광주통합특별시 북구 중흥동 6-2,한전주
35.17306,126.91789,1,북구,전남광주통합특별시 북구 중흥동 269-11,건축물
35.17307,126.87437,2,북구,전남광주통합특별시 북구 운암동 780-50,한전주
35.17307,126.88189,1,북구,전남광주통합특별시 북구 운암동 447-3,한전주
35.17307,126.88809,1,북구,전남광주통합특별시 북구 운암동 495-36,전용주
35.17307,126.89566,1,북구,전남광주통합특별시 북구 신안동 310-6,한전주
35.17307,126.96097,1,북구,전남광주통합특별시 북구 청풍동 878-1,한전주
35.17308,126.87002,1,북구,전남광주통합특별시 북구 운암동 783-4,건축물
35.17308,126.88865,1,북구,전남광주통합특별시 북구 운암동 496-31,건축물
35.17308,126.92057,1,북구,전남광주통합특별시 북구 우산동 185-18,한전주
35.17309,126.88061,1,북구,전남광주통합특별시 북구 운암동 446-43,건축물
35.17309,126.91486,1,북구,전남광주통합특별시 북구 중흥동 284-8,한전주
35.17309,126.91734,1,북구,전남광주통합특별시 북구 중흥동 270-12,한전주
35.17309,126.9347,1,북구,전남광주통합특별시 북구 두암동 457-3,한전주
35.1731,126.87656,1,북구,전남광주통합특별시 북구 운암동 439-4,한전주
35.1731,126.87917,1,북구,전남광주통합특별시 북구 운암동 443-14,한전주
35.1731,126.88136,1,북구,전남광주통합특별시 북구 운암동 447-17,한전주
35.1731,126.91934,1,북구,전남광주통합특별시 북구 우산동 173-16,한전주
35.1731,126.92275,1,북구,전남광주통합특별시 북구 우산동 201-47,건축물
35.1731,126.9232,1,북구,전남광주통합특별시 북구 우산동 201-59,한전주
35.1731,126.96607,1,북구,전남광주통합특별시 북구 청풍동 571,한전주
35.17311,126.87704,1,북구,전남광주통합특별시 북구 운암동 441-2,한전주
35.17312,126.87388,1,북구,전남광주통합특별시 북구 운암동 780-12,한전주
35.17312,126.87608,1,북구,전남광주통합특별시 북구 운암동 439-7,한전주
35.17312,126.92088,1,북구,전남광주통합특별시 북구 우산동 184-18,건축물
35.17313,126.87778,1,북구,전남광주통합특별시 북구 운암동 442-1 에덴목욕탕,한전주
35.17313,126.88646,1,북구,전남광주통합특별시 북구 운암동 490-39,전용주
35.17313,126.8872,1,북구,전남광주통합특별시 북구 운암동 495-19,한전주
35.17313,126.92878,1,북구,전남광주통합특별시 북구 두암동 845-13,한전주
35.17313,126.93531,1,북구,전남광주통합특별시 북구 두암동 69,한전주
35.17314,126.87498,1,북구,전남광주통합특별시 북구 운암동 780-46,한전주
35.17314,126.91315,1,북구,전남광주통합특별시 북구 중흥동 361-29,한전주
35.17314,126.92385,1,북구,전남광주통합특별시 북구 우산동 202-23,한전주
35.17315,126.87758,1,북구,전남광주통합특별시 북구 운암동 441-9,건축물
35.17315,126.88885,1,북구,전남광주통합특별시 북구 운암동 496-21,한전주
35.17315,126.92255,1,북구,전남광주통합특별시 북구 우산동 201-68 신아케이트,한전주
35.17315,126.93443,2,북구,전남광주통합특별시 북구 두암동 815,한전주
35.17315,126.96053,1,북구,전남광주통합특별시 북구 청풍동 886-1,한전주
35.17316,126.92038,1,북구,전남광주통합특별시 북구 우산동 185-16,한전주
35.17317,126.88383,2,북구,전남광주통합특별시 북구 운암동 97-12,한전주
35.17317,126.88626,1,북구,전남광주통합특별시 북구 운암동 490-40,건축물
35.17318,126.89015,1,북구,전남광주통합특별시 북구 운암동 110-51,한전주
35.17318,126.91399,1,북구,전남광주통합특별시 북구 중흥동 280-15,한전주
35.17318,126.93431,1,북구,전남광주통합특별시 북구 두암동 454-14,한전주
35.17318,126.96522,1,북구,전남광주통합특별시 북구 청풍동 493-4,한전주
35.17318,126.96527,1,북구,전남광주통합특별시 북구 청풍동 493-4,한전주
35.17319,126.87726,1,북구,전남광주통합특별시 북구 운암동 441-17,한전주
35.17319,126.92071,1,북구,전남광주통합특별시 북구 우산동 184-19,한전주
35.1732,126.88335,1,북구,전남광주통합특별시 북구 운암동 97-31,한전주
35.1732,126.88832,1,북구,전남광주통합특별시 북구 운암동 496-12,한전주
35.1732,126.92115,1,북구,전남광주통합특별시 북구 우산동 184-11,한전주
35.1732,126.92615,1,북구,전남광주통합특별시 북구 두암동 859-12,한전주
35.1732,126.92701,1,북구,전남광주통합특별시 북구 두암동 858-8,한전주
35.17321,126.88762,1,북구,전남광주통합특별시 북구 운암동 495-47,건축물
35.17321,126.91698,1,북구,전남광주통합특별시 북구 중흥동 270-18,건축물
35.17321,126.91713,1,북구,전남광주통합특별시 북구 중흥동 270-29,한전주
35.17321,126.93666,1,북구,전남광주통합특별시 북구 두암동 산64-6,전용주
35.17322,126.87778,1,북구,전남광주통합특별시 북구 운암동 442-1 삼성부동산,건축물
35.17322,126.8831,1,북구,전남광주통합특별시 북구 운암동 97-16,한전주
35.17322,126.88675,2,북구,전남광주통합특별시 북구 운암동 490-34,건축물
35.17322,126.88776,1,북구,전남광주통합특별시 북구 운암동 495-51,한전주
35.17322,126.92478,1,북구,전남광주통합특별시 북구 우산동 208-2,한전주
35.17322,126.9356,1,북구,전남광주통합특별시 북구 두암동 67,한전주
35.17323,126.93579,1,북구,전남광주통합특별시 북구 두암동 71-4,한전주
35.17323,126.96267,1,북구,전남광주통합특별시 북구 청풍동 823,한전주
35.17324,126.88266,1,북구,전남광주통합특별시 북구 운암동 97-21,한전주
35.17324,126.88565,1,북구,전남광주통합특별시 북구 운암동 490-10,한전주
35.17324,126.88675,1,북구,전남광주통합특별시 북구 운암동 490-34,한전주
35.17324,126.91999,1,북구,전남광주통합특별시 북구 우산동 173-31,한전주
35.17325,126.87828,1,북구,전남광주통합특별시 북구 운암동 442-16,한전주
35.17325,126.87865,1,북구,전남광주통합특별시 북구 운암동 443-2,한전주
35.17326,126.87051,1,북구,전남광주통합특별시 북구 운암동 782-1,한전주
35.17326,126.87123,1,북구,전남광주통합특별시 북구 운암동 782-24,한전주
35.17326,126.87541,1,북구,전남광주통합특별시 북구 운암동 780-14,한전주
35.17326,126.91904,1,북구,전남광주통합특별시 북구 우산동 173-22,한전주
35.17327,126.92213,1,북구,전남광주통합특별시 북구 우산동 201-46 신아케이트,한전주
35.17328,126.8741,1,북구,전남광주통합특별시 북구 운암동 780-9,한전주
35.17328,126.87438,1,북구,전남광주통합특별시 북구 운암동 780-48,한전주
35.17328,126.93343,1,북구,전남광주통합특별시 북구 두암동 827-37,한전주
35.17328,126.96575,1,북구,전남광주통합특별시 북구 청풍동 614-1,한전주
35.17329,126.87105,1,북구,전남광주통합특별시 북구 운암동 782-18,한전주
35.17329,126.87476,1,북구,전남광주통합특별시 북구 운암동 780-27,한전주
35.17329,126.91606,1,북구,전남광주통합특별시 북구 중흥동 271-38,한전주
35.17329,126.91951,1,북구,전남광주통합특별시 북구 우산동 173-27,한전주
35.17329,126.92042,1,북구,전남광주통합특별시 북구 우산동 184-25,한전주
35.17329,126.936,1,북구,전남광주통합특별시 북구 두암동 65-9,전용주
35.1733,126.881,1,북구,전남광주통합특별시 북구 운암동 93-27,한전주
35.1733,126.88792,2,북구,전남광주통합특별시 북구 운암동 495-29,한전주
35.1733,126.88804,1,북구,전남광주통합특별시 북구 운암동 495-30,한전주
35.1733,126.9239,1,북구,전남광주통합특별시 북구 우산동 202-10,한전주
35.17331,126.88912,1,북구,전남광주통합특별시 북구 운암동 124-8,한전주
35.17331,126.92024,1,북구,전남광주통합특별시 북구 우산동 184-31,건축물
35.17332,126.87066,1,북구,전남광주통합특별시 북구 운암동 782-15,건축물
35.17332,126.92158,1,북구,전남광주통합특별시 북구 우산동 191-20 신아케이트,한전주
35.17333,126.88072,1,북구,전남광주통합특별시 북구 운암동 93-48,한전주
35.17334,126.88046,1,북구,전남광주통합특별시 북구 운암동 93-40,한전주
35.17334,126.88615,1,북구,전남광주통합특별시 북구 운암동 490-18,건축물
35.17335,126.88024,1,북구,전남광주통합특별시 북구 운암동 93-22,한전주
35.17335,126.8806,1,북구,전남광주통합특별시 북구 운암동 93-31,건축물
35.17335,126.88864,1,북구,전남광주통합특별시 북구 운암동 496-34,건축물
35.17336,126.84678,1,서구,전남광주통합특별시 서구 덕흥동 2-26,한전주
35.17336,126.91356,1,북구,전남광주통합특별시 북구 중흥동 378-10,한전주
35.17336,126.92931,1,북구,전남광주통합특별시 북구 두암동 845-25,한전주
35.17337,126.88733,1,북구,전남광주통합특별시 북구 운암동 495-44,한전주
35.17337,126.91785,1,북구,전남광주통합특별시 북구 중흥동 269-6,한전주
35.17338,126.8884,1,북구,전남광주통합특별시 북구 운암동 496-28,한전주
35.17338,126.92662,1,북구,전남광주통합특별시 북구 두암동 858-1,한전주
35.17339,126.86867,1,북구,전남광주통합특별시 북구 운암동 1190-18 서광고 진입로,건축물
35.17339,126.87542,1,북구,전남광주통합특별시 북구 운암동 780-13,한전주
35.17339,126.87567,1,북구,전남광주통합특별시 북구 운암동 780-19,한전주
35.17339,126.88746,1,북구,전남광주통합특별시 북구 운암동 495-3,한전주
35.17339,126.9168,1,북구,전남광주통합특별시 북구 중흥동 270-31,한전주
35.17339,126.92122,1,북구,전남광주통합특별시 북구 우산동 184-9,한전주
35.17339,126.92126,1,북구,전남광주통합특별시 북구 우산동 184-9,건축물
35.1734,126.92005,1,북구,전남광주통합특별시 북구 우산동 174-15,한전주
35.1734,126.93406,1,북구,전남광주통합특별시 북구 두암동 463-3,한전주
35.1734,126.96703,1,북구,전남광주통합특별시 북구 청풍동 602,한전주
35.17341,126.91585,1,북구,전남광주통합특별시 북구 중흥동 271-13,한전주
35.17341,126.93489,1,북구,전남광주통합특별시 북구 두암동 457-1,한전주
35.17341,126.99733,3,북구,전남광주통합특별시 북구 금곡동 399-1,한전주
35.17341,126.99735,1,북구,전남광주통합특별시 북구 금곡동 399-1,한전주
35.17341,126.99736,1,북구,전남광주통합특별시 북구 금곡동 399-1,한전주
35.17342,126.87984,2,북구,전남광주통합특별시 북구 운암동 93-9,한전주
35.17342,126.9198,1,북구,전남광주통합특별시 북구 우산동 174-19,한전주
35.17342,126.96396,1,북구,전남광주통합특별시 북구 청풍동 812-4,한전주
35.17343,126.85071,1,서구,전남광주통합특별시 서구 동천동 86,한전주
35.17343,126.88133,4,북구,전남광주통합특별시 북구 운암동 454-1,한전주
35.17343,126.92279,1,북구,전남광주통합특별시 북구 우산동 201-42,한전주
35.17343,126.95981,1,북구,전남광주통합특별시 북구 청풍동 922,한전주
35.17344,126.87781,1,북구,전남광주통합특별시 북구 운암동 442-1 건너편,건축물
35.17345,126.87758,1,북구,전남광주통합특별시 북구 운암동 441-8 건너편,건축물
35.17345,126.91914,1,북구,전남광주통합특별시 북구 우산동 173-1,한전주
35.17346,126.87124,1,북구,전남광주통합특별시 북구 운암동 782-22,한전주
35.17346,126.92965,1,북구,전남광주통합특별시 북구 두암동 833-25,한전주
35.17347,126.88009,1,북구,전남광주통합특별시 북구 운암동 93-45,건축물
35.17347,126.92784,2,북구,전남광주통합특별시 북구 두암동 843-15,전용주
35.17347,126.93345,1,북구,전남광주통합특별시 북구 두암동 827-45,한전주
35.17348,126.85071,1,서구,전남광주통합특별시 서구 동천동 86,한전주
35.17348,126.92077,1,북구,전남광주통합특별시 북구 우산동 184-5,한전주
35.17348,126.93579,1,북구,전남광주통합특별시 북구 두암동 63-8,한전주
35.17349,126.88088,1,북구,전남광주통합특별시 북구 운암동 93-24,건축물
35.17349,126.88861,1,북구,전남광주통합특별시 북구 운암동 496-1,한전주
35.17349,126.91476,1,북구,전남광주통합특별시 북구 중흥동 278-25,건축물
35.17349,126.92617,1,북구,전남광주통합특별시 북구 두암동 859-7,한전주
35.17351,126.91753,1,북구,전남광주통합특별시 북구 중흥동 268-20,한전주
35.17352,126.92685,1,북구,전남광주통합특별시 북구 두암동 843-8,한전주
35.17353,126.88028,1,북구,전남광주통합특별시 북구 운암동 93-8,건축물
35.17353,126.88544,1,북구,전남광주통합특별시 북구 운암동 489-1,건축물
35.17354,126.9155,1,북구,전남광주통합특별시 북구 중흥동 271-5,한전주
35.17354,126.91807,1,북구,전남광주통합특별시 북구 중흥동 269-29,건축물
35.17354,126.92011,1,북구,전남광주통합특별시 북구 우산동 174-13,한전주
35.17354,126.92136,1,북구,전남광주통합특별시 북구 우산동 183-6,건축물
35.17355,126.88691,1,북구,전남광주통합특별시 북구 운암동 493-52,한전주
35.17355,126.9668,1,북구,전남광주통합특별시 북구 청풍동 633,한전주
35.17356,126.88674,1,북구,전남광주통합특별시 북구 운암동 493-54,한전주
35.17356,126.9191,1,북구,전남광주통합특별시 북구 우산동 174-28,한전주
35.17356,126.92775,1,북구,전남광주통합특별시 북구 두암동 843-14,한전주
35.17356,126.93509,1,북구,전남광주통합특별시 북구 두암동 64,한전주
35.17357,126.93504,1,북구,전남광주통합특별시 북구 두암동 63-19,한전주
35.17358,126.99725,1,북구,전남광주통합특별시 북구 금곡동 409-3,한전주
35.17359,126.86852,1,북구,전남광주통합특별시 북구 운암동 산 160,건축물
35.17359,126.88106,1,북구,전남광주통합특별시 북구 운암동 93-35,한전주
35.1736,126.88228,1,북구,전남광주통합특별시 북구 운암동 94-5,한전주
35.1736,126.88615,1,북구,전남광주통합특별시 북구 운암동 491-29,한전주
35.1736,126.88826,1,북구,전남광주통합특별시 북구 운암동 494-28,한전주
35.1736,126.95926,1,북구,전남광주통합특별시 북구 청풍동 919,한전주
35.17361,126.88656,1,북구,전남광주통합특별시 북구 운암동 493-50,한전주
35.17361,126.92838,1,북구,전남광주통합특별시 북구 두암동 842-52,한전주
35.17362,126.87456,1,북구,전남광주통합특별시 북구 운암동 779-14,건축물
35.17362,126.87502,1,북구,전남광주통합특별시 북구 운암동 779-11,한전주
35.17362,126.88129,1,북구,전남광주통합특별시 북구 운암동 94-1,한전주
35.17362,126.88479,1,북구,전남광주통합특별시 북구 운암동 488-30,한전주
35.17362,126.88769,1,북구,전남광주통합특별시 북구 운암동 494-55,건축물
35.17363,126.87983,1,북구,전남광주통합특별시 북구 운암동 93-16,한전주
35.17363,126.88084,1,북구,전남광주통합특별시 북구 운암동 93-36,건축물
35.17363,126.8856,1,북구,전남광주통합특별시 북구 운암동 491-10,한전주
35.17363,126.91652,1,북구,전남광주통합특별시 북구 중흥동 271-21 동부시장,건축물
35.17364,126.87465,1,북구,전남광주통합특별시 북구 운암동 779-4,건축물
35.17364,126.87999,1,북구,전남광주통합특별시 북구 운암동 93-15,한전주
35.17364,126.88874,1,북구,전남광주통합특별시 북구 운암동 124-6,한전주
35.17364,126.88916,1,북구,전남광주통합특별시 북구 운암동 124-13,한전주
35.17364,126.88918,1,북구,전남광주통합특별시 북구 운암동 124-13,한전주
35.17364,126.92036,1,북구,전남광주통합특별시 북구 우산동 184-1,한전주
35.17364,126.93479,1,북구,전남광주통합특별시 북구 두암동 815-3,한전주
35.17365,126.88039,1,북구,전남광주통합특별시 북구 운암동 93-20,전용주
35.17366,126.88506,1,북구,전남광주통합특별시 북구 운암동 488-23,한전주
35.17366,126.9197,1,북구,전남광주통합특별시 북구 우산동 174-6,한전주
35.17366,126.93379,1,북구,전남광주통합특별시 북구 두암동 465-1,한전주
35.17366,126.96429,1,북구,전남광주통합특별시 북구 청풍동 810-3,한전주
35.17367,126.91893,1,북구,전남광주통합특별시 북구 우산동 170-6,한전주
35.17367,126.9197,1,북구,전남광주통합특별시 북구 우산동 174-6,한전주
35.17367,126.92283,1,북구,전남광주통합특별시 북구 우산동 201-69,한전주
35.17368,126.85272,1,서구,전남광주통합특별시 서구 동천동 84,한전주
35.17368,126.88199,1,북구,전남광주통합특별시 북구 운암동 94-12,한전주
35.17368,126.88874,1,북구,전남광주통합특별시 북구 운암동 124-6,건축물
35.17368,126.96429,1,북구,전남광주통합특별시 북구 청풍동 810-3,한전주
35.17369,126.8844,1,북구,전남광주통합특별시 북구 운암동 488-11,한전주
35.17369,126.92973,1,북구,전남광주통합특별시 북구 두암동 833-31,한전주
35.1737,126.86865,1,북구,전남광주통합특별시 북구 운암동 789-20 서광고 진입로,건축물
35.1737,126.8747,1,북구,전남광주통합특별시 북구 운암동 779-2,한전주
35.1737,126.88682,1,북구,전남광주통합특별시 북구 운암동 493-53,건축물
35.1737,126.92369,1,북구,전남광주통합특별시 북구 우산동 201-65,한전주
35.1737,126.92748,1,북구,전남광주통합특별시 북구 두암동 843-11,전용주
35.1737,126.93345,1,북구,전남광주통합특별시 북구 두암동 827-5,한전주
35.17371,126.95784,1,북구,전남광주통합특별시 북구 청풍동 898-2,한전주
35.17372,126.88578,1,북구,전남광주통합특별시 북구 운암동 491-13,한전주
35.17372,126.88973,3,북구,전남광주통합특별시 북구 운암동 110-11,한전주
35.17372,126.9187,1,북구,전남광주통합특별시 북구 우산동 170-8,한전주
35.17374,126.86147,1,북구,전남광주통합특별시 북구 동림동 899-5,한전주
35.17374,126.93405,1,북구,전남광주통합특별시 북구 두암동 462-8,한전주
35.17375,126.929,1,북구,전남광주통합특별시 북구 두암동 834-21,한전주
35.17376,126.88701,1,북구,전남광주통합특별시 북구 운암동 493-25,한전주
35.17376,126.91887,1,북구,전남광주통합특별시 북구 우산동 170-29,건축물
35.17376,126.93495,1,북구,전남광주통합특별시 북구 두암동 459-5,한전주
35.17377,126.86139,1,북구,전남광주통합특별시 북구 동림동 936-14,한전주
35.17377,126.96625,1,북구,전남광주통합특별시 북구 청풍동 622,건축물
35.17378,126.87985,1,북구,전남광주통합특별시 북구 운암동 93-1,한전주
35.17378,126.88758,1,북구,전남광주통합특별시 북구 운암동 494-49,건축물
35.17378,126.92727,1,북구,전남광주통합특별시 북구 두암동 843-4,한전주
35.1738,126.88719,1,북구,전남광주통합특별시 북구 운암동 493-24,건축물
35.17381,126.8825,1,북구,전남광주통합특별시 북구 운암동 96-26,한전주
35.17382,126.86861,1,북구,전남광주통합특별시 북구 운암동 789-20 서광고 진입로,건축물
35.17382,126.92026,1,북구,전남광주통합특별시 북구 우산동 175-36,한전주
35.17384,126.88109,1,북구,전남광주통합특별시 북구 운암동 92-31,한전주
35.17384,126.88778,1,북구,전남광주통합특별시 북구 운암동 494-15,한전주
35.17384,126.9132,1,북구,전남광주통합특별시 북구 중흥동 360-1,한전주
35.17385,126.88476,1,북구,전남광주통합특별시 북구 운암동 488-5,한전주
35.17385,126.8874,1,북구,전남광주통합특별시 북구 운암동 494-50,한전주
35.17385,126.9132,1,북구,전남광주통합특별시 북구 중흥동 360-1,한전주
35.17386,126.87521,1,북구,전남광주통합특별시 북구 운암동 407-10,건축물
35.17386,126.91659,1,북구,전남광주통합특별시 북구 중흥동 272 동부시장,전용주
35.17386,126.91817,1,북구,전남광주통합특별시 북구 중흥동 266-35,한전주
35.17386,126.91995,1,북구,전남광주통합특별시 북구 우산동 175-38,한전주
35.17386,126.92092,1,북구,전남광주통합특별시 북구 우산동 183-24,한전주
35.17386,126.93407,1,북구,전남광주통합특별시 북구 두암동 462-9,전용주
35.17388,126.93019,1,북구,전남광주통합특별시 북구 두암동 833-54,건축물
35.17389,126.86199,1,북구,전남광주통합특별시 북구 동림동 899-4,한전주
35.17389,126.87496,1,북구,전남광주통합특별시 북구 운암동 779-8,한전주
35.17389,126.8823,1,북구,전남광주통합특별시 북구 운암동 96-24,건축물
35.17389,126.91742,1,북구,전남광주통합특별시 북구 중흥동 268-11,한전주
35.17389,126.91922,1,북구,전남광주통합특별시 북구 우산동 174-1,한전주
35.1739,126.8884,1,북구,전남광주통합특별시 북구 운암동 124-7,한전주
35.1739,126.9141,1,북구,전남광주통합특별시 북구 중흥동 279-16,한전주
35.1739,126.91691,1,북구,전남광주통합특별시 북구 중흥동 268-2,한전주
35.1739,126.92113,1,북구,전남광주통합특별시 북구 우산동 183-26,한전주
35.17391,126.88261,1,북구,전남광주통합특별시 북구 운암동 96-5,한전주
35.17391,126.88419,1,북구,전남광주통합특별시 북구 운암동 487-23,건축물
35.17391,126.92216,6,북구,전남광주통합특별시 북구 우산동 234,한전주
35.17391,126.93315,1,북구,전남광주통합특별시 북구 두암동 826-39,전용주
35.17392,126.87327,4,북구,전남광주통합특별시 북구 운암동 782-6,한전주
35.17392,126.87515,1,북구,전남광주통합특별시 북구 운암동 407-5,한전주
35.17392,126.8864,1,북구,전남광주통합특별시 북구 운암동 491-28,한전주
35.17392,126.88682,1,북구,전남광주통합특별시 북구 운암동 493-34,건축물
35.17392,126.92495,1,북구,전남광주통합특별시 북구 우산동 203-25,한전주
35.17393,126.8827,1,북구,전남광주통합특별시 북구 운암동 96-5,한전주
35.17394,126.88067,1,북구,전남광주통합특별시 북구 운암동 92-44,한전주
35.17394,126.88082,1,북구,전남광주통합특별시 북구 운암동 92-43,한전주
35.17394,126.88833,1,북구,전남광주통합특별시 북구 운암동 124-7,한전주
35.17394,126.91765,1,북구,전남광주통합특별시 북구 중흥동 267-32,한전주
35.17394,126.92994,1,북구,전남광주통합특별시 북구 두암동 832-19,한전주
35.17394,126.93315,2,북구,전남광주통합특별시 북구 두암동 826-39,한전주
35.17394,126.96641,1,북구,전남광주통합특별시 북구 청풍동 630,건축물
35.17395,126.88003,1,북구,전남광주통합특별시 북구 운암동 92-19,한전주
35.17395,126.88674,1,북구,전남광주통합특별시 북구 운암동 493-33,한전주
35.17395,126.96051,3,북구,전남광주통합특별시 북구 청풍동 1473,건축물
35.17395,126.96059,1,북구,전남광주통합특별시 북구 청풍동 1473,전용주
35.17396,126.88017,1,북구,전남광주통합특별시 북구 운암동 92-20,한전주
35.17396,126.88772,1,북구,전남광주통합특별시 북구 운암동 494-45,건축물
35.17396,126.89713,1,북구,전남광주통합특별시 북구 용봉동 606-16,한전주
35.17398,126.84781,1,서구,전남광주통합특별시 서구 동천동 87,한전주
35.17398,126.88446,1,북구,전남광주통합특별시 북구 운암동 487-6,한전주
35.17398,126.92865,1,북구,전남광주통합특별시 북구 두암동 835-31,한전주
35.17398,126.93529,1,북구,전남광주통합특별시 북구 두암동 65-6,한전주
35.17401,126.8797,1,북구,전남광주통합특별시 북구 운암동 69-5,한전주
35.17402,126.88004,1,북구,전남광주통합특별시 북구 운암동 92-7,한전주
35.17402,126.882,1,북구,전남광주통합특별시 북구 운암동 96-44,한전주
35.17402,126.92019,1,북구,전남광주통합특별시 북구 우산동 175-5,건축물
35.17402,127.01149,1,북구,전남광주통합특별시 북구 충효동 135 물탱크앞,한전주
35.17403,126.88899,1,북구,전남광주통합특별시 북구 운암동 113-4,한전주
35.17403,126.96629,1,북구,전남광주통합특별시 북구 청풍동 629,한전주
35.17404,126.87209,1,북구,전남광주통합특별시 북구 운암동 781-4,한전주
35.17404,126.87445,1,북구,전남광주통합특별시 북구 운암동 376-12,한전주
35.17404,126.87447,2,북구,전남광주통합특별시 북구 운암동 376-12,건축물
35.17404,126.88078,1,북구,전남광주통합특별시 북구 운암동 92-12,한전주
35.17404,126.88502,1,북구,전남광주통합특별시 북구 운암동 483-62,건축물
35.17404,126.88899,1,북구,전남광주통합특별시 북구 운암동 113-4,한전주
35.17405,126.88526,1,북구,전남광주통합특별시 북구 운암동 483-38,건축물
35.17405,126.9659,3,북구,전남광주통합특별시 북구 청풍동 625,건축물
35.17406,126.87209,2,북구,전남광주통합특별시 북구 운암동 781-4,한전주
35.17406,126.9339,1,북구,전남광주통합특별시 북구 두암동 812-6,한전주
35.17407,126.88702,1,북구,전남광주통합특별시 북구 운암동 493-30,건축물
35.17407,126.91432,1,북구,전남광주통합특별시 북구 중흥동 277-25,한전주
35.17408,126.88102,1,북구,전남광주통합특별시 북구 운암동 92-5,한전주
35.17409,126.87128,1,북구,전남광주통합특별시 북구 운암동 791-2,한전주
35.17409,126.87281,1,북구,전남광주통합특별시 북구 운암동 781-6 대자카세차장,건축물
35.17409,126.9211,1,북구,전남광주통합특별시 북구 우산동 182-21,한전주
35.1741,126.91374,1,북구,전남광주통합특별시 북구 중흥동 279-42,한전주
35.1741,126.92157,1,북구,전남광주통합특별시 북구 우산동 182-24,한전주
35.1741,126.93082,1,북구,전남광주통합특별시 북구 두암동 828-26,한전주
35.1741,126.93502,1,북구,전남광주통합특별시 북구 두암동 62-1,한전주
35.1741,126.96432,1,북구,전남광주통합특별시 북구 청풍동 810-10,한전주
35.17411,126.88771,1,북구,전남광주통합특별시 북구 운암동 494-2,한전주
35.17412,126.8799,1,북구,전남광주통합특별시 북구 운암동 92-8,한전주
35.17412,126.88658,1,북구,전남광주통합특별시 북구 운암동 492-37,건축물
35.17413,126.88601,1,북구,전남광주통합특별시 북구 운암동 491-24,한전주
35.17414,126.89528,1,북구,전남광주통합특별시 북구 신안동 283-16,한전주
35.17414,126.9314,1,북구,전남광주통합특별시 북구 두암동 830-8,한전주
35.17415,126.88629,1,북구,전남광주통합특별시 북구 운암동 491-21,한전주
35.17416,126.88416,3,북구,전남광주통합특별시 북구 운암동 487-19,건축물
35.17416,126.89653,1,북구,전남광주통합특별시 북구 용봉동 696-61,한전주
35.17418,126.88416,1,북구,전남광주통합특별시 북구 운암동 487-19,한전주
35.17419,126.91997,1,북구,전남광주통합특별시 북구 우산동 175-33,한전주
35.17419,126.9235,1,북구,전남광주통합특별시 북구 우산동 200-37,한전주
35.1742,126.93057,1,북구,전남광주통합특별시 북구 두암동 832-29,한전주
35.17421,126.87527,1,북구,전남광주통합특별시 북구 운암동 377-22,한전주
35.17421,126.88909,1,북구,전남광주통합특별시 북구 운암동 112-3,한전주
35.17421,126.93434,1,북구,전남광주통합특별시 북구 두암동 460-48,한전주
35.17422,126.87424,1,북구,전남광주통합특별시 북구 운암동 802-8,한전주
35.17422,126.91777,1,북구,전남광주통합특별시 북구 중흥동 267-33,한전주
35.17422,126.93388,1,북구,전남광주통합특별시 북구 두암동 515-1,한전주
35.17424,126.87572,1,북구,전남광주통합특별시 북구 운암동 406-7,한전주
35.17424,126.88535,1,북구,전남광주통합특별시 북구 운암동 483-31,건축물
35.17424,126.88698,1,북구,전남광주통합특별시 북구 운암동 493-3,한전주
35.17424,126.91594,1,북구,전남광주통합특별시 북구 중흥동 273-23,건축물
35.17424,126.92036,2,북구,전남광주통합특별시 북구 우산동 176-12,한전주
35.17424,126.93067,1,북구,전남광주통합특별시 북구 두암동 832-28,한전주
35.17425,126.88608,1,북구,전남광주통합특별시 북구 운암동 491-1,건축물
35.17425,126.93204,1,북구,전남광주통합특별시 북구 두암동 829-8,한전주
35.17426,126.93443,2,북구,전남광주통합특별시 북구 두암동 460-22,한전주
35.17426,126.93446,1,북구,전남광주통합특별시 북구 두암동 460-22,한전주
35.17427,126.92129,1,북구,전남광주통합특별시 북구 우산동 182-6,한전주
35.17427,126.93382,1,북구,전남광주통합특별시 북구 두암동 515-1,한전주
35.17428,126.91668,1,북구,전남광주통합특별시 북구 중흥동 273-9,건축물
35.17428,126.91916,1,북구,전남광주통합특별시 북구 우산동 170-20,한전주
35.17428,126.92257,1,북구,전남광주통합특별시 북구 우산동 193-27,한전주
35.17429,126.92773,1,북구,전남광주통합특별시 북구 두암동 842-11,건축물
35.17429,126.92826,1,북구,전남광주통합특별시 북구 두암동 836-41,한전주
35.1743,126.89382,1,북구,전남광주통합특별시 북구 신안동 307-1,한전주
35.1743,126.91955,1,북구,전남광주통합특별시 북구 우산동 175-16,한전주
35.17431,126.87449,1,북구,전남광주통합특별시 북구 운암동 802-6,건축물
35.17431,126.8874,1,북구,전남광주통합특별시 북구 운암동 493-7,한전주
35.17431,126.88766,1,북구,전남광주통합특별시 북구 운암동 493-14,한전주
35.17432,126.96011,1,북구,전남광주통합특별시 북구 청풍동 935,한전주
35.17433,126.88676,1,북구,전남광주통합특별시 북구 운암동 492-5,전용주
35.17433,126.91613,1,북구,전남광주통합특별시 북구 중흥동 4,한전주
35.17433,126.92863,1,북구,전남광주통합특별시 북구 두암동 836-37,전용주
35.17433,126.92966,1,북구,전남광주통합특별시 북구 두암동 831-18,한전주
35.17434,126.93474,1,북구,전남광주통합특별시 북구 두암동 460-43,한전주
35.17435,126.91399,1,북구,전남광주통합특별시 북구 중흥동 279-31,한전주
35.17435,126.92158,1,북구,전남광주통합특별시 북구 우산동 181-29,한전주
35.17435,126.92454,1,북구,전남광주통합특별시 북구 우산동 203-1,한전주
35.17436,126.88,1,북구,전남광주통합특별시 북구 운암동 92-32,한전주
35.17436,126.89505,1,북구,전남광주통합특별시 북구 신안동 284-2,한전주
35.17436,126.92087,1,북구,전남광주통합특별시 북구 우산동 182-3,한전주
35.17436,126.93477,1,북구,전남광주통합특별시 북구 두암동 460-43,한전주
35.17436,126.96011,1,북구,전남광주통합특별시 북구 청풍동 935,한전주
35.17436,127.0115,1,북구,전남광주통합특별시 북구 충효동 136,한전주
35.17437,126.92379,1,북구,전남광주통합특별시 북구 우산동 199-12,한전주
35.17437,126.92521,1,북구,전남광주통합특별시 북구 우산동 204-18,한전주
35.17437,126.92874,1,북구,전남광주통합특별시 북구 두암동 836-36,한전주
35.17438,126.84781,2,서구,전남광주통합특별시 서구 동천동 62,한전주
35.17438,126.87449,1,북구,전남광주통합특별시 북구 운암동 802-6,한전주
35.17438,126.87527,1,북구,전남광주통합특별시 북구 운암동 377-19,한전주
35.17438,126.8806,1,북구,전남광주통합특별시 북구 운암동 92-3,한전주
35.17438,126.8811,1,북구,전남광주통합특별시 북구 운암동 92-4,한전주
35.17438,126.88732,1,북구,전남광주통합특별시 북구 운암동 493-44,한전주
35.17438,126.91612,1,북구,전남광주통합특별시 북구 중흥동 4,한전주
35.17438,126.91613,27,북구,전남광주통합특별시 북구 중흥동 4,한전주
35.17438,126.91804,1,북구,전남광주통합특별시 북구 중흥동 266-13,한전주
35.17438,126.92699,1,북구,전남광주통합특별시 북구 두암동 841-20,한전주
35.17439,126.87242,1,북구,전남광주통합특별시 북구 운암동 805-10,전용주
35.17439,126.88716,1,북구,전남광주통합특별시 북구 운암동 493-40,한전주
35.17439,126.91613,1,북구,전남광주통합특별시 북구 중흥동 4,한전주
35.17439,126.91927,1,북구,전남광주통합특별시 북구 우산동 170-1,한전주
35.1744,126.87128,1,북구,전남광주통합특별시 북구 운암동 790-3,한전주
35.1744,126.8806,1,북구,전남광주통합특별시 북구 운암동 92-3,한전주
35.1744,126.89453,1,북구,전남광주통합특별시 북구 용봉동 1411-4 주음성교회앞건너,한전주
35.1744,126.91526,1,북구,전남광주통합특별시 북구 중흥동 276-21,전용주
35.1744,126.91669,1,북구,전남광주통합특별시 북구 중흥동 273-7,한전주
35.17441,126.92733,1,북구,전남광주통합특별시 북구 두암동 842-3,한전주
35.17442,126.8838,1,북구,전남광주통합특별시 북구 운암동 487-32,한전주
35.17442,126.88829,2,북구,전남광주통합특별시 북구 운암동 124-1,한전주
35.17442,126.88903,1,북구,전남광주통합특별시 북구 운암동 114-3,한전주
35.17442,127.00982,1,북구,전남광주통합특별시 북구 충효동 148-2,한전주
35.17443,126.88557,1,북구,전남광주통합특별시 북구 운암동 483-8,전용주
35.17443,126.91746,1,북구,전남광주통합특별시 북구 중흥동 265-17,한전주
35.17443,126.96496,1,북구,전남광주통합특별시 북구 청풍동 793-1,한전주
35.17444,126.8964,1,북구,전남광주통합특별시 북구 용봉동 696-5,한전주
35.17445,126.91572,1,북구,전남광주통합특별시 북구 중흥동 273-30,전용주
35.17446,126.87179,1,북구,전남광주통합특별시 북구 운암동 812-2,한전주
35.17446,126.88548,1,북구,전남광주통합특별시 북구 운암동 483-58,한전주
35.17446,126.92419,1,북구,전남광주통합특별시 북구 우산동 199-8,한전주
35.17446,126.92931,1,북구,전남광주통합특별시 북구 두암동 835-13,한전주
35.17446,126.96522,1,북구,전남광주통합특별시 북구 청풍동 788-1,한전주
35.17447,126.87366,1,북구,전남광주통합특별시 북구 운암동 803-12,한전주
35.17447,126.88135,1,북구,전남광주통합특별시 북구 운암동 96-11,한전주
35.17447,126.91898,1,북구,전남광주통합특별시 북구 우산동 170-13,한전주
35.17447,126.92895,2,북구,전남광주통합특별시 북구 두암동 836-23,한전주
35.17447,126.92897,1,북구,전남광주통합특별시 북구 두암동 836-23,한전주
35.17447,126.93504,1,북구,전남광주통합특별시 북구 두암동 61-10,한전주
35.17448,126.93085,1,북구,전남광주통합특별시 북구 두암동 830-17,한전주
35.17449,126.92234,1,북구,전남광주통합특별시 북구 우산동 193-7,한전주
35.17449,126.9279,1,북구,전남광주통합특별시 북구 두암동 836-45,한전주
35.17449,126.93435,1,북구,전남광주통합특별시 북구 두암동 460-46,한전주
35.17451,126.8749,1,북구,전남광주통합특별시 북구 운암동 374-14,한전주
35.17451,126.87498,1,북구,전남광주통합특별시 북구 운암동 374-14,한전주
35.17451,126.92034,1,북구,전남광주통합특별시 북구 우산동 176-9,한전주
35.17452,126.88345,1,북구,전남광주통합특별시 북구 운암동 487-36,한전주
35.17452,126.88565,1,북구,전남광주통합특별시 북구 운암동 483-10,한전주
35.17452,126.91446,1,북구,전남광주통합특별시 북구 중흥동 276-32,한전주
35.17453,126.87345,1,북구,전남광주통합특별시 북구 운암동 803-10 옥산건설,한전주
35.17453,126.88359,1,북구,전남광주통합특별시 북구 운암동 487-29,건축물
35.17453,126.91387,1,북구,전남광주통합특별시 북구 중흥동 279-26,한전주
35.17453,126.93413,1,북구,전남광주통합특별시 북구 두암동 461-14,한전주
35.17454,126.87383,1,북구,전남광주통합특별시 북구 운암동 829-1,건축물
35.17454,126.91953,1,북구,전남광주통합특별시 북구 우산동 176-19,한전주
35.17455,126.91834,1,북구,전남광주통합특별시 북구 중흥동 266-3,한전주
35.17455,126.92766,1,북구,전남광주통합특별시 북구 두암동 839-6,한전주
35.17455,126.93272,1,북구,전남광주통합특별시 북구 두암동 825-8,전용주
35.17456,126.9435,1,북구,전남광주통합특별시 북구 두암2동 참판골,한전주
35.17456,126.94397,1,북구,전남광주통합특별시 북구 두암2동 참판골,한전주
35.17456,126.94453,1,북구,전남광주통합특별시 북구 두암2동 참판골,한전주
35.17457,126.87318,1,북구,전남광주통합특별시 북구 운암동 828-2,건축물
35.17457,126.89665,1,북구,전남광주통합특별시 북구 용봉동 605-9,한전주
35.17457,126.93066,1,북구,전남광주통합특별시 북구 두암동 832-12,한전주
35.17458,126.87464,1,북구,전남광주통합특별시 북구 운암동 374-12,한전주
35.17458,126.88633,1,북구,전남광주통합특별시 북구 운암동 492-14,한전주
35.17458,126.89526,1,북구,전남광주통합특별시 북구 용봉동 1412-11,한전주
35.17458,126.96448,1,북구,전남광주통합특별시 북구 청풍동 804,한전주
35.17459,126.87209,1,북구,전남광주통합특별시 북구 운암동 825-3,한전주
35.17459,126.91406,1,북구,전남광주통합특별시 북구 중흥동 279-10,건축물
35.17459,127.00959,1,북구,전남광주통합특별시 북구 충효동 122-1,한전주
35.1746,126.8801,1,북구,전남광주통합특별시 북구 운암동 91-20,건축물
35.1746,126.88662,1,북구,전남광주통합특별시 북구 운암동 492-33,한전주
35.1746,126.89656,1,북구,전남광주통합특별시 북구 용봉동 605-7,한전주
35.1746,126.92,1,북구,전남광주통합특별시 북구 우산동 176-5,한전주
35.1746,126.94502,1,북구,전남광주통합특별시 북구 두암2동 참판골,한전주
35.17461,126.88627,4,북구,전남광주통합특별시 북구 운암동 497,한전주
35.17461,126.89691,1,북구,전남광주통합특별시 북구 용봉동 605-10,건축물
35.17462,126.92056,1,북구,전남광주통합특별시 북구 우산동 177-35,한전주
35.17462,126.9221,1,북구,전남광주통합특별시 북구 우산동 194-11,한전주
35.17462,126.93193,1,북구,전남광주통합특별시 북구 두암동 829-12,한전주
35.17462,126.93474,1,북구,전남광주통합특별시 북구 두암동 460-24,한전주
35.17463,126.86223,1,북구,전남광주통합특별시 북구 동림동 531-4,건축물
35.17463,126.8729,1,북구,전남광주통합특별시 북구 운암동 824,전용주
35.17463,126.89642,1,북구,전남광주통합특별시 북구 용봉동 696-19,건축물
35.17464,126.88107,1,북구,전남광주통합특별시 북구 운암동 90-38,한전주
35.17464,126.94554,1,북구,전남광주통합특별시 북구 두암2동 참판골,한전주
35.17464,126.95982,1,북구,전남광주통합특별시 북구 청풍동 942,한전주
35.17465,126.8868,1,북구,전남광주통합특별시 북구 운암동 492-20,한전주
35.17466,126.87385,1,북구,전남광주통합특별시 북구 운암동 831,한전주
35.17466,126.88101,1,북구,전남광주통합특별시 북구 운암동 90-38,건축물
35.17466,126.89477,2,북구,전남광주통합특별시 북구 용봉동 1411-6,한전주
35.17466,126.91525,1,북구,전남광주통합특별시 북구 중흥동 276-11,건축물
35.17466,126.93474,1,북구,전남광주통합특별시 북구 두암동 460-24,한전주
35.17467,126.8582,1,북구,전남광주통합특별시 북구 동림동 944-5,한전주
35.17468,126.873,1,북구,전남광주통합특별시 북구 운암동 827-2,한전주
35.17468,126.89421,1,북구,전남광주통합특별시 북구 용봉동 1411-1,한전주
35.17468,126.92332,1,북구,전남광주통합특별시 북구 우산동 199-2,한전주
35.17468,126.93493,1,북구,전남광주통합특별시 북구 두암동 460-33,한전주
35.17468,126.96026,1,북구,전남광주통합특별시 북구 청풍동 941-3,한전주
35.17469,126.92137,1,북구,전남광주통합특별시 북구 우산동 181-5,한전주
35.17469,126.93253,1,북구,전남광주통합특별시 북구 두암동 825-9,한전주
35.1747,126.8871,1,북구,전남광주통합특별시 북구 운암동 492-27,전용주
35.1747,126.88894,1,북구,전남광주통합특별시 북구 운암동 114-4,한전주
35.1747,126.9198,1,북구,전남광주통합특별시 북구 우산동 176-34,한전주
35.1747,126.92961,2,북구,전남광주통합특별시 북구 두암동 837-5,전용주
35.1747,127.01084,1,북구,전남광주통합특별시 북구 충효동 145,한전주
35.17471,126.88094,1,북구,전남광주통합특별시 북구 운암동 90-36,한전주
35.17471,126.88853,2,북구,전남광주통합특별시 북구 운암동 123-4,한전주
35.17471,126.946,1,북구,전남광주통합특별시 북구 두암2동 참판골,한전주
35.17472,126.9649,1,북구,전남광주통합특별시 북구 청풍동 783,건축물
35.17473,126.88564,1,북구,전남광주통합특별시 북구 운암동 482-43,건축물
35.17473,126.89664,1,북구,전남광주통합특별시 북구 용봉동 605-5,한전주
35.17473,126.9302,1,북구,전남광주통합특별시 북구 두암동 831-6,한전주
35.17473,126.96467,1,북구,전남광주통합특별시 북구 청풍동 781,한전주
35.17474,126.87207,1,북구,전남광주통합특별시 북구 운암동 814-1,한전주
35.17475,126.87335,1,북구,전남광주통합특별시 북구 운암동 833 생활용품할인매장,한전주
35.17475,126.92552,1,북구,전남광주통합특별시 북구 우산동 205-18,한전주
35.17475,126.96273,1,북구,전남광주통합특별시 북구 청풍동 830-2,한전주
35.17476,126.87562,1,북구,전남광주통합특별시 북구 운암동 377-9,한전주
35.17477,126.9352,1,북구,전남광주통합특별시 북구 두암동 61,한전주
35.17477,126.96597,1,북구,전남광주통합특별시 북구 청풍동 671,건축물
35.17478,126.92315,1,북구,전남광주통합특별시 북구 우산동 199-1,한전주
35.17478,126.94302,1,북구,전남광주통합특별시 북구 두암2동 참판골,한전주
35.17479,126.92113,1,북구,전남광주통합특별시 북구 우산동 181-3,한전주
35.1748,126.92102,1,북구,전남광주통합특별시 북구 우산동 181-2,한전주
35.17481,126.92525,2,북구,전남광주통합특별시 북구 우산동 205-6,한전주
35.17481,126.93222,1,북구,전남광주통합특별시 북구 두암동 824-4,한전주
35.17481,126.96536,2,북구,전남광주통합특별시 북구 청풍동 786,한전주
35.17482,126.87357,1,북구,전남광주통합특별시 북구 운암동 833,한전주
35.17482,126.88611,1,북구,전남광주통합특별시 북구 운암동 482-61,건축물
35.17482,126.89353,1,북구,전남광주통합특별시 북구 용봉동 1410-1 하늘정원 건너,전용주
35.17482,126.91962,1,북구,전남광주통합특별시 북구 우산동 177-27,한전주
35.17482,126.93428,1,북구,전남광주통합특별시 북구 두암동 812-1,한전주
35.17482,127.01029,1,북구,전남광주통합특별시 북구 충효동 153,한전주
35.17483,126.8736,1,북구,전남광주통합특별시 북구 운암동 833,건축물
35.17483,127.00918,1,북구,전남광주통합특별시 북구 충효동 121-2 무돌길 쉼터 앞,한전주
35.17484,126.87989,1,북구,전남광주통합특별시 북구 운암동 91-26,한전주
35.17484,126.96569,2,북구,전남광주통합특별시 북구 청풍동 668,한전주
35.17484,127.01029,1,북구,전남광주통합특별시 북구 충효동 153,한전주
35.17485,126.87412,2,북구,전남광주통합특별시 북구 운암동 840-3,건축물
35.17485,126.88345,1,북구,전남광주통합특별시 북구 운암동 478-5,한전주
35.17485,126.88834,2,북구,전남광주통합특별시 북구 운암동 123,한전주
35.17486,127.01101,1,북구,전남광주통합특별시 북구 충효동 144,한전주
35.17487,126.87364,1,북구,전남광주통합특별시 북구 운암동 1190-37,건축물
35.17487,126.92583,1,북구,전남광주통합특별시 북구 우산동 206-1,한전주
35.17488,126.85837,1,북구,전남광주통합특별시 북구 동림동 511-4,한전주
35.17488,126.91677,1,북구,전남광주통합특별시 북구 중흥동 274-11,한전주
35.17489,126.87227,2,북구,전남광주통합특별시 북구 운암동 813-5,한전주
35.17489,126.91915,1,북구,전남광주통합특별시 북구 우산동 169-17,건축물
35.17489,126.9277,1,북구,전남광주통합특별시 북구 두암동 839-12,한전주
35.17489,126.93403,1,북구,전남광주통합특별시 북구 두암동 528-16,한전주
35.1749,126.87492,1,북구,전남광주통합특별시 북구 운암동 374-7,건축물
35.1749,126.88693,1,북구,전남광주통합특별시 북구 운암동 492-28,건축물
35.17491,126.87262,1,북구,전남광주통합특별시 북구 운암동 822,한전주
35.17491,126.87492,1,북구,전남광주통합특별시 북구 운암동 374-7,한전주
35.17491,126.91293,1,북구,전남광주통합특별시 북구 용봉동 161-46,한전주
35.17491,126.92484,1,북구,전남광주통합특별시 북구 우산동 205-9,한전주
35.17492,126.8735,1,북구,전남광주통합특별시 북구 운암동 835-1,한전주
35.17492,126.87398,1,북구,전남광주통합특별시 북구 운암동 839-1,한전주
35.17492,126.88576,1,북구,전남광주통합특별시 북구 운암동 482-73,건축물
35.17492,126.88893,1,북구,전남광주통합특별시 북구 운암동 119-69,한전주
35.17492,126.93195,1,북구,전남광주통합특별시 북구 두암동 824-13,한전주
35.17493,126.88335,1,북구,전남광주통합특별시 북구 운암동 478-15,건축물
35.17493,126.8862,1,북구,전남광주통합특별시 북구 운암동 482-67,한전주
35.17493,126.96372,3,북구,전남광주통합특별시 북구 청풍동 834,한전주
35.17493,126.96376,1,북구,전남광주통합특별시 북구 청풍동 834,한전주
35.17493,126.96377,1,북구,전남광주통합특별시 북구 청풍동 834,한전주
35.17494,126.88412,6,북구,전남광주통합특별시 북구 운암동 484-1,한전주
35.17494,126.88415,1,북구,전남광주통합특별시 북구 운암동 484-1,한전주
35.17494,126.88853,1,북구,전남광주통합특별시 북구 운암동 122-1,한전주
35.17494,126.89457,1,북구,전남광주통합특별시 북구 용봉동 1410-6,한전주
35.17495,126.88057,1,북구,전남광주통합특별시 북구 운암동 90-19,한전주
35.17495,126.93052,1,북구,전남광주통합특별시 북구 두암동 831-10,한전주
35.17496,126.87997,1,북구,전남광주통합특별시 북구 운암동 91-1,건축물
35.17496,126.93368,1,북구,전남광주통합특별시 북구 두암동 826-4,한전주
35.17496,126.93446,1,북구,전남광주통합특별시 북구 두암동 601-20,한전주
35.17496,126.95976,1,북구,전남광주통합특별시 북구 청풍동 949-1,한전주
35.17496,127.01025,1,북구,전남광주통합특별시 북구 충효동 153-1,한전주
35.17497,126.88301,1,북구,전남광주통합특별시 북구 운암동 486-15,한전주
35.17498,126.87529,1,북구,전남광주통합특별시 북구 운암동 841-20,한전주
35.17498,126.8968,1,북구,전남광주통합특별시 북구 용봉동 696-92,한전주
35.17498,126.93519,1,북구,전남광주통합특별시 북구 두암동 59-23,한전주
35.17498,126.94234,1,북구,전남광주통합특별시 북구 두암2동 참판골,한전주
35.17499,126.92021,1,북구,전남광주통합특별시 북구 우산동 177-10,한전주
35.17499,126.92044,1,북구,전남광주통합특별시 북구 우산동 177-14,한전주
35.175,126.88549,1,북구,전남광주통합특별시 북구 운암동 481-26,한전주
35.17501,126.86598,1,북구,전남광주통합특별시 북구 동림동 292-3,한전주
35.17501,126.91314,1,북구,전남광주통합특별시 북구 용봉동 161-45,한전주
35.17502,126.87414,1,북구,전남광주통합특별시 북구 운암동 840-1,한전주
35.17502,126.89362,1,북구,전남광주통합특별시 북구 신안동 302,한전주
35.17502,126.89661,1,북구,전남광주통합특별시 북구 용봉동 696-68,한전주
35.17502,126.9137,1,북구,전남광주통합특별시 북구 용봉동 161-34,한전주
35.17502,126.91812,1,북구,전남광주통합특별시 북구 중흥동 263-4,한전주
35.17502,126.92072,1,북구,전남광주통합특별시 북구 우산동 179-26 우산초교 코너,한전주
35.17503,126.87419,1,북구,전남광주통합특별시 북구 운암동 840-1,한전주
35.17503,126.87534,1,북구,전남광주통합특별시 북구 운암동 841-11,한전주
35.17504,126.9279,1,북구,전남광주통합특별시 북구 두암동 839-16,한전주
35.17504,126.93169,1,북구,전남광주통합특별시 북구 두암동 824-5,한전주
35.17504,126.96128,1,북구,전남광주통합특별시 북구 청풍동 1461,한전주
35.17504,126.99713,1,북구,전남광주통합특별시 북구 금곡동 426,한전주
35.17505,126.86598,1,북구,전남광주통합특별시 북구 동림동 292-3,한전주
35.17505,126.87193,1,북구,전남광주통합특별시 북구 운암동 813-8,한전주
35.17505,126.89437,1,북구,전남광주통합특별시 북구 용봉동 1410-3,한전주
35.17505,126.925,1,북구,전남광주통합특별시 북구 우산동 205-19,건축물
35.17506,126.88263,1,북구,전남광주통합특별시 북구 운암동 486-4,한전주
35.17506,126.88602,1,북구,전남광주통합특별시 북구 운암동 482-48,건축물
35.17506,126.91994,1,북구,전남광주통합특별시 북구 우산동 177-6,한전주
35.17507,126.88581,1,북구,전남광주통합특별시 북구 운암동 482-7,한전주
35.17508,126.8799,1,북구,전남광주통합특별시 북구 운암동 91-16,한전주
35.17508,126.88848,1,북구,전남광주통합특별시 북구 운암동 122-2,한전주
35.17509,126.88955,1,북구,전남광주통합특별시 북구 운암동 116-5 대주아파트105동,한전주
35.1751,126.87568,1,북구,전남광주통합특별시 북구 운암동 373-3,한전주
35.1751,126.8838,1,북구,전남광주통합특별시 북구 운암동 478-19,한전주
35.1751,126.88895,1,북구,전남광주통합특별시 북구 운암동 119-49,한전주
35.1751,126.92184,1,북구,전남광주통합특별시 북구 우산동 180-36,한전주
35.17511,126.88642,1,북구,전남광주통합특별시 북구 운암동 482-13,건축물
35.17511,126.91588,1,북구,전남광주통합특별시 북구 중흥동 260-62,한전주
35.17511,126.91973,1,북구,전남광주통합특별시 북구 우산동 177-2,한전주
35.17511,126.96017,1,북구,전남광주통합특별시 북구 청풍동 952,한전주
35.17512,126.87997,1,북구,전남광주통합특별시 북구 운암동 91-13,한전주
35.17512,126.91856,1,북구,전남광주통합특별시 북구 중흥동 264-7,한전주
35.17512,126.96294,1,북구,전남광주통합특별시 북구 청풍동 829-4,한전주
35.17513,126.91553,1,북구,전남광주통합특별시 북구 중흥동 260-11,한전주
35.17513,126.93458,1,북구,전남광주통합특별시 북구 두암동 601-37,한전주
35.17514,126.88245,1,북구,전남광주통합특별시 북구 운암동 486-21,건축물
35.17514,126.89386,2,북구,전남광주통합특별시 북구 용봉동 1410-1,한전주
35.17514,126.8968,1,북구,전남광주통합특별시 북구 용봉동 696-72,한전주
35.17515,126.91402,1,북구,전남광주통합특별시 북구 용봉동 161-25,한전주
35.17515,126.92297,1,북구,전남광주통합특별시 북구 우산동 195-25,한전주
35.17516,126.87334,3,북구,전남광주통합특별시 북구 운암동 876-7,한전주
35.17516,126.87439,2,북구,전남광주통합특별시 북구 운암동 841-9,건축물
35.17517,126.86592,1,북구,전남광주통합특별시 북구 동림동 292-2,한전주
35.17517,126.88304,1,북구,전남광주통합특별시 북구 운암동 478-9,한전주
35.17517,126.88493,1,북구,전남광주통합특별시 북구 운암동 481-31,한전주
35.17518,126.88339,1,북구,전남광주통합특별시 북구 운암동 478-12,한전주
35.17518,127.01089,1,북구,전남광주통합특별시 북구 충효동 156,한전주
35.17519,126.9195,1,북구,전남광주통합특별시 북구 우산동 169-27,한전주
35.17521,126.92965,1,북구,전남광주통합특별시 북구 두암동 837-22,건축물
35.17522,126.88504,1,북구,전남광주통합특별시 북구 운암동 481-5,한전주
35.17522,126.88525,1,북구,전남광주통합특별시 북구 운암동 481-23,건축물
35.17522,126.89706,1,북구,전남광주통합특별시 북구 용봉동 602,전용주
35.17522,126.91663,1,북구,전남광주통합특별시 북구 중흥동 261-8,건축물
35.17522,126.92446,1,북구,전남광주통합특별시 북구 우산동 197-25,한전주
35.17523,126.8659,2,북구,전남광주통합특별시 북구 동림동 1351,한전주
35.17523,126.87507,1,북구,전남광주통합특별시 북구 운암동 841-22,한전주
35.17523,126.91763,6,북구,전남광주통합특별시 북구 중흥동 4-5,한전주
35.17523,126.92166,1,북구,전남광주통합특별시 북구 우산동 179-21,한전주
35.17523,127.01482,2,북구,전남광주통합특별시 북구 충효동 36,한전주
35.17524,126.85624,1,북구,전남광주통합특별시 북구 동림동 914-33,한전주
35.17525,126.85419,1,북구,전남광주통합특별시 북구 동림동 914-14,한전주
35.17525,126.92519,1,북구,전남광주통합특별시 북구 우산동 230-4,한전주
35.17526,126.88947,1,북구,전남광주통합특별시 북구 운암동 110-112,한전주
35.17526,126.89734,2,북구,전남광주통합특별시 북구 용봉동 601-11,한전주
35.17526,126.91359,1,북구,전남광주통합특별시 북구 용봉동 161-30,한전주
35.17527,126.8659,1,북구,전남광주통합특별시 북구 동림동 1351,한전주
35.17527,126.9241,1,북구,전남광주통합특별시 북구 우산동 197-4,한전주
35.17527,126.92983,1,북구,전남광주통합특별시 북구 두암동 837-19,한전주
35.17528,126.88655,1,북구,전남광주통합특별시 북구 운암동 482-52,건축물
35.17528,126.91497,1,북구,전남광주통합특별시 북구 중흥동 259-36,한전주
35.17528,126.91763,1,북구,전남광주통합특별시 북구 중흥동 4-5,한전주
35.17528,126.92142,1,북구,전남광주통합특별시 북구 우산동 179-21 해달별 어린이집,건축물
35.17528,126.99709,1,북구,전남광주통합특별시 북구 금곡동 430-1,한전주
35.17529,126.87249,1,북구,전남광주통합특별시 북구 운암동 876-12,한전주
35.17529,126.91927,1,북구,전남광주통합특별시 북구 우산동 169-26,한전주
35.17529,126.96031,1,북구,전남광주통합특별시 북구 청풍동 1477,건축물
35.17529,126.96033,1,북구,전남광주통합특별시 북구 청풍동 1477,전용주
35.1753,126.91552,1,북구,전남광주통합특별시 북구 중흥동 260-12,한전주
35.17531,126.8627,1,북구,전남광주통합특별시 북구 동림동 549,한전주
35.17531,126.87212,1,북구,전남광주통합특별시 북구 운암동 876-8,건축물
35.17531,126.88623,1,북구,전남광주통합특별시 북구 운암동 482-77,건축물
35.17532,126.88673,1,북구,전남광주통합특별시 북구 운암동 482-55,건축물
35.17532,126.95967,1,북구,전남광주통합특별시 북구 청풍동 957-1,한전주
35.17533,126.88578,1,북구,전남광주통합특별시 북구 운암동 481-20,건축물
35.17533,126.9338,1,북구,전남광주통합특별시 북구 두암동 600-27,건축물
35.17534,126.88293,1,북구,전남광주통합특별시 북구 운암동 477-27,건축물
35.17534,126.88917,1,북구,전남광주통합특별시 북구 운암동 119-52,한전주
35.17534,126.9315,1,북구,전남광주통합특별시 북구 두암동 824-11,한전주
35.17535,126.91198,13,북구,전남광주통합특별시 북구 용봉동 300,한전주
35.17535,126.92373,1,북구,전남광주통합특별시 북구 우산동 197-3,한전주
35.17537,126.88112,13,북구,전남광주통합특별시 북구 운암동 99,한전주
35.17537,126.88665,1,북구,전남광주통합특별시 북구 운암동 482-12,한전주
35.17537,126.89046,6,북구,전남광주통합특별시 북구 운암동 110-80,건축물
35.17537,126.91864,1,북구,전남광주통합특별시 북구 중흥동 264-32,한전주
35.17538,126.93282,1,북구,전남광주통합특별시 북구 두암동 584-27,한전주
35.17538,126.94168,1,북구,전남광주통합특별시 북구 두암2동 참판골,한전주
35.17539,126.87368,1,북구,전남광주통합특별시 북구 운암동 867,한전주
35.17539,126.88224,1,북구,전남광주통합특별시 북구 운암동 486-30,건축물
35.17539,126.88234,1,북구,전남광주통합특별시 북구 운암동 486-2,한전주
35.17539,126.92136,1,북구,전남광주통합특별시 북구 우산동 179-11,한전주
35.1754,126.8848,1,북구,전남광주통합특별시 북구 운암동 480-6,한전주
35.1754,126.92119,1,북구,전남광주통합특별시 북구 우산동 179-26,한전주
35.1754,126.96069,1,북구,전남광주통합특별시 북구 청풍동 860-3,한전주
35.17541,126.86182,1,북구,전남광주통합특별시 북구 동림동 559,한전주
35.17541,126.91699,1,북구,전남광주통합특별시 북구 중흥동 261-18,한전주
35.17542,126.91351,1,북구,전남광주통합특별시 북구 용봉동 161-62,전용주
35.17542,126.91572,1,북구,전남광주통합특별시 북구 중흥동 260-7,한전주
35.17542,126.92875,1,북구,전남광주통합특별시 북구 두암동 838-29,한전주
35.17543,126.88212,2,북구,전남광주통합특별시 북구 운암동 486-1,한전주
35.17543,126.88884,1,북구,전남광주통합특별시 북구 운암동 119-34,한전주
35.17543,126.91339,1,북구,전남광주통합특별시 북구 용봉동 161-12,전용주
35.17543,126.91768,1,북구,전남광주통합특별시 북구 중흥동 262-1,건축물
35.17543,126.96112,1,북구,전남광주통합특별시 북구 청풍동 851-2,한전주
35.17544,126.92174,1,북구,전남광주통합특별시 북구 우산동 179-4,한전주
35.17545,126.89706,1,북구,전남광주통합특별시 북구 용봉동 601-5,한전주
35.17546,126.88041,1,북구,전남광주통합특별시 북구 운암동 90-42,한전주
35.17546,126.91311,1,북구,전남광주통합특별시 북구 용봉동 161-11,한전주
35.17547,126.88946,1,북구,전남광주통합특별시 북구 운암동 116-6,한전주
35.17547,126.91364,1,북구,전남광주통합특별시 북구 용봉동 161-64,한전주
35.17547,126.9209,1,북구,전남광주통합특별시 북구 우산동 179-27 우산초등학교,한전주
35.17548,126.87224,1,북구,전남광주통합특별시 북구 운암동 876-11 신성포레힐,건축물
35.17548,126.88649,4,북구,전남광주통합특별시 북구 운암동 482-2,한전주
35.17548,126.91471,1,북구,전남광주통합특별시 북구 중흥동 259-14,한전주
35.17548,126.94133,1,북구,전남광주통합특별시 북구 두암2동 참판골,한전주
35.17548,126.96083,1,북구,전남광주통합특별시 북구 청풍동 852-5,한전주
35.17549,126.88266,1,북구,전남광주통합특별시 북구 운암동 477-50,한전주
35.17549,126.88405,1,북구,전남광주통합특별시 북구 운암동 478-1,건축물
35.17549,126.88408,1,북구,전남광주통합특별시 북구 운암동 478-1,한전주
35.17549,126.88618,1,북구,전남광주통합특별시 북구 운암동 482-4,한전주
35.1755,126.8848,1,북구,전남광주통합특별시 북구 운암동 480-6,건축물
35.1755,126.88579,1,북구,전남광주통합특별시 북구 운암동 481-45,건축물
35.1755,126.88686,1,북구,전남광주통합특별시 북구 운암동 130-1,한전주
35.1755,126.88937,1,북구,전남광주통합특별시 북구 운암동 119-25,한전주
35.1755,126.91653,1,북구,전남광주통합특별시 북구 중흥동 3,한전주
35.17551,126.91482,1,북구,전남광주통합특별시 북구 중흥동 259-19,한전주
35.17551,126.95944,1,북구,전남광주통합특별시 북구 청풍동 963,한전주
35.17552,126.87162,1,북구,전남광주통합특별시 북구 운암동 878-3,건축물
35.17552,126.88953,3,북구,전남광주통합특별시 북구 운암동 116-5,한전주
35.17552,126.91788,1,북구,전남광주통합특별시 북구 중흥동 262-4,한전주
35.17553,126.88898,1,북구,전남광주통합특별시 북구 운암동 119-33,한전주
35.17554,126.87128,1,북구,전남광주통합특별시 북구 운암동 880,건축물
35.17554,126.92324,1,북구,전남광주통합특별시 북구 우산동 196-4,한전주
35.17554,126.96604,1,북구,전남광주통합특별시 북구 청풍동 693,한전주
35.17555,126.93104,1,북구,전남광주통합특별시 북구 두암동 823-21,한전주
35.17556,126.93515,1,북구,전남광주통합특별시 북구 두암동 602-27,한전주
35.17557,126.85481,1,북구,전남광주통합특별시 북구 동림동 936-29,한전주
35.17557,126.87098,1,북구,전남광주통합특별시 북구 운암동 789-11,건축물
35.17557,126.91653,2,북구,전남광주통합특별시 북구 중흥동 3,한전주
35.17559,126.93089,1,북구,전남광주통합특별시 북구 두암동 823-11,한전주
35.17559,126.94041,1,북구,전남광주통합특별시 북구 두암동 12-1,전용주
35.17559,126.95981,1,북구,전남광주통합특별시 북구 청풍동 976-1,한전주
35.1756,126.88217,1,북구,전남광주통합특별시 북구 운암동 434-16,한전주
35.1756,126.95962,1,북구,전남광주통합특별시 북구 청풍동 975,한전주
35.1756,126.96262,1,북구,전남광주통합특별시 북구 청풍동 845-4,한전주
35.17561,126.88281,1,북구,전남광주통합특별시 북구 운암동 477-13,한전주
35.17561,127.01052,1,북구,전남광주통합특별시 북구 충효동 162-1,한전주
35.17561,127.01055,1,북구,전남광주통합특별시 북구 충효동 162-1,한전주
35.17562,126.88457,1,북구,전남광주통합특별시 북구 운암동 480-2,한전주
35.17562,127.01511,1,북구,전남광주통합특별시 북구 충효동 28,한전주
35.17563,126.89716,1,북구,전남광주통합특별시 북구 용봉동 624-13,전용주
35.17563,126.92127,1,북구,전남광주통합특별시 북구 우산동 179-23,건축물
35.17564,126.87371,1,북구,전남광주통합특별시 북구 운암동 861,한전주
35.17564,126.91587,1,북구,전남광주통합특별시 북구 중흥동 260-5,한전주
35.17564,126.91927,1,북구,전남광주통합특별시 북구 우산동 168-14,한전주
35.17565,126.8893,1,북구,전남광주통합특별시 북구 운암동 119-22,한전주
35.17565,126.91735,1,북구,전남광주통합특별시 북구 중흥동 262-3,한전주
35.17565,126.92287,1,북구,전남광주통합특별시 북구 우산동 196-3,한전주
35.17566,126.88284,1,북구,전남광주통합특별시 북구 운암동 477-13,한전주
35.17568,126.88562,1,북구,전남광주통합특별시 북구 운암동 481-13,건축물
35.17569,126.93556,1,북구,전남광주통합특별시 북구 두암동 54-6,한전주
35.1757,126.88518,1,북구,전남광주통합특별시 북구 운암동 480-7,한전주
35.1757,127.01357,1,북구,전남광주통합특별시 북구 충효동 60,한전주
35.17571,126.88415,1,북구,전남광주통합특별시 북구 운암동 479-17,건축물
35.17571,126.9182,1,북구,전남광주통합특별시 북구 문흥동 744-6,한전주
35.17572,126.91845,1,북구,전남광주통합특별시 북구 우산동 162-6,한전주
35.17572,126.93259,1,북구,전남광주통합특별시 북구 두암동 584-2,전용주
35.17573,126.92256,1,북구,전남광주통합특별시 북구 우산동 196-2,한전주
35.17574,127.01131,1,북구,전남광주통합특별시 북구 충효동 165-3,한전주
35.17575,126.88202,1,북구,전남광주통합특별시 북구 운암동 434-17,건축물
35.17575,126.88555,1,북구,전남광주통합특별시 북구 운암동 481-2,건축물
35.17575,126.91876,1,북구,전남광주통합특별시 북구 우산동 162-13,한전주
35.17576,126.88863,1,북구,전남광주통합특별시 북구 운암동 118-10,한전주
35.17577,126.88334,1,북구,전남광주통합특별시 북구 운암동 477-29,한전주
35.17577,126.91667,1,북구,전남광주통합특별시 북구 중흥동 260-45,한전주
35.17577,126.92934,2,북구,전남광주통합특별시 북구 두암동 822-12,한전주
35.17578,126.87338,1,북구,전남광주통합특별시 북구 운암동 857,한전주
35.17578,126.92101,1,북구,전남광주통합특별시 북구 우산동 178-16 우산초등학교,한전주
35.17578,126.96,1,북구,전남광주통합특별시 북구 청풍동 978,한전주
35.17578,126.96472,2,북구,전남광주통합특별시 북구 청풍동 750,한전주
35.1758,126.8738,1,북구,전남광주통합특별시 북구 운암동 860,한전주
35.1758,126.87999,1,북구,전남광주통합특별시 북구 운암동 69,한전주
35.1758,127.01012,1,북구,전남광주통합특별시 북구 충효동 1011-1,한전주
35.1758,127.01436,1,북구,전남광주통합특별시 북구 충효동 24,한전주
35.17581,126.88299,1,북구,전남광주통합특별시 북구 운암동 477-41,건축물
35.17581,126.88441,1,북구,전남광주통합특별시 북구 운암동 479-29,한전주
35.17581,126.88495,1,북구,전남광주통합특별시 북구 운암동 480-21,한전주
35.17582,126.88175,1,북구,전남광주통합특별시 북구 운암동 434-20,한전주
35.17583,126.89326,1,북구,전남광주통합특별시 북구 용봉동 1451,한전주
35.17583,126.91451,1,북구,전남광주통합특별시 북구 중흥동 259-11,전용주
35.17583,126.91481,1,북구,전남광주통합특별시 북구 중흥동 259-25,건축물
35.17583,126.92526,1,북구,전남광주통합특별시 북구 우산동 221,한전주
35.17584,126.92216,1,북구,전남광주통합특별시 북구 우산동 178-28,한전주
35.17584,126.93288,1,북구,전남광주통합특별시 북구 두암동 584-21,전용주
35.17584,126.93448,1,북구,전남광주통합특별시 북구 두암동 601-31,한전주
35.17586,126.89622,1,북구,전남광주통합특별시 북구 용봉동 599-11,한전주
35.17586,126.93639,1,북구,전남광주통합특별시 북구 두암동 54,한전주
35.17587,126.89725,1,북구,전남광주통합특별시 북구 용봉동 624-23,한전주
35.17588,126.88112,1,북구,전남광주통합특별시 북구 운암동 434-54,한전주
35.17588,126.89747,1,북구,전남광주통합특별시 북구 용봉동 624-28,전용주
35.17589,126.89553,2,북구,전남광주통합특별시 북구 용봉동 1408-2,한전주
35.17591,126.88374,1,북구,전남광주통합특별시 북구 운암동 479-10,건축물
35.17591,126.9325,1,북구,전남광주통합특별시 북구 두암동 585-16,한전주
35.17592,126.8835,1,북구,전남광주통합특별시 북구 운암동 477-35,한전주
35.17592,126.89015,1,북구,전남광주통합특별시 북구 운암동 116-12,건축물
35.17592,126.93374,1,북구,전남광주통합특별시 북구 두암동 600-6,한전주
35.17594,126.91316,1,북구,전남광주통합특별시 북구 용봉동 159-1,한전주
35.17594,126.92183,1,북구,전남광주통합특별시 북구 우산동 178-3,한전주
35.17594,126.93554,1,북구,전남광주통합특별시 북구 두암동 597-6,한전주
35.17595,126.9137,1,북구,전남광주통합특별시 북구 용봉동 159-4,한전주
35.17595,126.9141,1,북구,전남광주통합특별시 북구 용봉동 159-5,한전주
35.17595,126.9646,1,북구,전남광주통합특별시 북구 청풍동 751-6,한전주
35.17595,127.01291,1,북구,전남광주통합특별시 북구 충효동 69-3 북촌마을가는길,한전주
35.17596,126.89586,1,북구,전남광주통합특별시 북구 용봉동 1408-3 한결약품,한전주
35.17596,127.00863,2,북구,전남광주통합특별시 북구 충효동 1010,한전주
35.17597,126.91376,1,북구,전남광주통합특별시 북구 용봉동 159-4 금곡맨션,한전주
35.17598,126.88906,1,북구,전남광주통합특별시 북구 운암동 118-5,건축물
35.17598,126.91778,1,북구,전남광주통합특별시 북구 문흥동 744-29,한전주
35.17598,126.96074,1,북구,전남광주통합특별시 북구 청풍동 856-7,한전주
35.17599,126.93219,1,북구,전남광주통합특별시 북구 두암동 585-20,한전주
35.17599,127.00844,1,북구,전남광주통합특별시 북구 충효동 195,한전주
35.176,126.88286,1,북구,전남광주통합특별시 북구 운암동 477-40,한전주
35.17601,126.88334,1,북구,전남광주통합특별시 북구 운암동 477-5,한전주
35.17601,126.91594,1,북구,전남광주통합특별시 북구 문흥동 743-22,한전주
35.17601,126.91692,1,북구,전남광주통합특별시 북구 문흥동 743-9,한전주
35.17601,126.92153,1,북구,전남광주통합특별시 북구 우산동 178-2,한전주
35.17601,126.95962,1,북구,전남광주통합특별시 북구 청풍동 985,한전주
35.17601,127.0122,1,북구,전남광주통합특별시 북구 충효동 70 북촌마을가는길,한전주
35.17602,126.88142,1,북구,전남광주통합특별시 북구 운암동 434-68,한전주
35.17602,126.88261,1,북구,전남광주통합특별시 북구 운암동 153-34,한전주
35.17602,126.88472,1,북구,전남광주통합특별시 북구 운암동 479-47 배불뚝이,한전주
35.17602,126.89785,1,북구,전남광주통합특별시 북구 용봉동 627-22,한전주
35.17602,126.91747,1,북구,전남광주통합특별시 북구 문흥동 744-26,한전주
35.17602,126.9211,1,북구,전남광주통합특별시 북구 우산동 178-8 우산초등학교,한전주
35.17602,126.96541,4,북구,전남광주통합특별시 북구 청풍동 743,한전주
35.17602,126.96615,1,북구,전남광주통합특별시 북구 청풍동 739-1,한전주
35.17603,126.88433,1,북구,전남광주통합특별시 북구 운암동 479-43,건축물
35.17603,127.0142,1,북구,전남광주통합특별시 북구 충효동 18,한전주
35.17604,126.96615,1,북구,전남광주통합특별시 북구 청풍동 739-1,한전주
35.17605,126.93279,1,북구,전남광주통합특별시 북구 두암동 585-7,한전주
35.17606,126.85871,1,북구,전남광주통합특별시 북구 동림동 1119-13,한전주
35.17606,126.88088,1,북구,전남광주통합특별시 북구 운암동 434-45,한전주
35.17606,126.9331,1,북구,전남광주통합특별시 북구 두암동 586-8,한전주
35.17607,127.01315,1,북구,전남광주통합특별시 북구 충효동 68-3,한전주
35.17608,126.91445,1,북구,전남광주통합특별시 북구 용봉동 159-28 용봉어린이공원 동남쪽,한전주
35.1761,126.91535,1,북구,전남광주통합특별시 북구 용봉동 157-17,한전주
35.1761,126.93175,1,북구,전남광주통합특별시 북구 두암동 585-27,한전주
35.17611,126.85866,4,북구,전남광주통합특별시 북구 동림동 944-10,한전주
35.17611,126.85867,1,북구,전남광주통합특별시 북구 동림동 944-10,한전주
35.17611,126.9149,1,북구,전남광주통합특별시 북구 용봉동 157-29,한전주
35.17611,126.91508,1,북구,전남광주통합특별시 북구 용봉동 157-26,한전주
35.17612,126.93569,1,북구,전남광주통합특별시 북구 두암동 597-12,한전주
35.17613,126.88176,3,북구,전남광주통합특별시 북구 운암동 154-19,한전주
35.17613,127.01032,1,북구,전남광주통합특별시 북구 충효동 171-5 평촌버스정류장,한전주
35.17616,126.88109,1,북구,전남광주통합특별시 북구 운암동 434-47,건축물
35.17616,126.91568,1,북구,전남광주통합특별시 북구 용봉동 157-13,한전주
35.17616,126.92454,2,북구,전남광주통합특별시 북구 우산동 215,한전주
35.17616,127.00983,1,북구,전남광주통합특별시 북구 충효동 174-6,한전주
35.17617,126.89845,1,북구,전남광주통합특별시 북구 용봉동 628-10,한전주
35.17618,126.88424,1,북구,전남광주통합특별시 북구 운암동 479-42,한전주
35.17618,126.93092,1,북구,전남광주통합특별시 북구 두암동 581-27,한전주
35.17618,127.01177,1,북구,전남광주통합특별시 북구 충효동 167-1,한전주
35.17619,126.89009,1,북구,전남광주통합특별시 북구 운암동 116-10,건축물
35.1762,126.88228,1,북구,전남광주통합특별시 북구 운암동 154-57,한전주
35.1762,126.91322,1,북구,전남광주통합특별시 북구 용봉동 158-8,한전주
35.17621,126.96001,1,북구,전남광주통합특별시 북구 청풍동 989,한전주
35.17622,126.89633,1,북구,전남광주통합특별시 북구 용봉동 700-43,한전주
35.17623,126.88296,1,북구,전남광주통합특별시 북구 운암동 465-15,한전주
35.17623,126.88335,1,북구,전남광주통합특별시 북구 운암동 479-1,건축물
35.17623,126.89772,1,북구,전남광주통합특별시 북구 용봉동 627-12,한전주
35.17624,126.92121,1,북구,전남광주통합특별시 북구 우산동 154-2 우산초등학교 뒤,한전주
35.17624,126.93244,1,북구,전남광주통합특별시 북구 두암동 585-3,한전주
35.17625,126.88275,1,북구,전남광주통합특별시 북구 운암동 153-30,한전주
35.17626,126.88948,1,북구,전남광주통합특별시 북구 운암동 117-16,한전주
35.17626,126.91778,1,북구,전남광주통합특별시 북구 문흥동 745-23,전용주
35.17627,126.89708,1,북구,전남광주통합특별시 북구 용봉동 625-21 대영공인중개사,한전주
35.17629,126.8983,1,북구,전남광주통합특별시 북구 용봉동 628-9,한전주
35.17629,126.93421,1,북구,전남광주통합특별시 북구 두암동 599-12,한전주
35.1763,126.88076,1,북구,전남광주통합특별시 북구 운암동 434-77,전용주
35.1763,126.95955,1,북구,전남광주통합특별시 북구 청풍동 993,한전주
35.17631,126.8513,1,북구,전남광주통합특별시 북구 동림동 925-44,한전주
35.17631,126.86411,4,북구,전남광주통합특별시 북구 동림동 1119-21,한전주
35.17631,126.88389,1,북구,전남광주통합특별시 북구 운암동 479-32,건축물
35.17632,126.91443,1,북구,전남광주통합특별시 북구 용봉동 157-36 용봉어린이공원,한전주
35.17632,126.93589,1,북구,전남광주통합특별시 북구 두암동 597-18,한전주
35.17633,126.96488,1,북구,전남광주통합특별시 북구 청풍동 729-1,한전주
35.17634,126.92926,1,북구,전남광주통합특별시 북구 두암동 570-2,한전주
35.17635,126.8808,1,북구,전남광주통합특별시 북구 운암동 434-77,전용주
35.17635,126.88104,2,북구,전남광주통합특별시 북구 운암동 434-34,한전주
35.17635,126.91582,1,북구,전남광주통합특별시 북구 문흥동 743-13,한전주
35.17636,126.89729,1,북구,전남광주통합특별시 북구 용봉동 625-20,한전주
35.17637,126.8511,1,북구,전남광주통합특별시 북구 동림동 949-4,한전주
35.17637,126.91323,1,북구,전남광주통합특별시 북구 용봉동 158-2,한전주
35.17638,126.91494,1,북구,전남광주통합특별시 북구 용봉동 157-4,한전주
35.17638,126.93012,1,북구,전남광주통합특별시 북구 두암동 581-1,한전주
35.17638,126.95976,1,북구,전남광주통합특별시 북구 청풍동 991,한전주
35.17639,126.91365,1,북구,전남광주통합특별시 북구 용봉동 158-15,한전주
35.1764,126.93012,1,북구,전남광주통합특별시 북구 두암동 581-1,한전주
35.1764,126.96499,1,북구,전남광주통합특별시 북구 청풍동 730-1,한전주
35.17641,126.88338,1,북구,전남광주통합특별시 북구 운암동 465-13,한전주
35.17642,126.91627,1,북구,전남광주통합특별시 북구 문흥동 743-16,한전주
35.17642,126.93746,1,북구,전남광주통합특별시 북구 두암동 31-4,한전주
35.17643,126.89822,1,북구,전남광주통합특별시 북구 용봉동 628-6,한전주
35.17643,126.92283,2,북구,전남광주통합특별시 북구 우산동 산 44-2,한전주
35.17646,126.89568,1,북구,전남광주통합특별시 북구 용봉동 1407-3,한전주
35.17646,126.93059,3,북구,전남광주통합특별시 북구 두암동 580-1,한전주
35.17647,126.91715,1,북구,전남광주통합특별시 북구 문흥동 743-7,한전주
35.17647,127.01359,1,북구,전남광주통합특별시 북구 충효동 67-1,한전주
35.17648,126.9316,1,북구,전남광주통합특별시 북구 두암동 585-1,전용주
35.17648,126.93321,1,북구,전남광주통합특별시 북구 두암동 586-1,한전주
35.17648,126.93609,13,북구,전남광주통합특별시 북구 두암동 610,한전주
35.17649,126.91483,1,북구,전남광주통합특별시 북구 용봉동 157-2,한전주
35.1765,126.91703,1,북구,전남광주통합특별시 북구 문흥동 743-6,한전주
35.1765,127.00883,1,북구,전남광주통합특별시 북구 충효동 193,한전주
35.17651,126.89771,1,북구,전남광주통합특별시 북구 용봉동 626-13,한전주
35.17653,126.91551,1,북구,전남광주통합특별시 북구 용봉동 157-9,한전주
35.17653,126.93679,1,북구,전남광주통합특별시 북구 두암동 53-1,한전주
35.17654,126.91365,1,북구,전남광주통합특별시 북구 용봉동 156-30,한전주
35.17654,126.93346,1,북구,전남광주통합특별시 북구 두암동 586-21,한전주
35.17656,126.96222,2,북구,전남광주통합특별시 북구 청풍동 842-4,한전주
35.17656,127.00913,1,북구,전남광주통합특별시 북구 충효동 192,한전주
35.17657,126.93139,1,북구,전남광주통합특별시 북구 두암동 580-3,한전주
35.17657,126.99662,2,북구,전남광주통합특별시 북구 금곡동 435-2,한전주
35.17658,126.91666,1,북구,전남광주통합특별시 북구 문흥동 743-33,한전주
35.17659,126.91621,1,북구,전남광주통합특별시 북구 문흥동 743-3,한전주
35.17659,126.93405,1,북구,전남광주통합특별시 북구 두암동 599-30,전용주
35.1766,126.91276,1,북구,전남광주통합특별시 북구 용봉동 152-20,전용주
35.1766,126.9349,3,북구,전남광주통합특별시 북구 두암동 598-3,한전주
35.1766,126.93499,1,북구,전남광주통합특별시 북구 두암동 598-3,한전주
35.17661,126.88303,1,북구,전남광주통합특별시 북구 운암동 464-9,한전주
35.17661,126.9382,1,북구,전남광주통합특별시 북구 두암동 31-5,한전주
35.17661,127.00898,1,북구,전남광주통합특별시 북구 충효동 183,한전주
35.17662,126.88362,1,북구,전남광주통합특별시 북구 운암동 471-3,한전주
35.17662,126.93279,1,북구,전남광주통합특별시 북구 두암동 587-13,건축물
35.17663,126.88243,1,북구,전남광주통합특별시 북구 운암동 462,건축물
35.17663,126.88717,1,북구,전남광주통합특별시 북구 운암동 133,건축물
35.17663,126.9312,1,북구,전남광주통합특별시 북구 두암동 579-6건너,전용주
35.17663,126.93876,3,북구,전남광주통합특별시 북구 두암동 812-3,한전주
35.17663,127.01041,1,북구,전남광주통합특별시 북구 충효동 285-2,한전주
35.17664,126.89181,1,북구,전남광주통합특별시 북구 용봉동 724-5,한전주
35.17666,126.88184,1,북구,전남광주통합특별시 북구 운암동 154-14,한전주
35.17666,126.93583,1,북구,전남광주통합특별시 북구 두암동 597-45,한전주
35.17666,126.95956,1,북구,전남광주통합특별시 북구 청풍동 998-1,한전주
35.17667,126.8705,1,북구,전남광주통합특별시 북구 운암동 885-45,한전주
35.17668,126.88947,1,북구,전남광주통합특별시 북구 운암동 117-5,한전주
35.17668,126.88963,1,북구,전남광주통합특별시 북구 운암동 117-10,한전주
35.17668,126.89795,1,북구,전남광주통합특별시 북구 용봉동 626-9 우주밸리B동,한전주
35.17669,126.91583,1,북구,전남광주통합특별시 북구 문흥동 742-30,한전주
35.1767,126.88147,2,북구,전남광주통합특별시 북구 운암동 154-16,한전주
35.17671,126.93732,1,북구,전남광주통합특별시 북구 두암동 30-2,한전주
35.17672,126.93221,1,북구,전남광주통합특별시 북구 두암동 587-6,한전주
35.17672,126.93387,1,북구,전남광주통합특별시 북구 두암동 607,한전주
35.17672,126.95944,1,북구,전남광주통합특별시 북구 청풍동 999-1,건축물
35.17673,126.91452,1,북구,전남광주통합특별시 북구 용봉동 155-16,한전주
35.17674,126.89758,1,북구,전남광주통합특별시 북구 용봉동 625-8,한전주
35.17674,126.91446,2,북구,전남광주통합특별시 북구 용봉동 163,한전주
35.17675,126.91256,1,북구,전남광주통합특별시 북구 용봉동 152-37,한전주
35.17675,126.93618,1,북구,전남광주통합특별시 북구 두암동 596-34,한전주
35.17677,126.91315,1,북구,전남광주통합특별시 북구 용봉동 152-24,한전주
35.17677,126.93599,1,북구,전남광주통합특별시 북구 두암동 596-40,한전주
35.17679,126.8823,1,북구,전남광주통합특별시 북구 운암동 153-10,한전주
35.17681,126.88314,1,북구,전남광주통합특별시 북구 운암동 150-2,한전주
35.17683,126.88145,1,북구,전남광주통합특별시 북구 운암동 154-13,한전주
35.17683,126.88149,1,북구,전남광주통합특별시 북구 운암동 154-13,한전주
35.17683,126.88167,1,북구,전남광주통합특별시 북구 운암동 154-27,한전주
35.17684,126.8702,1,북구,전남광주통합특별시 북구 운암동 908-3,한전주
35.17685,126.89082,1,북구,전남광주통합특별시 북구 용봉동 1105-9,한전주
35.17687,126.90056,1,북구,전남광주통합특별시 북구 용봉동 1258-14,한전주
35.17687,126.93713,2,북구,전남광주통합특별시 북구 두암동 29-34,한전주
35.17688,126.91714,1,북구,전남광주통합특별시 북구 문흥동 741-17,한전주
35.17689,126.87064,1,북구,전남광주통합특별시 북구 운암동 885-47,한전주
35.17689,126.89793,1,북구,전남광주통합특별시 북구 용봉동 628-5,한전주
35.1769,126.85763,2,북구,전남광주통합특별시 북구 동림동 946-14,한전주
35.1769,126.89878,1,북구,전남광주통합특별시 북구 용봉동 1257-6,한전주
35.1769,126.91531,1,북구,전남광주통합특별시 북구 용봉동 155-34,건축물
35.1769,126.9356,1,북구,전남광주통합특별시 북구 두암동 596-33,한전주
35.17691,126.88276,1,북구,전남광주통합특별시 북구 운암동 153-22,한전주
35.17693,126.90089,1,북구,전남광주통합특별시 북구 용봉동 555-8,한전주
35.17693,126.92653,1,북구,전남광주통합특별시 북구 우산동 10-9,한전주
35.17694,126.8701,1,북구,전남광주통합특별시 북구 운암동 885-29,한전주
35.17694,126.89823,1,북구,전남광주통합특별시 북구 용봉동 1256-29 리첸시아빌,한전주
35.17694,126.89906,1,북구,전남광주통합특별시 북구 용봉동 563-10,한전주
35.17695,126.91452,1,북구,전남광주통합특별시 북구 용봉동 155-1,한전주
35.17696,126.92993,1,북구,전남광주통합특별시 북구 두암동 571-8,한전주
35.17697,126.89935,1,북구,전남광주통합특별시 북구 용봉동 1257-12 캠퍼스빌,한전주
35.17697,126.91331,1,북구,전남광주통합특별시 북구 용봉동 152-27,한전주
35.17697,126.92743,1,북구,전남광주통합특별시 북구 두암동 568-17,한전주
35.17698,126.91704,1,북구,전남광주통합특별시 북구 문흥동 741-15,한전주
35.177,127.00949,1,북구,전남광주통합특별시 북구 충효동 240-2,한전주
35.17701,126.91428,1,북구,전남광주통합특별시 북구 용봉동 153-11,한전주
35.17701,126.92692,1,북구,전남광주통합특별시 북구 우산동 10-12,건축물
35.17702,126.8432,2,북구,전남광주통합특별시 북구 동림동 1084-2,한전주
35.17702,126.85913,1,북구,전남광주통합특별시 북구 동림동 704-3,한전주
35.17702,126.88295,1,북구,전남광주통합특별시 북구 운암동 151-16,한전주
35.17703,126.88309,2,북구,전남광주통합특별시 북구 운암동 148-1,한전주
35.17704,126.84949,1,북구,전남광주통합특별시 북구 동림동 924-34,한전주
35.17704,126.89762,1,북구,전남광주통합특별시 북구 용봉동 626-17 윤창공업사,한전주
35.17704,126.91469,1,북구,전남광주통합특별시 북구 용봉동 154-15,한전주
35.17705,126.89896,1,북구,전남광주통합특별시 북구 용봉동 1257-2,한전주
35.17705,126.93159,1,북구,전남광주통합특별시 북구 두암동 579-14,한전주
35.17705,126.9364,1,북구,전남광주통합특별시 북구 두암동 596-35,한전주
35.17705,126.95914,1,북구,전남광주통합특별시 북구 청풍동 1025-1,건축물
35.17705,127.01041,1,북구,전남광주통합특별시 북구 충효동 284-2,한전주
35.17706,126.89083,1,북구,전남광주통합특별시 북구 용봉동 729-9,한전주
35.17707,126.84323,1,북구,전남광주통합특별시 북구 동림동 1084-2,한전주
35.17707,126.93087,3,북구,전남광주통합특별시 북구 두암동 579-1,한전주
35.17708,126.89638,1,북구,전남광주통합특별시 북구 용봉동 1405-5,한전주
35.17708,126.93159,1,북구,전남광주통합특별시 북구 두암동 579-14,한전주
35.17709,126.87043,1,북구,전남광주통합특별시 북구 운암동 885-18,한전주
35.17709,126.91286,1,북구,전남광주통합특별시 북구 용봉동 152-54,한전주
35.17709,126.91413,1,북구,전남광주통합특별시 북구 용봉동 153-12,한전주
35.17711,126.8589,1,북구,전남광주통합특별시 북구 동림동 704-2,한전주
35.17711,126.90003,1,북구,전남광주통합특별시 북구 용봉동 1258-8 자동차나라,한전주
35.17711,126.93764,1,북구,전남광주통합특별시 북구 두암동 20-2,한전주
35.17712,126.91499,1,북구,전남광주통합특별시 북구 용봉동 154-20,한전주
35.17712,126.91556,1,북구,전남광주통합특별시 북구 용봉동 154-31,한전주
35.17712,126.9161,1,북구,전남광주통합특별시 북구 문흥동 738-22,한전주
35.17712,126.93682,1,북구,전남광주통합특별시 북구 두암동 29-13,한전주
35.17713,126.91515,1,북구,전남광주통합특별시 북구 용봉동 154-22,한전주
35.17713,126.91578,1,북구,전남광주통합특별시 북구 문흥동 738-27,한전주
35.17714,126.86961,1,북구,전남광주통합특별시 북구 운암동 895-3,한전주
35.17714,126.89591,1,북구,전남광주통합특별시 북구 용봉동 1405-3,한전주
35.17714,126.9165,1,북구,전남광주통합특별시 북구 문흥동 738-17,한전주
35.17714,126.93318,1,북구,전남광주통합특별시 북구 두암동 588-5,한전주
35.17714,126.93319,1,북구,전남광주통합특별시 북구 두암동 588-5,한전주
35.17714,126.93615,1,북구,전남광주통합특별시 북구 두암동 596-7,한전주
35.17715,126.89601,1,북구,전남광주통합특별시 북구 용봉동 1405-4,한전주
35.17715,126.9165,1,북구,전남광주통합특별시 북구 문흥동 738-17,한전주
35.17715,126.93318,1,북구,전남광주통합특별시 북구 두암동 588-5,한전주
35.17716,126.89066,1,북구,전남광주통합특별시 북구 용봉동 1105,한전주
35.17716,126.90138,1,북구,전남광주통합특별시 북구 용봉동 552-6,한전주
35.17716,126.90182,1,북구,전남광주통합특별시 북구 용봉동 553-4,한전주
35.17718,126.89798,1,북구,전남광주통합특별시 북구 용봉동 1256-13,한전주
35.17718,126.89967,1,북구,전남광주통합특별시 북구 용봉동 1258-5,한전주
35.17719,126.89866,1,북구,전남광주통합특별시 북구 용봉동 1256-25,한전주
35.1772,126.92303,2,북구,전남광주통합특별시 북구 우산동 129,한전주
35.17721,126.91695,1,북구,전남광주통합특별시 북구 문흥동 739-14,한전주
35.17721,126.9347,1,북구,전남광주통합특별시 북구 두암동 594-5,한전주
35.17722,126.87254,1,북구,전남광주통합특별시 북구 운암동 928-41 하지혜헤어샵,한전주
35.17722,126.89662,1,북구,전남광주통합특별시 북구 용봉동 1402-11,한전주
35.17722,126.9964,1,북구,전남광주통합특별시 북구 금곡동 442-2,한전주
35.17723,126.89388,1,북구,전남광주통합특별시 북구 용봉동 1403-9,한전주
35.17723,126.9174,1,북구,전남광주통합특별시 북구 문흥동 739-19,한전주
35.17723,126.93262,1,북구,전남광주통합특별시 북구 두암동 588-3,한전주
35.17724,126.90221,1,북구,전남광주통합특별시 북구 용봉동 553-6,한전주
35.17725,126.89927,1,북구,전남광주통합특별시 북구 용봉동 1257-10,한전주
35.17725,126.90241,1,북구,전남광주통합특별시 북구 용봉동 353-2,한전주
35.17725,126.93628,1,북구,전남광주통합특별시 북구 두암동 595-49,한전주
35.17727,126.89885,1,북구,전남광주통합특별시 북구 용봉동 1257-1,한전주
35.17727,126.9133,1,북구,전남광주통합특별시 북구 용봉동 152-6,한전주
35.17727,126.92588,1,북구,전남광주통합특별시 북구 우산동 14-22,건축물
35.17728,126.89478,1,북구,전남광주통합특별시 북구 용봉동 1397-5 뿌리,한전주
35.17728,126.91308,1,북구,전남광주통합특별시 북구 용봉동 152-50,한전주
35.17729,126.85705,1,북구,전남광주통합특별시 북구 동림동 917-7,한전주
35.17729,126.8933,2,북구,전남광주통합특별시 북구 용봉동 1403-3,한전주
35.17729,126.90081,1,북구,전남광주통합특별시 북구 용봉동 1251-11,한전주
35.17729,126.91283,1,북구,전남광주통합특별시 북구 용봉동 152-4,한전주
35.17729,126.9272,1,북구,전남광주통합특별시 북구 우산동 10-3 참조은빌라,한전주
35.17729,126.92762,1,북구,전남광주통합특별시 북구 두암동 568-10,한전주
35.1773,126.8944,1,북구,전남광주통합특별시 북구 용봉동 1397-4 청산건너,한전주
35.17731,126.84875,2,북구,전남광주통합특별시 북구 동림동 948-6,한전주
35.17731,126.87399,1,북구,전남광주통합특별시 북구 운암동 934-21,건축물
35.17732,126.91552,1,북구,전남광주통합특별시 북구 용봉동 154-29,전용주
35.17732,126.92561,1,북구,전남광주통합특별시 북구 우산동 14-18,건축물
35.17733,126.90273,1,북구,전남광주통합특별시 북구 용봉동 358-9,한전주
35.17734,126.93556,1,북구,전남광주통합특별시 북구 두암동 596-14,한전주
35.17735,126.91452,1,북구,전남광주통합특별시 북구 용봉동 154-1,한전주
35.17735,126.92534,1,북구,전남광주통합특별시 북구 우산동 14-9 연출공간,한전주
35.17737,126.87344,1,북구,전남광주통합특별시 북구 운암1동9 30-2,건축물
35.17737,126.89774,1,북구,전남광주통합특별시 북구 용봉동 1256-17,전용주
35.17737,126.92693,1,북구,전남광주통합특별시 북구 우산동 10-15 무릉도원 원룸,한전주
35.17738,126.84866,1,북구,전남광주통합특별시 북구 동림동 926-1,한전주
35.17738,126.89848,1,북구,전남광주통합특별시 북구 용봉동 1256-6,한전주
35.17738,126.93241,1,북구,전남광주통합특별시 북구 두암동 588-32,한전주
35.17738,126.93765,1,북구,전남광주통합특별시 북구 두암동 20,한전주
35.17739,126.8628,1,북구,전남광주통합특별시 북구 동림동 645,한전주
35.1774,126.87153,1,북구,전남광주통합특별시 북구 운암동 924-14,한전주
35.1774,126.9282,1,북구,전남광주통합특별시 북구 두암동 568-2,한전주
35.1774,126.93669,1,북구,전남광주통합특별시 북구 두암동 595-5,한전주
35.17741,126.88275,1,북구,전남광주통합특별시 북구 운암동 151-20,한전주
35.17741,127.00961,1,북구,전남광주통합특별시 북구 충효동 247,한전주
35.17742,126.8933,1,북구,전남광주통합특별시 북구 용봉동 1394-4 뒤 동현활어 건너,한전주
35.17742,126.91353,1,북구,전남광주통합특별시 북구 용봉동 150-18,한전주
35.17743,126.91683,1,북구,전남광주통합특별시 북구 문흥동 748,한전주
35.17743,126.91687,14,북구,전남광주통합특별시 북구 문흥동 748,한전주
35.17744,126.84286,1,북구,전남광주통합특별시 북구 동림동 1085-2,한전주
35.17744,126.8441,1,북구,전남광주통합특별시 북구 동림동 927-21,한전주
35.17744,126.87356,1,북구,전남광주통합특별시 북구 운암동 930-28,한전주
35.17744,126.89694,1,북구,전남광주통합특별시 북구 용봉동 1402-1,전용주
35.17744,126.91303,1,북구,전남광주통합특별시 북구 용봉동 151-27,한전주
35.17744,126.91398,1,북구,전남광주통합특별시 북구 용봉동 150-15,한전주
35.17745,126.84362,1,북구,전남광주통합특별시 북구 동림동 1085-6,한전주
35.17745,126.93525,1,북구,전남광주통합특별시 북구 두암동 596-3,한전주
35.17746,126.84629,1,북구,전남광주통합특별시 북구 동림동 948-1,한전주
35.17746,126.90086,1,북구,전남광주통합특별시 북구 용봉동 1251-12,한전주
35.17746,126.93177,1,북구,전남광주통합특별시 북구 두암동 578-7,한전주
35.17748,126.84367,1,북구,전남광주통합특별시 북구 동림동 1085-6,한전주
35.17748,126.86648,1,북구,전남광주통합특별시 북구 동림동 234,한전주
35.17749,126.84283,1,북구,전남광주통합특별시 북구 동림동 1085-2,한전주
35.17749,126.92642,1,북구,전남광주통합특별시 북구 우산동 14-36 우영사우나,한전주
35.1775,126.8976,1,북구,전남광주통합특별시 북구 용봉동 1256-1,한전주
35.1775,126.92673,1,북구,전남광주통합특별시 북구 우산동 14-4 동화B동 쪽,한전주
35.17751,126.87226,1,북구,전남광주통합특별시 북구 운암동 928-37,한전주
35.17751,126.89804,1,북구,전남광주통합특별시 북구 용봉동 1256-27 장원그린빌라,한전주
35.17751,126.91332,1,북구,전남광주통합특별시 북구 용봉동 151-30,한전주
35.17752,126.87386,1,북구,전남광주통합특별시 북구 운암동 934-13,한전주
35.17752,126.89674,1,북구,전남광주통합특별시 북구 용봉동 1400-6 청정바다건너,한전주
35.17753,126.87324,1,북구,전남광주통합특별시 북구 운암동 928-22,한전주
35.17753,126.90118,1,북구,전남광주통합특별시 북구 용봉동 1251-23,한전주
35.17753,126.93158,1,북구,전남광주통합특별시 북구 두암동 578-9,한전주
35.17754,126.8726,1,북구,전남광주통합특별시 북구 운암동 928-6,한전주
35.17754,126.93723,1,북구,전남광주통합특별시 북구 두암동 22-2,한전주
35.17754,126.9597,1,북구,전남광주통합특별시 북구 청풍동 1055-3,한전주
35.17755,126.93318,1,북구,전남광주통합특별시 북구 두암동 590-26,한전주
35.17756,126.87293,1,북구,전남광주통합특별시 북구 운암동 928-14,한전주
35.17756,126.89896,1,북구,전남광주통합특별시 북구 용봉동 1255-19,한전주
35.17756,126.91484,1,북구,전남광주통합특별시 북구 용봉동 149-16,한전주
35.17756,126.91765,1,북구,전남광주통합특별시 북구 문흥동 739-24,건축물
35.17757,126.90276,1,북구,전남광주통합특별시 북구 용봉동 358-13 은진복사,한전주
35.17758,126.89456,1,북구,전남광주통합특별시 북구 용봉동 1397-3,한전주
35.17758,126.91383,1,북구,전남광주통합특별시 북구 용봉동 150-11,한전주
35.17759,126.9277,1,북구,전남광주통합특별시 북구 우산동 9-7 이천모텔,한전주
35.1776,126.87191,1,북구,전남광주통합특별시 북구 운암동 975-9,건축물
35.17761,126.89634,1,북구,전남광주통합특별시 북구 용봉동 1400-10,한전주
35.17761,126.89957,1,북구,전남광주통합특별시 북구 용봉동 1254-16,한전주
35.17761,126.93692,1,북구,전남광주통합특별시 북구 각화동 184-6,한전주
35.17762,126.87349,1,북구,전남광주통합특별시 북구 운암동 934-26,한전주
35.17762,126.89978,1,북구,전남광주통합특별시 북구 용봉동 1254-4 플라톤고시원,한전주
35.17762,126.90213,1,북구,전남광주통합특별시 북구 용봉동 1252-5 세계과자할인점,한전주
35.17762,126.91255,1,북구,전남광주통합특별시 북구 용봉동 151-22,전용주
35.17762,126.91526,1,북구,전남광주통합특별시 북구 용봉동 149-9,한전주
35.17762,126.91636,1,북구,전남광주통합특별시 북구 문흥동 737-18,한전주
35.17762,126.93001,1,북구,전남광주통합특별시 북구 두암동 572-3,한전주
35.17763,126.90066,1,북구,전남광주통합특별시 북구 용봉동 1254-7 통발앞새봄어린이공원1,한전주
35.17763,126.91695,1,북구,전남광주통합특별시 북구 문흥동 736-18,한전주
35.17764,126.91622,1,북구,전남광주통합특별시 북구 문흥동 737-17,한전주
35.17765,126.92425,1,북구,전남광주통합특별시 북구 우산동 616-6 문화중학교 정문,한전주
35.17765,126.93499,1,북구,전남광주통합특별시 북구 두암동 594-12,한전주
35.17766,126.87608,1,북구,전남광주통합특별시 북구 운암동 347-4,한전주
35.17766,126.89372,1,북구,전남광주통합특별시 북구 용봉동 1394-4 항공특수연출 건너,한전주
35.17766,126.90261,1,북구,전남광주통합특별시 북구 용봉동 357-4,한전주
35.17766,126.93751,1,북구,전남광주통합특별시 북구 두암동 18,한전주
35.17767,126.89568,1,북구,전남광주통합특별시 북구 용봉동 1399-2 피쉬앤그릴,한전주
35.17767,126.91483,1,북구,전남광주통합특별시 북구 용봉동 149-14,전용주
35.17767,126.9335,1,북구,전남광주통합특별시 북구 두암동 591-25,한전주
35.17768,126.89047,1,북구,전남광주통합특별시 북구 용봉동 729-22,전용주
35.17768,126.90082,1,북구,전남광주통합특별시 북구 용봉동 1251-16,한전주
35.17768,126.92591,1,북구,전남광주통합특별시 북구 우산동 8-8,한전주
35.17769,126.90101,1,북구,전남광주통합특별시 북구 용봉동 1251-17 남강빌라,한전주
35.17769,126.92747,1,북구,전남광주통합특별시 북구 우산동 9-6,한전주
35.1777,126.9003,1,북구,전남광주통합특별시 북구 용봉동 1254-30 새봄어린이공원2,한전주
35.1777,126.9966,1,북구,전남광주통합특별시 북구 충효동 787-1,한전주
35.17771,126.86475,1,북구,전남광주통합특별시 북구 동림동 1119-4,한전주
35.17771,126.874,1,북구,전남광주통합특별시 북구 운암동 934-11,한전주
35.17771,126.89409,1,북구,전남광주통합특별시 북구 용봉동 1396-1 건영수산,한전주
35.17771,126.92566,1,북구,전남광주통합특별시 북구 우산동 8-9,한전주
35.17772,126.87319,1,북구,전남광주통합특별시 북구 운암동 951-14,한전주
35.17772,126.87365,1,북구,전남광주통합특별시 북구 운암동 934-24,한전주
35.17772,126.89287,1,북구,전남광주통합특별시 북구 용봉동 1447,한전주
35.17772,126.89476,1,북구,전남광주통합특별시 북구 용봉동 1397-7,한전주
35.17772,126.89621,1,북구,전남광주통합특별시 북구 용봉동 1400-9,한전주
35.17772,126.89884,1,북구,전남광주통합특별시 북구 용봉동 1255-11,한전주
35.17773,126.89332,1,북구,전남광주통합특별시 북구 용봉동 1394-3 항공특수연출 건물 뒤,한전주
35.17774,126.90022,1,북구,전남광주통합특별시 북구 용봉동 1250-13,전용주
35.17774,126.90139,1,북구,전남광주통합특별시 북구 용봉동 1251-5,한전주
35.17774,126.9131,1,북구,전남광주통합특별시 북구 용봉동 151-33,한전주
35.17774,126.93599,1,북구,전남광주통합특별시 북구 두암동 595-38,한전주
35.17775,126.87219,1,북구,전남광주통합특별시 북구 운암동 975-3,건축물
35.17775,126.90185,1,북구,전남광주통합특별시 북구 용봉동 1252-2,한전주
35.17775,126.93284,1,북구,전남광주통합특별시 북구 두암동 590-5,한전주
35.17776,126.90328,1,북구,전남광주통합특별시 북구 용봉동 364-1,한전주
35.17776,126.92695,1,북구,전남광주통합특별시 북구 우산동 9-1,한전주
35.17776,126.93523,1,북구,전남광주통합특별시 북구 두암동 595-13,한전주
35.17778,126.91453,1,북구,전남광주통합특별시 북구 용봉동 149-1,한전주
35.17779,126.89854,1,북구,전남광주통합특별시 북구 용봉동 1255-13,한전주
35.1778,126.89811,1,북구,전남광주통합특별시 북구 용봉동 1248-5,한전주
35.1778,126.89938,1,북구,전남광주통합특별시 북구 용봉동 1255-7,한전주
35.1778,126.89998,1,북구,전남광주통합특별시 북구 용봉동 1250-14,한전주
35.1778,127.00923,1,북구,전남광주통합특별시 북구 충효동 250-1,한전주
35.17781,126.8722,1,북구,전남광주통합특별시 북구 운암동 974-13,한전주
35.17781,126.87261,1,북구,전남광주통합특별시 북구 운암동 951-16,한전주
35.17781,126.91315,1,북구,전남광주통합특별시 북구 용봉동 151-33,한전주
35.17781,126.9133,1,북구,전남광주통합특별시 북구 용봉동 151-35,한전주
35.17782,126.84197,1,북구,전남광주통합특별시 북구 동림동 1067,한전주
35.17782,126.87182,1,북구,전남광주통합특별시 북구 운암동 974-7,한전주
35.17782,126.872,1,북구,전남광주통합특별시 북구 운암동 974-8,한전주
35.17782,126.89584,1,북구,전남광주통합특별시 북구 용봉동 1400-1,한전주
35.17782,126.89835,1,북구,전남광주통합특별시 북구 용봉동 1255-14,한전주
35.17782,126.90092,1,북구,전남광주통합특별시 북구 용봉동 1251-20,한전주
35.17783,126.90405,1,북구,전남광주통합특별시 북구 용봉동 375-11,한전주
35.17783,126.93153,1,북구,전남광주통합특별시 북구 두암동 577-18,한전주
35.17783,126.93636,1,북구,전남광주통합특별시 북구 각화동 183-25,한전주
35.17784,126.85458,1,북구,전남광주통합특별시 북구 동림동 917-15,한전주
35.17784,126.87286,1,북구,전남광주통합특별시 북구 운암동 951-9,한전주
35.17784,126.89964,1,북구,전남광주통합특별시 북구 용봉동 1250-17,한전주
35.17784,126.9325,1,북구,전남광주통합특별시 북구 두암동 590-21,전용주
35.17785,126.8866,1,북구,전남광주통합특별시 북구 운암동 140-12,한전주
35.17785,126.89074,3,북구,전남광주통합특별시 북구 용봉동 729,전용주
35.17786,126.89624,1,북구,전남광주통합특별시 북구 용봉동 1400-3,한전주
35.17786,126.89658,1,북구,전남광주통합특별시 북구 용봉동 1400-5,한전주
35.17786,126.90053,1,북구,전남광주통합특별시 북구 용봉동 1250-6(새봄공원코너),전용주
35.17786,126.90144,1,북구,전남광주통합특별시 북구 용봉동 1251-4,한전주
35.17786,126.90168,1,북구,전남광주통합특별시 북구 용봉동 1252-1,한전주
35.17786,126.90422,1,북구,전남광주통합특별시 북구 용봉동 375-10,한전주
35.17786,126.91672,1,북구,전남광주통합특별시 북구 문흥동 737-22,한전주
35.17786,126.92434,1,북구,전남광주통합특별시 북구 우산동 616-1 문화중학교 주변,한전주
35.17786,126.93124,1,북구,전남광주통합특별시 북구 두암동 577-22,전용주
35.17786,126.93237,2,북구,전남광주통합특별시 북구 두암동 590-1,한전주
35.17786,126.93571,1,북구,전남광주통합특별시 북구 두암동 595-3,한전주
35.17787,126.8443,6,북구,전남광주통합특별시 북구 동림동 1086-2,한전주
35.17787,126.89904,1,북구,전남광주통합특별시 북구 용봉동 1255-5,한전주
35.17787,126.90312,1,북구,전남광주통합특별시 북구 용봉동 365,한전주
35.17787,126.93754,1,북구,전남광주통합특별시 북구 각화동 175-1,한전주
35.17788,126.8443,1,북구,전남광주통합특별시 북구 동림동 1086-2,한전주
35.17788,126.89446,5,북구,전남광주통합특별시 북구 용봉동 1448,한전주
35.17788,126.89447,1,북구,전남광주통합특별시 북구 용봉동 1448,한전주
35.17788,126.93754,1,북구,전남광주통합특별시 북구 각화동 175-1,한전주
35.17789,126.8753,1,북구,전남광주통합특별시 북구 운암동 359-8 두꺼비식당,한전주
35.17789,126.89816,1,북구,전남광주통합특별시 북구 용봉동 1248-4,한전주
35.17789,126.93237,1,북구,전남광주통합특별시 북구 두암동 590-1,한전주
35.17789,126.9353,1,북구,전남광주통합특별시 북구 두암동 595-16,한전주
35.1779,126.89856,1,북구,전남광주통합특별시 북구 용봉동 1255-2,한전주
35.1779,126.92784,1,북구,전남광주통합특별시 북구 우산동 4-5,한전주
35.1779,127.00958,2,북구,전남광주통합특별시 북구 충효동1006-3,한전주
35.17791,126.90458,1,북구,전남광주통합특별시 북구 용봉동 375-3,한전주
35.17792,126.89234,1,북구,전남광주통합특별시 북구 용봉동 1391-1,한전주
35.17792,126.89566,1,북구,전남광주통합특별시 북구 용봉동 1400-1 리차호프저불로,한전주
35.17792,126.90239,1,북구,전남광주통합특별시 북구 용봉동 1243-5,한전주
35.17792,126.90375,1,북구,전남광주통합특별시 북구 용봉동 373-1,한전주
35.17792,126.92508,1,북구,전남광주통합특별시 북구 우산동 618-4,한전주
35.17793,126.87584,1,북구,전남광주통합특별시 북구 운암동 352-15,한전주
35.17793,126.91459,1,북구,전남광주통합특별시 북구 용봉동 148-18,한전주
35.17794,126.91481,1,북구,전남광주통합특별시 북구 용봉동 148-21,한전주
35.17794,126.93064,1,북구,전남광주통합특별시 북구 두암동 608,한전주
35.17794,126.93612,1,북구,전남광주통합특별시 북구 각화동 183-23,한전주
35.17795,126.87501,1,북구,전남광주통합특별시 북구 운암동 359-9 하나족발보쌈,한전주
35.17795,126.89479,1,북구,전남광주통합특별시 북구 용봉동 1397-7 훅,한전주
35.17796,126.8516,1,북구,전남광주통합특별시 북구 동림동 923-21,한전주
35.17796,126.87161,1,북구,전남광주통합특별시 북구 운암동 978-14,한전주
35.17796,126.91521,1,북구,전남광주통합특별시 북구 용봉동 148-6,한전주
35.17797,126.86885,1,북구,전남광주통합특별시 북구 운암동 1190-10,한전주
35.17797,126.87584,1,북구,전남광주통합특별시 북구 운암동 352-15,한전주
35.17797,126.91367,1,북구,전남광주통합특별시 북구 용봉동 147-21,한전주
35.17797,126.93064,32,북구,전남광주통합특별시 북구 두암동 608,한전주
35.17797,126.99677,1,북구,전남광주통합특별시 북구 충효동 788-5,한전주
35.17798,126.85588,1,북구,전남광주통합특별시 북구 동림동 917-12,한전주
35.17798,126.86457,1,북구,전남광주통합특별시 북구 동림동 137-8,한전주
35.17798,126.87404,1,북구,전남광주통합특별시 북구 운암동 934-5,한전주
35.17799,126.90353,1,북구,전남광주통합특별시 북구 용봉동 1111,전용주
35.17799,126.91411,1,북구,전남광주통합특별시 북구 용봉동 147-24,한전주
35.17799,126.93286,1,북구,전남광주통합특별시 북구 두암동 591-22,건축물
35.178,126.91496,1,북구,전남광주통합특별시 북구 용봉동 148-15,한전주
35.17801,126.91291,2,북구,전남광주통합특별시 북구 용봉동 151-50,한전주
35.17801,126.91571,1,북구,전남광주통합특별시 북구 문흥동 733-24,한전주
35.17801,126.92671,1,북구,전남광주통합특별시 북구 우산동 5-16,한전주
35.17802,126.92559,1,북구,전남광주통합특별시 북구 우산동 7-3,한전주
35.17802,126.93564,1,북구,전남광주통합특별시 북구 각화동 183-19,한전주
35.17803,126.93081,1,북구,전남광주통합특별시 북구 두암동 577-36,한전주
35.17804,126.92948,2,북구,전남광주통합특별시 북구 두암동 573-1,한전주
35.17804,126.93925,1,북구,전남광주통합특별시 북구 각화동 167-4,한전주
35.17805,126.88676,1,북구,전남광주통합특별시 북구 운암동 140-17,한전주
35.17805,126.89232,1,북구,전남광주통합특별시 북구 용봉동 1391-1,한전주
35.17805,126.93576,1,북구,전남광주통합특별시 북구 각화동 183-20,한전주
35.17806,126.87239,1,북구,전남광주통합특별시 북구 운암동 973-1,건축물
35.17806,126.87347,1,북구,전남광주통합특별시 북구 운암동 950-4,전용주
35.17806,126.87398,1,북구,전남광주통합특별시 북구 운암동 934-43,한전주
35.17806,126.89778,1,북구,전남광주통합특별시 북구 용봉동 1248-18,전용주
35.17806,126.90478,1,북구,전남광주통합특별시 북구 용봉동 375-5,한전주
35.17806,126.91259,1,북구,전남광주통합특별시 북구 용봉동 151-13,한전주
35.17807,126.87202,1,북구,전남광주통합특별시 북구 운암동 974-10,한전주
35.17807,126.8734,1,북구,전남광주통합특별시 북구 운암동 952-5,한전주
35.17807,126.91317,1,북구,전남광주통합특별시 북구 용봉동 151-74,한전주
35.17807,126.92614,6,북구,전남광주통합특별시 북구 우산동 16,한전주
35.17807,126.93177,1,북구,전남광주통합특별시 북구 두암동 577-10,한전주
35.17808,126.87304,1,북구,전남광주통합특별시 북구 운암동 952-8,한전주
35.17808,126.91547,1,북구,전남광주통합특별시 북구 용봉동 148-29,한전주
35.17808,126.91549,1,북구,전남광주통합특별시 북구 용봉동 148-29,한전주
35.17809,126.9003,1,북구,전남광주통합특별시 북구 용봉동 1250-5,한전주
35.17809,126.93232,1,북구,전남광주통합특별시 북구 두암동 591-20,한전주
35.17809,126.93638,1,북구,전남광주통합특별시 북구 각화동 183-6,한전주
35.1781,126.86498,1,북구,전남광주통합특별시 북구 동림동 1120-1,한전주
35.1781,126.87262,1,북구,전남광주통합특별시 북구 운암동 952,한전주
35.1781,126.9169,1,북구,전남광주통합특별시 북구 문흥동 734-10,한전주
35.17811,126.85914,3,북구,전남광주통합특별시 북구 동림동 944-2,한전주
35.17811,126.8592,1,북구,전남광주통합특별시 북구 동림동 945,한전주
35.17811,126.89984,1,북구,전남광주통합특별시 북구 용봉동 1250-2,한전주
35.17812,126.8982,1,북구,전남광주통합특별시 북구 용봉동 1248-29,한전주
35.17812,126.90334,1,북구,전남광주통합특별시 북구 용봉동 368,한전주
35.17812,126.91632,1,북구,전남광주통합특별시 북구 문흥동 733-17,한전주
35.17813,126.85917,1,북구,전남광주통합특별시 북구 동림동 944-2,한전주
35.17813,126.90013,1,북구,전남광주통합특별시 북구 용봉동 1250-3 셰계고시원,한전주
35.17814,126.87374,1,북구,전남광주통합특별시 북구 운암동 946-10,한전주
35.17815,126.91714,1,북구,전남광주통합특별시 북구 문흥동 734-9,한전주
35.17815,126.91784,1,북구,전남광주통합특별시 북구 문흥동 734-5,한전주
35.17816,126.87548,1,북구,전남광주통합특별시 북구 운암동 359-6 홀태바지,건축물
35.17816,126.9334,1,북구,전남광주통합특별시 북구 두암동 591-33,전용주
35.17817,126.90227,1,북구,전남광주통합특별시 북구 용봉동 1244-16,한전주
35.17817,126.91309,1,북구,전남광주통합특별시 북구 용봉동 151-71,한전주
35.17817,126.93547,1,북구,전남광주통합특별시 북구 각화동 183-18,한전주
35.17818,126.88857,2,북구,전남광주통합특별시 북구 용봉동 1074-5,전용주
35.17818,126.89973,1,북구,전남광주통합특별시 북구 용봉동 1250-1,한전주
35.17818,126.92446,1,북구,전남광주통합특별시 북구 우산동 617-10 문화중학교 주변,한전주
35.17818,126.93612,1,북구,전남광주통합특별시 북구 각화동 183-4,한전주
35.17818,126.96036,1,북구,전남광주통합특별시 북구 청풍동 1051-1,한전주
35.17819,126.90111,1,북구,전남광주통합특별시 북구 용봉동 1244-13,한전주
35.17819,126.91395,1,북구,전남광주통합특별시 북구 용봉동 147-30,한전주
35.1782,126.91352,1,북구,전남광주통합특별시 북구 용봉동 147-12,한전주
35.1782,126.92644,1,북구,전남광주통합특별시 북구 우산동 5-8,한전주
35.17821,126.87413,1,북구,전남광주통합특별시 북구 운암동 943-4,한전주
35.17821,126.87563,1,북구,전남광주통합특별시 북구 운암동 352-27 청수튀김,한전주
35.17821,126.89423,1,북구,전남광주통합특별시 북구 용봉동 1388-1,전용주
35.17821,126.92109,1,북구,전남광주통합특별시 북구 우산동 622,한전주
35.17821,126.92605,1,북구,전남광주통합특별시 북구 우산동 5-21,한전주
35.17821,126.93369,1,북구,전남광주통합특별시 북구 두암동 592-42,한전주
35.17822,126.89271,1,북구,전남광주통합특별시 북구 용봉동 1386-3,한전주
35.17823,126.87326,1,북구,전남광주통합특별시 북구 운암동 950-17,한전주
35.17823,126.91439,1,북구,전남광주통합특별시 북구 용봉동 148-1 박사빌,한전주
35.17823,126.91491,1,북구,전남광주통합특별시 북구 용봉동 148-2,한전주
35.17823,126.928,1,북구,전남광주통합특별시 북구 두암동 565-9,한전주
35.17824,126.86037,2,북구,전남광주통합특별시 북구 동림동 699,한전주
35.17824,126.93618,1,북구,전남광주통합특별시 북구 각화동 188,한전주
35.17825,126.92575,1,북구,전남광주통합특별시 북구 우산동 6-3 유림AB동,한전주
35.17826,126.93618,7,북구,전남광주통합특별시 북구 각화동 188,한전주
35.17826,126.96175,1,북구,전남광주통합특별시 북구 청풍동 1095-7,한전주
35.17827,126.87385,1,북구,전남광주통합특별시 북구 운암동 945-1,한전주
35.17828,126.87787,1,북구,전남광주통합특별시 북구 운암동 98,한전주
35.17828,126.89917,1,북구,전남광주통합특별시 북구 용봉동 1249-23,한전주
35.17828,126.91549,1,북구,전남광주통합특별시 북구 용봉동 148-4,한전주
35.17828,126.91776,1,북구,전남광주통합특별시 북구 문흥동 734-4,한전주
35.17829,126.87256,1,북구,전남광주통합특별시 북구 운암동 968-4,한전주
35.17829,126.88708,3,북구,전남광주통합특별시 북구 운암동 140-17,한전주
35.17829,126.88866,1,북구,전남광주통합특별시 북구 용봉동 1074-6 한신아파트상가골목안쪽,한전주
35.17829,126.89823,1,북구,전남광주통합특별시 북구 용봉동 1248-28,한전주
35.17829,126.89934,1,북구,전남광주통합특별시 북구 용봉동 1249-26,한전주
35.17829,126.93752,1,북구,전남광주통합특별시 북구 각화동 184-1,한전주
35.1783,126.9149,1,북구,전남광주통합특별시 북구 용봉동 148-2,한전주
35.1783,126.9301,1,북구,전남광주통합특별시 북구 두암동 574-39,전용주
35.17831,126.86491,1,북구,전남광주통합특별시 북구 동림동 221-8,한전주
35.17832,126.87182,1,북구,전남광주통합특별시 북구 운암동 971-6,건축물
35.17832,126.8719,1,북구,전남광주통합특별시 북구 운암동 971-6,한전주
35.17832,126.91512,1,북구,전남광주통합특별시 북구 용봉동 148-3 행복빌라위,한전주
35.17832,126.91623,1,북구,전남광주통합특별시 북구 문흥동 733-3,한전주
35.17832,126.93097,1,북구,전남광주통합특별시 북구 두암동 577-2,한전주
35.17833,126.87175,1,북구,전남광주통합특별시 북구 운암동 971-5,한전주
35.17833,126.89232,1,북구,전남광주통합특별시 북구 용봉동 1386-1,한전주
35.17833,126.91279,1,북구,전남광주통합특별시 북구 용봉동 151-91,한전주
35.17834,126.91654,1,북구,전남광주통합특별시 북구 문흥동 733-6,한전주
35.17834,126.93316,1,북구,전남광주통합특별시 북구 두암동 592-30,한전주
35.17834,126.938,1,북구,전남광주통합특별시 북구 각화동 169-4,한전주
35.17835,126.9029,1,북구,전남광주통합특별시 북구 용봉동 369-1,한전주
35.17835,126.9126,1,북구,전남광주통합특별시 북구 용봉동 151-62,한전주
35.17836,126.89871,1,북구,전남광주통합특별시 북구 용봉동 1249-12,한전주
35.17836,126.90369,1,북구,전남광주통합특별시 북구 용봉동 371-3,한전주
35.17837,126.9023,1,북구,전남광주통합특별시 북구 용봉동 1242-2,한전주
35.17837,126.90413,1,북구,전남광주통합특별시 북구 용봉동 403-31,한전주
35.17837,126.91377,1,북구,전남광주통합특별시 북구 용봉동 146-19,한전주
35.17838,126.8757,1,북구,전남광주통합특별시 북구 운암동 352-41,한전주
35.17838,126.89901,1,북구,전남광주통합특별시 북구 용봉동 1249-3,한전주
35.17838,126.93876,1,북구,전남광주통합특별시 북구 각화동 167-7,전용주
35.1784,126.92743,1,북구,전남광주통합특별시 북구 우산동 3-21,한전주
35.17841,126.87432,1,북구,전남광주통합특별시 북구 운암동 936-9,한전주
35.17841,126.92487,1,북구,전남광주통합특별시 북구 우산동 617-5,한전주
35.17842,126.99735,1,북구,전남광주통합특별시 북구 충효동 783-1,한전주
35.17843,126.87325,1,북구,전남광주통합특별시 북구 운암동 950-2,한전주
35.17843,126.8747,1,북구,전남광주통합특별시 북구 운암동 358-5,한전주
35.17843,126.87488,1,북구,전남광주통합특별시 북구 운암동 358-14,한전주
35.17843,126.89814,1,북구,전남광주통합특별시 북구 용봉동 1248-33,한전주
35.17844,126.89854,1,북구,전남광주통합특별시 북구 용봉동 1249-1,한전주
35.17844,126.9306,1,북구,전남광주통합특별시 북구 두암동 574-32,한전주
35.17844,126.93264,1,북구,전남광주통합특별시 북구 두암2동 592-41,한전주
35.17845,126.87436,1,북구,전남광주통합특별시 북구 운암동 936-8,한전주
35.17845,126.92526,1,북구,전남광주통합특별시 북구 우산동 620-4,한전주
35.17845,126.92788,1,북구,전남광주통합특별시 북구 두암동 565-4,한전주
35.17845,126.99717,1,북구,전남광주통합특별시 북구 충효동 785-1,한전주
35.17846,126.92617,1,북구,전남광주통합특별시 북구 우산동 5-1,한전주
35.17846,126.92694,1,북구,전남광주통합특별시 북구 우산동 5-3 은하A동 입구,한전주
35.17846,126.92788,1,북구,전남광주통합특별시 북구 두암동 565-4,한전주
35.17846,126.93286,1,북구,전남광주통합특별시 북구 두암동 592-9,한전주
35.17848,126.92722,1,북구,전남광주통합특별시 북구 우산동 3-29,한전주
35.17849,126.90079,1,북구,전남광주통합특별시 북구 용봉동 1245,한전주
35.17849,126.90329,1,북구,전남광주통합특별시 북구 용봉동 370,한전주
35.17849,126.93032,1,북구,전남광주통합특별시 북구 두암동 574-34,한전주
35.1785,126.87743,1,북구,전남광주통합특별시 북구 운암동 1781,한전주
35.1785,126.87746,1,북구,전남광주통합특별시 북구 운암동 1781,한전주
35.1785,126.91561,1,북구,전남광주통합특별시 북구 문흥동 732-18,한전주
35.1785,126.91683,1,북구,전남광주통합특별시 북구 문흥동 734-11,한전주
35.1785,126.92204,1,북구,전남광주통합특별시 북구 우산동 613-7 학교 담,한전주
35.1785,126.92458,1,북구,전남광주통합특별시 북구 우산동 617-12 문화중학교 주변,한전주
35.1785,126.93599,1,북구,전남광주통합특별시 북구 각화동 182-16,한전주
35.17851,126.92584,1,북구,전남광주통합특별시 북구 우산동 6-1 유림AB동,한전주
35.17851,126.93377,1,북구,전남광주통합특별시 북구 두암동 592-20,한전주
35.17853,126.8727,1,북구,전남광주통합특별시 북구 운암동 949-3,한전주
35.17853,126.87366,1,북구,전남광주통합특별시 북구 운암동 945-1,한전주
35.17853,126.87577,1,북구,전남광주통합특별시 북구 운암동 352-27 스타노래연습장,한전주
35.17853,126.88856,1,북구,전남광주통합특별시 북구 용봉동 1074-6,한전주
35.17853,126.91332,1,북구,전남광주통합특별시 북구 용봉동 146-3,전용주
35.17853,126.93552,1,북구,전남광주통합특별시 북구 각화동 180-20,한전주
35.17853,126.93599,2,북구,전남광주통합특별시 북구 각화동 182-16,한전주
35.17854,126.87231,1,북구,전남광주통합특별시 북구 운암동 972-3,한전주
35.17854,126.90112,1,북구,전남광주통합특별시 북구 용봉동 1244-1 뼈통,한전주
35.17856,126.87486,1,북구,전남광주통합특별시 북구 운암동 358-6,한전주
35.17856,126.94166,1,북구,전남광주통합특별시 북구 각화동 101-2,한전주
35.17857,126.87393,2,북구,전남광주통합특별시 북구 운암동 943-3,건축물
35.17857,126.89788,1,북구,전남광주통합특별시 북구 용봉동 1248-1,한전주
35.17857,126.91443,1,북구,전남광주통합특별시 북구 용봉동 145-10,한전주
35.17857,126.93596,1,북구,전남광주통합특별시 북구 각화동 182-16,한전주
35.17857,126.93968,1,북구,전남광주통합특별시 북구 각화동 112,한전주
35.17858,126.8727,1,북구,전남광주통합특별시 북구 운암동 949-3,한전주
35.17858,126.88822,1,북구,전남광주통합특별시 북구 용봉동 1074-6,한전주
35.17858,126.9124,1,북구,전남광주통합특별시 북구 용봉동 151-72,한전주
35.17859,126.8734,1,북구,전남광주통합특별시 북구 운암동 949-8,건축물
35.17859,126.88774,1,북구,전남광주통합특별시 북구 용봉동 1071-3 푸른자동차 옆,한전주
35.17859,126.90041,1,북구,전남광주통합특별시 북구 용봉동 1241-12 우미아파트뒷길1,한전주
35.1786,126.87433,1,북구,전남광주통합특별시 북구 운암동 936-5,건축물
35.1786,126.88551,8,북구,전남광주통합특별시 북구 운암동 140,한전주
35.1786,126.88745,1,북구,전남광주통합특별시 북구 용봉동 1071-5 대건빌B동 옆,한전주
35.1786,126.88856,1,북구,전남광주통합특별시 북구 용봉동 1074-6,한전주
35.1786,126.90377,1,북구,전남광주통합특별시 북구 용봉동 371 민족사관유치원입구,한전주
35.1786,126.92723,1,북구,전남광주통합특별시 북구 우산동 3-30,한전주
35.17861,126.92824,1,북구,전남광주통합특별시 북구 두암동 565,한전주
35.17862,126.87544,1,북구,전남광주통합특별시 북구 운암동 352-3,한전주
35.17862,126.91293,1,북구,전남광주통합특별시 북구 용봉동 146-1,한전주
35.17864,126.87242,1,북구,전남광주통합특별시 북구 운암동 968-1,한전주
35.17864,126.87462,1,북구,전남광주통합특별시 북구 운암동 936-7,한전주
35.17864,126.87584,1,북구,전남광주통합특별시 북구 운암동 352-27 스타노래연습장,한전주
35.17864,126.89838,1,북구,전남광주통합특별시 북구 용봉동 1247-5,한전주
35.17864,126.91407,1,북구,전남광주통합특별시 북구 용봉동 146-8,한전주
35.17864,126.91758,1,북구,전남광주통합특별시 북구 문흥동 941-3,한전주
35.17864,126.92127,1,북구,전남광주통합특별시 북구 우산동 611-8,한전주
35.17864,126.92892,1,북구,전남광주통합특별시 북구 두암동 566-7,한전주
35.17865,126.90178,1,북구,전남광주통합특별시 북구 용봉동 1242-1,한전주
35.17865,126.92055,1,북구,전남광주통합특별시 북구 우산동 632-2,한전주
35.17865,126.9261,1,북구,전남광주통합특별시 북구 우산동 3-20 은하아파트,한전주
35.17865,126.92728,1,북구,전남광주통합특별시 북구 우산동 3-31,한전주
35.17866,126.89942,1,북구,전남광주통합특별시 북구 용봉동 1246-23,한전주
35.17866,126.89996,1,북구,전남광주통합특별시 북구 용봉동 1241-26 우미아파트뒷길3,한전주
35.17866,126.9165,1,북구,전남광주통합특별시 북구 문흥동 732-5,한전주
35.17866,127.00801,1,북구,전남광주통합특별시 북구 충효동 256-2,한전주
35.17868,126.9138,1,북구,전남광주통합특별시 북구 용봉동 146-6,한전주
35.17869,126.85095,3,북구,전남광주통합특별시 북구 동림동 795-4,
35.17869,126.87308,1,북구,전남광주통합특별시 북구 운암동 949-1,전용주
35.17869,126.89981,1,북구,전남광주통합특별시 북구 용봉동 1241-15 에그린건너우미아파트뒷길4,한전주
35.17869,126.90172,1,북구,전남광주통합특별시 북구 용봉동 1242-1,한전주
35.1787,126.89709,1,북구,전남광주통합특별시 북구 용봉동 1380-5 채선당 뒤,한전주
35.1787,126.89959,1,북구,전남광주통합특별시 북구 용봉동 1246-7,한전주
35.1787,126.91549,1,북구,전남광주통합특별시 북구 용봉동 145-5,한전주
35.1787,126.92498,1,북구,전남광주통합특별시 북구 우산동 617-3,한전주
35.1787,126.96086,1,북구,전남광주통합특별시 북구 청풍동 1086-6,한전주
35.17871,126.91587,1,북구,전남광주통합특별시 북구 문흥동 732-24,건축물
35.17871,126.91732,1,북구,전남광주통합특별시 북구 문흥동 941-6,한전주
35.17872,126.8968,1,북구,전남광주통합특별시 북구 용봉동 1380-5 빛고을렌트카,한전주
35.17873,126.87231,1,북구,전남광주통합특별시 북구 운암동 968-6,한전주
35.17873,126.89918,1,북구,전남광주통합특별시 북구 용봉동 1246-5,한전주
35.17873,126.92101,1,북구,전남광주통합특별시 북구 우산동 611-9,한전주
35.17873,126.93365,1,북구,전남광주통합특별시 북구 각화동 178-20,한전주
35.17874,126.89654,1,북구,전남광주통합특별시 북구 용봉동 1380-9 주차장옆,한전주
35.17875,126.88721,1,북구,전남광주통합특별시 북구 운암동 140-19,한전주
35.17875,126.88727,1,북구,전남광주통합특별시 북구 운암동 140-19,한전주
35.17875,126.91291,1,북구,전남광주통합특별시 북구 용봉동 142-6,한전주
35.17875,127.0095,2,북구,전남광주통합특별시 북구 충효동 170-6,한전주
35.17876,126.88822,1,북구,전남광주통합특별시 북구 용봉동 1072-7,한전주
35.17876,126.93413,1,북구,전남광주통합특별시 북구 각화동 179-14,한전주
35.17877,126.86172,1,북구,전남광주통합특별시 북구 동림동 649-2,건축물
35.17877,126.87522,1,북구,전남광주통합특별시 북구 운암동 357-8,한전주
35.17877,126.90091,1,북구,전남광주통합특별시 북구 용봉동 1241-7,한전주
35.17878,126.87423,1,북구,전남광주통합특별시 북구 운암동 936-1,한전주
35.17878,126.87498,1,북구,전남광주통합특별시 북구 운암동 936-10,한전주
35.17878,126.89578,1,북구,전남광주통합특별시 북구 용봉동 1384-1 맨하탄노래연습장,한전주
35.17878,126.89622,1,북구,전남광주통합특별시 북구 용봉동 1385-1,한전주
35.17879,126.92081,1,북구,전남광주통합특별시 북구 우산동 610-8,건축물
35.17879,126.93472,1,북구,전남광주통합특별시 북구 각화동 179-23,전용주
35.1788,126.87514,3,북구,전남광주통합특별시 북구 운암동 1181-41,한전주
35.1788,126.9003,1,북구,전남광주통합특별시 북구 용봉동 1241-13,전용주
35.1788,126.91617,1,북구,전남광주통합특별시 북구 문흥동 732-22,한전주
35.1788,126.92411,1,북구,전남광주통합특별시 북구 문흥동 929-12 학교 담,한전주
35.1788,126.92572,1,북구,전남광주통합특별시 북구 우산동 621-4,한전주
35.17882,126.91379,1,북구,전남광주통합특별시 북구 용봉동 143-1,전용주
35.17882,126.91744,1,북구,전남광주통합특별시 북구 문흥동 941-1,건축물
35.17882,126.9246,1,북구,전남광주통합특별시 북구 문흥동 929-9,한전주
35.17883,126.92218,1,북구,전남광주통합특별시 북구 우산동 613-4 학교 담,한전주
35.17884,126.94197,1,북구,전남광주통합특별시 북구 각화동 145-2,한전주
35.17885,126.91449,1,북구,전남광주통합특별시 북구 용봉동 144-2,한전주
35.17886,126.92383,1,북구,전남광주통합특별시 북구 우산동 118-4 학교 담,한전주
35.17886,126.99769,1,북구,전남광주통합특별시 북구 충효동 1021-1,한전주
35.17887,126.89845,1,북구,전남광주통합특별시 북구 용봉동 1247-4,한전주
35.17887,126.89885,1,북구,전남광주통합특별시 북구 용봉동 1246-2,한전주
35.17888,126.92733,1,북구,전남광주통합특별시 북구 우산동 3-11,한전주
35.17888,126.92815,1,북구,전남광주통합특별시 북구 두암동 565-1,한전주
35.17889,126.9168,1,북구,전남광주통합특별시 북구 문흥동 943-3,한전주
35.1789,126.91406,1,북구,전남광주통합특별시 북구 용봉동 143-2,한전주
35.1789,126.92589,1,북구,전남광주통합특별시 북구 우산동 1-2,한전주
35.1789,126.93602,1,북구,전남광주통합특별시 북구 각화동 180-9,한전주
35.17891,126.93312,1,북구,전남광주통합특별시 북구 각화동 178-39,한전주
35.17892,126.89405,1,북구,전남광주통합특별시 북구 용봉동 1377-5,한전주
35.17893,126.86105,1,북구,전남광주통합특별시 북구 동림동 690-1,한전주
35.17894,126.90216,1,북구,전남광주통합특별시 북구 용봉동 1237-9,한전주
35.17894,126.92088,1,북구,전남광주통합특별시 북구 우산동 610-7,한전주
35.17894,126.92844,2,북구,전남광주통합특별시 북구 두암동 565-2,한전주
35.17894,126.93642,1,북구,전남광주통합특별시 북구 각화동 181-1,한전주
35.17895,126.89354,1,북구,전남광주통합특별시 북구 용봉동 1377-1 망고톡PC,한전주
35.17895,126.89616,1,북구,전남광주통합특별시 북구 용봉동 1380-8 엔젤하우스 옆,한전주
35.17895,126.91486,1,북구,전남광주통합특별시 북구 용봉동 144-11,한전주
35.17896,126.90135,1,북구,전남광주통합특별시 북구 용봉동 1263,한전주
35.17897,126.91545,1,북구,전남광주통합특별시 북구 용봉동 144-10,한전주
35.17897,126.92473,1,북구,전남광주통합특별시 북구 문흥동 929-9 학교 담,한전주
35.17898,126.91434,1,북구,전남광주통합특별시 북구 용봉동 144-1,한전주
35.17898,126.92169,1,북구,전남광주통합특별시 북구 우산동 612-5,한전주
35.17898,126.92343,1,북구,전남광주통합특별시 북구 우산동 118-4 학교 담,한전주
35.17898,126.92546,1,북구,전남광주통합특별시 북구 문흥동 923-8,한전주
35.17899,126.8922,1,북구,전남광주통합특별시 북구 용봉동 1375-1 푸른농원 건너 Drop Top 주차장,한전주
35.17899,126.89809,1,북구,전남광주통합특별시 북구 용봉동 1247-18,한전주
35.17899,126.91707,1,북구,전남광주통합특별시 북구 문흥동 942-1,한전주
35.17899,126.93962,1,북구,전남광주통합특별시 북구 각화동 111-1,한전주
35.17899,126.96099,1,북구,전남광주통합특별시 북구 청풍동 1086-4,한전주
35.179,126.88591,1,북구,전남광주통합특별시 북구 운암동 1174-6,한전주
35.179,126.90135,5,북구,전남광주통합특별시 북구 용봉동 1263,한전주
35.179,126.99811,1,북구,전남광주통합특별시 북구 충효동 773,한전주
35.17901,126.91293,1,북구,전남광주통합특별시 북구 용봉동 139-11,한전주
35.17902,126.89845,1,북구,전남광주통합특별시 북구 용봉동 1247-3,한전주
35.17903,126.89486,1,북구,전남광주통합특별시 북구 용봉동 1378-1,한전주
35.17903,126.89746,1,북구,전남광주통합특별시 북구 용봉동 1381-2 올리브,한전주
35.17903,126.92109,2,북구,전남광주통합특별시 북구 우산동 623,한전주
35.17904,126.89431,1,북구,전남광주통합특별시 북구 용봉동 1377-4,한전주
35.17904,126.91311,1,북구,전남광주통합특별시 북구 용봉동 139-7,한전주
35.17905,126.89288,1,북구,전남광주통합특별시 북구 용봉동 1375-4,한전주
35.17905,126.89677,1,북구,전남광주통합특별시 북구 용봉동 1380-3 자연삭품,한전주
35.17905,126.92786,1,북구,전남광주통합특별시 북구 우산동 3-4,한전주
35.17906,126.89296,2,북구,전남광주통합특별시 북구 용봉동 1442,한전주
35.17906,126.92226,1,북구,전남광주통합특별시 북구 우산동 613-3 학교 담,한전주
35.17906,126.9405,1,북구,전남광주통합특별시 북구 각화동 586,전용주
35.17907,126.89639,1,북구,전남광주통합특별시 북구 용봉동 1380-1 구이사랑주차장,한전주
35.17907,126.91602,1,북구,전남광주통합특별시 북구 문흥동 944-4,한전주
35.17908,126.89992,1,북구,전남광주통합특별시 북구 용봉동 1241-18,한전주
35.17908,126.92303,1,북구,전남광주통합특별시 북구 우산동 615 학교 담,한전주
35.17908,126.92499,1,북구,전남광주통합특별시 북구 문흥동 924-9,한전주
35.17908,126.92515,1,북구,전남광주통합특별시 북구 문흥동 924-8,한전주
35.17908,126.92741,1,북구,전남광주통합특별시 북구 우산동 3-13,한전주
35.17908,126.92783,1,북구,전남광주통합특별시 북구 우산동 3-4,한전주
35.17909,126.8712,1,북구,전남광주통합특별시 북구 운암동 978-8,한전주
35.17909,126.92123,1,북구,전남광주통합특별시 북구 우산동 611-12,한전주
35.17909,126.92582,1,북구,전남광주통합특별시 북구 우산동 621-5,한전주
35.17909,126.92621,1,북구,"전남광주통합특별시 북구 우산동 2-1 은하B동, 문흥자이빌 건너",건축물
35.17909,126.9405,3,북구,전남광주통합특별시 북구 각화동 586,한전주
35.17911,126.92176,1,북구,전남광주통합특별시 북구 우산동 612-4,한전주
35.17912,126.901,1,북구,전남광주통합특별시 북구 용봉동 1238-29,한전주
35.17913,126.88722,1,북구,전남광주통합특별시 북구 용봉동 1066-8,전용주
35.17914,126.90236,1,북구,전남광주통합특별시 북구 용봉동 1237-12,한전주
35.17915,126.89289,1,북구,전남광주통합특별시 북구 용봉동 1375-3 청양골,한전주
35.17915,126.99881,1,북구,전남광주통합특별시 북구 충효동 770-6,한전주
35.17916,126.91293,1,북구,전남광주통합특별시 북구 용봉동 139-10,한전주
35.17917,126.87113,1,북구,전남광주통합특별시 북구 운암동 1016-6,한전주
35.17918,126.89719,1,북구,전남광주통합특별시 북구 용봉동 1374-5 머시기,한전주
35.17918,126.9285,1,북구,전남광주통합특별시 북구 두암동 564-6,한전주
35.17918,126.93733,1,북구,전남광주통합특별시 북구 각화동 570-47,전용주
35.17919,126.89267,1,북구,전남광주통합특별시 북구 용봉동 1375-2,한전주
35.17919,126.92266,1,북구,전남광주통합특별시 북구 우산동 615 학교뒷길,한전주
35.1792,126.85453,1,북구,전남광주통합특별시 북구 동림동 921-9,한전주
35.1792,126.92161,1,북구,전남광주통합특별시 북구 우산동 612-13,한전주
35.17921,126.8923,1,북구,전남광주통합특별시 북구 용봉동 1441,한전주
35.17921,126.89659,1,북구,전남광주통합특별시 북구 용봉동 1372-3,한전주
35.17921,126.91303,1,북구,전남광주통합특별시 북구 용봉동 132-11,한전주
35.17921,126.92062,1,북구,전남광주통합특별시 북구 우산동 609-2,한전주
35.17922,126.89858,1,북구,전남광주통합특별시 북구 용봉동 1247-22,한전주
35.17922,126.91454,1,북구,전남광주통합특별시 북구 용봉동 1277-5,한전주
35.17923,126.92575,1,북구,전남광주통합특별시 북구 우산동 621-1,한전주
35.17924,126.89417,1,북구,전남광주통합특별시 북구 용봉동 1364-5 퀸노래방,한전주
35.17924,126.91385,1,북구,전남광주통합특별시 북구 용봉동 1280-6,한전주
35.17924,126.91431,1,북구,전남광주통합특별시 북구 용봉동 1277-6,한전주
35.17924,126.91553,1,북구,전남광주통합특별시 북구 용봉동 1275-3,한전주
35.17924,126.92234,1,북구,전남광주통합특별시 북구 우산동 613-2 학교 담,한전주
35.17925,126.88717,1,북구,전남광주통합특별시 북구 용봉동 1066-8 기천빌라주차장건너 101~102동사이,전용주
35.17925,126.9005,1,북구,전남광주통합특별시 북구 용봉동 1238-13,한전주
35.17925,126.91416,1,북구,전남광주통합특별시 북구 용봉동 1280-4,한전주
35.17925,126.92801,1,북구,전남광주통합특별시 북구 두암동 604,한전주
35.17925,126.92806,3,북구,전남광주통합특별시 북구 두암동 604,한전주
35.17925,126.93978,1,북구,전남광주통합특별시 북구 각화동 146-2,한전주
35.17926,126.92166,1,북구,전남광주통합특별시 북구 우산동 612-14,한전주
35.17926,126.9275,1,북구,전남광주통합특별시 북구 우산동 3-1,한전주
35.17927,126.89579,1,북구,전남광주통합특별시 북구 용봉동 1366-12,한전주
35.17927,126.90109,1,북구,전남광주통합특별시 북구 용봉동 1238-28,한전주
35.17928,126.92362,1,북구,전남광주통합특별시 북구 문흥동 929-1,한전주
35.1793,126.89314,1,북구,전남광주통합특별시 북구 용봉동 1362-5,한전주
35.1793,126.91284,1,북구,전남광주통합특별시 북구 용봉동 132-9,한전주
35.1793,126.96135,2,북구,전남광주통합특별시 북구 청풍동 1112-1,한전주
35.17931,126.89495,1,북구,전남광주통합특별시 북구 용봉동 1365-9,한전주
35.17931,126.8962,1,북구,전남광주통합특별시 북구 용봉동 1372-2 명광택 뒤,한전주
35.17931,126.90025,1,북구,전남광주통합특별시 북구 용봉동 1238-19,한전주
35.17931,126.91493,1,북구,전남광주통합특별시 북구 용봉동 1276-3,한전주
35.17932,126.89453,1,북구,전남광주통합특별시 북구 용봉동 1365-10,한전주
35.17932,126.89654,1,북구,전남광주통합특별시 북구 용봉동 1372-2,한전주
35.17932,126.91334,1,북구,전남광주통합특별시 북구 용봉동 139-27,한전주
35.17933,126.8966,1,북구,전남광주통합특별시 북구 용봉동 1372-3 낙지사랑채뒤,한전주
35.17933,126.91493,1,북구,전남광주통합특별시 북구 용봉동 1276-3,전용주
35.17933,126.92182,1,북구,전남광주통합특별시 북구 우산동 612-2,한전주
35.17933,127.00822,1,북구,전남광주통합특별시 북구 충효동 270-3,한전주
35.17934,126.85557,1,북구,전남광주통합특별시 북구 동림동 947-1,한전주
35.17934,126.8707,1,북구,전남광주통합특별시 북구 운암동 1016-3,한전주
35.17934,126.8938,1,북구,전남광주통합특별시 북구 용봉동 1363-2,한전주
35.17934,126.92526,1,북구,전남광주통합특별시 북구 문흥동 924-6,한전주
35.17934,126.93102,5,북구,전남광주통합특별시 북구 두암동 575-29,전용주
35.17935,126.89353,1,북구,전남광주통합특별시 북구 용봉동 1362-6 빛고을청국장 건너용봉중앙어린이공원7,한전주
35.17935,126.89881,1,북구,전남광주통합특별시 북구 용봉동 1240-1,한전주
35.17936,126.92592,1,북구,전남광주통합특별시 북구 문흥동 922-5,건축물
35.17936,126.93106,1,북구,전남광주통합특별시 북구 두암동 575-29,전용주
35.17937,126.90123,1,북구,전남광주통합특별시 북구 용봉동 1265,한전주
35.17937,126.92719,1,북구,전남광주통합특별시 북구 문흥동 190-4,한전주
35.17938,126.89235,1,북구,전남광주통합특별시 북구 용봉동 751-5 잇지빌 건너,한전주
35.17938,126.92245,1,북구,전남광주통합특별시 북구 문흥동 930-16,한전주
35.17939,126.89279,1,북구,전남광주통합특별시 북구 용봉동 1360-14,한전주
35.17939,126.90255,1,북구,전남광주통합특별시 북구 용봉동 1234-29,한전주
35.17939,126.9612,1,북구,전남광주통합특별시 북구 청풍동 1113-3,한전주
35.1794,126.89942,1,북구,전남광주통합특별시 북구 용봉동 1239-15,한전주
35.1794,126.89962,1,북구,전남광주통합특별시 북구 용봉동 1239-10,한전주
35.1794,126.91454,1,북구,전남광주통합특별시 북구 용봉동 1277-4,한전주
35.1794,126.9261,1,북구,전남광주통합특별시 북구 문흥동 191-5,한전주
35.17942,126.87074,1,북구,전남광주통합특별시 북구 운암동 1016-11,한전주
35.17942,126.89431,1,북구,전남광주통합특별시 북구 용봉동 1364-6,한전주
35.17943,126.85737,1,북구,전남광주통합특별시 북구 동림동 919-5,한전주
35.17943,126.89393,1,북구,전남광주통합특별시 북구 용봉동 1364-3 한울타리용봉중앙어린이공원1,전용주
35.17945,126.90133,1,북구,전남광주통합특별시 북구 용봉동 1238-25 로만베이커리건너,한전주
35.17945,126.92869,1,북구,전남광주통합특별시 북구 두암동 564-3,한전주
35.17945,126.999,1,북구,전남광주통합특별시 북구 충효동 769-3,한전주
35.17946,126.9003,1,북구,전남광주통합특별시 북구 용봉동 1238-17,한전주
35.17946,126.91251,1,북구,전남광주통합특별시 북구 용봉동 127-3,한전주
35.17946,126.9151,1,북구,전남광주통합특별시 북구 용봉동 1275-1,한전주
35.17946,126.93298,1,북구,전남광주통합특별시 북구 각화동 545-1,한전주
35.17948,126.93747,4,북구,전남광주통합특별시 북구 각화동 152-6,한전주
35.17949,126.89829,1,북구,전남광주통합특별시 북구 용봉동 1247-2,한전주
35.17949,126.92206,1,북구,전남광주통합특별시 북구 우산동 604-6,한전주
35.17949,126.92445,1,북구,전남광주통합특별시 북구 문흥동 928-6,한전주
35.17949,126.92491,1,북구,전남광주통합특별시 북구 문흥동 925-6,한전주
35.1795,126.88811,1,북구,전남광주통합특별시 북구 용봉동 1062 북문로떡볶이앞,한전주
35.1795,126.9019,1,북구,전남광주통합특별시 북구 용봉동 1234-13,한전주
35.1795,126.91369,1,북구,전남광주통합특별시 북구 용봉동 1280-1,한전주
35.1795,126.91558,1,북구,전남광주통합특별시 북구 용봉동 1274-8,한전주
35.17951,126.91414,1,북구,전남광주통합특별시 북구 용봉동 1278-5,한전주
35.17952,126.9017,1,북구,전남광주통합특별시 북구 용봉동 1234-12,한전주
35.17952,126.91386,1,북구,전남광주통합특별시 북구 용봉동 1278-7,한전주
35.17952,126.92788,2,북구,전남광주통합특별시 북구 두암동 564-1,한전주
35.17953,126.887,1,북구,전남광주통합특별시 북구 용봉동 1066-7 기천빌라주차장건너 102~103동사이,전용주
35.17953,126.92514,1,북구,전남광주통합특별시 북구 문흥동 924-12,한전주
35.17953,126.93212,2,북구,전남광주통합특별시 북구 두암동 576-5,한전주
35.17954,126.89719,1,북구,전남광주통합특별시 북구 용봉동 1373-2 좋은고기,한전주
35.17955,126.92079,1,북구,전남광주통합특별시 북구 우산동 605-14,한전주
35.17955,126.92406,1,북구,전남광주통합특별시 북구 문흥동 928-3,한전주
35.17956,126.90233,1,북구,전남광주통합특별시 북구 용봉동 1234-33,한전주
35.17957,126.85369,1,북구,전남광주통합특별시 북구 동림동 936-33,한전주
35.17957,126.87403,1,북구,전남광주통합특별시 북구 운암동 940-1,한전주
35.17957,126.9218,1,북구,전남광주통합특별시 북구 우산동 604-8,한전주
35.17959,126.87403,1,북구,전남광주통합특별시 북구 운암동 940-1,건축물
35.1796,126.89355,1,북구,전남광주통합특별시 북구 용봉동 1362-6 빛고을청국장건너용봉중앙어린이공원6,한전주
35.1796,126.92382,1,북구,전남광주통합특별시 북구 문흥동 936,한전주
35.1796,126.9327,1,북구,전남광주통합특별시 북구 두암동 576-12,한전주
35.17961,126.89988,1,북구,전남광주통합특별시 북구 용봉동 1239-7,한전주
35.17961,126.92159,1,북구,전남광주통합특별시 북구 우산동 605-7,한전주
35.17961,126.9259,1,북구,전남광주통합특별시 북구 문흥동 922-2,한전주
35.17961,126.92763,1,북구,전남광주통합특별시 북구 문흥동189-6건너,한전주
35.17962,126.92382,1,북구,전남광주통합특별시 북구 문흥동 928-1,한전주
35.17962,126.92708,1,북구,전남광주통합특별시 북구 문흥동 189-20,한전주
35.17963,126.89912,1,북구,전남광주통합특별시 북구 용봉동 1239-31,전용주
35.17963,126.90215,1,북구,전남광주통합특별시 북구 용봉동 1234-18,전용주
35.17963,126.92531,1,북구,전남광주통합특별시 북구 문흥동 924-4,한전주
35.17964,126.90118,1,북구,전남광주통합특별시 북구 용봉동 1233-25,한전주
35.17964,126.90228,1,북구,전남광주통합특별시 북구 용봉동 1234-23,전용주
35.17965,126.89867,1,북구,전남광주통합특별시 북구 용봉동 1231-15,한전주
35.17965,126.90089,1,북구,전남광주통합특별시 북구 용봉동 1233-21,한전주
35.17965,126.92839,1,북구,전남광주통합특별시 북구 두암동 564-2,한전주
35.17965,126.93565,4,북구,전남광주통합특별시 북구 각화동 202,한전주
35.17966,126.87045,1,북구,전남광주통합특별시 북구 운암동 1013-8,한전주
35.17966,126.90016,4,북구,전남광주통합특별시 북구 용봉동 1266,한전주
35.17966,126.9323,1,북구,전남광주통합특별시 북구 두암동 576-4,한전주
35.17967,126.88749,1,북구,전남광주통합특별시 북구 용봉동 1066,전용주
35.17967,126.91419,1,북구,전남광주통합특별시 북구 용봉동 1278-4,한전주
35.17968,126.89236,1,북구,전남광주통합특별시 북구 용봉동 751-6 현대빌라 건너,전용주
35.17968,126.93439,5,북구,전남광주통합특별시 북구 각화동 529,한전주
35.17969,126.92382,7,북구,전남광주통합특별시 북구 문흥동 936,한전주
35.1797,126.87914,1,북구,전남광주통합특별시 북구 운암동 318 주공아파트303동앞,한전주
35.17971,126.92188,1,북구,전남광주통합특별시 북구 우산동 604-1,한전주
35.17972,126.85413,1,북구,전남광주통합특별시 북구 동림동 785-2,한전주
35.17972,126.9212,1,북구,전남광주통합특별시 북구 우산동 605-10,한전주
35.17973,126.89652,1,북구,전남광주통합특별시 북구 용봉동 1372-1,한전주
35.17973,126.90039,1,북구,전남광주통합특별시 북구 용봉동 1233-16,한전주
35.17973,126.90182,1,북구,전남광주통합특별시 북구 용봉동 1234-10,전용주
35.17973,126.92261,1,북구,전남광주통합특별시 북구 문흥동 934-9,한전주
35.17974,126.91374,1,북구,전남광주통합특별시 북구 용봉동 1278-1,한전주
35.17974,126.91388,1,북구,전남광주통합특별시 북구 용봉동 1278-2,전용주
35.17974,126.91464,1,북구,전남광주통합특별시 북구 용봉동 1274-2,한전주
35.17975,126.88916,1,북구,전남광주통합특별시 북구 용봉동 1078-12 아트빌뒤2,전용주
35.17975,126.88939,1,북구,전남광주통합특별시 북구 용봉동 1078-12 아트빌뒤1,한전주
35.17975,126.92326,1,북구,전남광주통합특별시 북구 문흥동 931-3,한전주
35.17975,126.92668,1,북구,전남광주통합특별시 북구 문흥동 189-14,한전주
35.17976,126.92104,1,북구,전남광주통합특별시 북구 우산동 605-11,한전주
35.17976,126.92184,1,북구,전남광주통합특별시 북구 우산동 604-1,한전주
35.17976,126.92654,1,북구,전남광주통합특별시 북구 문흥동 189-13,한전주
35.17977,126.88869,1,북구,전남광주통합특별시 북구 용봉동 1078-4 아트빌뒤3,전용주
35.17977,126.90296,1,북구,전남광주통합특별시 북구 용봉동 1235-8,한전주
35.17977,126.93435,1,북구,전남광주통합특별시 북구 각화동 202-1,전용주
35.17978,126.89867,1,북구,전남광주통합특별시 북구 용봉동 1231-14,한전주
35.17978,126.89973,1,북구,전남광주통합특별시 북구 용봉동 1239-5,한전주
35.17978,126.93435,3,북구,전남광주통합특별시 북구 각화동 202-1,전용주
35.1798,126.88798,1,북구,전남광주통합특별시 북구 용봉동 1063-1,전용주
35.1798,126.89666,1,북구,전남광주통합특별시 북구 용봉동 1445,한전주
35.1798,126.89737,1,북구,전남광주통합특별시 북구 용봉동 584-57 초당삼계탕,한전주
35.1798,126.92778,1,북구,전남광주통합특별시 북구 두암동 563-5건너,한전주
35.17981,127.0091,2,북구,전남광주통합특별시 북구 충효동 산8-1,한전주
35.17982,126.85449,1,북구,전남광주통합특별시 북구 동림동 896-9,한전주
35.17982,126.88685,1,북구,전남광주통합특별시 북구 용봉동 1066-7 기천빌라103동건너,전용주
35.17982,126.90246,1,북구,전남광주통합특별시 북구 용봉동 1234-24 맞은편,한전주
35.17982,126.92215,1,북구,전남광주통합특별시 북구 우산동 603-5,한전주
35.17982,126.98286,2,북구,전남광주통합특별시 북구 덕의동 478-4,한전주
35.17983,126.872,2,북구,전남광주통합특별시 북구 운암동 1018,한전주
35.17983,126.90124,1,북구,전남광주통합특별시 북구 용봉동 1233-26,한전주
35.17985,126.89218,1,북구,전남광주통합특별시 북구 용봉동 751-3,한전주
35.17985,126.89414,1,북구,전남광주통합특별시 북구 용봉동 1364-8,한전주
35.17985,126.89435,1,북구,전남광주통합특별시 북구 용봉동 1364-16,한전주
35.17986,126.91334,1,북구,전남광주통합특별시 북구 용봉동 1279-3,한전주
35.17986,126.96098,1,북구,전남광주통합특별시 북구 청풍동 1097-3,한전주
35.17987,126.92405,1,북구,전남광주통합특별시 북구 문흥동 927-2,한전주
35.17987,126.9259,1,북구,전남광주통합특별시 북구 문흥동 921 대주3차아파트담,한전주
35.17987,126.93176,1,북구,전남광주통합특별시 북구 두암동 576-2,한전주
35.17988,126.89713,1,북구,전남광주통합특별시 북구 용봉동 584-57 초당삼계탕건너용봉동부공원,한전주
35.17989,126.8881,1,북구,전남광주통합특별시 북구 용봉동 1062 경희대석사태권도옆,한전주
35.17989,126.92544,1,북구,전남광주통합특별시 북구 문흥동 924-2,한전주
35.17989,126.92738,1,북구,전남광주통합특별시 북구 문흥동 189-3,전용주
35.1799,126.89356,1,북구,전남광주통합특별시 북구 용봉동 1362-6 열린외식산업,한전주
35.17991,126.89951,1,북구,전남광주통합특별시 북구 용봉동 1232-13 봉곡어린이공원끝,한전주
35.17991,126.92009,1,북구,전남광주통합특별시 북구 우산동 607-3,한전주
35.17992,126.88777,1,북구,전남광주통합특별시 북구 용봉동 1065 선한목자교회앞,한전주
35.17992,126.9128,1,북구,전남광주통합특별시 북구 용봉동 125-34,한전주
35.17992,126.92036,1,북구,전남광주통합특별시 북구 우산동 606-8,한전주
35.17992,126.932,12,북구,전남광주통합특별시 북구 각화동 186,한전주
35.17992,126.93204,1,북구,전남광주통합특별시 북구 각화동 186,한전주
35.17992,126.99906,1,북구,전남광주통합특별시 북구 충효동 761-3,한전주
35.17993,126.90221,1,북구,전남광주통합특별시 북구 용봉동 1227-9,한전주
35.17994,126.89302,1,북구,전남광주통합특별시 북구 용봉동 1440,한전주
35.17994,126.92377,1,북구,전남광주통합특별시 북구 문흥동 932-5,한전주
35.17994,126.92679,1,북구,전남광주통합특별시 북구 문흥동 189-24,한전주
35.17995,126.89302,1,북구,전남광주통합특별시 북구 용봉동 1440,한전주
35.17995,126.89306,1,북구,전남광주통합특별시 북구 용봉동 1440,한전주
35.17995,126.89733,1,북구,전남광주통합특별시 북구 용봉동 584-54,한전주
35.17995,126.92458,1,북구,전남광주통합특별시 북구 문흥동 926-7,한전주
35.17996,126.89404,1,북구,전남광주통합특별시 북구 용봉동 1364-11 시간의향기용봉중앙어린이공원3,한전주
35.17997,126.89878,1,북구,전남광주통합특별시 북구 용봉동 1231-7 국제고시텔,한전주
35.17997,126.89917,1,북구,전남광주통합특별시 북구 용봉동 1239-21 봉곡어린이공원입구,한전주
35.17998,126.92823,1,북구,전남광주통합특별시 북구 두암동 563-35,한전주
35.17999,126.92312,1,북구,전남광주통합특별시 북구 문흥동 932-10,한전주
35.17999,126.92556,1,북구,전남광주통합특별시 북구 문흥동 924-1 대주3차아파트담,한전주
35.18,126.90194,1,북구,전남광주통합특별시 북구 용봉동 1227-15,한전주
35.18,126.92886,1,북구,전남광주통합특별시 북구 두암동 562-5,한전주
35.18001,126.89961,1,북구,전남광주통합특별시 북구 용봉동 1232-12,건축물
35.18001,126.90155,1,북구,전남광주통합특별시 북구 용봉동 1227-20,한전주
35.18001,126.90222,1,북구,전남광주통합특별시 북구 용봉동 1227-24,전용주
35.18001,126.90261,1,북구,전남광주통합특별시 북구 용봉동 1227-8,한전주
35.18002,126.87291,2,북구,전남광주통합특별시 북구 운암동 959,한전주
35.18002,126.92271,1,북구,전남광주통합특별시 북구 문흥동 934-11,한전주
35.18003,126.85514,1,북구,전남광주통합특별시 북구 동림동 936-7,한전주
35.18003,126.93306,1,북구,전남광주통합특별시 북구 각화동 528-17,한전주
35.18006,126.88923,1,북구,전남광주통합특별시 북구 용봉동 1078-5,한전주
35.18006,126.90009,1,북구,전남광주통합특별시 북구 용봉동 1232-5,한전주
35.18006,126.90185,1,북구,전남광주통합특별시 북구 용봉동 1227-23,건축물
35.18006,126.91283,1,북구,전남광주통합특별시 북구 용봉동 125-33,한전주
35.18006,126.92126,1,북구,전남광주통합특별시 북구 우산동 605-2 우리어린이공원,한전주
35.18006,126.92332,1,북구,전남광주통합특별시 북구 문흥동 932-2,한전주
35.18007,126.84301,1,북구,전남광주통합특별시 북구 동림동 760,한전주
35.18007,126.87308,1,북구,전남광주통합특별시 북구 운암동 958-2,건축물
35.18008,126.93342,1,북구,전남광주통합특별시 북구 각화동 528-5,한전주
35.18009,126.89605,1,북구,전남광주통합특별시 북구 용봉동 1366-5,한전주
35.1801,126.89436,1,북구,전남광주통합특별시 북구 용봉동 1364-13,한전주
35.1801,126.92039,1,북구,전남광주통합특별시 북구 우산동 606-1,한전주
35.18011,126.87406,4,북구,전남광주통합특별시 북구 운암동 357-5,건축물
35.18011,126.89217,1,북구,전남광주통합특별시 북구 용봉동 750-3,한전주
35.18011,126.9013,1,북구,전남광주통합특별시 북구 용봉동 1228-22,한전주
35.18012,126.90126,1,북구,전남광주통합특별시 북구 용봉동 1228-22,한전주
35.18012,126.93159,1,북구,전남광주통합특별시 북구 각화동 508-25,한전주
35.18013,126.90284,1,북구,전남광주통합특별시 북구 용봉동 1226-6 반룡어린이공원3,한전주
35.18014,126.8794,1,북구,전남광주통합특별시 북구 운암동 316-10,한전주
35.18014,126.87947,1,북구,전남광주통합특별시 북구 운암동 316-10,한전주
35.18014,126.89782,1,북구,전남광주통합특별시 북구 용봉동 584-36 떡방앗간,한전주
35.18014,126.92317,1,북구,전남광주통합특별시 북구 문흥동 932-1,한전주
35.18014,126.92715,1,북구,전남광주통합특별시 북구 문흥동 186-16,한전주
35.18014,127.00818,1,북구,전남광주통합특별시 북구 충효동 272 평촌도요 입구,한전주
35.18015,126.89736,1,북구,전남광주통합특별시 북구 용봉동 584-52,한전주
35.18015,126.99723,1,북구,전남광주통합특별시 북구 충효동 802,한전주
35.18016,126.88884,1,북구,전남광주통합특별시 북구 용봉동 1077-6,한전주
35.18016,126.90004,1,북구,전남광주통합특별시 북구 용봉동 1232-4,한전주
35.18017,126.89256,1,북구,전남광주통합특별시 북구 용봉동 1360-5,한전주
35.18017,126.9243,1,북구,전남광주통합특별시 북구 문흥동 926-3,한전주
35.18017,126.99665,1,북구,전남광주통합특별시 북구 덕의동 11-13,한전주
35.18018,126.8794,1,북구,전남광주통합특별시 북구 운암동 316-10,한전주
35.18019,126.89438,1,북구,전남광주통합특별시 북구 용봉동 1364-1,한전주
35.18019,126.9271,1,북구,전남광주통합특별시 북구 문흥동 186-17,한전주
35.1802,126.88811,1,북구,전남광주통합특별시 북구 용봉동 1063-10 송화헤어삽 건너,한전주
35.1802,126.93192,1,북구,전남광주통합특별시 북구 각화동 508-14,한전주
35.18021,126.89388,1,북구,전남광주통합특별시 북구 용봉동 1364-11 용봉중앙어린이공원4표찰238옆,한전주
35.18021,126.9007,1,북구,전남광주통합특별시 북구 용봉동 1228-13,한전주
35.18021,126.92184,2,북구,전남광주통합특별시 북구 우산동 624,한전주
35.18021,126.93248,1,북구,전남광주통합특별시 북구 각화동 508-3,한전주
35.18021,126.99608,1,북구,전남광주통합특별시 북구 덕의동 11-11,한전주
35.18022,126.92388,1,북구,전남광주통합특별시 북구 문흥동 933-6,한전주
35.18024,126.88972,1,북구,전남광주통합특별시 북구 용봉동 1082 무진교회건너,한전주
35.18024,126.90258,1,북구,전남광주통합특별시 북구 용봉동 1226-20 반룡어린이공원4,한전주
35.18024,126.93262,1,북구,전남광주통합특별시 북구 각화동 508-4,한전주
35.18025,126.89364,1,북구,전남광주통합특별시 북구 용봉동 1361-6 용봉중앙어린이공원5,한전주
35.18025,126.99732,1,북구,전남광주통합특별시 북구 충효동 808-2,한전주
35.18026,126.8675,3,북구,전남광주통합특별시 북구 운암동 산 132-1,한전주
35.18026,126.8932,1,북구,전남광주통합특별시 북구 용봉동 1362-7 동화정 건너,한전주
35.18026,126.92206,1,북구,전남광주통합특별시 북구 우산동 598-8,한전주
35.18026,126.92677,1,북구,전남광주통합특별시 북구 문흥동 186-19,한전주
35.18027,126.89833,2,북구,전남광주통합특별시 북구 용봉동 1264,한전주
35.18027,126.93274,1,북구,전남광주통합특별시 북구 각화동 570-19,한전주
35.18028,126.90097,1,북구,전남광주통합특별시 북구 용봉동 1228-11,한전주
35.18028,126.93164,1,북구,전남광주통합특별시 북구 각화동 508-15,한전주
35.18029,126.91998,1,북구,전남광주통합특별시 북구 우산동 625,한전주
35.18029,126.99574,1,북구,전남광주통합특별시 북구 덕의동 10-1,한전주
35.1803,126.88937,1,북구,전남광주통합특별시 북구 용봉동 1047-2 한우친구옆건너텃밭끝1,한전주
35.1803,126.89991,1,북구,전남광주통합특별시 북구 용봉동 1229-3,한전주
35.1803,126.9023,1,북구,전남광주통합특별시 북구 용봉동 1227-6,한전주
35.1803,126.92046,1,북구,전남광주통합특별시 북구 우산동 594-9,한전주
35.1803,126.92283,1,북구,전남광주통합특별시 북구 문흥동 934-13,한전주
35.18031,126.8994,1,북구,전남광주통합특별시 북구 용봉동 1231-3 봉곡공원,한전주
35.18031,126.92008,1,북구,전남광주통합특별시 북구 우산동 593-9,한전주
35.18031,126.92302,1,북구,전남광주통합특별시 북구 문흥동 934-3,한전주
35.18031,126.92376,1,북구,전남광주통합특별시 북구 문흥동 933-5,한전주
35.18032,126.88777,1,북구,전남광주통합특별시 북구 용봉동 1064 더블루입구앞,한전주
35.18032,126.88865,1,북구,전남광주통합특별시 북구 용봉동 1076 코너,한전주
35.18032,126.89268,1,북구,전남광주통합특별시 북구 용봉동 1360-2,전용주
35.18032,126.89478,1,북구,전남광주통합특별시 북구 용봉동 1365-13,한전주
35.18032,126.90204,1,북구,전남광주통합특별시 북구 용봉동 1227-4,건축물
35.18033,126.85608,1,북구,전남광주통합특별시 북구 동림동 531-11,한전주
35.18033,126.85762,1,북구,전남광주통합특별시 북구 동림동 920-5,한전주
35.18033,126.87338,2,북구,전남광주통합특별시 북구 운암동 940,한전주
35.18033,126.89244,1,북구,전남광주통합특별시 북구 용봉동 1360-2 도세기마을,한전주
35.18034,126.8891,1,북구,전남광주통합특별시 북구 용봉동 1047-8 텃밭끝2,한전주
35.18034,126.89892,1,북구,전남광주통합특별시 북구 용봉동 1231-5,한전주
35.18034,126.89991,1,북구,전남광주통합특별시 북구 용봉동 1229-3,한전주
35.18034,126.92225,1,북구,전남광주통합특별시 북구 우산동 598-6,한전주
35.18034,126.92666,3,북구,전남광주통합특별시 북구 문흥동 144,한전주
35.18034,126.9287,1,북구,전남광주통합특별시 북구 두암동 562-13,한전주
35.18035,126.88851,1,북구,전남광주통합특별시 북구 용봉동 1076,한전주
35.18035,126.92173,1,북구,전남광주통합특별시 북구 우산동 599-7,한전주
35.18036,126.88619,1,북구,전남광주통합특별시 북구 운암동 140-11,한전주
35.18036,126.8977,1,북구,전남광주통합특별시 북구 용봉동 584-41,건축물
35.18038,126.89734,1,북구,전남광주통합특별시 북구 용봉동 584-46,한전주
35.18038,126.92351,1,북구,전남광주통합특별시 북구 문흥동 933-3,한전주
35.18038,126.92779,1,북구,전남광주통합특별시 북구 문흥동 186-5,한전주
35.18039,126.88813,1,북구,전남광주통합특별시 북구 용봉동 1063 파머스마켓건너,한전주
35.18039,126.92744,1,북구,전남광주통합특별시 북구 문흥동 186-14,한전주
35.1804,126.89925,1,북구,전남광주통합특별시 북구 용봉동 1231-4,전용주
35.18041,126.92595,1,북구,전남광주통합특별시 북구 문흥동 921,한전주
35.18042,126.90137,1,북구,전남광주통합특별시 북구 용봉동 1228-21,한전주
35.18042,126.90286,1,북구,전남광주통합특별시 북구 용봉동 1226-18,한전주
35.18042,126.92131,1,북구,전남광주통합특별시 북구 우산동 600-7,한전주
35.18042,126.92891,1,북구,전남광주통합특별시 북구 두암동 560-41,한전주
35.18043,126.91387,1,북구,전남광주통합특별시 북구 용봉동 787-3 문흥초교와테니스장사이길,전용주
35.18043,126.98372,1,북구,전남광주통합특별시 북구 덕의동 415,한전주
35.18044,126.88819,1,북구,전남광주통합특별시 북구 용봉동 1076 하누리축산건너,한전주
35.18044,126.9381,1,북구,전남광주통합특별시 북구 각화동 229-7,한전주
35.18045,126.99538,1,북구,전남광주통합특별시 북구 덕의동 산 9-11,한전주
35.18046,126.89869,1,북구,전남광주통합특별시 북구 용봉동 1231-1,한전주
35.18046,126.93088,1,북구,전남광주통합특별시 북구 각화동 505-8,한전주
35.18046,126.93304,1,북구,전남광주통합특별시 북구 각화동 522-7,한전주
35.18047,126.92691,1,북구,전남광주통합특별시 북구 문흥동 186-12,한전주
35.18048,126.8709,1,북구,전남광주통합특별시 북구 운암동 1020,한전주
35.18048,126.89638,1,북구,전남광주통합특별시 북구 용봉동 1367-1,한전주
35.18048,126.89713,1,북구,전남광주통합특별시 북구 용봉동 584-16 H플러스고깃간,한전주
35.1805,126.93885,2,북구,전남광주통합특별시 북구 각화동 587,한전주
35.18051,126.89285,1,북구,전남광주통합특별시 북구 용봉동 1360-1,한전주
35.18051,126.92305,1,북구,전남광주통합특별시 북구 문흥동 934-2,한전주
35.18052,126.91282,1,북구,전남광주통합특별시 북구 용봉동 15-5,한전주
35.18052,126.98438,1,북구,전남광주통합특별시 북구 덕의동 233-1,한전주
35.18053,126.87948,1,북구,전남광주통합특별시 북구 운암동 263-22,한전주
35.18054,126.88828,1,북구,전남광주통합특별시 북구 용봉동 1049,한전주
35.18054,126.89252,1,북구,전남광주통합특별시 북구 용봉동 840-2,한전주
35.18054,126.89367,1,북구,전남광주통합특별시 북구 용봉동 1361-5,한전주
35.18055,126.92728,1,북구,전남광주통합특별시 북구 문흥동 186-3,한전주
35.18055,126.99912,1,북구,전남광주통합특별시 북구 충효동 876-8,한전주
35.18056,126.92181,1,북구,전남광주통합특별시 북구 우산동 599-9,한전주
35.18056,126.92537,2,북구,전남광주통합특별시 북구 문흥동 920-1,한전주
35.18056,126.92538,1,북구,전남광주통합특별시 북구 문흥동 920-1,건축물
35.18057,126.91983,1,북구,전남광주통합특별시 북구 우산동 592-3,한전주
35.18057,126.92056,1,북구,전남광주통합특별시 북구 우산동 594-11,한전주
35.18057,126.92293,1,북구,전남광주통합특별시 북구 문흥동 934-1,한전주
35.18059,126.90065,1,북구,전남광주통합특별시 북구 용봉동 1228-25,한전주
35.1806,126.88662,1,북구,전남광주통합특별시 북구 용봉동 1057 대주파크빌 102동 끝,한전주
35.1806,126.89285,1,북구,전남광주통합특별시 북구 용봉동 1360-1,한전주
35.1806,126.89663,1,북구,전남광주통합특별시 북구 용봉동 1438,한전주
35.1806,126.93746,1,북구,전남광주통합특별시 북구 각화동 223,한전주
35.18061,126.89994,1,북구,전남광주통합특별시 북구 용봉동 1230-9,한전주
35.18061,126.92218,1,북구,전남광주통합특별시 북구 우산동 598-11,한전주
35.18062,126.92012,1,북구,전남광주통합특별시 북구 우산동 593-11,한전주
35.18063,126.87982,1,북구,전남광주통합특별시 북구 운암동 263-30,한전주
35.18063,126.87983,1,북구,전남광주통합특별시 북구 운암동 263-30,한전주
35.18063,126.91392,1,북구,전남광주통합특별시 북구 용봉동 787-3 문흥초교후문앞,한전주
35.18063,126.92691,1,북구,전남광주통합특별시 북구 문흥동 186-1,한전주
35.18064,126.87918,1,북구,전남광주통합특별시 북구 운암동 263-14,한전주
35.18064,126.89623,1,북구,전남광주통합특별시 북구 용봉동 1367-1 현대아파트301동앞담2,한전주
35.18064,126.89649,1,북구,전남광주통합특별시 북구 용봉동 1438 현대아파트301동앞담3,한전주
35.18064,126.89979,1,북구,전남광주통합특별시 북구 용봉동 1230-10,한전주
35.18065,126.8921,1,북구,전남광주통합특별시 북구 용봉동 843 도세기마을,한전주
35.18065,126.89707,1,북구,전남광주통합특별시 북구 용봉동 1355-7,한전주
35.18066,126.85703,2,북구,전남광주통합특별시 북구 동림동 759-2,한전주
35.18066,126.85706,1,북구,전남광주통합특별시 북구 동림동 759-2,한전주
35.18066,126.87955,1,북구,전남광주통합특별시 북구 운암동 263-8,한전주
35.18066,126.8975,1,북구,전남광주통합특별시 북구 용봉동 584-26,전용주
35.18067,126.91355,1,북구,전남광주통합특별시 북구 용봉동 10-63,한전주
35.18067,126.9214,1,북구,전남광주통합특별시 북구 우산동 600-9,한전주
35.18067,126.93183,1,북구,전남광주통합특별시 북구 각화동 507-11,한전주
35.18068,126.87995,2,북구,전남광주통합특별시 북구 운암동 263-6,건축물
35.18068,126.8915,1,북구,전남광주통합특별시 북구 용봉동 1040 아이파크뒤,한전주
35.18068,126.89177,1,북구,전남광주통합특별시 북구 용봉동 845-5 한우마을,한전주
35.18068,126.9254,1,북구,전남광주통합특별시 북구 문흥동 920 대주2차아파트,한전주
35.18068,126.98516,1,북구,전남광주통합특별시 북구 덕의동 244,한전주
35.18069,126.87995,1,북구,전남광주통합특별시 북구 운암동 263-6,한전주
35.18069,126.89126,1,북구,전남광주통합특별시 북구 용봉동 1040 새싹어린이집,전용주
35.18069,126.90379,1,북구,전남광주통합특별시 북구 용봉동 1268,한전주
35.18069,126.91297,1,북구,전남광주통합특별시 북구 용봉동 10-67,한전주
35.18069,126.92666,1,북구,전남광주통합특별시 북구 문흥동 187-1,한전주
35.1807,126.88822,1,북구,전남광주통합특별시 북구 용봉동 1050,한전주
35.1807,126.89056,1,북구,전남광주통합특별시 북구 용봉동 1041-10 황실수업건너금호아파트102동뒤쪽2차선도로,한전주
35.1807,126.89087,1,북구,전남광주통합특별시 북구 용봉동 842-1 금호아파트정문건너,한전주
35.1807,126.90283,1,북구,전남광주통합특별시 북구 용봉동 1226-3,한전주
35.18071,126.85804,1,북구,전남광주통합특별시 북구 동림동 944,한전주
35.18071,126.90422,1,북구,전남광주통합특별시 북구 용봉동 1209-12,한전주
35.18071,126.92863,1,북구,전남광주통합특별시 북구 두암동 560-36,한전주
35.18072,126.92239,1,북구,전남광주통합특별시 북구 우산동 598-3,한전주
35.18074,126.87913,1,북구,전남광주통합특별시 북구 운암동 262-4,한전주
35.18074,126.87914,1,북구,전남광주통합특별시 북구 운암동 262-4,한전주
35.18074,126.89737,1,북구,전남광주통합특별시 북구 용봉동 584-73,한전주
35.18074,126.89935,1,북구,전남광주통합특별시 북구 용봉동 1230-17,한전주
35.18074,126.90384,1,북구,전남광주통합특별시 북구 용봉동 1210-9,한전주
35.18075,126.92873,1,북구,전남광주통합특별시 북구 두암동 560-38,전용주
35.18076,126.89784,1,북구,전남광주통합특별시 북구 용봉동 584-13,한전주
35.18076,126.89905,1,북구,전남광주통합특별시 북구 용봉동 1231-1 금탑소머리국밥,전용주
35.18076,126.9849,1,북구,전남광주통합특별시 북구 덕의동 236,한전주
35.18078,126.90183,1,북구,전남광주통합특별시 북구 용봉동 1226-1,한전주
35.18078,127.00375,1,북구,전남광주통합특별시 북구 충효동 1020,한전주
35.18079,126.9002,1,북구,전남광주통합특별시 북구 용봉동 1230-20,한전주
35.18079,126.92016,1,북구,전남광주통합특별시 북구 우산동 593-12,한전주
35.18079,126.92797,1,북구,전남광주통합특별시 북구 문흥동 185-27,한전주
35.18079,126.93189,1,북구,전남광주통합특별시 북구 각화동 507-6,한전주
35.18083,126.89395,1,북구,전남광주통합특별시 북구 용봉동 1359-6,한전주
35.18083,126.89926,1,북구,전남광주통합특별시 북구 용봉동 1230-1,한전주
35.18083,126.90297,1,북구,전남광주통합특별시 북구 용봉동 1217-11,한전주
35.18083,126.91875,3,북구,전남광주통합특별시 북구 문흥동 946,한전주
35.18083,126.96052,1,북구,전남광주통합특별시 북구 청풍동 1181-1,한전주
35.18084,126.91255,1,북구,전남광주통합특별시 북구 용봉동 20-22,한전주
35.18085,126.90124,2,북구,전남광주통합특별시 북구 용봉동 1225-2,한전주
35.18086,126.92235,1,북구,전남광주통합특별시 북구 우산동 598-2,한전주
35.18087,126.89375,6,북구,전남광주통합특별시 북구 용봉동 1439,한전주
35.18087,126.89778,1,북구,전남광주통합특별시 북구 용봉동 584-11,한전주
35.18087,126.91398,1,북구,전남광주통합특별시 북구 용봉동 787-3 문흥초교후문뒤,한전주
35.18087,126.92166,1,북구,전남광주통합특별시 북구 우산동 600-2,한전주
35.18088,126.89946,1,북구,전남광주통합특별시 북구 용봉동 1230-2,전용주
35.18089,126.9853,3,북구,전남광주통합특별시 북구 덕의동 242,건축물
35.1809,126.88701,1,북구,전남광주통합특별시 북구 용봉동 1057 대주파크빌 102동,한전주
35.1809,126.91348,1,북구,전남광주통합특별시 북구 용봉동 10-41,한전주
35.1809,126.9207,1,북구,전남광주통합특별시 북구 우산동 594-14,한전주
35.18091,126.90425,1,북구,전남광주통합특별시 북구 용봉동 1209-9 유성꿈에세탁,한전주
35.18092,126.90262,1,북구,전남광주통합특별시 북구 용봉동 1219-6,한전주
35.18092,127.00853,1,북구,전남광주통합특별시 북구 충효동 산3,한전주
35.18094,126.9128,1,북구,전남광주통합특별시 북구 용봉동 10-55,한전주
35.18095,126.89976,1,북구,전남광주통합특별시 북구 용봉동 1230-21,전용주
35.18096,126.91317,1,북구,전남광주통합특별시 북구 용봉동 10-34 꿈에그린빌 주차장입구,한전주
35.18098,126.89401,1,북구,전남광주통합특별시 북구 용봉동 1359-3,한전주
35.18098,126.89526,1,북구,전남광주통합특별시 북구 용봉동 1359-10,한전주
35.18099,126.99477,1,북구,전남광주통합특별시 북구 덕의동 36-21,한전주
35.181,126.92198,1,북구,전남광주통합특별시 북구 우산동 596-14,한전주
35.181,126.92673,1,북구,전남광주통합특별시 북구 문흥동 919,한전주
35.181,126.93229,1,북구,전남광주통합특별시 북구 각화동 570-15,한전주
35.181,126.99926,1,북구,전남광주통합특별시 북구 충효동 875-5,한전주
35.181,127.0109,1,북구,전남광주통합특별시 북구 충효동 315-1,한전주
35.18101,126.92151,1,북구,전남광주통합특별시 북구 우산동 596-17,한전주
35.18102,126.88786,1,북구,전남광주통합특별시 북구 용봉동 1055,한전주
35.18102,126.89718,1,북구,전남광주통합특별시 북구 용봉동 1355-9,한전주
35.18102,126.89989,1,북구,전남광주통합특별시 북구 용봉동 1230-19,전용주
35.18102,126.91983,1,북구,전남광주통합특별시 북구 우산동 591-6,한전주
35.18102,126.92745,1,북구,전남광주통합특별시 북구 문흥동 185-11,한전주
35.18102,126.92831,1,북구,전남광주통합특별시 북구 두암동 560-27,한전주
35.18102,126.92843,1,북구,전남광주통합특별시 북구 두암동 560-26,한전주
35.18102,126.98523,1,북구,전남광주통합특별시 북구 덕의동 240,한전주
35.18102,126.98526,1,북구,전남광주통합특별시 북구 덕의동 240,한전주
35.18103,126.90076,1,북구,전남광주통합특별시 북구 용봉동 1224-24,한전주
35.18103,126.91202,1,북구,전남광주통합특별시 북구 용봉동 20,한전주
35.18103,126.91292,1,북구,전남광주통합특별시 북구 용봉동 10-21,한전주
35.18104,126.90243,1,북구,전남광주통합특별시 북구 용봉동 1219-4,한전주
35.18104,126.90264,1,북구,전남광주통합특별시 북구 용봉동 1219-5,한전주
35.18104,126.90337,1,북구,전남광주통합특별시 북구 용봉동 1212-8,한전주
35.18106,126.89424,1,북구,전남광주통합특별시 북구 용봉동 1359-4 현대하이빌,한전주
35.18106,126.99249,1,북구,전남광주통합특별시 북구 덕의동 산 4-10,한전주
35.18109,126.89368,1,북구,전남광주통합특별시 북구 용봉동 898-2 광덕수산,한전주
35.18109,126.92029,1,북구,전남광주통합특별시 북구 우산동 593-1,한전주
35.18109,126.92874,1,북구,전남광주통합특별시 북구 두암동 560-18,전용주
35.1811,126.89341,1,북구,전남광주통합특별시 북구 용봉동 1358-2 호남페이퍼,한전주
35.18111,126.90437,1,북구,전남광주통합특별시 북구 용봉동 1209-6,한전주
35.18111,126.92522,1,북구,전남광주통합특별시 북구 문흥동 920,한전주
35.18113,126.91266,1,북구,전남광주통합특별시 북구 용봉동 10-9,한전주
35.18114,126.91262,1,북구,전남광주통합특별시 북구 용봉동 10-9,한전주
35.18114,126.92069,1,북구,전남광주통합특별시 북구 우산동 593-16 철학광명사,한전주
35.18115,126.91173,1,북구,전남광주통합특별시 북구 용봉동 29-15,전용주
35.18115,126.92101,1,북구,전남광주통합특별시 북구 우산동 595-6,한전주
35.18115,127.00211,1,북구,전남광주통합특별시 북구 충효동 529-2,전용주
35.18116,126.99443,1,북구,전남광주통합특별시 북구 덕의동 36-19,한전주
35.18119,126.91407,1,북구,전남광주통합특별시 북구 용봉동 787-3 문흥초교후문끝,한전주
35.1812,126.89218,1,북구,전남광주통합특별시 북구 용봉동 853-10 금호아파트101동옆길,한전주
35.1812,126.89272,1,북구,전남광주통합특별시 북구 용봉동 853-27,한전주
35.18121,126.90055,1,북구,전남광주통합특별시 북구 용봉동 1224-26,한전주
35.18121,127.00783,1,북구,전남광주통합특별시 북구 충효동 384,한전주
35.18122,126.89481,1,북구,전남광주통합특별시 북구 용봉동 1353-6,한전주
35.18122,126.90127,1,북구,전남광주통합특별시 북구 용봉동 1224-9,한전주
35.18122,126.93101,2,북구,전남광주통합특별시 북구 각화동 505-2,한전주
35.18123,126.90045,1,북구,전남광주통합특별시 북구 용봉동 1224-1,한전주
35.18123,126.90307,1,북구,전남광주통합특별시 북구 용봉동 1217-7,한전주
35.18123,126.9133,1,북구,전남광주통합특별시 북구 용봉동 10-30,한전주
35.18124,126.8874,1,북구,전남광주통합특별시 북구 용봉동 1057 대주파크빌 105동,한전주
35.18124,126.90204,1,북구,전남광주통합특별시 북구 용봉동 1220-9,한전주
35.18124,126.91298,1,북구,전남광주통합특별시 북구 용봉동 10-19,한전주
35.18124,126.92773,1,북구,전남광주통합특별시 북구 문흥동 185-1,한전주
35.18125,126.90278,1,북구,전남광주통합특별시 북구 용봉동 1218-7,한전주
35.18125,126.93115,2,북구,전남광주통합특별시 북구 각화동 505-3,한전주
35.18127,126.89769,1,북구,전남광주통합특별시 북구 용봉동 1356-4 세진빌딩,한전주
35.18127,126.90392,1,북구,전남광주통합특별시 북구 용봉동 1210-13,한전주
35.18128,126.90259,1,북구,전남광주통합특별시 북구 용봉동 1218-10,한전주
35.18128,126.90471,1,북구,전남광주통합특별시 북구 용봉동 1209-17,건축물
35.18131,126.90138,1,북구,전남광주통합특별시 북구 용봉동 1224-7,한전주
35.18131,126.91366,1,북구,전남광주통합특별시 북구 용봉동 11-23,한전주
35.18133,126.90094,1,북구,전남광주통합특별시 북구 용봉동 1224-18,전용주
35.18133,126.9141,1,북구,전남광주통합특별시 북구 용봉동 787-3 문흥초교교문,한전주
35.18134,126.89438,1,북구,전남광주통합특별시 북구 용봉동 831-10 수현빌,한전주
35.18134,126.90319,1,북구,전남광주통합특별시 북구 용봉동 1217-5,한전주
35.18135,126.901,1,북구,전남광주통합특별시 북구 용봉동 1224-17,한전주
35.18136,126.90065,1,북구,전남광주통합특별시 북구 용봉동 1224-3,한전주
35.18137,126.91262,1,북구,전남광주통합특별시 북구 용봉동 10-7,한전주
35.18139,126.89299,1,북구,전남광주통합특별시 북구 용봉동 853-7 수지빌앞뜰안채빌 뒤,한전주
35.18139,126.90516,1,북구,전남광주통합특별시 북구 용봉동 1208-4,한전주
35.18141,126.88802,1,북구,전남광주통합특별시 북구 용봉동 1052,한전주
35.18141,126.88807,5,북구,전남광주통합특별시 북구 용봉동 1052,한전주
35.18141,126.90192,1,북구,전남광주통합특별시 북구 용봉동 1222-8,한전주
35.18141,126.93547,1,북구,전남광주통합특별시 북구 각화동 216-17,한전주
35.18142,126.86845,1,북구,전남광주통합특별시 북구 운암동 1120-11,한전주
35.18142,126.90348,1,북구,전남광주통합특별시 북구 용봉동 1212-4,한전주
35.18142,126.92373,1,북구,전남광주통합특별시 북구 문흥동 935,한전주
35.18143,126.88075,1,북구,전남광주통합특별시 북구 운암동 181-2,한전주
35.18143,126.89776,1,북구,전남광주통합특별시 북구 용봉동 1437,한전주
35.18144,126.99399,1,북구,전남광주통합특별시 북구 덕의동 33-4,한전주
35.18147,126.88802,1,북구,전남광주통합특별시 북구 용봉동 1052,한전주
35.18148,126.86857,1,북구,전남광주통합특별시 북구 운암동 1120-10,한전주
35.18148,126.90129,1,북구,전남광주통합특별시 북구 용봉동 1224-6,한전주
35.18148,126.90443,1,북구,전남광주통합특별시 북구 용봉동 1209-1,한전주
35.18148,126.90451,1,북구,전남광주통합특별시 북구 용봉동 1205-52,한전주
35.18148,126.90495,1,북구,전남광주통합특별시 북구 용봉동 1208-1,한전주
35.18148,126.91338,1,북구,전남광주통합특별시 북구 용봉동 10-28,한전주
35.18148,126.99919,1,북구,전남광주통합특별시 북구 충효동 872-1,한전주
35.18149,126.90667,1,북구,전남광주통합특별시 북구 용봉동 1201-9,한전주
35.18149,126.93797,2,북구,전남광주통합특별시 북구 각화동 231,한전주
35.18149,126.99197,1,북구,전남광주통합특별시 북구 덕의동 7-4,한전주
35.1815,126.89223,1,북구,전남광주통합특별시 북구 용봉동 857-6,한전주
35.18151,126.85991,1,북구,전남광주통합특별시 북구 동림동 산 62,한전주
35.18151,126.86801,1,북구,전남광주통합특별시 북구 운암동 1117-4,건축물
35.18151,126.8937,1,북구,전남광주통합특별시 북구 용봉동 900 광덕수산,한전주
35.18151,126.99378,1,북구,전남광주통합특별시 북구 덕의동 산 9-21,한전주
35.18152,126.91307,1,북구,전남광주통합특별시 북구 용봉동 10-16,한전주
35.18154,126.89502,1,북구,전남광주통합특별시 북구 용봉동 1353-4 물류차량주차장,한전주
35.18155,126.86855,1,북구,전남광주통합특별시 북구 운암동 1120-14,한전주
35.18155,126.86952,1,북구,전남광주통합특별시 북구 운암동 1120-2,한전주
35.18155,126.86954,1,북구,전남광주통합특별시 북구 운암동 1120-2,한전주
35.18156,126.88774,1,북구,전남광주통합특별시 북구 용봉동 1057 대주파크빌 105동 끝,한전주
35.18156,126.90646,1,북구,전남광주통합특별시 북구 용봉동 1201-7,한전주
35.18156,126.92823,1,북구,전남광주통합특별시 북구 두암동 560-4,한전주
35.18156,126.99025,1,북구,전남광주통합특별시 북구 덕의동 산 4-7,한전주
35.18157,126.90116,1,북구,전남광주통합특별시 북구 용봉동 1224-5,한전주
35.18157,126.90287,1,북구,전남광주통합특별시 북구 용봉동 1218-4,한전주
35.18157,126.90509,1,북구,전남광주통합특별시 북구 용봉동 1208-2,한전주
35.18157,126.90707,1,북구,전남광주통합특별시 북구 용봉동 1200-6,한전주
35.18157,126.90708,1,북구,전남광주통합특별시 북구 용봉동 1200-6,한전주
35.18157,126.91382,1,북구,전남광주통합특별시 북구 용봉동 11-5,전용주
35.18158,126.91276,1,북구,전남광주통합특별시 북구 용봉동 10-1,한전주
35.18159,126.89783,1,북구,전남광주통합특별시 북구 용봉동 1356-4 세진빌딩,한전주
35.18159,126.90453,1,북구,전남광주통합특별시 북구 용봉동 1205-53,한전주
35.18159,126.91382,1,북구,전남광주통합특별시 북구 용봉동 11-5,한전주
35.18161,126.89742,1,북구,전남광주통합특별시 북구 용봉동 1356-5,한전주
35.18161,126.90219,1,북구,전남광주통합특별시 북구 용봉동 1221-7,한전주
35.18161,126.90255,1,북구,전남광주통합특별시 북구 용봉동 1220-3,한전주
35.18161,126.92941,1,북구,전남광주통합특별시 북구 각화동 503-25,한전주
35.18162,126.89476,1,북구,전남광주통합특별시 북구 용봉동 1353-5 주 용봉,한전주
35.18163,126.86879,1,북구,전남광주통합특별시 북구 운암동 1120-8,한전주
35.18163,126.89438,1,북구,전남광주통합특별시 북구 용봉동 831-5,한전주
35.18164,126.90401,1,북구,전남광주통합특별시 북구 용봉동 1213-11,한전주
35.18164,126.90593,1,북구,전남광주통합특별시 북구 용봉동 1201-12,한전주
35.18165,126.86898,1,북구,전남광주통합특별시 북구 운암동 1111-1,한전주
35.18165,126.90184,1,북구,전남광주통합특별시 북구 용봉동 1222-10,한전주
35.18168,126.89348,1,북구,전남광주통합특별시 북구 용봉동 893-1 용봉동중앙경로당,한전주
35.18168,126.90211,1,북구,전남광주통합특별시 북구 용봉동 1221-7,한전주
35.18169,126.89488,1,북구,전남광주통합특별시 북구 용봉동 1353-4,한전주
35.18169,127.00902,1,북구,전남광주통합특별시 북구 충효동 339-1,한전주
35.18169,127.01009,1,북구,전남광주통합특별시 북구 충효동 317-1,한전주
35.18171,126.89385,1,북구,전남광주통합특별시 북구 용봉동 832-3 대현어린이집,한전주
35.18171,126.90571,1,북구,전남광주통합특별시 북구 용봉동 1206-2,한전주
35.18171,126.90604,1,북구,전남광주통합특별시 북구 용봉동 1201-4,한전주
35.18171,126.99227,1,북구,전남광주통합특별시 북구 덕의동 40-4,한전주
35.18172,126.90809,1,북구,전남광주통합특별시 북구 오치동 995-17,한전주
35.18173,126.90555,1,북구,전남광주통합특별시 북구 용봉동 1206-1,한전주
35.18174,126.86836,1,북구,전남광주통합특별시 북구 운암동 1119,건축물
35.18174,126.89312,1,북구,전남광주통합특별시 북구 용봉동 893-2,한전주
35.18175,126.90119,1,북구,전남광주통합특별시 북구 용봉동 1149-44,한전주
35.18176,126.92793,1,북구,전남광주통합특별시 북구 문흥동 872-3,전용주
35.18177,126.90703,1,북구,전남광주통합특별시 북구 용봉동 1200-5,한전주
35.18178,126.85961,1,북구,전남광주통합특별시 북구 동림동 산 58-14,한전주
35.18178,126.85969,1,북구,전남광주통합특별시 북구 동림동 산 58-14,한전주
35.18178,126.86885,1,북구,전남광주통합특별시 북구 운암동 1120-7,한전주
35.18178,126.89253,1,북구,전남광주통합특별시 북구 용봉동 876 농촌사랑㈜,한전주
35.18178,127.0095,1,북구,전남광주통합특별시 북구 충효동 321,한전주
35.18179,126.86846,1,북구,전남광주통합특별시 북구 운암동 1113,한전주
35.18179,126.90157,1,북구,전남광주통합특별시 북구 용봉동 1223-2,한전주
35.18179,126.91326,1,북구,전남광주통합특별시 북구 용봉동 9-4,전용주
35.1818,126.89877,1,북구,전남광주통합특별시 북구 용봉동 1425-6 세영종합건설,한전주
35.1818,126.9005,2,북구,전남광주통합특별시 북구 용봉동 1149-4,한전주
35.1818,126.9044,2,북구,전남광주통합특별시 북구 용봉동 1261,한전주
35.18181,126.89634,1,북구,전남광주통합특별시 북구 용봉동 1355-1,전용주
35.18181,126.89744,1,북구,전남광주통합특별시 북구 용봉동 1356-1,한전주
35.18181,126.90328,1,북구,전남광주통합특별시 북구 용봉동 1216-7,한전주
35.18182,126.91302,1,북구,전남광주통합특별시 북구 용봉동 18-9 우주여행 원룸 뒤,한전주
35.18182,127.00778,1,북구,전남광주통합특별시 북구 충효동 335-1 닭뫼마을 입구,한전주
35.18183,126.89715,1,북구,전남광주통합특별시 북구 용봉동 1355-2,한전주
35.18183,126.90359,1,북구,전남광주통합특별시 북구 용봉동 1213-17,한전주
35.18183,126.90474,1,북구,전남광주통합특별시 북구 용봉동 1205-45,전용주
35.18183,126.9073,1,북구,전남광주통합특별시 북구 오치동 996-15,한전주
35.18183,126.90758,1,북구,전남광주통합특별시 북구 오치동 996-11,한전주
35.18183,126.99929,1,북구,전남광주통합특별시 북구 충효동 876-3,한전주
35.18185,126.90187,1,북구,전남광주통합특별시 북구 용봉동 1222-2,한전주
35.18186,126.90126,1,북구,전남광주통합특별시 북구 용봉동 1149-30 천지연,한전주
35.18186,126.90408,1,북구,전남광주통합특별시 북구 용봉동 1213-6,한전주
35.18186,126.90597,1,북구,전남광주통합특별시 북구 용봉동 1201-2,한전주
35.18187,126.89408,1,북구,전남광주통합특별시 북구 용봉동 831-1 진달래빌라,한전주
35.18187,126.89892,1,북구,전남광주통합특별시 북구 용봉동 1426-3 용주초등학교뒤4,한전주
35.18187,126.90298,1,북구,전남광주통합특별시 북구 용봉동 1216-11,한전주
35.18188,126.8926,1,북구,전남광주통합특별시 북구 용봉동 872,한전주
35.18188,126.90656,1,북구,전남광주통합특별시 북구 용봉동 1201-17,한전주
35.18188,126.90789,1,북구,전남광주통합특별시 북구 오치동 995-19,한전주
35.18188,126.91283,1,북구,전남광주통합특별시 북구 용봉동 18-5,한전주
35.18188,126.93028,1,북구,전남광주통합특별시 북구 각화동 502-11,
35.18188,126.93916,1,북구,전남광주통합특별시 북구 각화동 293-2,한전주
35.18188,126.99278,1,북구,전남광주통합특별시 북구 덕의동 7-9,한전주
35.18189,126.89438,1,북구,전남광주통합특별시 북구 용봉동 831-4,한전주
35.18189,126.89484,1,북구,전남광주통합특별시 북구 용봉동 1353-2,한전주
35.1819,126.89216,1,북구,전남광주통합특별시 북구 용봉동 857-7,한전주
35.1819,126.89218,3,북구,전남광주통합특별시 북구 용봉동 857-7,전용주
35.1819,126.90522,1,북구,전남광주통합특별시 북구 용봉동 1205-35,한전주
35.1819,126.9293,1,북구,전남광주통합특별시 북구 각화동 503-4,한전주
35.18191,126.89092,1,북구,전남광주통합특별시 북구 용봉동 850,한전주
35.18191,126.91346,1,북구,전남광주통합특별시 북구 용봉동 9-7,한전주
35.18191,126.93257,1,북구,전남광주통합특별시 북구 각화동 476-5,한전주
35.18191,126.98827,1,북구,전남광주통합특별시 북구 덕의동 304-3,한전주
35.18191,127.00803,1,북구,전남광주통합특별시 북구 충효동 335,한전주
35.18191,127.00808,1,북구,전남광주통합특별시 북구 충효동 335,한전주
35.18192,126.90152,1,북구,전남광주통합특별시 북구 용봉동 1150-4,전용주
35.18192,126.92706,1,북구,전남광주통합특별시 북구 문흥동 220,한전주
35.18192,126.92797,1,북구,전남광주통합특별시 북구 문흥동 841-1,한전주
35.18193,126.91351,1,북구,전남광주통합특별시 북구 용봉동 9-16,한전주
35.18193,126.92762,1,북구,전남광주통합특별시 북구 문흥동 872-2,한전주
35.18194,126.86948,1,북구,전남광주통합특별시 북구 운암동 1065-3,한전주
35.18194,126.90277,1,북구,전남광주통합특별시 북구 용봉동 1216-12,한전주
35.18194,126.90507,1,북구,전남광주통합특별시 북구 용봉동 1205-39,한전주
35.18194,126.99887,1,북구,전남광주통합특별시 북구 충효동 870-2,건축물
35.18195,126.90454,1,북구,전남광주통합특별시 북구 용봉동 1205-47,한전주
35.18195,126.90531,1,북구,전남광주통합특별시 북구 용봉동 1205-32,전용주
35.18195,127.00305,1,북구,전남광주통합특별시 북구 충효동 528,한전주
35.18196,126.90366,1,북구,전남광주통합특별시 북구 용봉동 1213-2,한전주
35.18196,126.90648,1,북구,전남광주통합특별시 북구 용봉동 1201-16,한전주
35.18196,126.92885,1,북구,전남광주통합특별시 북구 각화동 503-33,한전주
35.18197,126.89486,1,북구,전남광주통합특별시 북구 용봉동 1353-1,한전주
35.18197,126.90108,1,북구,전남광주통합특별시 북구 용봉동 1149-30,한전주
35.18197,126.90234,1,북구,전남광주통합특별시 북구 용봉동 1221-4,한전주
35.18197,126.92762,1,북구,전남광주통합특별시 북구 문흥동 872-2,전용주
35.18198,126.89374,1,북구,전남광주통합특별시 북구 용봉동 906-4 정훈자판기,전용주
35.18198,126.90698,1,북구,전남광주통합특별시 북구 용봉동 1200-2,한전주
35.18198,126.90756,1,북구,전남광주통합특별시 북구 오치동 996-8,한전주
35.18199,126.87096,1,북구,전남광주통합특별시 북구 운암동 1038-23 참빛어린이집,한전주
35.18199,126.89322,1,북구,전남광주통합특별시 북구 용봉동 890-1,한전주
35.18199,126.89486,1,북구,전남광주통합특별시 북구 용봉동 1353-1,한전주
35.18199,126.90766,1,북구,전남광주통합특별시 북구 오치동 998,한전주
35.18199,126.98645,1,북구,전남광주통합특별시 북구 덕의동 269-11,한전주
35.182,126.8994,1,북구,전남광주통합특별시 북구 용봉동 1426-7 용주초등학교뒤2,한전주
35.182,126.98978,1,북구,전남광주통합특별시 북구 덕의동 산 4-13,한전주
35.182,127.00843,1,북구,전남광주통합특별시 북구 충효동 331,한전주
35.18202,126.92883,2,북구,전남광주통합특별시 북구 각화동 509,한전주
35.18203,126.86867,1,북구,전남광주통합특별시 북구 운암동 1111,한전주
35.18203,126.86927,1,북구,전남광주통합특별시 북구 운암동 1065-1,한전주
35.18203,126.89792,1,북구,전남광주통합특별시 북구 용봉동 1346-9 대광카오디오,한전주
35.18203,126.92868,1,북구,전남광주통합특별시 북구 각화동 501-17,한전주
35.18203,126.99927,1,북구,전남광주통합특별시 북구 충효동 888-3,한전주
35.18204,126.89081,1,북구,전남광주통합특별시 북구 용봉동 1029-1 커피볶는집 옆 골목길,전용주
35.18204,126.90451,1,북구,전남광주통합특별시 북구 용봉동 1205-1 한반도익스프레스,한전주
35.18204,126.93013,1,북구,전남광주통합특별시 북구 각화동 502-10,한전주
35.18205,126.90587,1,북구,전남광주통합특별시 북구 용봉동 1202-19,건축물
35.18205,126.98695,1,북구,전남광주통합특별시 북구 덕의동 290-5,한전주
35.18206,126.89914,1,북구,전남광주통합특별시 북구 용봉동 1426-3,한전주
35.18206,126.90624,1,북구,전남광주통합특별시 북구 용봉동 1202-13,한전주
35.18206,126.91599,1,북구,전남광주통합특별시 북구 문흥동 787-2,한전주
35.18208,126.90675,1,북구,전남광주통합특별시 북구 용봉동 1200-1,한전주
35.18208,126.99906,1,북구,전남광주통합특별시 북구 충효동 856-2,한전주
35.18209,126.90844,1,북구,전남광주통합특별시 북구 오치동 995-3,한전주
35.1821,126.90799,1,북구,전남광주통합특별시 북구 오치동 994-6,한전주
35.18212,126.9034,1,북구,전남광주통합특별시 북구 용봉동 1215-11,한전주
35.18213,126.87123,1,북구,전남광주통합특별시 북구 운암동 1038 참빛어린이집,건축물
35.18213,126.89949,1,북구,전남광주통합특별시 북구 용봉동 1426-7,한전주
35.18213,126.90203,1,북구,전남광주통합특별시 북구 용봉동 1150-55,한전주
35.18214,126.86922,1,북구,전남광주통합특별시 북구 운암동 1065-8,한전주
35.18214,126.90743,1,북구,전남광주통합특별시 북구 오치동 996-4,한전주
35.18214,126.91086,1,북구,전남광주통합특별시 북구 용봉동 30-42,전용주
35.18214,126.91916,1,북구,전남광주통합특별시 북구 문흥동 697-2,전용주
35.18215,126.86808,1,북구,전남광주통합특별시 북구 운암동 1106,한전주
35.18215,126.90484,1,북구,전남광주통합특별시 북구 용봉동 1205-1,전용주
35.18216,126.87092,1,북구,전남광주통합특별시 북구 운암동 1038 맥주공장,한전주
35.18216,126.90178,1,북구,전남광주통합특별시 북구 용봉동 1150-45,한전주
35.18217,126.99808,1,북구,전남광주통합특별시 북구 충효동 865,한전주
35.18218,126.89447,1,북구,전남광주통합특별시 북구 용봉동 830-2 백두산빌라,한전주
35.18218,126.90778,1,북구,전남광주통합특별시 북구 오치동 994-10,건축물
35.18218,126.9106,1,북구,전남광주통합특별시 북구 용봉동 33-65,한전주
35.18218,126.91403,1,북구,전남광주통합특별시 북구 용봉동 3-42,한전주
35.18218,126.93008,1,북구,전남광주통합특별시 북구 각화동 492-6,한전주
35.1822,126.92941,1,북구,전남광주통합특별시 북구 각화동 502-2,
35.18221,126.86996,1,북구,전남광주통합특별시 북구 운암동 1063-4 모두의꼬치집,한전주
35.18221,126.89368,1,북구,전남광주통합특별시 북구 용봉동 906-1,한전주
35.18221,126.91384,1,북구,전남광주통합특별시 북구 용봉동 3-41,한전주
35.18222,126.8964,2,북구,전남광주통합특별시 북구 용봉동 1349-4,한전주
35.18223,126.89615,2,북구,전남광주통합특별시 북구 용봉동 1349-1,한전주
35.18223,126.90422,1,북구,전남광주통합특별시 북구 용봉동 1214,한전주
35.18224,126.92688,1,북구,전남광주통합특별시 북구 문흥동 841-5,한전주
35.18225,126.87094,1,북구,전남광주통합특별시 북구 운암동 1038-21,한전주
35.18225,126.8997,1,북구,전남광주통합특별시 북구 용봉동 1426-6,한전주
35.18225,126.93255,1,북구,전남광주통합특별시 북구 각화동 477-25,한전주
35.18226,126.90283,1,북구,전남광주통합특별시 북구 용봉동 1216-2 대화아파트삼거리주변,한전주
35.18226,126.90678,1,북구,전남광주통합특별시 북구 용봉동 1199-16,한전주
35.18226,126.91352,1,북구,전남광주통합특별시 북구 용봉동 3-30,한전주
35.18227,126.87296,1,북구,전남광주통합특별시 북구 운암동 1051-11,건축물
35.18227,126.89667,1,북구,전남광주통합특별시 북구 용봉동 1349-2,한전주
35.18227,126.89791,1,북구,전남광주통합특별시 북구 용봉동 1347-4 용봉파크빌건너,전용주
35.18227,126.9021,1,북구,전남광주통합특별시 북구 용봉동 1150-48,한전주
35.18227,126.91026,1,북구,전남광주통합특별시 북구 용봉동 33-1,한전주
35.18228,126.89375,1,북구,전남광주통합특별시 북구 용봉동 906-1 세일휴게실,한전주
35.18228,126.89931,1,북구,전남광주통합특별시 북구 용봉동 1426-8,한전주
35.18228,126.90585,1,북구,전남광주통합특별시 북구 용봉동 1202-3,한전주
35.18228,126.91278,1,북구,전남광주통합특별시 북구 용봉동 3-10 초원회관입구,한전주
35.18229,126.91004,1,북구,전남광주통합특별시 북구 용봉동 33-44,한전주
35.1823,126.86945,1,북구,전남광주통합특별시 북구 운암동 1064,한전주
35.18231,126.91303,1,북구,전남광주통합특별시 북구 용봉동 3-10,한전주
35.18231,126.9133,1,북구,전남광주통합특별시 북구 용봉동 18-23,한전주
35.18232,126.85983,1,북구,전남광주통합특별시 북구 동림동 172,한전주
35.18233,126.89258,1,북구,전남광주통합특별시 북구 용봉동 883-2,한전주
35.18233,126.90833,1,북구,전남광주통합특별시 북구 오치동 995-1,한전주
35.18233,126.92914,1,북구,전남광주통합특별시 북구 각화동 501-19,한전주
35.18234,126.868,1,북구,전남광주통합특별시 북구 운암동 1103,한전주
35.18234,126.87015,1,북구,전남광주통합특별시 북구 운암동 1063-4 숯과곱창,한전주
35.18234,126.90442,1,북구,전남광주통합특별시 북구 용봉동 1215-6 낙원교회당건너,한전주
35.18234,126.93817,1,북구,전남광주통합특별시 북구 각화동 289-4,한전주
35.18235,126.86838,1,북구,전남광주통합특별시 북구 운암동 1102,한전주
35.18235,126.90624,1,북구,전남광주통합특별시 북구 용봉동 1202-5,한전주
35.18236,126.87336,1,북구,전남광주통합특별시 북구 운암동 1051-24,건축물
35.18236,126.89318,1,북구,전남광주통합특별시 북구 용봉동 887,한전주
35.18237,126.89753,1,북구,전남광주통합특별시 북구 용봉동 1347-5 한국물류,한전주
35.18237,126.90503,1,북구,전남광주통합특별시 북구 용봉동 1205-7,건축물
35.18237,126.92983,1,북구,전남광주통합특별시 북구 각화동 491-1,
35.18237,126.93272,1,북구,전남광주통합특별시 북구 각화동 478-19,한전주
35.18237,126.93702,1,북구,전남광주통합특별시 북구 각화동 218-17,전용주
35.18237,126.93703,1,북구,전남광주통합특별시 북구 각화동 218-17,전용주
35.18238,126.89518,1,북구,전남광주통합특별시 북구 용봉동 1352-2 서울우유 건너,한전주
35.18238,126.90007,1,북구,전남광주통합특별시 북구 용봉동 1427-5,한전주
35.18238,126.91072,1,북구,전남광주통합특별시 북구 용봉동 33-61,전용주
35.18238,126.93272,1,북구,전남광주통합특별시 북구 각화동 478-19,한전주
35.18238,126.99843,1,북구,전남광주통합특별시 북구 충효동 865-5,한전주
35.18238,126.99872,1,북구,전남광주통합특별시 북구 충효동 857-2,한전주
35.18238,126.99941,2,북구,전남광주통합특별시 북구 충효동 888-1,한전주
35.18239,126.87104,1,북구,전남광주통합특별시 북구 운암동 1038-22,한전주
35.18239,126.92841,1,북구,전남광주통합특별시 북구 문흥동 257-10,한전주
35.1824,126.87041,1,북구,전남광주통합특별시 북구 운암동 1063-5 장터할인마트,한전주
35.1824,126.89483,1,북구,전남광주통합특별시 북구 용봉동 1351-1 월드출장뷔페 건너,한전주
35.1824,126.90615,4,북구,전남광주통합특별시 북구 용봉동 1260,건축물
35.1824,126.90629,1,북구,전남광주통합특별시 북구 용봉동 1202-5,전용주
35.1824,126.90783,1,북구,전남광주통합특별시 북구 오치동 993-6,건축물
35.1824,126.92713,1,북구,전남광주통합특별시 북구 문흥동 250,한전주
35.1824,126.93014,2,북구,전남광주통합특별시 북구 각화동 480-33,한전주
35.1824,126.99935,1,북구,전남광주통합특별시 북구 충효동 888-2,한전주
35.18242,126.89165,8,북구,전남광주통합특별시 북구 용봉동 850,전용주
35.18242,126.90052,1,북구,전남광주통합특별시 북구 용봉동 1427-6,한전주
35.18242,126.91088,1,북구,전남광주통합특별시 북구 용봉동 30-45,한전주
35.18243,126.99986,1,북구,전남광주통합특별시 북구 충효동 886-5,한전주
35.18244,126.8942,1,북구,전남광주통합특별시 북구 용봉동 828-1,한전주
35.18244,126.89679,1,북구,전남광주통합특별시 북구 용봉동 1348-4 동성노블리,한전주
35.18244,126.90755,1,북구,전남광주통합특별시 북구 오치동 993-10,한전주
35.18244,126.91377,1,북구,전남광주통합특별시 북구 용봉동 3-33,한전주
35.18245,126.86936,1,북구,전남광주통합특별시 북구 운암동 1065,건축물
35.18245,126.90297,1,북구,전남광주통합특별시 북구 용봉동 1152-1 투인아파트,한전주
35.18245,126.92663,1,북구,전남광주통합특별시 북구 문흥동 918-4,한전주
35.18245,126.98588,1,북구,전남광주통합특별시 북구 덕의동 273-3,한전주
35.18246,126.89734,1,북구,전남광주통합특별시 북구 용봉동 1347-6,한전주
35.18246,126.93946,1,북구,전남광주통합특별시 북구 각화동 79-4,한전주
35.18247,126.90976,1,북구,전남광주통합특별시 북구 용봉동 31-28,한전주
35.18248,126.90415,1,북구,전남광주통합특별시 북구 용봉동 1215-6,한전주
35.18248,127.00136,1,북구,전남광주통합특별시 북구 충효동 477-2,한전주
35.18249,126.89776,1,북구,전남광주통합특별시 북구 용봉동 1347-4,전용주
35.1825,126.90626,1,북구,전남광주통합특별시 북구 용봉동 1203-7,한전주
35.18251,127.00806,1,북구,전남광주통합특별시 북구 충효동 329-4,한전주
35.18252,126.90586,1,북구,전남광주통합특별시 북구 용봉동 1203-14,한전주
35.18252,126.92885,1,북구,전남광주통합특별시 북구 문흥동 265,한전주
35.18252,126.93876,1,북구,전남광주통합특별시 북구 각화동 296,건축물
35.18252,126.99962,1,북구,전남광주통합특별시 북구 충효동 887-2,한전주
35.18253,126.89763,1,북구,전남광주통합특별시 북구 용봉동 1347-3,전용주
35.18253,126.89882,1,북구,전남광주통합특별시 북구 용봉동 1425-2,한전주
35.18253,126.9001,1,북구,전남광주통합특별시 북구 용봉동 1427-1,한전주
35.18253,126.9068,1,북구,전남광주통합특별시 북구 용봉동 1199-6,한전주
35.18253,126.9135,1,북구,전남광주통합특별시 북구 용봉동 3-24,한전주
35.18253,127.00022,1,북구,전남광주통합특별시 북구 충효동 886-1,한전주
35.18254,126.90035,1,북구,전남광주통합특별시 북구 용봉동 1427-2,한전주
35.18254,126.9007,1,북구,전남광주통합특별시 북구 용봉동 1427-4,한전주
35.18255,126.86974,1,북구,전남광주통합특별시 북구 운암동 1063-9 한두레마트,한전주
35.18256,126.87064,1,북구,전남광주통합특별시 북구 운암동 1062-3,한전주
35.18256,126.89717,2,북구,전남광주통합특별시 북구 용봉동 1347-2,한전주
35.18256,126.92693,1,북구,전남광주통합특별시 북구 문흥동 918-5,한전주
35.18256,126.93678,2,북구,전남광주통합특별시 북구 각화동 330,한전주
35.18256,126.99885,1,북구,전남광주통합특별시 북구 충효동 1026-2,한전주
35.18258,126.8716,1,북구,전남광주통합특별시 북구 운암동 1039-5,한전주
35.18258,126.91075,1,북구,전남광주통합특별시 북구 용봉동 33-56,한전주
35.18258,126.99952,1,북구,전남광주통합특별시 북구 충효동 888-7,한전주
35.1826,126.90249,1,북구,전남광주통합특별시 북구 용봉동 1152-1,한전주
35.1826,126.91332,1,북구,전남광주통합특별시 북구 용봉동 3-17,한전주
35.1826,126.99926,1,북구,전남광주통합특별시 북구 충효동 854,한전주
35.18261,126.90209,1,북구,전남광주통합특별시 북구 용봉동 1424-3 대화아파트,한전주
35.18261,126.90327,1,북구,전남광주통합특별시 북구 용봉동 461-2,한전주
35.18261,126.9034,1,북구,전남광주통합특별시 북구 용봉동 461-5,한전주
35.18261,126.90733,1,북구,전남광주통합특별시 북구 오치동 993-1,한전주
35.18261,126.91014,1,북구,전남광주통합특별시 북구 용봉동 33-34,한전주
35.18262,126.90461,1,북구,전남광주통합특별시 북구 용봉동 1204-25,한전주
35.18262,126.91308,1,북구,전남광주통합특별시 북구 용봉동 3-7,한전주
35.18262,126.9286,1,북구,전남광주통합특별시 북구 문흥동 267-4,한전주
35.18262,126.93282,1,북구,전남광주통합특별시 북구 각화동 478-1,한전주
35.18262,126.93852,1,북구,전남광주통합특별시 북구 각화동 295,한전주
35.18263,126.89368,1,북구,전남광주통합특별시 북구 용봉동 911-1,한전주
35.18263,126.90967,1,북구,전남광주통합특별시 북구 용봉동 31-54,전용주
35.18263,126.91672,5,북구,전남광주통합특별시 북구 문흥동 810,전용주
35.18264,126.90554,1,북구,전남광주통합특별시 북구 용봉동 1205-22,한전주
35.18264,126.91028,1,북구,전남광주통합특별시 북구 용봉동 33-53,건축물
35.18264,126.93281,1,북구,전남광주통합특별시 북구 각화동 478-1,한전주
35.18264,126.93285,1,북구,전남광주통합특별시 북구 각화동 478-1,한전주
35.18265,126.9265,1,북구,전남광주통합특별시 북구 문흥동 277-10 굴다리입구,한전주
35.18265,126.99896,1,북구,전남광주통합특별시 북구 충효동 857-3,전용주
35.18266,126.90707,1,북구,전남광주통합특별시 북구 용봉동 1199-9,전용주
35.18267,126.8741,2,북구,전남광주통합특별시 북구 운암동 1054-26,한전주
35.18267,126.92904,1,북구,전남광주통합특별시 북구 문흥동 267-21,한전주
35.18267,127.00221,1,북구,전남광주통합특별시 북구 충효동 475,한전주
35.18268,126.86992,1,북구,전남광주통합특별시 북구 운암동 1063-9 한두레마트,건축물
35.18268,127.00271,1,북구,전남광주통합특별시 북구 충효동 517,한전주
35.18269,126.89482,1,북구,전남광주통합특별시 북구 용봉동 928-2 용봉동저불경로당 뒤,한전주
35.18269,126.90933,1,북구,전남광주통합특별시 북구 용봉동 31-16,한전주
35.1827,126.90348,1,북구,전남광주통합특별시 북구 용봉동 461-2,한전주
35.18271,126.90156,1,북구,전남광주통합특별시 북구 용봉동 1424-3 코리아산업,한전주
35.18271,126.91093,1,북구,전남광주통합특별시 북구 용봉동 33-25,한전주
35.18272,126.89429,1,북구,전남광주통합특별시 북구 용봉동 926 대성산업개발명성가구씽크공장옆,한전주
35.18273,126.90922,1,북구,전남광주통합특별시 북구 오치동 463-37,한전주
35.18274,126.89514,1,북구,전남광주통합특별시 북구 용봉동 948-4,한전주
35.18274,126.90878,1,북구,전남광주통합특별시 북구 오치동 463-21,한전주
35.18274,126.91293,1,북구,전남광주통합특별시 북구 용봉동 3 남도미가 맞은편,한전주
35.18275,126.89912,1,북구,전남광주통합특별시 북구 용봉동 1454,한전주
35.18275,126.89915,1,북구,전남광주통합특별시 북구 용봉동 1454,한전주
35.18276,126.87439,1,북구,전남광주통합특별시 북구 운암동 1054-10,한전주
35.18276,126.90618,1,북구,전남광주통합특별시 북구 용봉동 1203-4,한전주
35.18277,126.90372,1,북구,전남광주통합특별시 북구 용봉동 460,한전주
35.18278,126.90862,1,북구,전남광주통합특별시 북구 오치동 463-13,한전주
35.18279,126.87379,2,북구,전남광주통합특별시 북구 운암동 1054-20,한전주
35.18279,126.90495,1,북구,전남광주통합특별시 북구 용봉동 1204-22,한전주
35.18279,126.91017,1,북구,전남광주통합특별시 북구 용봉동 33-31,한전주
35.18279,126.91125,1,북구,전남광주통합특별시 북구 용봉동 30-28,한전주
35.18281,126.86017,3,북구,전남광주통합특별시 북구 동림동 산 58-4,한전주
35.18281,126.99908,1,북구,전남광주통합특별시 북구 충효동 851-2,건축물
35.18282,126.88062,4,북구,전남광주통합특별시 북구 운암동 184-7,전용주
35.18282,126.89954,2,북구,전남광주통합특별시 북구 용봉동 1455,한전주
35.18282,126.99999,1,북구,전남광주통합특별시 북구 충효동 886-3,한전주
35.18283,126.91033,1,북구,전남광주통합특별시 북구 용봉동 33-10,한전주
35.18284,126.89614,2,북구,전남광주통합특별시 북구 용봉동 1344-2,한전주
35.18284,126.90128,2,북구,전남광주통합특별시 북구 용봉동 1424-1,한전주
35.18284,126.90329,1,북구,전남광주통합특별시 북구 용봉동 1152-21,한전주
35.18285,126.90167,1,북구,전남광주통합특별시 북구 용봉동 1424-3,한전주
35.18285,126.91062,1,북구,전남광주통합특별시 북구 용봉동 33-16,한전주
35.18285,126.91123,1,북구,전남광주통합특별시 북구 용봉동 30-27,한전주
35.18285,126.99999,1,북구,전남광주통합특별시 북구 충효동 886-3,한전주
35.18286,126.89951,1,북구,전남광주통합특별시 북구 용봉동 1455,한전주
35.18287,126.92834,1,북구,전남광주통합특별시 북구 문흥동 267-24,한전주
35.18287,126.98553,1,북구,전남광주통합특별시 북구 덕의동 212-4,한전주
35.18288,126.90527,1,북구,전남광주통합특별시 북구 용봉동 1204-20,한전주
35.18289,126.89892,1,북구,전남광주통합특별시 북구 용봉동 1425-7,한전주
35.18289,126.89992,1,북구,전남광주통합특별시 북구 용봉동 1456,한전주
35.18289,126.89994,7,북구,전남광주통합특별시 북구 용봉동 1456,한전주
35.18289,126.9287,1,북구,전남광주통합특별시 북구 문흥동 267-2,한전주
35.1829,126.90555,1,북구,전남광주통합특별시 북구 용봉동 1204-19,한전주
35.1829,126.91033,1,북구,전남광주통합특별시 북구 용봉동 33-10,건축물
35.18291,126.9032,1,북구,전남광주통합특별시 북구 용봉동 1152-18,한전주
35.18291,126.90974,1,북구,전남광주통합특별시 북구 오치동 463-53,한전주
35.18291,126.91094,1,북구,전남광주통합특별시 북구 용봉동 33-21,한전주
35.18292,126.90399,1,북구,전남광주통합특별시 북구 용봉동 452-1,한전주
35.18293,126.90944,1,북구,전남광주통합특별시 북구 오치동 463-44,한전주
35.18293,126.90986,1,북구,전남광주통합특별시 북구 오치동 463-54,한전주
35.18294,126.9035,1,북구,전남광주통합특별시 북구 용봉동 1152-33,한전주
35.18295,126.87046,1,북구,전남광주통합특별시 북구 운암동 1061,한전주
35.18295,126.87047,1,북구,전남광주통합특별시 북구 운암동 1061,한전주
35.18295,126.90915,1,북구,전남광주통합특별시 북구 오치동 463-33,한전주
35.18296,126.87861,1,북구,전남광주통합특별시 북구 운암동 250-17,전용주
35.18296,126.87867,3,북구,전남광주통합특별시 북구 운암동 250-17,한전주
35.18297,126.91047,1,북구,전남광주통합특별시 북구 용봉동 33-12,건축물
35.18297,126.95941,1,북구,전남광주통합특별시 북구 청풍동 1216-1,한전주
35.18298,126.89657,1,북구,전남광주통합특별시 북구 용봉동 1344-3,한전주
35.18299,126.87046,1,북구,전남광주통합특별시 북구 운암동 1061,한전주
35.18299,127.00852,1,북구,전남광주통합특별시 북구 충효동 327,한전주
35.183,126.90579,1,북구,전남광주통합특별시 북구 용봉동 1204-15,한전주
35.183,126.92801,1,북구,전남광주통합특별시 북구 문흥동 273,
35.18301,126.8809,1,북구,전남광주통합특별시 북구 운암동 산 47-3,전용주
35.18301,126.90354,1,북구,전남광주통합특별시 북구 용봉동 1152-34,한전주
35.18301,126.9088,1,북구,전남광주통합특별시 북구 오치동 463-19,한전주
35.18301,127.00374,1,북구,전남광주통합특별시 북구 충효동 502,한전주
35.18302,126.90945,1,북구,전남광주통합특별시 북구 오치동 463-43,한전주
35.18304,126.87403,1,북구,전남광주통합특별시 북구 운암동 1054-12,한전주
35.18304,126.87404,1,북구,전남광주통합특별시 북구 운암동 1054-12,한전주
35.18304,126.89945,1,북구,전남광주통합특별시 북구 용봉동 1419-3,한전주
35.18304,126.9029,1,북구,전남광주통합특별시 북구 용봉동 464-5,한전주
35.18307,126.87122,2,북구,전남광주통합특별시 북구 운암동 1059-4,한전주
35.18307,126.90406,1,북구,전남광주통합특별시 북구 용봉동 1187,한전주
35.18307,127.00247,1,북구,전남광주통합특별시 북구 충효동 511,한전주
35.18308,126.90099,4,북구,전남광주통합특별시 북구 용봉동 1457,한전주
35.18308,126.90865,1,북구,전남광주통합특별시 북구 오치동 463-15,한전주
35.18308,126.93185,2,북구,전남광주통합특별시 북구 각화동 480-76,한전주
35.18309,126.92706,1,북구,전남광주통합특별시 북구 문흥동 274-1 문흥성당~트리뷰가는길,한전주
35.1831,126.87265,3,북구,전남광주통합특별시 북구 운암동 1051-1,한전주
35.1831,126.90214,1,북구,전남광주통합특별시 북구 용봉동 1422-6,한전주
35.1831,126.90439,1,북구,전남광주통합특별시 북구 용봉동 452-10,한전주
35.18311,126.90596,1,북구,전남광주통합특별시 북구 용봉동 1204-14,한전주
35.18311,126.93298,1,북구,전남광주통합특별시 북구 각화동 451-15,한전주
35.18312,126.90547,1,북구,전남광주통합특별시 북구 용봉동 1204-9,한전주
35.18313,126.9099,1,북구,전남광주통합특별시 북구 오치동 463-56,한전주
35.18317,126.90599,1,북구,전남광주통합특별시 북구 용봉동 1204-14,한전주
35.18317,127.0034,2,북구,전남광주통합특별시 북구 충효동 506,한전주
35.18321,126.90037,1,북구,전남광주통합특별시 북구 용봉동 1421-2,한전주
35.18322,126.92729,1,북구,전남광주통합특별시 북구 문흥동 274-1 문흥성당~트리뷰가는길,전용주
35.18322,126.99951,1,북구,전남광주통합특별시 북구 충효동 842,한전주
35.18324,126.8704,4,북구,전남광주통합특별시 북구 운암동 1101-1,한전주
35.18324,126.9032,1,북구,전남광주통합특별시 북구 용봉동 1418-2,한전주
35.18324,126.99977,1,북구,전남광주통합특별시 북구 충효동 841-3,한전주
35.18325,126.98555,1,북구,전남광주통합특별시 북구 덕의동 213-2,한전주
35.18328,126.90237,1,북구,전남광주통합특별시 북구 용봉동 1422-6 공원후문입구,한전주
35.18328,126.90504,1,북구,전남광주통합특별시 북구 용봉동 1204-5 이레유통,한전주
35.18329,126.90369,1,북구,전남광주통합특별시 북구 용봉동 1152-9 프로카모터스,한전주
35.1833,126.90204,1,북구,전남광주통합특별시 북구 용봉동 1422-5 범일소방,한전주
35.18331,126.92758,1,북구,전남광주통합특별시 북구 문흥동 274-1 문흥성당~트리뷰가는길,건축물
35.18332,126.89913,1,북구,전남광주통합특별시 북구 용봉동 1413-2,한전주
35.18332,126.90132,1,북구,전남광주통합특별시 북구 용봉동 1416-4 동일적벽돌,한전주
35.18333,126.8736,1,북구,전남광주통합특별시 북구 운암동 1057,전용주
35.18333,126.90165,1,북구,전남광주통합특별시 북구 용봉동 1416-4 태성,한전주
35.18333,126.9259,1,북구,전남광주통합특별시 북구 문흥1동 995-3,한전주
35.18334,126.89756,1,북구,전남광주통합특별시 북구 용봉동 1341-2,전용주
35.18335,126.89948,1,북구,전남광주통합특별시 북구 용봉동 1419-2,한전주
35.18336,126.95897,1,북구,전남광주통합특별시 북구 청풍동 1180-1,한전주
35.1834,126.89738,1,북구,전남광주통합특별시 북구 용봉동 1431,전용주
35.18341,126.90393,1,북구,전남광주통합특별시 북구 용봉동 1152-9 프로카모터스,한전주
35.18341,127.00287,1,북구,전남광주통합특별시 북구 충효동 508-1,한전주
35.18342,127.00225,1,북구,전남광주통합특별시 북구 충효동 484,한전주
35.18343,126.87065,1,북구,전남광주통합특별시 북구 운암동 1063-6,한전주
35.18344,126.89709,1,북구,전남광주통합특별시 북구 용봉동 1341-1,한전주
35.18347,126.89738,6,북구,전남광주통합특별시 북구 용봉동 1431,전용주
35.1835,126.99928,1,북구,전남광주통합특별시 북구 충효동 845,한전주
35.18352,126.87051,1,북구,전남광주통합특별시 북구 운암동 1069-3,한전주
35.18357,126.89514,1,북구,전남광주통합특별시 북구 용봉동 944-1,한전주
35.1836,126.89593,1,북구,전남광주통합특별시 북구 용봉동 1339-1,한전주
35.1836,126.89598,1,북구,전남광주통합특별시 북구 용봉동 1339-1,한전주
35.18363,126.87048,1,북구,전남광주통합특별시 북구 운암동 1069-1,한전주
35.18363,126.89996,1,북구,전남광주통합특별시 북구 용봉동 1414-5,한전주
35.18363,126.9989,1,북구,전남광주통합특별시 북구 충효동 847,한전주
35.18364,126.89993,1,북구,전남광주통합특별시 북구 용봉동 1414-5,한전주
35.18365,126.8733,1,북구,전남광주통합특별시 북구 운암동 1051-22,전용주
35.18365,126.94056,1,북구,전남광주통합특별시 북구 각화동 302-1,전용주
35.18366,127.0027,1,북구,전남광주통합특별시 북구 충효동 487,한전주
35.18369,126.89492,1,북구,전남광주통합특별시 북구 용봉동 940-4,한전주
35.18371,126.87314,1,북구,전남광주통합특별시 북구 운암동 1056 운암중학교길,한전주
35.18371,126.89578,1,북구,전남광주통합특별시 북구 용봉동 945,한전주
35.18371,127.00116,1,북구,전남광주통합특별시 북구 충효동 443-1,한전주
35.18371,127.00301,1,북구,전남광주통합특별시 북구 충효동 490,한전주
35.18372,126.98544,1,북구,전남광주통합특별시 북구 덕의동 산 102-2,한전주
35.18375,126.95884,1,북구,전남광주통합특별시 북구 청풍동 1256-1,한전주
35.1838,126.86088,1,북구,전남광주통합특별시 북구 동림동 산 54-4,한전주
35.18383,126.87145,1,북구,전남광주통합특별시 북구 운암동 1058-4,건축물
35.18387,126.89468,1,북구,전남광주통합특별시 북구 용봉동 941,전용주
35.18388,127.00252,1,북구,전남광주통합특별시 북구 충효동 486-3,한전주
35.18391,126.8728,1,북구,전남광주통합특별시 북구 운암동 1058-3 우미아파트103동길,한전주
35.18391,126.87532,3,북구,전남광주통합특별시 북구 운암동 1056-1,한전주
35.18391,126.87539,1,북구,전남광주통합특별시 북구 운암동 1056-1,한전주
35.18397,127.00227,1,북구,전남광주통합특별시 북구 충효동 486-4,한전주
35.184,126.91251,1,북구,전남광주통합특별시 북구 오치동 1050-3,한전주
35.184,126.9851,1,북구,전남광주통합특별시 북구 덕의동 산 103-1,한전주
35.18401,127.00166,1,북구,전남광주통합특별시 북구 충효동 417-2,한전주
35.18401,127.00169,1,북구,전남광주통합특별시 북구 충효동 417-2,한전주
35.18402,126.91236,1,북구,전남광주통합특별시 북구 오치동 1050-2,한전주
35.18404,126.94093,1,북구,전남광주통합특별시 북구 각화동 48-2,한전주
35.18405,126.91212,1,북구,전남광주통합특별시 북구 오치동 1050-1,한전주
35.18406,126.91153,1,북구,전남광주통합특별시 북구 오치동 1051-5,한전주
35.18407,126.87266,1,북구,전남광주통합특별시 북구 운암동 1058-3 우미아파트102동길,한전주
35.18407,126.87311,1,북구,전남광주통합특별시 북구 운암동 1089-6 운암중학교밭길,건축물
35.18413,127.00279,1,북구,전남광주통합특별시 북구 충효동 411-1,한전주
35.18415,126.95859,1,북구,전남광주통합특별시 북구 청풍동 1193-1,한전주
35.18418,126.87178,1,북구,전남광주통합특별시 북구 운암동 1058-4,건축물
35.1842,126.87178,1,북구,전남광주통합특별시 북구 운암동 1058-4,건축물
35.1842,126.87254,1,북구,전남광주통합특별시 북구 운암동 1058-3 도울마트,건축물
35.18422,127.00112,1,북구,전남광주통합특별시 북구 충효동 439-1,한전주
35.18423,126.86998,1,북구,전남광주통합특별시 북구 운암동 1073,건축물
35.18423,126.9095,1,북구,전남광주통합특별시 북구 오치동 986-21,한전주
35.18423,126.91053,1,북구,전남광주통합특별시 북구 오치동 985-18,건축물
35.18425,126.9115,1,북구,전남광주통합특별시 북구 오치동 1051-1 오치우미아파트 101동 옆,한전주
35.18426,126.9405,1,북구,전남광주통합특별시 북구 각화동 46-1,전용주
35.1843,126.87315,1,북구,전남광주통합특별시 북구 운암동 1089-6 운암중학교밭길,건축물
35.18435,126.9089,1,북구,전남광주통합특별시 북구 오치동 986-2 광주중부교회,한전주
35.18435,127.0024,2,북구,전남광주통합특별시 북구 충효동 415,한전주
35.18437,126.90684,1,북구,전남광주통합특별시 북구 오치동 989-18,건축물
35.18438,126.8611,1,북구,전남광주통합특별시 북구 동림동 산 56-9,건축물
35.1844,126.91015,1,북구,전남광주통합특별시 북구 오치동 986-15 고운아파트,한전주
35.18442,126.93643,1,북구,전남광주통합특별시 북구 각화동 349-2,한전주
35.18444,126.98448,1,북구,전남광주통합특별시 북구 덕의동 199-2,한전주
35.18447,126.87013,1,북구,전남광주통합특별시 북구 운암동 1075,한전주
35.18447,126.93749,1,북구,전남광주통합특별시 북구 각화동 352-2,한전주
35.18447,126.93892,1,북구,전남광주통합특별시 북구 각화동 365,전용주
35.18448,126.91111,1,북구,전남광주통합특별시 북구 오치동 985-5,한전주
35.18448,126.93749,3,북구,전남광주통합특별시 북구 각화동 352-2,한전주
35.18449,126.90991,1,북구,전남광주통합특별시 북구 오치동 986-16,한전주
35.1845,126.87316,1,북구,전남광주통합특별시 북구 운암동 1089-6 운암중학교밭길,건축물
35.1845,126.90724,1,북구,전남광주통합특별시 북구 오치동 989-16,한전주
35.18451,126.91154,1,북구,전남광주통합특별시 북구 오치동 985-6 오치우미아파트 101동 옆,한전주
35.18454,127.00437,1,북구,전남광주통합특별시 북구 충효동 404-1,한전주
35.18456,126.9083,1,북구,전남광주통합특별시 북구 오치동 988-14,한전주
35.18456,126.91072,1,북구,전남광주통합특별시 북구 오치동 984-6 고운아파트,한전주
35.18458,126.95868,1,북구,전남광주통합특별시 북구 청풍동 1244-1,한전주
35.18461,126.87226,1,북구,전남광주통합특별시 북구 운암동 1089-4,한전주
35.18461,126.90782,1,북구,전남광주통합특별시 북구 오치동 989-10,한전주
35.18465,126.87229,1,북구,전남광주통합특별시 북구 운암동 1089-4,한전주
35.18467,126.9046,1,북구,전남광주통합특별시 북구 오치동 866-2,한전주
35.18468,126.86146,1,북구,전남광주통합특별시 북구 동림동 산 53,건축물
35.18469,126.90405,1,북구,전남광주통합특별시 북구 오치동 900,한전주
35.1847,126.90978,1,북구,전남광주통합특별시 북구 오치동 987-21,한전주
35.1847,126.93641,1,북구,전남광주통합특별시 북구 각화동 349-3,한전주
35.1847,126.9386,1,북구,전남광주통합특별시 북구 각화동 366,전용주
35.18471,126.87383,2,북구,전남광주통합특별시 북구 운암동 1056,건축물
35.18472,126.9386,1,북구,전남광주통합특별시 북구 각화동 366,한전주
35.18474,126.87316,1,북구,전남광주통합특별시 북구 운암동 1089-6 운암중학교밭길,건축물
35.18474,126.90813,1,북구,전남광주통합특별시 북구 오치동 989-4,전용주
35.18474,126.91016,1,북구,전남광주통합특별시 북구 오치동 987-8,한전주
35.18479,127.00192,1,북구,전남광주통합특별시 북구 충효동 420,한전주
35.1848,126.87383,1,북구,전남광주통합특별시 북구 운암동 1056,한전주
35.1848,126.91158,1,북구,전남광주통합특별시 북구 오치동 984-5 오치동우미아파트,한전주
35.18481,126.90505,1,북구,전남광주통합특별시 북구 오치동 866-2,한전주
35.18481,126.90938,1,북구,전남광주통합특별시 북구 오치동 987-17,한전주
35.18482,126.90918,1,북구,전남광주통합특별시 북구 오치동 987-30,한전주
35.18483,126.909,1,북구,전남광주통합특별시 북구 오치동 987-31,한전주
35.18485,126.909,1,북구,전남광주통합특별시 북구 오치동 987-31,한전주
35.18485,126.91017,1,북구,전남광주통합특별시 북구 오치동 987-7,한전주
35.18486,126.90577,1,북구,전남광주통합특별시 북구 오치2동 865-10,건축물
35.18486,126.9838,1,북구,전남광주통합특별시 북구 덕의동 산 105-1,한전주
35.18488,126.90522,1,북구,전남광주통합특별시 북구 오치2동 865-2,건축물
35.18491,126.9079,1,북구,전남광주통합특별시 북구 오치동 990-9,한전주
35.18497,126.90502,1,북구,전남광주통합특별시 북구 오치동 866-17,건축물
35.18498,126.86372,1,북구,전남광주통합특별시 북구 동림동 39-2,건축물
35.185,126.90305,1,북구,전남광주통합특별시 북구 오치동 869-5,한전주
35.185,127.00529,1,북구,전남광주통합특별시 북구 충효동 398,한전주
35.18501,126.86391,1,북구,전남광주통합특별시 북구 동림동 39-2,건축물
35.18501,126.90264,1,북구,전남광주통합특별시 북구 오치동 1007,한전주
35.18501,126.90815,1,북구,전남광주통합특별시 북구 오치동 990-7,한전주
35.18502,126.9115,1,북구,전남광주통합특별시 북구 오치동 406 DC할인마트 앞,한전주
35.18503,126.87317,1,북구,전남광주통합특별시 북구 운암동 1089-6 운암중학교밭길,한전주
35.18503,126.91109,1,북구,전남광주통합특별시 북구 오치동 984-2,한전주
35.18505,126.90395,1,북구,전남광주통합특별시 북구 오치동 869-11,한전주
35.18507,126.90368,1,북구,전남광주통합특별시 북구 오치동 869-9,한전주
35.18507,126.91005,1,북구,전남광주통합특별시 북구 오치동 987-24,한전주
35.18507,127.00419,1,북구,전남광주통합특별시 북구 충효동 393-3,한전주
35.18509,126.86436,1,북구,전남광주통합특별시 북구 동림동 39-2,건축물
35.18509,126.90836,1,북구,전남광주통합특별시 북구 오치동 979-8 동선아파트B동,한전주
35.1851,127.00492,1,북구,전남광주통합특별시 북구 충효동 397-4,한전주
35.18513,126.88747,2,북구,전남광주통합특별시 북구 매곡동 387-7,건축물
35.18514,126.91148,1,북구,전남광주통합특별시 북구 오치동 984-2,한전주
35.18516,126.86847,2,북구,전남광주통합특별시 북구 동림동 26-8,한전주
35.18516,126.90424,1,북구,전남광주통합특별시 북구 오치동 866-22,한전주
35.18516,126.91065,1,북구,전남광주통합특별시 북구 오치동 984-1 혁신타운,한전주
35.18518,126.86785,1,북구,전남광주통합특별시 북구 동림동 24,한전주
35.18518,126.9041,1,북구,전남광주통합특별시 북구 오치동 866-21,한전주
35.18518,126.9095,1,북구,전남광주통합특별시 북구 오치동 172-8,한전주
35.18518,126.93475,6,북구,전남광주통합특별시 북구 각화동 342-6,한전주
35.18519,126.905,2,북구,전남광주통합특별시 북구 오치동 866-1,한전주
35.18521,126.90862,1,북구,전남광주통합특별시 북구 오치동 979-8 동선아파트A동,한전주
35.18521,126.91225,1,북구,전남광주통합특별시 북구 오치동 1038-1 오정초교우미아파트사이길3,건축물
35.18522,127.0036,1,북구,전남광주통합특별시 북구 충효동 390-1,한전주
35.18523,127.0036,2,북구,전남광주통합특별시 북구 충효동 390-1,한전주
35.18524,126.91323,1,북구,전남광주통합특별시 북구 오치동 1048-28,한전주
35.18525,126.91576,1,북구,전남광주통합특별시 북구 오치동 1047-6 문우초등학교 옆,전용주
35.18528,126.90799,1,북구,전남광주통합특별시 북구 오치동 990-5,한전주
35.18528,126.90897,1,북구,전남광주통합특별시 북구 오치동 987-1 대동아파트2동,한전주
35.18532,126.90452,1,북구,전남광주통합특별시 북구 오치동 975-22,한전주
35.18533,126.90487,1,북구,전남광주통합특별시 북구 오치동 975-21,한전주
35.18533,126.90602,1,북구,전남광주통합특별시 북구 오치동 977-22 한국전력광주전남본부옆길1,건축물
35.18534,126.91021,1,북구,전남광주통합특별시 북구 오치동 982-20,한전주
35.18536,126.91424,1,북구,전남광주통합특별시 북구 오치동 1048-9,한전주
35.18537,126.91486,1,북구,전남광주통합특별시 북구 오치동 1048-14,한전주
35.18538,126.91384,1,북구,전남광주통합특별시 북구 오치동 1048-6,한전주
35.18538,126.9152,1,북구,전남광주통합특별시 북구 오치동 1047-1,한전주
35.18538,126.9156,1,북구,전남광주통합특별시 북구 오치동 1047-4,한전주
35.18539,126.86194,1,북구,전남광주통합특별시 북구 동림동 산 48-12,건축물
35.18539,126.91458,1,북구,전남광주통합특별시 북구 오치동 1048-11,한전주
35.1854,126.90931,1,북구,전남광주통합특별시 북구 오치동 980-15 오치두란노 교회,한전주
35.1854,126.91542,1,북구,전남광주통합특별시 북구 오치동 1047-3,한전주
35.18543,126.90633,1,북구,전남광주통합특별시 북구 오치동 977-21 한국전력광주전남본부옆길2,한전주
35.18547,126.90435,1,북구,전남광주통합특별시 북구 오치동 975-25,한전주
35.18549,126.90656,1,북구,전남광주통합특별시 북구 오치동 977-20 한국전력광주전남본부옆길3,한전주
35.1855,126.94307,6,북구,전남광주통합특별시 북구 각화동 570-25,한전주
35.18551,126.91369,1,북구,전남광주통합특별시 북구 오치동 1040-9,한전주
35.18552,127.00402,3,북구,전남광주통합특별시 북구 충효동 1019,전용주
35.18554,126.91529,1,북구,전남광주통합특별시 북구 오치동 1044-8,한전주
35.18554,127.004,1,북구,전남광주통합특별시 북구 충효동 1019 연화암 입구,전용주
35.18556,126.90487,1,북구,전남광주통합특별시 북구 오치동 975-16,건축물
35.18556,126.91123,1,북구,전남광주통합특별시 북구 오치동 983-1,건축물
35.18556,127.00281,1,북구,전남광주통합특별시 북구 충효동 387,한전주
35.18557,126.90781,1,북구,전남광주통합특별시 북구 오치동 978-16 하오치어린이공원3,한전주
35.18557,126.91123,5,북구,전남광주통합특별시 북구 오치동 983-1,건축물
35.18557,126.91903,1,북구,전남광주통합특별시 북구 문흥동 1004-6,한전주
35.18558,126.90872,1,북구,전남광주통합특별시 북구 오치동 980-16,건축물
35.18558,126.90873,1,북구,전남광주통합특별시 북구 오치동 980-16,한전주
35.18559,126.91021,1,북구,전남광주통합특별시 북구 오치동 982-8,한전주
35.18559,126.91567,1,북구,전남광주통합특별시 북구 오치동 1045-8,한전주
35.1856,126.9067,3,북구,전남광주통합특별시 북구 오치동 1001,한전주
35.1856,126.92576,1,북구,전남광주통합특별시 북구 문흥동 995-2,건축물
35.18561,126.91346,1,북구,전남광주통합특별시 북구 오치동 1039-7,한전주
35.18561,126.92162,4,북구,전남광주통합특별시 북구 문흥동 1012,한전주
35.18562,126.86234,1,북구,전남광주통합특별시 북구 동림동 48-13,한전주
35.18563,126.91325,1,북구,전남광주통합특별시 북구 오치동 1039-8,한전주
35.18565,126.8659,1,북구,전남광주통합특별시 북구 동림동 37-23,건축물
35.18565,126.90429,1,북구,전남광주통합특별시 북구 오치동 975-13,한전주
35.18565,126.90812,1,북구,전남광주통합특별시 북구 오치동 978-14 동선아파트B동 옆,건축물
35.18565,126.90986,1,북구,전남광주통합특별시 북구 오치동 982-10,한전주
35.18566,126.8659,13,북구,전남광주통합특별시 북구 동림동 37-23,건축물
35.18567,126.90601,1,북구,전남광주통합특별시 북구 오치동 977-4,한전주
35.18567,126.90696,1,북구,전남광주통합특별시 북구 오치동 977-15 한국전력광주전남본부 옆길4,한전주
35.18568,126.86991,1,북구,전남광주통합특별시 북구 동림동 26-11,한전주
35.18569,126.91363,1,북구,전남광주통합특별시 북구 오치동 1040-10,한전주
35.18569,126.91568,1,북구,전남광주통합특별시 북구 오치동 1045-7,한전주
35.18574,126.95812,1,북구,전남광주통합특별시 북구 청풍동 1222-2,한전주
35.18576,126.90998,1,북구,전남광주통합특별시 북구 오치동 982-5,한전주
35.18577,126.86978,3,북구,전남광주통합특별시 북구 동림동 26-3,건축물
35.18577,126.90952,1,북구,전남광주통합특별시 북구 오치동 982-2,한전주
35.1858,126.9072,1,북구,전남광주통합특별시 북구 오치동 990-1,한전주
35.1858,126.90763,1,북구,전남광주통합특별시 북구 오치동 978-16 하오치어린이공원2,건축물
35.1858,127.00316,2,북구,전남광주통합특별시 북구 충효동 387,전용주
35.18582,126.91441,1,북구,전남광주통합특별시 북구 오치동 1042-11,한전주
35.18582,126.91454,1,북구,전남광주통합특별시 북구 오치동 1042-6,한전주
35.18582,126.91515,1,북구,전남광주통합특별시 북구 오치동 1044-11,한전주
35.18582,126.9153,1,북구,전남광주통합특별시 북구 오치동 1044-6,한전주
35.18583,126.90446,1,북구,전남광주통합특별시 북구 오치동 975-12,한전주
35.18583,126.90799,1,북구,전남광주통합특별시 북구 오치동 978-6,한전주
35.18584,126.91379,1,북구,전남광주통합특별시 북구 오치동 1040-6,한전주
35.18585,126.86811,1,북구,전남광주통합특별시 북구 동림동 26-5,한전주
35.18585,126.86814,1,북구,전남광주통합특별시 북구 동림동 26-5,한전주
35.18585,126.90582,1,북구,전남광주통합특별시 북구 오치동 976-11,한전주
35.18586,126.86232,1,북구,전남광주통합특별시 북구 동림동 산 44-5,건축물
35.18587,126.90908,1,북구,전남광주통합특별시 북구 오치동 980-13,한전주
35.18589,126.90812,1,북구,전남광주통합특별시 북구 오치동 979-9,한전주
35.1859,126.91199,3,북구,전남광주통합특별시 북구 오치동 1038-1,한전주
35.18591,126.8645,1,북구,전남광주통합특별시 북구 동림동44-35,한전주
35.18592,126.90567,1,북구,전남광주통합특별시 북구 오치동 976-10,한전주
35.18592,126.90754,1,북구,전남광주통합특별시 북구 오치동 978-14 하오치어린이공원1,건축물
35.18592,126.91902,1,북구,전남광주통합특별시 북구 문흥동 1004-3,한전주
35.18594,126.90627,1,북구,전남광주통합특별시 북구 오치동 976-4,한전주
35.18594,126.9078,1,북구,전남광주통합특별시 북구 오치동 978-7,한전주
35.18594,126.9138,1,북구,전남광주통합특별시 북구 오치동 1040-5,한전주
35.18595,126.90435,1,북구,전남광주통합특별시 북구 오치동 975-1,한전주
35.18598,126.89395,1,북구,전남광주통합특별시 북구 용봉동 973-12,한전주
35.18599,126.9045,1,북구,전남광주통합특별시 북구 오치동 975-2,건축물
35.18599,126.90459,1,북구,전남광주통합특별시 북구 오치동 975-2,한전주
35.186,126.88866,1,북구,전남광주통합특별시 북구 용봉동 992,건축물
35.18601,126.86564,1,북구,전남광주통합특별시 북구 동림동 44-40,건축물
35.18601,126.90743,1,북구,전남광주통합특별시 북구 오치동 977-13 e푸른빌건너,한전주
35.18603,126.90463,1,북구,전남광주통합특별시 북구 오치동 975-3,전용주
35.18603,126.90558,1,북구,전남광주통합특별시 북구 오치동 976-1,한전주
35.18603,126.90639,1,북구,전남광주통합특별시 북구 오치동 976-5,한전주
35.18603,126.91537,1,북구,전남광주통합특별시 북구 오치동 1044-4,한전주
35.18603,126.91569,1,북구,전남광주통합특별시 북구 오치동 1045-4,한전주
35.18604,126.86417,1,북구,전남광주통합특별시 북구 동림동 44-30,한전주
35.18604,126.9068,1,북구,전남광주통합특별시 북구 오치동 977-10,한전주
35.18604,126.91456,1,북구,전남광주통합특별시 북구 오치동 1042-4,한전주
35.18605,126.91515,1,북구,전남광주통합특별시 북구 오치동 1044-13,한전주
35.18606,126.86321,1,북구,전남광주통합특별시 북구 동림동 44,한전주
35.18606,126.88866,5,북구,전남광주통합특별시 북구 용봉동 992,건축물
35.18606,126.90977,1,북구,전남광주통합특별시 북구 오치동 981-7,한전주
35.18608,126.86244,1,북구,전남광주통합특별시 북구 동림동 1118-6,한전주
35.18608,126.91442,1,북구,전남광주통합특별시 북구 오치동 1042-13,한전주
35.18609,126.90413,1,북구,전남광주통합특별시 북구 오치동 974-12,한전주
35.18615,126.90643,1,북구,전남광주통합특별시 북구 오치동 968-17,한전주
35.18615,126.92603,1,북구,전남광주통합특별시 북구 문흥동 993-3,한전주
35.18616,126.8633,1,북구,전남광주통합특별시 북구 동림동 44-7,한전주
35.18618,126.86371,1,북구,전남광주통합특별시 북구 동림동 44-27,한전주
35.18619,126.91457,1,북구,전남광주통합특별시 북구 오치동 1042-3,한전주
35.1862,126.90425,2,북구,전남광주통합특별시 북구 오치동 974-2,건축물
35.1862,126.90585,1,북구,전남광주통합특별시 북구 오치동 976-2,한전주
35.1862,126.91215,1,북구,전남광주통합특별시 북구 오치동 1037-1 오정초등학교뒷길3,한전주
35.18621,126.86963,2,북구,전남광주통합특별시 북구 동림동 26-1,건축물
35.18623,126.90929,1,북구,전남광주통합특별시 북구 오치동 980-25,한전주
35.18623,126.91361,1,북구,전남광주통합특별시 북구 오치동 1040-14,한전주
35.18623,126.9186,1,북구,전남광주통합특별시 북구 문흥동 1005-1,한전주
35.18624,126.90819,1,북구,전남광주통합특별시 북구 오치동 979-1,한전주
35.18624,126.92608,1,북구,전남광주통합특별시 북구 문흥동 993-2,한전주
35.18625,126.89874,5,북구,전남광주통합특별시 북구 오치동 782-4,건축물
35.18626,126.90765,1,북구,전남광주통합특별시 북구 오치동 978-10,한전주
35.18628,126.90965,1,북구,전남광주통합특별시 북구 오치동 981-4,한전주
35.18629,126.91589,1,북구,전남광주통합특별시 북구 오치동 1045-3 문우초교 담끝,한전주
35.1863,126.90887,1,북구,전남광주통합특별시 북구 오치동 980-3,한전주
35.18631,126.90394,1,북구,전남광주통합특별시 북구 오치동 1009,건축물
35.18631,126.90685,1,북구,전남광주통합특별시 북구 오치동 968-10,한전주
35.18631,126.90721,1,북구,전남광주통합특별시 북구 오치동 968-5,한전주
35.18632,126.86481,4,북구,전남광주통합특별시 북구 동림동 37-1,한전주
35.18632,126.90942,1,북구,전남광주통합특별시 북구 오치동 981-14,한전주
35.18632,126.91512,1,북구,전남광주통합특별시 북구 오치동 1044-1,한전주
35.18632,126.91513,1,북구,전남광주통합특별시 북구 오치동 1044-1,한전주
35.18633,126.86277,1,북구,전남광주통합특별시 북구 동림동 154-1,한전주
35.18634,126.90665,1,북구,전남광주통합특별시 북구 오치동 968-11,한전주
35.18635,126.92535,1,북구,전남광주통합특별시 북구 문흥동 992-7 문산초앞길,한전주
35.18636,126.89424,1,북구,전남광주통합특별시 북구 용봉동 971,한전주
35.18636,126.90552,1,북구,전남광주통합특별시 북구 오치동 969-14,한전주
35.18637,126.91388,1,북구,전남광주통합특별시 북구 오치동 1040-2,한전주
35.18639,126.86362,1,북구,전남광주통합특별시 북구 동림동 44-1,건축물
35.18639,126.91451,1,북구,전남광주통합특별시 북구 오치1동 1042-2,한전주
35.1864,126.90307,1,북구,전남광주통합특별시 북구 오치동 972-1,한전주
35.18641,126.87054,1,북구,전남광주통합특별시 북구 동림동 16-10,한전주
35.18641,126.90269,1,북구,전남광주통합특별시 북구 오치동 562-9,한전주
35.18641,126.90352,1,북구,전남광주통합특별시 북구 오치동 972-14,한전주
35.18641,126.90568,1,북구,전남광주통합특별시 북구 오치동 969-9,한전주
35.18642,126.86377,1,북구,전남광주통합특별시 북구 동림동 44-3,한전주
35.18642,126.91861,1,북구,전남광주통합특별시 북구 문흥동 1006-21,한전주
35.18642,126.91889,1,북구,전남광주통합특별시 북구 문흥동 1006-19,한전주
35.18643,126.90444,1,북구,전남광주통합특별시 북구 오치동 973-8,한전주
35.18643,126.91644,1,북구,전남광주통합특별시 북구 오치동 1034-20,한전주
35.18643,126.91683,1,북구,전남광주통합특별시 북구 오치동 1034-17,한전주
35.18644,126.90019,1,북구,전남광주통합특별시 북구 오치동 872-2,한전주
35.18644,126.90745,1,북구,전남광주통합특별시 북구 오치동 967-18,한전주
35.18644,126.91827,1,북구,전남광주통합특별시 북구 문흥동 1007-12,한전주
35.18645,126.90037,1,북구,전남광주통합특별시 북구 오치동 872-2,한전주
35.18645,126.91775,1,북구,전남광주통합특별시 북구 문흥동 1007-16,한전주
35.18646,126.8672,1,북구,전남광주통합특별시 북구 동림동 1117-14,한전주
35.18646,126.91134,1,북구,전남광주통합특별시 북구 오치동 965-20 해송하우스건너용봉중뒷길3,한전주
35.18646,126.91591,1,북구,전남광주통합특별시 북구 오치동 1034-24,한전주
35.18647,126.90432,1,북구,전남광주통합특별시 북구 오치동 973-9,한전주
35.18647,126.90952,1,북구,전남광주통합특별시 북구 오치동 981-10,한전주
35.18647,126.91102,1,북구,전남광주통합특별시 북구 오치동 965-21 새하늘교회건너용봉중뒷길2,한전주
35.18647,126.91738,1,북구,전남광주통합특별시 북구 문흥동 1007-19,한전주
35.18648,126.90386,1,북구,전남광주통합특별시 북구 오치동 972-10,건축물
35.18648,126.90479,1,북구,전남광주통합특별시 북구 오치동 971-11,건축물
35.18648,126.90859,1,북구,전남광주통합특별시 북구 오치동 979-5,한전주
35.18648,126.91062,1,북구,전남광주통합특별시 북구 오치동 965-25 초록서점문구건너용봉중뒷길1,한전주
35.18649,126.90884,1,북구,전남광주통합특별시 북구 오치동 980-1,한전주
35.18649,126.90902,1,북구,전남광주통합특별시 북구 오치동 980-5,한전주
35.18649,126.90964,1,북구,전남광주통합특별시 북구 오치동 981-2,한전주
35.18649,126.91016,1,북구,전남광주통합특별시 북구 오치동 966-15 보보약손건너,한전주
35.1865,126.90244,1,북구,전남광주통합특별시 북구 오치동 776-4,한전주
35.18652,126.91306,2,북구,전남광주통합특별시 북구 오치동 1037-3,건축물
35.18652,126.9154,1,북구,전남광주통합특별시 북구 오치동 1034-28,한전주
35.18653,126.91487,1,북구,전남광주통합특별시 북구 오치동 1035-10,전용주
35.18654,126.91424,1,북구,전남광주통합특별시 북구 오치동 1035-15,한전주
35.18654,126.92584,1,북구,전남광주통합특별시 북구 문흥동 992-4,한전주
35.18655,126.86338,1,북구,전남광주통합특별시 북구 동림동 153-5,한전주
35.18655,126.91387,1,북구,전남광주통합특별시 북구 오치동 1036-4,한전주
35.18656,126.86637,1,북구,전남광주통합특별시 북구 동림동 37-32,건축물
35.18657,126.90284,1,북구,전남광주통합특별시 북구 오치동 972-15,한전주
35.18658,126.90561,1,북구,전남광주통합특별시 북구 오치동 969-16,한전주
35.18658,126.91341,1,북구,전남광주통합특별시 북구 오치동 1036-6,전용주
35.18659,126.91168,1,북구,전남광주통합특별시 북구 오치동 965-18,한전주
35.1866,126.86364,1,북구,전남광주통합특별시 북구 동림동 45-5,한전주
35.1866,126.90783,1,북구,전남광주통합특별시 북구 오치동 967-10,한전주
35.1866,126.91146,1,북구,전남광주통합특별시 북구 오치동 965-30,건축물
35.1866,126.92485,1,북구,전남광주통합특별시 북구 문흥동 995-1 문산초앞길,한전주
35.18662,126.90472,1,북구,전남광주통합특별시 북구 오치동 971-13,한전주
35.18662,126.92571,2,북구,전남광주통합특별시 북구 문흥동 992-9,한전주
35.18663,126.91028,1,북구,전남광주통합특별시 북구 오치동 966-14,한전주
35.18664,126.90417,1,북구,전남광주통합특별시 북구 오치동 973-11,한전주
35.18664,126.90699,1,북구,전남광주통합특별시 북구 오치동 968-4,한전주
35.18665,126.90216,1,북구,전남광주통합특별시 북구 오치동 776-8,한전주
35.18666,126.95787,1,북구,전남광주통합특별시 북구 청풍동 1307-1,한전주
35.18667,126.86477,1,북구,전남광주통합특별시 북구 동림동 39,건축물
35.18667,126.92664,1,북구,전남광주통합특별시 북구 문흥동 991-9,한전주
35.1867,126.89202,1,북구,전남광주통합특별시 북구 매곡동 32,한전주
35.1867,126.90596,1,북구,전남광주통합특별시 북구 오치동 969-6,한전주
35.18672,126.86326,2,북구,전남광주통합특별시 북구 동림동 152-1,한전주
35.18673,126.86378,1,북구,전남광주통합특별시 북구 동림동 45-1,한전주
35.18674,126.90237,1,북구,전남광주통합특별시 북구 오치동 574-6,한전주
35.18675,126.90383,1,북구,전남광주통합특별시 북구 오치동 972-6,한전주
35.18675,126.90793,1,북구,전남광주통합특별시 북구 오치동 967-25,한전주
35.18676,126.92604,1,북구,전남광주통합특별시 북구 문흥동 992-2,한전주
35.18677,126.90601,1,북구,전남광주통합특별시 북구 오치동 969-4,한전주
35.18677,126.92749,1,북구,전남광주통합특별시 북구 문흥동 987-9,한전주
35.18678,126.89202,1,북구,전남광주통합특별시 북구 매곡동 32,한전주
35.18678,126.90457,1,북구,전남광주통합특별시 북구 오치동 971-15,건축물
35.18678,126.92452,1,북구,전남광주통합특별시 북구 문흥동 995-1 문산초앞길,한전주
35.1868,126.90728,1,북구,전남광주통합특별시 북구 오치동 967-27,한전주
35.18682,126.90806,1,북구,전남광주통합특별시 북구 오치동 967-8,한전주
35.18683,126.90702,1,북구,전남광주통합특별시 북구 오치동 967-22,한전주
35.18685,126.92627,1,북구,전남광주통합특별시 북구 문흥동 991-12,한전주
35.18687,126.95763,1,북구,전남광주통합특별시 북구 청풍동 1306-1,한전주
35.18688,126.86418,1,북구,전남광주통합특별시 북구 동림동 49-3,한전주
35.18688,126.90038,2,북구,전남광주통합특별시 북구 오치동 872-2,한전주
35.18688,126.90562,1,북구,전남광주통합특별시 북구 오치동 969-20 스위트빌 앞,한전주
35.18688,126.90589,1,북구,전남광주통합특별시 북구 오치동 969-21,한전주
35.18688,126.90855,1,북구,전남광주통합특별시 북구 오치동 966-30,한전주
35.18688,126.91489,3,북구,전남광주통합특별시 북구 오치동 1053,한전주
35.18689,126.90384,1,북구,전남광주통합특별시 북구 오치동 972-5,한전주
35.1869,126.90415,1,북구,전남광주통합특별시 북구 오치동 971-19,건축물
35.18693,126.92679,9,북구,전남광주통합특별시 북구 문흥동 1017,한전주
35.18696,126.9204,1,북구,전남광주통합특별시 북구 문흥동 955-1,한전주
35.18699,126.90262,1,북구,전남광주통합특별시 북구 오치동 574-1,한전주
35.187,126.86414,1,북구,전남광주통합특별시 북구 동림동 49-1,한전주
35.187,126.92724,1,북구,전남광주통합특별시 북구 문흥동 988-9,한전주
35.18701,126.90332,1,북구,전남광주통합특별시 북구 오치동 972-1,한전주
35.18702,126.86475,1,북구,전남광주통합특별시 북구 동림동 52-11,한전주
35.18702,126.90432,1,북구,전남광주통합특별시 북구 오치동 971-18,한전주
35.18704,126.92772,1,북구,전남광주통합특별시 북구 문흥동 987-6,한전주
35.18707,126.86634,1,북구,전남광주통합특별시 북구 동림동 1156-2,한전주
35.1871,126.92048,1,북구,전남광주통합특별시 북구 문흥동 957-9,한전주
35.18711,126.92609,1,북구,전남광주통합특별시 북구 문흥동 991-1,한전주
35.18715,126.86401,1,북구,전남광주통합특별시 북구 동림동 1117,한전주
35.18715,126.92712,1,북구,전남광주통합특별시 북구 문흥동 988-8,한전주
35.18721,126.90832,1,북구,전남광주통합특별시 북구 오치동 957-11,건축물
35.18724,126.91606,1,북구,전남광주통합특별시 북구 오치동 1028-8,한전주
35.18725,126.91521,1,북구,전남광주통합특별시 북구 오치동 1028-1,한전주
35.18725,126.9153,1,북구,전남광주통합특별시 북구 오치동 1028-2,한전주
35.18726,126.86694,1,북구,전남광주통합특별시 북구 동림동 1155-4,한전주
35.18729,126.91412,1,북구,전남광주통합특별시 북구 오치동 1027-1,한전주
35.1873,126.91391,1,북구,전남광주통합특별시 북구 오치동 1026-2,한전주
35.18731,126.91898,1,북구,전남광주통합특별시 북구 문흥동 950-13,한전주
35.18731,126.9193,1,북구,전남광주통합특별시 북구 문흥동 950-11,한전주
35.18733,126.86543,1,북구,전남광주통합특별시 북구 동림동 1149-1,한전주
35.18735,126.867,1,북구,전남광주통합특별시 북구 동림동 1166-1,건축물
35.18735,126.86707,1,북구,전남광주통합특별시 북구 동림동 1166-1,한전주
35.18735,126.86708,1,북구,전남광주통합특별시 북구 동림동 1166-1,한전주
35.18735,126.9027,1,북구,전남광주통합특별시 북구 오치동 949-28,한전주
35.18735,126.90855,1,북구,전남광주통합특별시 북구 오치1동 957-9,한전주
35.18735,126.91217,1,북구,전남광주통합특별시 북구 오치동 1025-2,한전주
35.18735,126.91258,1,북구,전남광주통합특별시 북구 오치동 1025-5,한전주
35.18735,126.91271,1,북구,전남광주통합특별시 북구 오치동 1025-6,한전주
35.18736,126.9042,1,북구,전남광주통합특별시 북구 오치동 950-10,한전주
35.18736,126.92043,1,북구,전남광주통합특별시 북구 문흥동 957-11,한전주
35.18737,126.91201,1,북구,전남광주통합특별시 북구 오치동 1025-1,한전주
35.18737,126.92684,1,북구,전남광주통합특별시 북구 문흥동 988-5,한전주
35.18739,126.9075,1,북구,전남광주통합특별시 북구 오치동 957-23,한전주
35.1874,126.90841,1,북구,전남광주통합특별시 북구 오치동 957-9,한전주
35.1874,126.91297,1,북구,전남광주통합특별시 북구 오치동 1025-8,전용주
35.1874,126.91655,1,북구,전남광주통합특별시 북구 오치동 1032-5,한전주
35.1874,126.91784,1,북구,전남광주통합특별시 북구 문흥동 951-11,한전주
35.1874,126.91812,1,북구,전남광주통합특별시 북구 문흥동 951-9,한전주
35.18741,126.91578,1,북구,전남광주통합특별시 북구 오치동 1030-4,한전주
35.18741,126.92006,1,북구,전남광주통합특별시 북구 문흥동 958-13,한전주
35.18742,126.9091,1,북구,전남광주통합특별시 북구 오치동 961-18,한전주
35.18742,126.90917,1,북구,전남광주통합특별시 북구 오치동 961-18,한전주
35.18743,126.86762,1,북구,전남광주통합특별시 북구 동림동 1157-1,한전주
35.18743,126.91472,1,북구,전남광주통합특별시 북구 오치동 1018-2,한전주
35.18743,126.91537,1,북구,전남광주통합특별시 북구 오치동 1029-5,한전주
35.18744,126.90786,1,북구,전남광주통합특별시 북구 오치동 957-17,한전주
35.18745,126.86762,1,북구,전남광주통합특별시 북구 동림동 1157-1,건축물
35.18746,126.9265,1,북구,전남광주통합특별시 북구 문흥동 988-2,한전주
35.18747,126.9164,1,북구,전남광주통합특별시 북구 오치동 1032-6,한전주
35.1875,126.906,1,북구,전남광주통합특별시 북구 오치동 953-4,한전주
35.18752,126.90439,1,북구,전남광주통합특별시 북구 오치동 950-8,한전주
35.18753,126.95696,1,북구,전남광주통합특별시 북구 청풍동 1316-3,한전주
35.18754,126.86605,1,북구,전남광주통합특별시 북구 동림동 1165-1,한전주
35.18754,126.92633,1,북구,전남광주통합특별시 북구 문흥동 988-1,한전주
35.18756,126.90652,1,북구,전남광주통합특별시 북구 오치동 956-17,한전주
35.18756,126.92718,1,북구,전남광주통합특별시 북구 문흥동 986-5,한전주
35.18757,126.86605,1,북구,전남광주통합특별시 북구 동림동 1165-1,건축물
35.18757,126.86702,1,북구,전남광주통합특별시 북구 동림동 1155-2,한전주
35.18757,126.89979,1,북구,전남광주통합특별시 북구 오치동 861-18 착한오리집,한전주
35.18757,126.90824,1,북구,전남광주통합특별시 북구 오치동 957-7,건축물
35.18757,126.91656,1,북구,전남광주통합특별시 북구 오치동 1032-4,한전주
35.18757,126.91827,1,북구,전남광주통합특별시 북구 문흥동 951-5,한전주
35.18758,126.9177,1,북구,전남광주통합특별시 북구 문흥동 951-1,한전주
35.18758,126.91798,1,북구,전남광주통합특별시 북구 문흥동 951-3,한전주
35.18759,126.9105,1,북구,전남광주통합특별시 북구 오치동 961-34,한전주
35.18759,126.9145,1,북구,전남광주통합특별시 북구 오치동 1019-7,한전주
35.18759,126.916,1,북구,전남광주통합특별시 북구 오치동 1031-6,한전주
35.1876,126.90363,1,북구,전남광주통합특별시 북구 오치동 949-15,한전주
35.1876,126.91396,1,북구,전남광주통합특별시 북구 오치동 1020-10,한전주
35.1876,126.9277,1,북구,전남광주통합특별시 북구 문흥동 987-1,한전주
35.18761,126.9004,1,북구,전남광주통합특별시 북구 오치동 861-37,한전주
35.18761,126.90473,1,북구,전남광주통합특별시 북구 오치동 951-1,한전주
35.18762,126.90567,1,북구,전남광주통합특별시 북구 오치동 952-4,한전주
35.18762,126.90948,1,북구,전남광주통합특별시 북구 오치동 961-20,한전주
35.18766,126.90686,1,북구,전남광주통합특별시 북구 오치동 956-18,한전주
35.18767,126.89503,1,북구,전남광주통합특별시 북구 매곡동 28-24,한전주
35.18768,126.92609,1,북구,전남광주통합특별시 북구 문흥동 989-8,한전주
35.18769,126.9073,1,북구,전남광주통합특별시 북구 오치동 956-6,한전주
35.18769,126.90772,1,북구,전남광주통합특별시 북구 오치동 957-2,한전주
35.1877,126.90292,1,북구,전남광주통합특별시 북구 오치동 949-31,한전주
35.1877,126.9103,1,북구,전남광주통합특별시 북구 오치동 961-33 서산동 성당 뒷길,한전주
35.1877,126.92692,1,북구,전남광주통합특별시 북구 문흥동 986-3,한전주
35.18771,126.91002,1,북구,전남광주통합특별시 북구 오치동 961-6 서산동 성당 뒷길,한전주
35.18771,126.91092,1,북구,전남광주통합특별시 북구 오치동 963-37,한전주
35.18771,126.91214,1,북구,전남광주통합특별시 북구 오치동 1024-11,한전주
35.18771,126.9142,1,북구,전남광주통합특별시 북구 오치동 1020-6,한전주
35.18772,126.90621,1,북구,전남광주통합특별시 북구 오치동 956-1 선한복자교회,한전주
35.18772,126.91642,1,북구,전남광주통합특별시 북구 오치동 1032-1,한전주
35.18773,126.91537,1,북구,전남광주통합특별시 북구 오치동 1029-3,한전주
35.18773,126.92786,1,북구,전남광주통합특별시 북구 문흥동 984-11,한전주
35.18774,126.89983,1,북구,전남광주통합특별시 북구 오치동 767-1,한전주
35.18774,126.90798,1,북구,전남광주통합특별시 북구 오치동 957-4,한전주
35.18775,126.89983,1,북구,전남광주통합특별시 북구 오치동 767-1,한전주
35.18775,126.92596,1,북구,전남광주통합특별시 북구 문흥동 989-7,한전주
35.18776,126.91523,1,북구,전남광주통합특별시 북구 오치동 1029-1,건축물
35.18777,126.91278,1,북구,전남광주통합특별시 북구 오치동 1023-7,한전주
35.18777,126.92744,1,북구,전남광주통합특별시 북구 문흥동 985-2,건축물
35.18778,126.89571,3,북구,전남광주통합특별시 북구 매곡동 28-17,전용주
35.18778,126.90944,1,북구,전남광주통합특별시 북구 오치동 962-16,한전주
35.18778,126.91257,1,북구,전남광주통합특별시 북구 오치동 1023-12,한전주
35.18779,126.90038,1,북구,전남광주통합특별시 북구 오치동 861-69,한전주
35.18779,126.90078,1,북구,전남광주통합특별시 북구 오치동 862-29,한전주
35.18779,126.90597,1,북구,전남광주통합특별시 북구 오치동 953-2,한전주
35.1878,126.90215,1,북구,전남광주통합특별시 북구 오치동 775-4,한전주
35.18781,126.89816,1,북구,전남광주통합특별시 북구 매곡동 20-2,한전주
35.18781,126.89964,1,북구,전남광주통합특별시 북구 오치동 767-4,한전주
35.18781,126.90388,1,북구,전남광주통합특별시 북구 오치동 950-1,한전주
35.18782,126.86888,1,북구,전남광주통합특별시 북구 동림동 1161-5,건축물
35.18782,126.89475,1,북구,전남광주통합특별시 북구 매곡동 41-4,한전주
35.18782,126.90975,1,북구,전남광주통합특별시 북구 오치동 962-21,한전주
35.18783,126.90855,1,북구,전남광주통합특별시 북구 오치동 959-5,건축물
35.18785,126.90192,1,북구,전남광주통합특별시 북구 오치동 775-3,한전주
35.18785,126.92577,1,북구,전남광주통합특별시 북구 문흥동 989-5,한전주
35.18787,126.92009,1,북구,전남광주통합특별시 북구 문흥동 959-8,한전주
35.18788,126.91251,1,북구,전남광주통합특별시 북구 오치동 1023-13,한전주
35.18789,126.90145,1,북구,전남광주통합특별시 북구 오치동 862-56,한전주
35.18789,126.91059,1,북구,전남광주통합특별시 북구 오치동 962-11,한전주
35.1879,126.90168,1,북구,전남광주통합특별시 북구 오치동 775-2,한전주
35.1879,126.90388,1,북구,전남광주통합특별시 북구 오치동 950-1,한전주
35.18791,126.89754,1,북구,전남광주통합특별시 북구 매곡동 28-1,한전주
35.18791,126.91454,1,북구,전남광주통합특별시 북구 오치동 1019-4,한전주
35.18792,126.89244,1,북구,전남광주통합특별시 북구 매곡동 45-5,한전주
35.18792,126.89954,1,북구,전남광주통합특별시 북구 오치동 762-5,한전주
35.18792,126.92641,1,북구,전남광주통합특별시 북구 문흥동 982-6,한전주
35.18794,126.90568,1,북구,전남광주통합특별시 북구 오치동 954-10,한전주
35.18794,126.90754,1,북구,전남광주통합특별시 북구 오치동 958-8,한전주
35.18794,126.9097,1,북구,전남광주통합특별시 북구 오치동 962-2,한전주
35.18795,126.89708,1,북구,전남광주통합특별시 북구 매곡동 28-7,한전주
35.18796,126.86595,1,북구,전남광주통합특별시 북구 동림동 1150-1,건축물
35.18796,126.91374,1,북구,전남광주통합특별시 북구 오치동 1021-4,한전주
35.18798,126.926,1,북구,전남광주통합특별시 북구 문흥동 981-7,한전주
35.18801,126.89607,1,북구,전남광주통합특별시 북구 매곡동 44-16,전용주
35.18801,126.90321,1,북구,전남광주통합특별시 북구 오치동 947-11,한전주
35.18801,126.91276,1,북구,전남광주통합특별시 북구 오치동 1023-4,한전주
35.18803,126.89722,1,북구,전남광주통합특별시 북구 매곡동 28-8,한전주
35.18803,126.90299,1,북구,전남광주통합특별시 북구 오치동 948-9 석진카,한전주
35.18803,126.90598,1,북구,전남광주통합특별시 북구 오치동 954-3,한전주
35.18803,126.92649,1,북구,전남광주통합특별시 북구 문흥동 982-5,한전주
35.18805,126.9087,1,북구,전남광주통합특별시 북구 오치동 939-10,한전주
35.18806,126.90251,1,북구,전남광주통합특별시 북구 오치동 948-12,한전주
35.18807,126.90071,2,북구,전남광주통합특별시 북구 오치동 862-54,한전주
35.18807,126.92098,1,북구,전남광주통합특별시 북구 문흥동 957-17,한전주
35.18808,126.90814,1,북구,전남광주통합특별시 북구 오치동 958-5,한전주
35.1881,126.90784,1,북구,전남광주통합특별시 북구 오치동 958-3,한전주
35.18811,126.90986,1,북구,전남광주통합특별시 북구 오치동 962-1,한전주
35.18812,126.90263,1,북구,전남광주통합특별시 북구 오치동 948-10,한전주
35.18813,126.89059,1,북구,전남광주통합특별시 북구 매곡동 370-6,한전주
35.18814,126.8632,2,북구,전남광주통합특별시 북구 동림동 145-5,전용주
35.18814,126.91059,1,북구,전남광주통합특별시 북구 오치동 962-7,한전주
35.18814,126.9257,1,북구,전남광주통합특별시 북구 문흥동 980-9,한전주
35.18815,126.91262,1,북구,전남광주통합특별시 북구 오치동 1023-16,한전주
35.18815,126.93279,1,북구,전남광주통합특별시 북구 문흥동 98,한전주
35.18816,126.89243,1,북구,전남광주통합특별시 북구 매곡동 45-23,한전주
35.18816,126.90661,1,북구,전남광주통합특별시 북구 오치동 955-21,한전주
35.18816,126.91212,1,북구,전남광주통합특별시 북구 오치동 1024-15,한전주
35.18817,126.8911,1,북구,전남광주통합특별시 북구 매곡동 371-24,한전주
35.18818,126.9136,1,북구,전남광주통합특별시 북구 오치동 1021-1,한전주
35.18818,126.92785,1,북구,전남광주통합특별시 북구 문흥동 984-7,한전주
35.18819,126.8999,1,북구,전남광주통합특별시 북구 오치동 762,건축물
35.1882,126.92754,1,북구,전남광주통합특별시 북구 문흥동 984-17,한전주
35.18821,126.87061,5,북구,전남광주통합특별시 북구 동림동 1168-1,건축물
35.18823,126.86873,1,북구,전남광주통합특별시 북구 동림동 1167-1,한전주
35.18823,126.8921,1,북구,전남광주통합특별시 북구 매곡동 45-11,한전주
35.18824,126.90911,1,북구,전남광주통합특별시 북구 오치동 938-5,한전주
35.18825,126.89472,1,북구,전남광주통합특별시 북구 매곡동 44-44,한전주
35.18826,126.90349,1,북구,전남광주통합특별시 북구 오치동 947-5,한전주
35.18826,126.92776,1,북구,전남광주통합특별시 북구 문흥동 984-6,한전주
35.18828,126.90212,1,북구,전남광주통합특별시 북구 오치동 578-4,전용주
35.18829,126.90308,1,북구,전남광주통합특별시 북구 오치동 947-16,한전주
35.18829,126.91175,1,북구,전남광주통합특별시 북구 오치동 934-23,건축물
35.1883,126.92731,1,북구,전남광주통합특별시 북구 문흥동 984-19,한전주
35.18832,126.86343,1,북구,전남광주통합특별시 북구 동림동 55-2,전용주
35.18832,126.91005,1,북구,전남광주통합특별시 북구 오치동 936-10 상오치공원 정자 앞,한전주
35.18833,126.90623,1,북구,전남광주통합특별시 북구 오치동 943-23,한전주
35.18833,126.90896,1,북구,전남광주통합특별시 북구 오치동 938-1,한전주
35.18833,126.91322,1,북구,전남광주통합특별시 북구 오치동 1022-2 우산중학교담1,한전주
35.18834,126.90216,1,북구,전남광주통합특별시 북구 오치동 578-2,전용주
35.18836,126.91431,1,북구,전남광주통합특별시 북구 오치동 1017-12,한전주
35.18836,126.92581,1,북구,전남광주통합특별시 북구 문흥동 980-7,한전주
35.18837,126.90576,1,북구,전남광주통합특별시 북구 오치동 944-37,한전주
35.18837,126.91468,1,북구,전남광주통합특별시 북구 오치동 1017-10,한전주
35.18838,126.89105,1,북구,전남광주통합특별시 북구 매곡동 481-2,한전주
35.18838,126.89166,1,북구,전남광주통합특별시 북구 매곡동 50,한전주
35.18838,126.89789,1,북구,전남광주통합특별시 북구 매곡동 474-7,한전주
35.18838,126.90684,1,북구,전남광주통합특별시 북구 오치동 943-20,한전주
35.18838,126.91385,1,북구,전남광주통합특별시 북구 오치동 1015-6,한전주
35.18838,126.92751,1,북구,전남광주통합특별시 북구 문흥동 984-4,한전주
35.18839,126.86531,1,북구,전남광주통합특별시 북구 동림동 1147-1,건축물
35.18839,126.90216,1,북구,전남광주통합특별시 북구 오치동 578-2,한전주
35.1884,126.91286,1,북구,전남광주통합특별시 북구 오치동 1023-2 우산중학교담2,한전주
35.18841,126.9263,1,북구,전남광주통합특별시 북구 문흥동 981-3,한전주
35.18842,126.89989,1,북구,전남광주통합특별시 북구 오치동 860-8,한전주
35.18843,126.89219,1,북구,전남광주통합특별시 북구 매곡동 47-3,한전주
35.18843,126.89252,1,북구,전남광주통합특별시 북구 매곡동 46-1 맞은편,한전주
35.18843,126.92709,1,북구,전남광주통합특별시 북구 문흥동 984-21,한전주
35.18844,126.90787,1,북구,전남광주통합특별시 북구 오치동 940-1,한전주
35.18844,126.92174,1,북구,전남광주통합특별시 북구 문흥동 963-12,한전주
35.18846,126.90834,1,북구,전남광주통합특별시 북구 오치동 939-7,전용주
35.18846,126.9104,3,북구,전남광주통합특별시 북구 오치동 934-1,한전주
35.18847,126.90787,1,북구,전남광주통합특별시 북구 오치동 940-1,한전주
35.18848,126.9125,1,북구,전남광주통합특별시 북구 오치동 1023-1 우산중학교담3,한전주
35.18849,126.91383,1,북구,전남광주통합특별시 북구 오치동 1015-5,한전주
35.1885,126.90045,1,북구,전남광주통합특별시 북구 오치동 861-44,전용주
35.1885,126.90048,1,북구,전남광주통합특별시 북구 오치동 861-44,한전주
35.18851,126.8992,1,북구,전남광주통합특별시 북구 오치동 762-2,한전주
35.18851,126.90019,1,북구,전남광주통합특별시 북구 오치동 861-45,건축물
35.18852,126.90971,1,북구,전남광주통합특별시 북구 오치동 937-6,한전주
35.18853,126.91184,1,북구,전남광주통합특별시 북구 오치동 934-13,한전주
35.18855,126.91155,1,북구,전남광주통합특별시 북구 오치동 934-11,한전주
35.18856,126.91469,1,북구,전남광주통합특별시 북구 오치동 1017-5,한전주
35.18857,126.86019,1,북구,전남광주통합특별시 북구 동림동 125,건축물
35.18857,126.91127,1,북구,전남광주통합특별시 북구 오치동 934-8,한전주
35.18857,126.91437,1,북구,전남광주통합특별시 북구 오치동 1017-3,한전주
35.18857,126.92712,1,북구,전남광주통합특별시 북구 문흥동 984-1,한전주
35.1886,126.90605,1,북구,전남광주통합특별시 북구 오치동 944-25,한전주
35.18861,126.91039,1,북구,전남광주통합특별시 북구 오치동 936-8 상오지공원,한전주
35.18862,126.90922,1,북구,전남광주통합특별시 북구 오치동 937-29,한전주
35.18862,126.9122,1,북구,전남광주통합특별시 북구 오치동 1024-1 우산중학교담,한전주
35.18862,126.9207,1,북구,전남광주통합특별시 북구 문흥동 959-1,한전주
35.18863,126.92599,1,북구,전남광주통합특별시 북구 문흥동 980-5,전용주
35.18864,126.86024,1,북구,전남광주통합특별시 북구 동림동 125,건축물
35.18865,126.90027,2,북구,전남광주통합특별시 북구 오치동 861-10,한전주
35.18865,126.91386,1,북구,전남광주통합특별시 북구 오치동 1015-4,한전주
35.18867,126.89058,1,북구,전남광주통합특별시 북구 매곡동 337,한전주
35.18867,126.92662,1,북구,전남광주통합특별시 북구 문흥동 983-8,한전주
35.18868,126.90694,1,북구,전남광주통합특별시 북구 오치동 943-9,한전주
35.18869,126.90027,1,북구,전남광주통합특별시 북구 오치동 861-10,전용주
35.18869,126.90648,1,북구,전남광주통합특별시 북구 오치동 943-2,한전주
35.18869,126.90668,1,북구,전남광주통합특별시 북구 오치동 943-7,한전주
35.1887,126.90816,1,북구,전남광주통합특별시 북구 오치동 941-27 대화아파트,한전주
35.18871,126.95672,1,북구,전남광주통합특별시 북구 망월동 108-2,전용주
35.18871,126.95701,1,북구,전남광주통합특별시 북구 망월동 108-4,한전주
35.18872,126.89416,3,북구,전남광주통합특별시 북구 매곡동 42-2,한전주
35.18872,126.90724,1,북구,전남광주통합특별시 북구 오치동 1000,한전주
35.18872,126.90788,1,북구,전남광주통합특별시 북구 오치동 941-26 대화아파트,한전주
35.18873,126.89148,1,북구,전남광주통합특별시 북구 매곡동 60,한전주
35.18874,126.86028,1,북구,전남광주통합특별시 북구 동림동 125,건축물
35.18874,126.90206,1,북구,전남광주통합특별시 북구 오치동 578-9,한전주
35.18874,126.90286,2,북구,전남광주통합특별시 북구 오치동 948-24,한전주
35.18875,126.86967,13,북구,전남광주통합특별시 북구 동림동 1161-1,한전주
35.18875,126.90859,1,북구,전남광주통합특별시 북구 오치동 939-3 찬누리빌 앞,한전주
35.18875,126.9106,1,북구,전남광주통합특별시 북구 오치동 933-19,한전주
35.18875,126.91082,1,북구,전남광주통합특별시 북구 오치동 933-18,한전주
35.18876,126.86127,8,북구,전남광주통합특별시 북구 동림동 129(산동교 밑),건축물
35.18876,126.89173,1,북구,전남광주통합특별시 북구 매곡동 63,한전주
35.18877,126.90724,12,북구,전남광주통합특별시 북구 오치동 1000,한전주
35.18878,126.92687,1,북구,전남광주통합특별시 북구 문흥동 983-4,한전주
35.18879,126.89097,1,북구,전남광주통합특별시 북구 매곡동 55,건축물
35.18879,126.89305,1,북구,전남광주통합특별시 북구 매곡동 46-3,한전주
35.18879,126.9281,1,북구,전남광주통합특별시 북구 문흥동 977-10,한전주
35.1888,126.86031,1,북구,전남광주통합특별시 북구 동림동 125,건축물
35.1888,126.86899,3,북구,전남광주통합특별시 북구 동림동 1158-2,전용주
35.1888,126.92769,1,북구,전남광주통합특별시 북구 문흥동 978-3,한전주
35.18881,126.89465,1,북구,전남광주통합특별시 북구 매곡동 42-6,한전주
35.18881,126.90969,1,북구,전남광주통합특별시 북구 오치동 936-17,한전주
35.18883,126.90616,1,북구,전남광주통합특별시 북구 오치동 944-9,한전주
35.18884,126.90902,1,북구,전남광주통합특별시 북구 오치동 937-13,한전주
35.18884,126.91224,1,북구,전남광주통합특별시 북구 오치동 299-3 우산중학교 정문 우측,건축물
35.18884,126.92615,1,북구,전남광주통합특별시 북구 문흥동 980-3,한전주
35.18885,126.91429,1,북구,전남광주통합특별시 북구 오치동 1016-2,한전주
35.18885,126.92792,1,북구,전남광주통합특별시 북구 문흥동 977-11,한전주
35.18887,126.86394,1,북구,전남광주통합특별시 북구 동림동 1162-1,전용주
35.18887,126.89951,1,북구,전남광주통합특별시 북구 오치동 761-1,한전주
35.18887,126.91442,1,북구,전남광주통합특별시 북구 오치동 1016-3,한전주
35.18888,126.89222,1,북구,전남광주통합특별시 북구 매곡동 67,한전주
35.18888,126.90774,1,북구,전남광주통합특별시 북구 오치동 941-10,한전주
35.18888,126.92742,1,북구,전남광주통합특별시 북구 문흥동 978-1,한전주
35.18889,126.89233,1,북구,전남광주통합특별시 북구 매곡동 67-1,한전주
35.18889,126.89383,3,북구,전남광주통합특별시 북구 매곡동 42-7,한전주
35.18891,126.91488,1,북구,전남광주통합특별시 북구 오치1동 1016-6,한전주
35.18891,126.9265,1,북구,전남광주통합특별시 북구 문흥동 983-1,한전주
35.18893,126.92815,1,북구,전남광주통합특별시 북구 문흥동 977-9,한전주
35.18893,126.93333,1,북구,전남광주통합특별시 북구 문흥동 69,한전주
35.18894,126.90278,1,북구,전남광주통합특별시 북구 오치동 946-19,한전주
35.18894,126.91168,1,북구,전남광주통합특별시 북구 오치동 933-10,한전주
35.18896,126.89026,1,북구,전남광주통합특별시 북구 매곡동 474-67,한전주
35.18896,126.9094,1,북구,전남광주통합특별시 북구 오치동 937-2,한전주
35.18896,126.91085,1,북구,전남광주통합특별시 북구 오치동 933-21,한전주
35.18898,126.9036,1,북구,전남광주통합특별시 북구 오치동 946-10,한전주
35.18898,126.90503,1,북구,전남광주통합특별시 북구 오치동 945-14,한전주
35.18898,126.92628,1,북구,전남광주통합특별시 북구 문흥동 980-2,한전주
35.18899,126.9104,1,북구,전남광주통합특별시 북구 오치동 935-4,건축물
35.189,126.90246,2,북구,전남광주통합특별시 북구 오치동 946-30,한전주
35.189,126.90876,1,북구,전남광주통합특별시 북구 오치동 941-5,전용주
35.18903,126.90906,1,북구,전남광주통합특별시 북구 오치동 937-1,한전주
35.18904,126.90199,1,북구,전남광주통합특별시 북구 오치동 578-3,한전주
35.18904,126.91415,1,북구,전남광주통합특별시 북구 오치동 1014-12,한전주
35.18905,126.92758,1,북구,전남광주통합특별시 북구 문흥동 976-7,한전주
35.18906,126.90617,1,북구,전남광주통합특별시 북구 오치동 944-5,한전주
35.18907,126.90851,1,북구,전남광주통합특별시 북구 오치동 941-4,한전주
35.1891,126.90813,1,북구,전남광주통합특별시 북구 오치동 941-22,한전주
35.1891,126.9101,1,북구,전남광주통합특별시 북구 오치동 936-4,한전주
35.18914,126.90634,1,북구,전남광주통합특별시 북구 오치동 925-1 장터할인마트,한전주
35.18917,126.90308,1,북구,전남광주통합특별시 북구 오치동 946-25,한전주
35.18918,126.90702,2,북구,전남광주통합특별시 북구 오치동 942-1,한전주
35.18918,126.90997,1,북구,전남광주통합특별시 북구 오치동 936-2,한전주
35.18918,126.91111,1,북구,전남광주통합특별시 북구 오치동 933-1,한전주
35.18918,126.92046,3,북구,전남광주통합특별시 북구 문흥동 960-1,한전주
35.18918,126.92278,1,북구,전남광주통합특별시 북구 문흥동 1016,한전주
35.18918,126.92279,42,북구,전남광주통합특별시 북구 문흥동 1016,한전주
35.18919,126.90052,1,북구,전남광주통합특별시 북구 오치동 861-62,한전주
35.18919,126.92765,1,북구,전남광주통합특별시 북구 문흥동 976-8,한전주
35.1892,126.89465,1,북구,전남광주통합특별시 북구 매곡동 95-7,한전주
35.18922,126.90705,1,북구,전남광주통합특별시 북구 오치동 942-1 금호타운103동뒷길3,한전주
35.18922,126.91436,1,북구,전남광주통합특별시 북구 오치동 1014-2,한전주
35.18922,126.9283,1,북구,전남광주통합특별시 북구 문흥동 977-6,한전주
35.18923,126.89276,1,북구,전남광주통합특별시 북구 매곡동 89,한전주
35.18924,126.90596,1,북구,전남광주통합특별시 북구 오치동 944-3,한전주
35.18924,126.90676,1,북구,전남광주통합특별시 북구 오치동 942-1 금호타운103동뒷길2,한전주
35.18926,126.90575,1,북구,전남광주통합특별시 북구 오치동 944-1 오치아파트,한전주
35.18929,126.90461,1,북구,전남광주통합특별시 북구 오치동 945-2,한전주
35.1893,126.91092,1,북구,전남광주통합특별시 북구 오치동 930-9,한전주
35.1893,126.92812,1,북구,전남광주통합특별시 북구 문흥동 977-14,한전주
35.18933,126.91158,1,북구,전남광주통합특별시 북구 오치동 932-8,한전주
35.18933,126.92702,1,북구,전남광주통합특별시 북구 문흥동 974-9,한전주
35.18934,126.90787,1,북구,전남광주통합특별시 북구 오치동 927-15 석정사우나위,한전주
35.18934,126.90813,1,북구,전남광주통합특별시 북구 오치동 927-15 석정사우나아래,한전주
35.18934,126.90982,1,북구,전남광주통합특별시 북구 오치동 930-19,한전주
35.18935,126.9095,1,북구,전남광주통합특별시 북구 오치동 928-12 리더스어린이집,한전주
35.18938,126.92068,1,북구,전남광주통합특별시 북구 문흥동 961-1,한전주
35.18939,126.91493,1,북구,전남광주통합특별시 북구 오치동 1013-6,한전주
35.18941,126.90467,1,북구,전남광주통합특별시 북구 오치동 922-23,한전주
35.18941,126.91444,1,북구,전남광주통합특별시 북구 오치동 1012-5,한전주
35.18941,126.92158,1,북구,전남광주통합특별시 북구 문흥동 962-1,한전주
35.18942,126.90429,1,북구,전남광주통합특별시 북구 오치동 920-13,한전주
35.18942,126.90633,1,북구,전남광주통합특별시 북구 오치동 925-1,한전주
35.18942,126.9271,1,북구,전남광주통합특별시 북구 문흥동 974-8,한전주
35.18942,126.92834,1,북구,전남광주통합특별시 북구 문흥동 977-5,한전주
35.18943,126.90881,1,북구,전남광주통합특별시 북구 오치동 927-11,한전주
35.18943,126.914,1,북구,전남광주통합특별시 북구 오치동 1011-6,한전주
35.18944,126.88881,1,북구,전남광주통합특별시 북구 매곡동 310-6,한전주
35.18944,126.88941,1,북구,전남광주통합특별시 북구 매곡동 497,한전주
35.18944,126.92158,3,북구,전남광주통합특별시 북구 문흥동 962-1,건축물
35.18946,126.91121,1,북구,전남광주통합특별시 북구 오치동 932-1 오치포도가공공장,한전주
35.18946,126.92788,1,북구,전남광주통합특별시 북구 문흥동 976-1,한전주
35.18947,126.91011,1,북구,전남광주통합특별시 북구 오치동 930-17,한전주
35.18948,126.92667,1,북구,전남광주통합특별시 북구 문흥동 973-10,한전주
35.1895,126.90334,1,북구,전남광주통합특별시 북구 오치동 919-10,한전주
35.18952,126.89499,1,북구,전남광주통합특별시 북구 매곡동 103-3,한전주
35.18952,126.91219,1,북구,전남광주통합특별시 북구 오치동 932-5,한전주
35.18954,126.90237,1,북구,전남광주통합특별시 북구 오치동 919-16,한전주
35.18954,126.91062,1,북구,전남광주통합특별시 북구 오치동 930-13,한전주
35.18954,126.9226,1,북구,전남광주통합특별시 북구 문흥동 964-17,한전주
35.18955,126.90948,1,북구,전남광주통합특별시 북구 오치동 928-11,한전주
35.18955,126.92672,1,북구,전남광주통합특별시 북구 문흥동 973-9,한전주
35.18956,126.89991,5,북구,전남광주통합특별시 북구 오치동 860-1,한전주
35.18956,126.89993,1,북구,전남광주통합특별시 북구 오치동 860-1,한전주
35.18958,126.90506,1,북구,전남광주통합특별시 북구 오치동 922-19,한전주
35.18958,126.90847,1,북구,전남광주통합특별시 북구 오치동 927-9,건축물
35.18959,126.88898,1,북구,전남광주통합특별시 북구 매곡동 328-4,한전주
35.18959,126.91079,1,북구,전남광주통합특별시 북구 오치동 930-22,한전주
35.1896,126.8997,1,북구,전남광주통합특별시 북구 오치동 860-12,한전주
35.1896,126.92812,1,북구,전남광주통합특별시 북구 문흥동 977-17,한전주
35.18961,126.9043,1,북구,전남광주통합특별시 북구 오치동 920-10,건축물
35.18961,126.91319,1,북구,전남광주통합특별시 북구 오치동 1010-7,한전주
35.18962,126.88851,1,북구,전남광주통합특별시 북구 매곡동 308,한전주
35.18963,126.89274,1,북구,전남광주통합특별시 북구 매곡동 85-2,한전주
35.18963,126.91067,1,북구,전남광주통합특별시 북구 오치동 930-30,한전주
35.18963,126.91232,1,북구,전남광주통합특별시 북구 오치동 846-5,한전주
35.18963,126.9124,1,북구,전남광주통합특별시 북구 오치동 846-5,한전주
35.18965,126.91306,1,북구,전남광주통합특별시 북구 오치동 64-9,한전주
35.18967,126.90101,3,북구,전남광주통합특별시 북구 오치동 862-10,전용주
35.18967,126.90103,1,북구,전남광주통합특별시 북구 오치동 862-10,전용주
35.18967,126.91097,1,북구,전남광주통합특별시 북구 오치동 930-7,건축물
35.18969,126.89173,1,북구,전남광주통합특별시 북구 매곡동 57,한전주
35.18969,126.91404,1,북구,전남광주통합특별시 북구 오치동 1011-4,한전주
35.1897,126.91258,1,북구,전남광주통합특별시 북구 오치동 1010-2 우산중 뒷길,한전주
35.1897,126.92827,1,북구,전남광주통합특별시 북구 문흥동 977-2,한전주
35.18971,126.90786,1,북구,전남광주통합특별시 북구 오치동 926-22 샛터공원,한전주
35.18972,126.90635,1,북구,전남광주통합특별시 북구 오치동 924-26 금호타운아파트,한전주
35.18972,126.90743,1,북구,전남광주통합특별시 북구 오치동 926-24 샛터공원 건너,전용주
35.18972,126.91186,1,북구,전남광주통합특별시 북구 오치동 931-8,한전주
35.18972,126.91491,1,북구,전남광주통합특별시 북구 오치동 1013-3,한전주
35.18973,126.92262,1,북구,전남광주통합특별시 북구 문흥동 964-19,한전주
35.18974,126.92187,1,북구,전남광주통합특별시 북구 문흥동 965-4,한전주
35.18976,126.89271,1,북구,전남광주통합특별시 북구 매곡동 85-1,한전주
35.18976,126.90519,1,북구,전남광주통합특별시 북구 오치동 922-13,한전주
35.18977,126.91447,1,북구,전남광주통합특별시 북구 오치동 1012-2,한전주
35.18978,126.92812,1,북구,전남광주통합특별시 북구 문흥동 977-1,한전주
35.18979,126.89982,2,북구,전남광주통합특별시 북구 오치동 756-2,한전주
35.18979,126.90348,1,북구,전남광주통합특별시 북구 오치동 919-31,한전주
35.1898,126.90385,1,북구,전남광주통합특별시 북구 오치동 920-19,한전주
35.1898,126.9124,1,북구,전남광주통합특별시 북구 오치동 1010-2,한전주
35.18981,126.9028,1,북구,전남광주통합특별시 북구 오치동 919-3,한전주
35.18982,126.9089,1,북구,전남광주통합특별시 북구 오치동 926-27,한전주
35.18985,126.92108,1,북구,전남광주통합특별시 북구 문흥동 969-9,한전주
35.18986,126.91092,1,북구,전남광주통합특별시 북구 오치동 930-23,건축물
35.18987,126.9082,1,북구,전남광주통합특별시 북구 오치동 926-19,한전주
35.18988,126.90756,1,북구,전남광주통합특별시 북구 오치동 926-24,한전주
35.18988,126.90999,1,북구,전남광주통합특별시 북구 오치동 929-1 반석교회 옆길,한전주
35.18988,126.9145,1,북구,전남광주통합특별시 북구 오치동 1012-1,한전주
35.18988,126.92696,1,북구,전남광주통합특별시 북구 문흥동 973-6,한전주
35.18989,126.88964,1,북구,전남광주통합특별시 북구 매곡동 327-1,한전주
35.18989,126.91417,1,북구,전남광주통합특별시 북구 오치1동 1011-2,한전주
35.18989,126.92233,1,북구,전남광주통합특별시 북구 문흥동 966-12,한전주
35.1899,126.95556,1,북구,전남광주통합특별시 북구 망월동 1124-7,전용주
35.18991,126.91029,1,북구,전남광주통합특별시 북구 오치동 929-21,한전주
35.18992,126.91047,1,북구,전남광주통합특별시 북구 오치동 929-19,한전주
35.18992,126.91493,1,북구,전남광주통합특별시 북구 오치동 1013-2,한전주
35.18992,126.95611,1,북구,전남광주통합특별시 북구 망월동 산85,한전주
35.18994,126.88914,1,북구,전남광주통합특별시 북구 매곡동 327-7,한전주
35.18994,126.9141,1,북구,전남광주통합특별시 북구 오치동 1011-2,한전주
35.18995,126.90386,1,북구,전남광주통합특별시 북구 오치동 920-20,한전주
35.18995,126.90471,1,북구,전남광주통합특별시 북구 오치동 922-27,건축물
35.18995,126.90492,1,북구,전남광주통합특별시 북구 오치동 922-8,한전주
35.18996,126.89134,1,북구,전남광주통합특별시 북구 매곡동 83-6,건축물
35.18996,126.89496,1,북구,전남광주통합특별시 북구 매곡동 475-1,건축물
35.18996,126.91216,1,북구,전남광주통합특별시 북구 오치동 931-3,한전주
35.18996,126.92748,1,북구,전남광주통합특별시 북구 문흥동 974-3,한전주
35.18996,126.92777,1,북구,전남광주통합특별시 북구 문흥동 975-1,한전주
35.18998,126.89496,1,북구,전남광주통합특별시 북구 매곡동 475-1,한전주
35.18998,126.90199,1,북구,전남광주통합특별시 북구 오치동 661-1,한전주
35.18998,126.90933,1,북구,전남광주통합특별시 북구 오치동 928-7,한전주
35.18998,126.92703,1,북구,전남광주통합특별시 북구 문흥동 973-5,한전주
35.18999,126.90429,1,북구,전남광주통합특별시 북구 오치동 920-33,한전주
35.19,126.89068,6,북구,전남광주통합특별시 북구 매곡동 190-7,한전주
35.19,126.9024,1,북구,전남광주통합특별시 북구 오치동 918-36,한전주
35.19001,126.912,1,북구,전남광주통합특별시 북구 오치동 931-2,한전주
35.19002,126.90882,1,북구,전남광주통합특별시 북구 오치동 926-13,한전주
35.19002,126.92204,1,북구,전남광주통합특별시 북구 문흥동 967-12,한전주
35.19005,126.90049,1,북구,전남광주통합특별시 북구 오치동 861-58,한전주
35.19005,126.90299,1,북구,전남광주통합특별시 북구 오치동 918-15,한전주
35.19007,126.9114,1,북구,전남광주통합특별시 북구 오치동 929-11,한전주
35.19007,126.92126,1,북구,전남광주통합특별시 북구 문흥동 969-7,한전주
35.19008,126.91111,1,북구,전남광주통합특별시 북구 오치동 929-13,한전주
35.19011,126.88985,1,북구,전남광주통합특별시 북구 매곡동 320-3,건축물
35.19011,126.90452,1,북구,전남광주통합특별시 북구 오치동 922-1,한전주
35.19016,126.90482,1,북구,전남광주통합특별시 북구 오치동 922-5,한전주
35.19018,126.88876,1,북구,전남광주통합특별시 북구 매곡동 317,한전주
35.19018,126.8915,1,북구,전남광주통합특별시 북구 매곡동 83-1 금호어울림아파트,건축물
35.19018,126.90461,1,북구,전남광주통합특별시 북구 오치동 922-2,건축물
35.19019,126.891,1,북구,전남광주통합특별시 북구 매곡동 83-1 금호오울림아파트,건축물
35.1902,126.90417,1,북구,전남광주통합특별시 북구 오치동 920-27,한전주
35.19021,126.9226,1,북구,전남광주통합특별시 북구 문흥동 966-15,한전주
35.19024,126.9006,2,북구,전남광주통합특별시 북구 오치동 861-5,전용주
35.19024,126.90219,2,북구,전남광주통합특별시 북구 오치동 918-1,한전주
35.19026,126.89875,1,북구,전남광주통합특별시 북구 매곡동 4-11,한전주
35.19026,126.91156,1,북구,전남광주통합특별시 북구 오치동 929-9,한전주
35.19029,126.90387,1,북구,전남광주통합특별시 북구 오치동 920-35,한전주
35.1903,126.90244,1,북구,전남광주통합특별시 북구 오치동 918-2,한전주
35.19031,126.90019,1,북구,전남광주통합특별시 북구 오치동 861-64 미래메디팜,전용주
35.19032,126.92726,1,북구,전남광주통합특별시 북구 문흥동 973-2,한전주
35.19033,126.88958,1,북구,전남광주통합특별시 북구 매곡동 320-1,한전주
35.19034,126.89211,1,북구,전남광주통합특별시 북구 매곡동 산 55-19,건축물
35.19034,126.90259,1,북구,전남광주통합특별시 북구 오치동 918-3,한전주
35.19037,126.89499,1,북구,전남광주통합특별시 북구 매곡동 10-5,한전주
35.19039,126.89499,1,북구,전남광주통합특별시 북구 매곡동 10-5,건축물
35.19039,126.90324,1,북구,전남광주통합특별시 북구 오치동 918-27,한전주
35.19039,126.90692,1,북구,전남광주통합특별시 북구 오치동 630-4 필소유1동,한전주
35.19041,126.88842,1,북구,전남광주통합특별시 북구 매곡동 302,한전주
35.19042,126.92129,1,북구,전남광주통합특별시 북구 문흥동 969-16,한전주
35.19043,126.92187,1,북구,전남광주통합특별시 북구 문흥동 968-12,한전주
35.19043,126.92276,1,북구,전남광주통합특별시 북구 문흥동 966-17,한전주
35.19044,126.90141,1,북구,전남광주통합특별시 북구 오치동 862-48 우성아파트앞,건축물
35.19044,126.90168,1,북구,전남광주통합특별시 북구 오치동 862-48 한아름마트앞길,한전주
35.19044,126.90297,1,북구,전남광주통합특별시 북구 오치동 918-23,한전주
35.19047,126.89482,1,북구,전남광주통합특별시 북구 매곡동 214-67,건축물
35.19047,126.89485,1,북구,전남광주통합특별시 북구 매곡동 214-67,건축물
35.19047,126.90386,1,북구,전남광주통합특별시 북구 오치동 920-25,한전주
35.19048,126.90063,1,북구,전남광주통합특별시 북구 오치동 861-27 우성아파트101동앞,한전주
35.19048,126.90095,1,북구,전남광주통합특별시 북구 오치동 861-27 우성아파트앞,한전주
35.19048,126.90114,1,북구,전남광주통합특별시 북구 오치동 861-27 우성아파트앞,건축물
35.19049,126.90038,1,북구,전남광주통합특별시 북구 오치동 861-23 우성아파트101동앞,전용주
35.19049,126.92357,1,북구,전남광주통합특별시 북구 문흥동 964-2 맞은편,한전주
35.19051,126.88907,1,북구,전남광주통합특별시 북구 매곡동 299-2,건축물
35.19051,126.90017,1,북구,전남광주통합특별시 북구 오치동 888-3 우성아파트101동앞,한전주
35.19051,126.90494,1,북구,전남광주통합특별시 북구 오치동 921-18,한전주
35.19053,126.893,1,북구,전남광주통합특별시 북구 매곡동 83-21,한전주
35.19053,126.90001,1,북구,전남광주통합특별시 북구 오치동 752 우성아파트101동앞,한전주
35.19054,126.89978,1,북구,전남광주통합특별시 북구 오치동 859-7 우성아파트101동앞,한전주
35.19054,126.91514,1,북구,전남광주통합특별시 북구 오치동 80 광주순성교회위쪽,한전주
35.19058,126.89231,1,북구,전남광주통합특별시 북구 매곡동 493,한전주
35.19058,126.89501,1,북구,전남광주통합특별시 북구 매곡동 474-31 이륙카센터,한전주
35.19059,126.88921,1,북구,전남광주통합특별시 북구 매곡동 482-2,한전주
35.1906,126.8997,1,북구,전남광주통합특별시 북구 오치동 859-6 우성아파트101동앞,한전주
35.19061,126.9057,1,북구,전남광주통합특별시 북구 오치동 924-2 삼일이용원 앞,건축물
35.19062,126.89371,2,북구,전남광주통합특별시 북구 매곡동 214-10,한전주
35.19063,126.90085,1,북구,전남광주통합특별시 북구 오치동 861-27 우성아파트103동길,전용주
35.19064,126.90395,1,북구,전남광주통합특별시 북구 오치동 920-30,한전주
35.19064,126.90937,1,북구,전남광주통합특별시 북구 오치동 282-5,건축물
35.19066,126.90022,1,북구,전남광주통합특별시 북구 오치동 888-1,전용주
35.19066,126.90315,1,북구,전남광주통합특별시 북구 오치동 917-22,한전주
35.19068,126.90676,1,북구,전남광주통합특별시 북구 오치동 630-3,건축물
35.19069,126.92255,1,북구,전남광주통합특별시 북구 문흥동 967-1,한전주
35.19073,126.87351,1,북구,전남광주통합특별시 북구 운암동 210-27,한전주
35.19074,126.89461,1,북구,전남광주통합특별시 북구 매곡동 214-12,건축물
35.19074,126.90302,1,북구,전남광주통합특별시 북구 오치동 917-21,한전주
35.19074,126.91514,1,북구,전남광주통합특별시 북구 오치동 839-1 광주순성교회위쪽,한전주
35.19074,126.92217,1,북구,전남광주통합특별시 북구 문흥동 968-1,한전주
35.19075,126.90237,1,북구,전남광주통합특별시 북구 오치동 917-16,한전주
35.19077,126.86282,1,북구,전남광주통합특별시 북구 동림동 71-1,한전주
35.19077,126.90085,1,북구,전남광주통합특별시 북구 오치동 881-10 우성아파트103동길,전용주
35.19077,126.90573,1,북구,전남광주통합특별시 북구 오치동 923-15,한전주
35.1908,126.86291,1,북구,전남광주통합특별시 북구 동림동 71-2,한전주
35.1908,126.86294,1,북구,전남광주통합특별시 북구 동림동 71-2,한전주
35.1908,126.89302,1,북구,전남광주통합특별시 북구 매곡동 83-12,한전주
35.1908,126.92193,1,북구,전남광주통합특별시 북구 문흥동 968-14 송정어린이공원,한전주
35.19082,126.90468,1,북구,전남광주통합특별시 북구 오치동 916-7,한전주
35.19084,126.89458,1,북구,전남광주통합특별시 북구 매곡동 214-25,전용주
35.19089,126.95389,1,북구,전남광주통합특별시 북구 망월동 165,한전주
35.1909,126.87318,1,북구,전남광주통합특별시 북구 운암동 산 73-3,한전주
35.1909,126.90222,2,북구,전남광주통합특별시 북구 오치동 917-1,한전주
35.1909,126.90482,1,북구,전남광주통합특별시 북구 오치동 916-6,한전주
35.19091,126.90409,10,북구,전남광주통합특별시 북구 오치동 999,한전주
35.19093,126.90333,1,북구,전남광주통합특별시 북구 오치동 917-24,한전주
35.19094,126.90673,1,북구,전남광주통합특별시 북구 오치동 630-2,한전주
35.19095,126.89487,1,북구,전남광주통합특별시 북구 매곡동 181-7,한전주
35.19095,126.903,1,북구,전남광주통합특별시 북구 오치동 917-7,한전주
35.19096,126.90409,1,북구,전남광주통합특별시 북구 오치동 916-1,한전주
35.19098,126.9555,3,북구,전남광주통합특별시 북구 망월동 169,한전주
35.191,126.90333,1,북구,전남광주통합특별시 북구 오치동 917-24,한전주
35.19103,126.89438,1,북구,전남광주통합특별시 북구 매곡동 214-46,한전주
35.19104,126.89966,1,북구,전남광주통합특별시 북구 오치동 750-6 FLOWER갤러리,한전주
35.19104,126.9069,1,북구,전남광주통합특별시 북구 오치동 632-24,한전주
35.19111,126.90381,1,북구,전남광주통합특별시 북구 오치동 915-20,한전주
35.19113,126.87281,1,북구,전남광주통합특별시 북구 연제동 산 40-1,한전주
35.19113,126.89558,1,북구,전남광주통합특별시 북구 매곡동 119-14,한전주
35.19114,126.90233,1,북구,전남광주통합특별시 북구 오치동 911-10,한전주
35.19121,126.89324,1,북구,전남광주통합특별시 북구 매곡동 214-44,한전주
35.19122,126.90221,1,북구,전남광주통합특별시 북구 오치동 911-12,한전주
35.19123,126.90393,1,북구,전남광주통합특별시 북구 오치동 915-19,한전주
35.19123,126.91563,1,북구,전남광주통합특별시 북구 오치동 123-1,한전주
35.19126,126.87752,1,북구,전남광주통합특별시 북구 양산동 410-11,한전주
35.19126,126.89504,1,북구,전남광주통합특별시 북구 매곡동 121,한전주
35.19126,126.90668,1,북구,전남광주통합특별시 북구 오치동 682-4,한전주
35.19126,126.90724,1,북구,전남광주통합특별시 북구 오치동 201-5,한전주
35.19127,126.90284,1,북구,전남광주통합특별시 북구 오치동 912-8,한전주
35.19128,126.9114,1,북구,전남광주통합특별시 북구 오치동 284-3,한전주
35.19131,126.90381,1,북구,전남광주통합특별시 북구 오치동 915-21,한전주
35.19131,126.90993,1,북구,전남광주통합특별시 북구 오치동 254-1,한전주
35.19132,126.90993,1,북구,전남광주통합특별시 북구 오치동 254-1,한전주
35.19134,126.90153,1,북구,전남광주통합특별시 북구 오치동 862-44,한전주
35.19135,126.90408,1,북구,전남광주통합특별시 북구 오치동 915-17,한전주
35.19136,126.89544,1,북구,전남광주통합특별시 북구 매곡동 122-3,한전주
35.19136,126.90895,1,북구,전남광주통합특별시 북구 오치동 225-1 새터마을진입로경로회관,한전주
35.1914,126.89354,1,북구,전남광주통합특별시 북구 매곡동 214-74,건축물
35.1914,126.90321,1,북구,전남광주통합특별시 북구 오치동 913-18,한전주
35.19142,126.91694,1,북구,전남광주통합특별시 북구 오치동 839-27,한전주
35.19144,126.8995,1,북구,전남광주통합특별시 북구 오치동 723-2,한전주
35.19147,126.90244,1,북구,전남광주통합특별시 북구 오치동 911-5,한전주
35.19148,126.8948,1,북구,전남광주통합특별시 북구 매곡동 181-5,한전주
35.19148,126.8995,1,북구,전남광주통합특별시 북구 오치동 723-2,전용주
35.1915,126.90307,1,북구,전남광주통합특별시 북구 오치동 913-21,한전주
35.19152,126.8929,3,북구,전남광주통합특별시 북구 매곡동 214-4,한전주
35.19152,126.89502,1,북구,전남광주통합특별시 북구 매곡동 472,한전주
35.19155,126.90372,1,북구,전남광주통합특별시 북구 오치동 915-23,한전주
35.19155,126.9043,1,북구,전남광주통합특별시 북구 오치동 915-14,한전주
35.19157,126.86046,2,북구,전남광주통합특별시 북구 동림동 102-1,한전주
35.19157,126.89407,1,북구,전남광주통합특별시 북구 매곡동 215-2,한전주
35.1916,126.90114,1,북구,전남광주통합특별시 북구 오치동 856-23,한전주
35.1916,126.90136,1,북구,전남광주통합특별시 북구 오치동 856-24,한전주
35.19161,126.95455,1,북구,전남광주통합특별시 북구 망월동 175-1,한전주
35.19163,126.89231,5,북구,전남광주통합특별시 북구 매곡동 280-1,한전주
35.19163,126.89545,1,북구,전남광주통합특별시 북구 매곡동 142,한전주
35.19164,126.90329,1,북구,전남광주통합특별시 북구 오치동 913-15,한전주
35.19164,126.90747,1,북구,전남광주통합특별시 북구 오치동 산31-5,한전주
35.19165,126.89369,1,북구,전남광주통합특별시 북구 매곡동 214-59,한전주
35.19166,126.90058,2,북구,전남광주통합특별시 북구 오치동 857-10,한전주
35.19166,126.90218,1,북구,전남광주통합특별시 북구 오치동 911-16,한전주
35.19166,126.90895,1,북구,전남광주통합특별시 북구 오치동 255-1,전용주
35.19166,126.91184,1,북구,전남광주통합특별시 북구 오치동 284-13,한전주
35.19167,126.9,2,북구,전남광주통합특별시 북구 오치동 857-9,한전주
35.19169,126.90866,1,북구,전남광주통합특별시 북구 오치동 257-1,한전주
35.19173,126.9027,2,북구,전남광주통합특별시 북구 오치동 912-16,한전주
35.19174,126.89464,1,북구,전남광주통합특별시 북구 매곡동 181-4,한전주
35.19174,126.90463,1,북구,전남광주통합특별시 북구 오치동 915-11 충장성당앞,한전주
35.1918,126.87831,1,북구,전남광주통합특별시 북구 양산동 409-11,한전주
35.19181,126.90763,1,북구,전남광주통합특별시 북구 오치동 산 31-3,한전주
35.19182,126.89953,1,북구,전남광주통합특별시 북구 오치동 858-2,전용주
35.19184,126.90374,1,북구,전남광주통합특별시 북구 오치동 914-11,한전주
35.19185,126.90859,1,북구,전남광주통합특별시 북구 오치동 204-1,한전주
35.19187,126.90392,1,북구,전남광주통합특별시 북구 오치동 914-21,한전주
35.19188,126.87831,1,북구,전남광주통합특별시 북구 양산동 409-11,건축물
35.19189,126.89541,1,북구,전남광주통합특별시 북구 매곡동 144,건축물
35.1919,126.9024,1,북구,전남광주통합특별시 북구 오치동 911-3,한전주
35.19192,126.90222,1,북구,전남광주통합특별시 북구 오치동 911-1,한전주
35.19193,126.9043,1,북구,전남광주통합특별시 북구 오치동 914-33,한전주
35.19194,126.90418,1,북구,전남광주통합특별시 북구 오치동 914-9,한전주
35.19195,126.91098,1,북구,전남광주통합특별시 북구 오치동 243,한전주
35.19196,126.89351,1,북구,전남광주통합특별시 북구 매곡동 214-40,한전주
35.19196,126.90107,1,북구,전남광주통합특별시 북구 오치동 856-39,한전주
35.19197,126.8936,1,북구,전남광주통합특별시 북구 매곡동 214-8,한전주
35.19197,126.89456,1,북구,전남광주통합특별시 북구 매곡동 215-15,한전주
35.19197,126.90306,1,북구,전남광주통합특별시 북구 오치동 913-25,한전주
35.19201,126.90373,1,북구,전남광주통합특별시 북구 오치동 914-30,한전주
35.19202,126.89284,1,북구,전남광주통합특별시 북구 매곡동 214-1,한전주
35.1921,126.89481,1,북구,전남광주통합특별시 북구 매곡동 470,한전주
35.19211,126.90811,1,북구,전남광주통합특별시 북구 오치동 202-4,한전주
35.19213,126.90897,1,북구,전남광주통합특별시 북구 오치동 204-2,한전주
35.19214,126.87823,1,북구,전남광주통합특별시 북구 양산동 409-10,한전주
35.19217,126.89446,1,북구,전남광주통합특별시 북구 매곡동 165,건축물
35.19217,126.8948,1,북구,전남광주통합특별시 북구 매곡동 151,한전주
35.19218,126.89336,1,북구,전남광주통합특별시 북구 매곡동 214-29,한전주
35.19218,126.91293,1,북구,전남광주통합특별시 북구 오치동 128,한전주
35.1922,126.89973,1,북구,전남광주통합특별시 북구 오치동 888,한전주
35.1922,126.89974,1,북구,전남광주통합특별시 북구 오치동 888,한전주
35.19222,126.89972,1,북구,전남광주통합특별시 북구 오치동 888,한전주
35.19222,126.90344,2,북구,전남광주통합특별시 북구 오치동 913-2,한전주
35.19222,126.91611,1,북구,전남광주통합특별시 북구 오치동 120-1 삼거리,한전주
35.19224,126.90408,1,북구,전남광주통합특별시 북구 오치동 914-24,건축물
35.19226,126.9063,1,북구,전남광주통합특별시 북구 오치동 682-1,한전주
35.19228,126.9543,1,북구,전남광주통합특별시 북구 망월동 177-2,한전주
35.1923,126.89413,1,북구,전남광주통합특별시 북구 매곡동 168-1,한전주
35.1923,126.90108,1,북구,전남광주통합특별시 북구 오치동 856-40,한전주
35.1923,126.95353,1,북구,전남광주통합특별시 북구 망월동 188,한전주
35.19231,126.89391,1,북구,전남광주통합특별시 북구 매곡동 168,건축물
35.19233,126.87835,1,북구,전남광주통합특별시 북구 양산동 409-9,한전주
35.19234,126.9024,1,북구,전남광주통합특별시 북구 오치동 668-89,한전주
35.19238,126.90404,1,북구,전남광주통합특별시 북구 오치동 914-23,한전주
35.19239,126.90181,1,북구,전남광주통합특별시 북구 오치동 856-7,한전주
35.19239,126.90428,1,북구,전남광주통합특별시 북구 오치동 914-13,한전주
35.1924,126.87835,1,북구,전남광주통합특별시 북구 양산동 409-9,한전주
35.1924,126.89279,1,북구,전남광주통합특별시 북구 매곡동 178-18,한전주
35.19246,126.89387,2,북구,전남광주통합특별시 북구 매곡동 176-1,건축물
35.19246,126.89458,1,북구,전남광주통합특별시 북구 매곡동 469,한전주
35.19248,126.89424,1,북구,전남광주통합특별시 북구 매곡동 169,한전주
35.19253,126.90955,1,북구,전남광주통합특별시 북구 오치동 211,한전주
35.19254,126.89828,1,북구,전남광주통합특별시 북구 삼각동 666,한전주
35.19254,126.90239,1,북구,전남광주통합특별시 북구 오치동 881-26,한전주
35.19255,126.8782,1,북구,전남광주통합특별시 북구 양산동 409-8,한전주
35.19255,126.90098,1,북구,전남광주통합특별시 북구 오치동 856-41 밀라노모텔,한전주
35.19259,126.91576,3,북구,전남광주통합특별시 북구 오치동 839-1,한전주
35.19259,126.91635,1,북구,전남광주통합특별시 북구 오치동 117,한전주
35.19262,126.89344,1,북구,전남광주통합특별시 북구 매곡동 182-9,한전주
35.19262,126.89418,1,북구,전남광주통합특별시 북구 매곡동 171,한전주
35.19263,126.8944,1,북구,전남광주통합특별시 북구 매곡동 163,한전주
35.19264,126.90947,1,북구,전남광주통합특별시 북구 오치동 212,한전주
35.19266,126.91026,1,북구,전남광주통합특별시 북구 오치동 225 오두막앞,한전주
35.19268,126.89344,1,북구,전남광주통합특별시 북구 매곡동 182-9,한전주
35.19271,126.90895,1,북구,전남광주통합특별시 북구 오치동 214,한전주
35.19282,126.90127,1,북구,전남광주통합특별시 북구 오치동 856-5,한전주
35.19287,126.89205,1,북구,전남광주통합특별시 북구 매곡동 474-55,한전주
35.19288,126.95418,1,북구,전남광주통합특별시 북구 망월동 203-4,한전주
35.19289,126.90294,3,북구,전남광주통합특별시 북구 오치동 668-90,한전주
35.1929,126.89416,1,북구,전남광주통합특별시 북구 매곡동 200-9,한전주
35.19291,126.89373,1,북구,전남광주통합특별시 북구 매곡동 200-12,한전주
35.19291,126.9022,1,북구,전남광주통합특별시 북구 오치동 855-20,한전주
35.19292,126.90977,1,북구,전남광주통합특별시 북구 오치동 218,한전주
35.19297,126.90245,1,북구,전남광주통합특별시 북구 오치동 855-22,한전주
35.19302,126.90098,1,북구,전남광주통합특별시 북구 오치동 856-9 커피뮤즈,한전주
35.19302,126.90997,1,북구,전남광주통합특별시 북구 오치동 225,한전주
35.19309,126.87643,1,북구,전남광주통합특별시 북구 양산동 633-1,한전주
35.19312,126.91091,2,북구,전남광주통합특별시 북구 오치동 230,한전주
35.19315,126.89204,1,북구,전남광주통합특별시 북구 매곡동 195-1,한전주
35.19318,126.87845,2,북구,전남광주통합특별시 북구 양산동 409-7,한전주
35.19319,126.9023,1,북구,전남광주통합특별시 북구 오치동 855-21,한전주
35.19325,126.89393,1,북구,전남광주통합특별시 북구 매곡동 200-2,한전주
35.19326,126.89436,1,북구,전남광주통합특별시 북구 매곡동 200-10,한전주
35.19326,126.91522,1,북구,전남광주통합특별시 북구 오치동 산 82-2,한전주
35.19332,126.90045,1,북구,전남광주통합특별시 북구 삼각동 755-17,한전주
35.19335,126.91716,5,북구,전남광주통합특별시 북구 오치동 109,한전주
35.19336,126.91158,1,북구,전남광주통합특별시 북구 오치동 231-4,한전주
35.19337,126.91716,1,북구,전남광주통합특별시 북구 오치동 109,건축물
35.19339,126.87656,1,북구,전남광주통합특별시 북구 양산동 620-66,한전주
35.19339,126.95261,7,북구,전남광주통합특별시 북구 망월동 1154-198,한전주
35.1934,126.86682,1,북구,전남광주통합특별시 북구 연제동 212-4,한전주
35.19343,126.91129,1,북구,전남광주통합특별시 북구 오치동 231-2,한전주
35.19345,126.89408,2,북구,전남광주통합특별시 북구 매곡동 209,전용주
35.19354,126.89394,1,북구,전남광주통합특별시 북구 매곡동 산24-1,한전주
35.19354,126.894,1,북구,전남광주통합특별시 북구 매곡동 산24-1,한전주
35.1936,126.89178,1,북구,전남광주통합특별시 북구 매곡동 218-4,한전주
35.19361,126.90135,4,북구,전남광주통합특별시 북구 삼각동 755-16,한전주
35.19363,126.95408,1,북구,전남광주통합특별시 북구 망월동 305-2 신신조경,한전주
35.19365,126.87955,1,북구,전남광주통합특별시 북구 양산동 411,건축물
35.19368,126.89459,2,북구,전남광주통합특별시 북구 매곡동 204-3,한전주
35.19369,126.87649,1,북구,전남광주통합특별시 북구 양산동 620-54,한전주
35.19371,126.89156,1,북구,전남광주통합특별시 북구 매곡동 218,건축물
35.19375,126.87862,1,북구,전남광주통합특별시 북구 양산동 409-5,한전주
35.19381,126.90168,1,북구,전남광주통합특별시 북구 삼각동 755-42,건축물
35.19387,126.90214,1,북구,전남광주통합특별시 북구 삼각동 755-33,한전주
35.19394,126.8768,1,북구,전남광주통합특별시 북구 양산동 620-47,한전주
35.19398,126.87637,1,북구,전남광주통합특별시 북구 양산동 620-52,한전주
35.19401,126.89496,1,북구,전남광주통합특별시 북구 매곡동 207,한전주
35.19405,126.89506,1,북구,전남광주통합특별시 북구 매곡동 207-5,한전주
35.19408,126.87645,1,북구,전남광주통합특별시 북구 양산동 620-51,한전주
35.19408,126.89169,1,북구,전남광주통합특별시 북구 매곡동 260-14,한전주
35.19413,126.90079,2,북구,전남광주통합특별시 북구 삼각동 755-16,한전주
35.19414,126.90311,1,북구,전남광주통합특별시 북구 삼각동 640-19,한전주
35.19416,126.89894,1,북구,전남광주통합특별시 북구 삼각동 659-18,한전주
35.19421,126.89504,1,북구,전남광주통합특별시 북구 매곡동 207-9,한전주
35.19421,126.90196,1,북구,전남광주통합특별시 북구 삼각동 755-31,한전주
35.19423,126.87799,1,북구,전남광주통합특별시 북구 양산동 409-12,한전주
35.19424,126.89853,1,북구,전남광주통합특별시 북구 삼각동 659-7,전용주
35.19433,126.91631,1,북구,전남광주통합특별시 북구 오치동 산 82-1,한전주
35.19446,126.87776,1,북구,전남광주통합특별시 북구 양산동 409-2,한전주
35.19446,126.9011,1,북구,전남광주통합특별시 북구 삼각동 753-33 삼익아파트,한전주
35.19447,126.95394,1,북구,전남광주통합특별시 북구 망월동 208-4,한전주
35.19448,126.89527,1,북구,전남광주통합특별시 북구 매곡동 207-10,한전주
35.1945,126.90339,1,북구,전남광주통합특별시 북구 삼각동 732-26,한전주
35.19451,126.86771,1,북구,전남광주통합특별시 북구 연제동 215,전용주
35.19451,126.86772,1,북구,전남광주통합특별시 북구 연제동 215,전용주
35.19451,126.86775,4,북구,전남광주통합특별시 북구 연제동 215,건축물
35.19452,126.87807,1,북구,전남광주통합특별시 북구 양산동 409-3,한전주
35.19456,126.91673,1,북구,전남광주통합특별시 북구 오치동 838,한전주
35.19456,126.91677,1,북구,전남광주통합특별시 북구 오치동 838,한전주
35.19458,126.88007,1,북구,전남광주통합특별시 북구 양산동 409-6,한전주
35.19458,126.89704,3,북구,전남광주통합특별시 북구 삼각동 672,한전주
35.19466,126.87635,1,북구,전남광주통합특별시 북구 양산동 620-35,한전주
35.19468,126.91658,1,북구,전남광주통합특별시 북구 오치동 산 82-1,한전주
35.1947,126.8766,1,북구,전남광주통합특별시 북구 양산동 620-34,한전주
35.19472,126.90181,1,북구,전남광주통합특별시 북구 삼각동 757-8,한전주
35.19474,126.90358,1,북구,전남광주통합특별시 북구 삼각동 732-33,한전주
35.19478,126.87628,1,북구,전남광주통합특별시 북구 양산동 620-36,한전주
35.1948,126.95288,1,북구,전남광주통합특별시 북구 망월동 303,한전주
35.19483,126.88093,2,북구,전남광주통합특별시 북구 양산동 573-6,한전주
35.19484,126.87896,1,북구,전남광주통합특별시 북구 양산동 408-2 유성유통,한전주
35.19491,126.89854,1,북구,전남광주통합특별시 북구 삼각동 546-1 삼각동그린타워,한전주
35.19493,126.89805,1,북구,전남광주통합특별시 북구 삼각동 546-2,한전주
35.19496,126.90376,1,북구,전남광주통합특별시 북구 삼각동754-10,한전주
35.19496,126.9038,1,북구,전남광주통합특별시 북구 삼각동 754-10,한전주
35.19499,126.95136,1,북구,전남광주통합특별시 북구 망월동 247,한전주
35.195,126.94942,1,북구,전남광주통합특별시 북구 망월동 1013,한전주
35.19501,126.87596,1,북구,전남광주통합특별시 북구 양산동 620-23,한전주
35.19506,126.8764,2,북구,전남광주통합특별시 북구 양산동 620-29,한전주
35.19506,126.9152,1,북구,전남광주통합특별시 북구 오치동 132-1,한전주
35.19508,126.87219,1,북구,전남광주통합특별시 북구 연제동 970-5,건축물
35.19508,126.89682,1,북구,전남광주통합특별시 북구 삼각동 533,한전주
35.19509,126.9494,5,북구,전남광주통합특별시 북구 망월동 1131,한전주
35.19509,126.94983,1,북구,전남광주통합특별시 북구 망월동 1012,한전주
35.19513,126.88004,1,북구,전남광주통합특별시 북구 양산동 408-2,한전주
35.19514,126.90062,1,북구,전남광주통합특별시 북구 삼각동 753-27,한전주
35.19515,126.87583,1,북구,전남광주통합특별시 북구 양산동 620-22,한전주
35.19518,126.87606,1,북구,전남광주통합특별시 북구 양산동 620-25,한전주
35.19523,126.87616,1,북구,전남광주통합특별시 북구 양산동 620-26,한전주
35.19523,126.89641,1,북구,전남광주통합특별시 북구 삼각동 532,한전주
35.19523,126.89643,1,북구,전남광주통합특별시 북구 삼각동 532,한전주
35.19523,126.95166,1,북구,전남광주통합특별시 북구 망월동 256,한전주
35.19524,126.8758,1,북구,전남광주통합특별시 북구 양산동 620-21,한전주
35.19525,126.88129,1,북구,전남광주통합특별시 북구 양산동 405-12,한전주
35.19528,126.90126,1,북구,전남광주통합특별시 북구 삼각동 753-22,한전주
35.19531,126.88196,1,북구,전남광주통합특별시 북구 양산동 405-10 중앙강철,건축물
35.19532,126.95145,1,북구,전남광주통합특별시 북구 망월동 257,한전주
35.19536,126.88215,1,북구,전남광주통합특별시 북구 양산동 411 중앙강철,건축물
35.19536,126.95104,1,북구,전남광주통합특별시 북구 망월동 1001,한전주
35.19543,126.90332,1,북구,전남광주통합특별시 북구 삼각동 753-3,전용주
35.19543,126.90337,1,북구,전남광주통합특별시 북구 삼각동 753-3,전용주
35.19543,126.9533,1,북구,전남광주통합특별시 북구 망월동 1154-84,한전주
35.19544,126.87557,1,북구,전남광주통합특별시 북구 양산동 620-17,한전주
35.19546,126.89621,5,북구,전남광주통합특별시 북구 삼각동 536-1,한전주
35.19548,126.95321,4,북구,전남광주통합특별시 북구 망월동 1129,한전주
35.19551,126.87236,1,북구,전남광주통합특별시 북구 연제동 47-2,건축물
35.19556,126.89954,3,북구,전남광주통합특별시 북구 삼각동 533,한전주
35.19561,126.88106,5,북구,전남광주통합특별시 북구 양산동 405-11,한전주
35.19562,126.87238,2,북구,전남광주통합특별시 북구 연제동 971,건축물
35.19562,126.87566,1,북구,전남광주통합특별시 북구 양산동 620-16,한전주
35.19563,126.95132,1,북구,전남광주통합특별시 북구 망월동 999,한전주
35.19566,126.87566,1,북구,전남광주통합특별시 북구 양산동 620-16,한전주
35.19569,126.88322,1,북구,전남광주통합특별시 북구 양산동 산78-3,한전주
35.19573,126.88218,1,북구,전남광주통합특별시 북구 양산동 405-9,한전주
35.19574,126.87617,1,북구,전남광주통합특별시 북구 양산동 620-89,한전주
35.19575,126.87237,1,북구,전남광주통합특별시 북구 연제동 47-2,건축물
35.19579,126.87617,1,북구,전남광주통합특별시 북구 양산동 620-89,건축물
35.1958,126.88282,1,북구,전남광주통합특별시 북구 양산동 405-8,한전주
35.1958,126.89906,1,북구,전남광주통합특별시 북구 삼각동 547,한전주
35.19581,126.90226,5,북구,전남광주통합특별시 북구 삼각동 753-10,한전주
35.19582,126.89782,1,북구,전남광주통합특별시 북구 삼각동 533,한전주
35.19583,126.90316,1,북구,전남광주통합특별시 북구 삼각동 753-2,한전주
35.19586,126.89899,1,북구,전남광주통합특별시 북구 삼각동 544-2,한전주
35.19588,126.90208,1,북구,전남광주통합특별시 북구 삼각동 752-39,건축물
35.19591,126.95196,1,북구,전남광주통합특별시 북구 망월동 358,한전주
35.19594,126.88413,1,북구,전남광주통합특별시 북구 양산동 산 77-6,건축물
35.19594,126.9516,1,북구,전남광주통합특별시 북구 망월동 364,한전주
35.19594,126.95328,1,북구,전남광주통합특별시 북구 망월동 1154-144,한전주
35.19595,126.88248,2,북구,전남광주통합특별시 북구 양산동 405-4,한전주
35.196,126.88383,1,북구,전남광주통합특별시 북구 양산동 412,한전주
35.19601,126.87242,1,북구,전남광주통합특별시 북구 연제동 46-4,건축물
35.19605,126.88281,1,북구,전남광주통합특별시 북구 양산동 405-7,한전주
35.19605,126.89818,1,북구,전남광주통합특별시 북구 삼각동 531,한전주
35.19606,126.88428,1,북구,전남광주통합특별시 북구 양산동 547-2,한전주
35.19612,126.8985,1,북구,전남광주통합특별시 북구 삼각동 750,한전주
35.19613,126.89803,1,북구,전남광주통합특별시 북구 삼각동 530,한전주
35.19614,126.88437,1,북구,전남광주통합특별시 북구 양산동 547-1,한전주
35.19614,126.8844,2,북구,전남광주통합특별시 북구 양산동 547-1,한전주
35.19615,126.89919,1,북구,전남광주통합특별시 북구 삼각동 517,한전주
35.19616,126.9033,1,북구,전남광주통합특별시 북구 삼각동 752-24,한전주
35.19617,126.95322,1,북구,전남광주통합특별시 북구 망월동 1154-82,한전주
35.1962,126.95252,1,북구,전남광주통합특별시 북구 망월동 270-1,한전주
35.19621,126.90252,1,북구,전남광주통합특별시 북구 삼각동 752-7,한전주
35.19624,126.87616,1,북구,전남광주통합특별시 북구 양산동 610-12,한전주
35.19625,126.90337,1,북구,전남광주통합특별시 북구 삼각동 757-13,한전주
35.19626,126.95172,1,북구,전남광주통합특별시 북구 망월동 352,한전주
35.19627,126.88336,1,북구,전남광주통합특별시 북구 양산동 403-10,한전주
35.19627,126.90295,1,북구,전남광주통합특별시 북구 삼각동 752-43,한전주
35.19628,126.88151,1,북구,전남광주통합특별시 북구 양산동 405-14,한전주
35.1963,126.89843,1,북구,전남광주통합특별시 북구 삼각동 526,한전주
35.19632,126.9005,1,북구,전남광주통합특별시 북구 삼각동 839,한전주
35.19632,126.9513,1,북구,전남광주통합특별시 북구 망월동 979,한전주
35.19637,126.9513,2,북구,전남광주통합특별시 북구 망월동 979,한전주
35.19638,126.88072,1,북구,전남광주통합특별시 북구 양산동 406-3,한전주
35.19638,126.88077,1,북구,전남광주통합특별시 북구 양산동 406-3,한전주
35.1964,126.8812,3,북구,전남광주통합특별시 북구 양산동 405-1,한전주
35.19641,126.90311,1,북구,전남광주통합특별시 북구 삼각동 752-2,한전주
35.19642,126.95166,2,북구,전남광주통합특별시 북구 망월동 1128,한전주
35.19643,126.89894,1,북구,전남광주통합특별시 북구 삼각동 514-1,한전주
35.19644,126.9526,1,북구,전남광주통합특별시 북구 망월동 271-1,한전주
35.19645,126.88184,1,북구,전남광주통합특별시 북구 양산동 405-3,한전주
35.19646,126.95585,4,북구,전남광주통합특별시 북구 망월동 산 60,한전주
35.19656,126.88021,1,북구,전남광주통합특별시 북구 양산동 406-2,한전주
35.1966,126.86869,1,북구,전남광주통합특별시 북구 연제동 60-1,한전주
35.1966,126.95176,1,북구,전남광주통합특별시 북구 망월동 372,한전주
35.1967,126.8833,4,북구,전남광주통합특별시 북구 양산동 403-2,한전주
35.1967,126.95188,1,북구,전남광주통합특별시 북구 망월동 374-2,한전주
35.19671,126.87513,1,북구,전남광주통합특별시 북구 양산동 611-44,한전주
35.19673,126.86877,1,북구,전남광주통합특별시 북구 연제동 1106,한전주
35.19673,126.9596,1,북구,전남광주통합특별시 북구 망월동 102,한전주
35.19675,126.86877,1,북구,전남광주통합특별시 북구 연제동 1106,한전주
35.1968,126.87622,1,북구,전남광주통합특별시 북구 양산동 610-2,건축물
35.19684,126.95298,1,북구,전남광주통합특별시 북구 망월동 1154-80,전용주
35.19684,126.95383,1,북구,전남광주통합특별시 북구 망월동 309-1,한전주
35.19689,126.90043,1,북구,전남광주통합특별시 북구 삼각동 569-17,건축물
35.19692,126.95225,1,북구,전남광주통합특별시 북구 망월동 346-2,한전주
35.19693,126.90099,1,북구,전남광주통합특별시 북구 삼각동 574-9,한전주
35.19694,126.87517,1,북구,전남광주통합특별시 북구 양산동 611-25,한전주
35.19695,126.95341,1,북구,전남광주통합특별시 북구 망월동 1124-5,한전주
35.19695,126.95345,1,북구,전남광주통합특별시 북구 망월동 1124-5,전용주
35.19696,126.89945,1,북구,전남광주통합특별시 북구 삼각동 507-8,한전주
35.19696,126.90289,1,북구,전남광주통합특별시 북구 삼각동 757-23,전용주
35.19702,126.95271,1,북구,전남광주통합특별시 북구 망월동 276-4,한전주
35.19706,126.87492,1,북구,전남광주통합특별시 북구 양산동 611-30,한전주
35.19706,126.90289,1,북구,전남광주통합특별시 북구 삼각동 748-20,한전주
35.19716,126.87575,3,북구,전남광주통합특별시 북구 양산동 611-7,건축물
35.19722,126.90122,1,북구,전남광주통합특별시 북구 삼각동 574-7,한전주
35.19723,126.89993,1,북구,전남광주통합특별시 북구 삼각동 568-1,한전주
35.19725,126.88551,1,북구,전남광주통합특별시 북구 양산동 418-1,한전주
35.19728,126.90164,1,북구,전남광주통합특별시 북구 삼각동 748-3,한전주
35.19733,126.87511,1,북구,전남광주통합특별시 북구 양산동 367-12 금강아파트,한전주
35.19734,126.8694,3,북구,전남광주통합특별시 북구 연제동 57-1,건축물
35.19734,126.86945,1,북구,전남광주통합특별시 북구 연제동 57-1,건축물
35.19734,126.86949,1,북구,전남광주통합특별시 북구 연제동 57-1,건축물
35.19737,126.95274,1,북구,전남광주통합특별시 북구 망월동 1154-175,전용주
35.19739,126.90257,1,북구,전남광주통합특별시 북구 삼각동 585-7,한전주
35.1974,126.90048,1,북구,전남광주통합특별시 북구 삼각동 575,건축물
35.19742,126.95201,1,북구,전남광주통합특별시 북구 망월동 391,한전주
35.19745,126.95368,1,북구,전남광주통합특별시 북구 망월동 343-8,한전주
35.19747,126.90175,1,북구,전남광주통합특별시 북구 삼각동 581-9,한전주
35.19749,126.90215,1,북구,전남광주통합특별시 북구 삼각동 581-19,한전주
35.19755,126.95349,2,북구,전남광주통합특별시 북구 망월동 455-2,한전주
35.19756,126.95332,3,북구,전남광주통합특별시 북구 망월동 343-5,한전주
35.19758,126.90073,1,북구,전남광주통합특별시 북구 삼각동 580-1,한전주
35.19758,126.90185,1,북구,전남광주통합특별시 북구 삼각동 581-27,한전주
35.19758,126.90188,1,북구,전남광주통합특별시 북구 삼각동 581-27,한전주
35.1977,126.88508,1,북구,전남광주통합특별시 북구 양산동 403-13,건축물
35.19772,126.95848,1,북구,전남광주통합특별시 북구 망월동 73,한전주
35.19775,126.90132,1,북구,전남광주통합특별시 북구 삼각동 574-14,한전주
35.1978,126.90635,1,북구,전남광주통합특별시 북구 삼각동 607-2,한전주
35.19782,126.9033,2,북구,전남광주통합특별시 북구 삼각동 592-7,한전주
35.19786,126.90264,1,북구,전남광주통합특별시 북구 삼각동 585-17,한전주
35.19789,126.90296,1,북구,전남광주통합특별시 북구 삼각동 171,건축물
35.19791,126.90142,1,북구,전남광주통합특별시 북구 삼각동 581-30,한전주
35.19797,126.90264,1,북구,전남광주통합특별시 북구 삼각동 585-18,한전주
35.19799,126.95733,1,북구,전남광주통합특별시 북구 망월동 75,한전주
35.198,126.87166,1,북구,전남광주통합특별시 북구 연제동 36-1,건축물
35.198,126.87168,3,북구,전남광주통합특별시 북구 연제동 36-1,한전주
35.19802,126.90098,1,북구,전남광주통합특별시 북구 삼각동 489-6,한전주
35.19803,126.90098,3,북구,전남광주통합특별시 북구 삼각동 489-6,한전주
35.19811,126.87455,1,북구,전남광주통합특별시 북구 양산동 660-108,한전주
35.19812,126.9023,1,북구,전남광주통합특별시 북구 삼각동 585-16,한전주
35.19813,126.87985,1,북구,전남광주통합특별시 북구 양산동 401-28,한전주
35.19823,126.87294,1,북구,전남광주통합특별시 북구 양산동 660-75,한전주
35.19826,126.8736,1,북구,전남광주통합특별시 북구 양산동 660-49,한전주
35.19826,126.90256,1,북구,전남광주통합특별시 북구 삼각동 585-4,건축물
35.19827,126.88076,2,북구,전남광주통합특별시 북구 양산동 401-32,한전주
35.19827,126.90057,1,북구,전남광주통합특별시 북구 삼각동 489-3,한전주
35.19828,126.87412,1,북구,전남광주통합특별시 북구 양산동 660-76,한전주
35.19832,126.86958,1,북구,전남광주통합특별시 북구 연제동 38-8,한전주
35.19834,126.87343,1,북구,전남광주통합특별시 북구 양산동 660-99,한전주
35.19841,126.87383,1,북구,전남광주통합특별시 북구 양산동 660-46,한전주
35.19841,126.87475,1,북구,전남광주통합특별시 북구 양산동 361-10,한전주
35.19842,126.87383,1,북구,전남광주통합특별시 북구 양산동 660-46,한전주
35.19843,126.87964,1,북구,전남광주통합특별시 북구 양산동 401-16,한전주
35.19843,126.88146,1,북구,전남광주통합특별시 북구 양산동 402-3,한전주
35.19848,126.90133,1,북구,전남광주통합특별시 북구 삼각동 489-5,한전주
35.19849,126.90235,1,북구,전남광주통합특별시 북구 삼각동 585-14,한전주
35.1985,126.90208,2,북구,전남광주통합특별시 북구 삼각동 172,건축물
35.19852,126.88238,2,북구,전남광주통합특별시 북구 양산동 402-11,한전주
35.19852,126.9011,2,북구,전남광주통합특별시 북구 삼각동 825-1,건축물
35.19853,126.87482,1,북구,전남광주통합특별시 북구 양산동 361-35,건축물
35.19854,126.88078,1,북구,전남광주통합특별시 북구 양산동 401-31,한전주
35.19854,126.9011,1,북구,전남광주통합특별시 북구 삼각동 825-1,한전주
35.19856,126.90296,2,북구,전남광주통합특별시 북구 삼각동 585,건축물
35.19856,126.90395,1,북구,전남광주통합특별시 북구 삼각동 738-5,한전주
35.19859,126.90261,1,북구,전남광주통합특별시 북구 삼각동 585-1,건축물
35.1986,126.90398,1,북구,전남광주통합특별시 북구 삼각동 748-23,한전주
35.19861,126.87024,1,북구,전남광주통합특별시 북구 연제동 36-3,건축물
35.19861,126.87029,4,북구,전남광주통합특별시 북구 연제동 36-3,한전주
35.19862,126.9003,1,북구,전남광주통합특별시 북구 삼각동 821-12,건축물
35.19864,126.87506,1,북구,전남광주통합특별시 북구 양산동 361-12,한전주
35.19867,126.90075,1,북구,전남광주통합특별시 북구 삼각동 823-8,건축물
35.19872,126.87257,1,북구,전남광주통합특별시 북구 양산동 660-77,한전주
35.19872,126.87558,3,북구,전남광주통합특별시 북구 양산동 366-1,한전주
35.19872,126.88188,1,북구,전남광주통합특별시 북구 양산동 402-10,한전주
35.19873,126.90035,1,북구,전남광주통합특별시 북구 삼각동 821-11,건축물
35.19874,126.87291,1,북구,전남광주통합특별시 북구 양산동 660-39,한전주
35.19875,126.87406,1,북구,전남광주통합특별시 북구 양산동 660-8,한전주
35.19877,126.87329,1,북구,전남광주통합특별시 북구 양산동 660-115,한전주
35.1988,126.87558,1,북구,전남광주통합특별시 북구 양산동 366-1,한전주
35.19881,126.90718,1,북구,전남광주통합특별시 북구 삼각동 147-9,건축물
35.19882,126.87471,1,북구,전남광주통합특별시 북구 양산동 361-15,전용주
35.19882,126.87543,1,북구,전남광주통합특별시 북구 양산동 361-22,한전주
35.19882,126.90106,1,북구,전남광주통합특별시 북구 삼각동 823-5,건축물
35.19884,126.9009,1,북구,전남광주통합특별시 북구 삼각동 823-3,건축물
35.19886,126.90183,1,북구,전남광주통합특별시 북구 삼각동 817-1,건축물
35.19886,126.90485,1,북구,전남광주통합특별시 북구 삼각동 160-7,건축물
35.19886,126.90684,1,북구,전남광주통합특별시 북구 삼각동 151-2,한전주
35.1989,126.88082,1,북구,전남광주통합특별시 북구 양산동 401-30,한전주
35.19891,126.90132,1,북구,전남광주통합특별시 북구 삼각동 822-9,건축물
35.19894,126.90547,1,북구,전남광주통합특별시 북구 삼각동 156-3,한전주
35.19895,126.87517,1,북구,전남광주통합특별시 북구 양산동 361-20,한전주
35.19895,126.88232,1,북구,전남광주통합특별시 북구 양산동 402-6,한전주
35.19895,126.90231,1,북구,전남광주통합특별시 북구 삼각동 817-4,전용주
35.19896,126.8735,1,북구,전남광주통합특별시 북구 양산동 660-31,한전주
35.19896,126.90061,1,북구,전남광주통합특별시 북구 삼각동 821-8,건축물
35.19897,126.86956,1,북구,전남광주통합특별시 북구 연제동 970,한전주
35.19897,126.9027,1,북구,전남광주통합특별시 북구 삼각동 817-6,건축물
35.19898,126.86477,1,북구,전남광주통합특별시 북구 연제동 1048,한전주
35.19902,126.90313,1,북구,전남광주통합특별시 북구 삼각동 816-1,전용주
35.19904,126.88141,2,북구,전남광주통합특별시 북구 양산동 402-1,한전주
35.19904,126.90149,1,북구,전남광주통합특별시 북구 삼각동 822-3,전용주
35.1991,126.87312,1,북구,전남광주통합특별시 북구 양산동 660-28,한전주
35.1991,126.87314,1,북구,전남광주통합특별시 북구 양산동 660-28,한전주
35.1991,126.87441,1,북구,전남광주통합특별시 북구 양산동 361-3,한전주
35.1991,126.90313,1,북구,전남광주통합특별시 북구 삼각동 816-1,건축물
35.19914,126.90286,1,북구,전남광주통합특별시 북구 삼각동 818-8,건축물
35.19915,126.8806,1,북구,전남광주통합특별시 북구 양산동 401-29,한전주
35.19916,126.90701,1,북구,전남광주통합특별시 북구 삼각동 147-17,한전주
35.19917,126.87969,3,북구,전남광주통합특별시 북구 양산동 401-14,한전주
35.19918,126.95346,1,북구,전남광주통합특별시 북구 망월동 1154-115,한전주
35.1992,126.87285,1,북구,전남광주통합특별시 북구 양산동 660-27,한전주
35.1992,126.87314,1,북구,전남광주통합특별시 북구 양산동 660-28,한전주
35.19921,126.87476,1,북구,전남광주통합특별시 북구 양산동 361-5,한전주
35.19922,126.90749,1,북구,전남광주통합특별시 북구 삼각동 147-7,건축물
35.19923,126.90261,1,북구,전남광주통합특별시 북구 삼각동 818-10,건축물
35.19924,126.96021,1,북구,전남광주통합특별시 북구 망월동 63,한전주
35.19925,126.90279,1,북구,전남광주통합특별시 북구 삼각동 818-7,건축물
35.19926,126.89949,5,북구,전남광주통합특별시 북구 삼각동 791-2,건축물
35.19926,126.90218,1,북구,전남광주통합특별시 북구 삼각동 819-7,건축물
35.19927,126.87245,1,북구,전남광주통합특별시 북구 연제동 36-10,한전주
35.19927,126.90117,1,북구,전남광주통합특별시 북구 삼각동 821-3,건축물
35.19931,126.87385,1,북구,전남광주통합특별시 북구 양산동 660-65,한전주
35.19938,126.90217,1,북구,전남광주통합특별시 북구 삼각동 819-8,건축물
35.19942,126.87286,1,북구,전남광주통합특별시 북구 양산동 660-26,한전주
35.19944,126.88242,1,북구,전남광주통합특별시 북구 양산동 402-7,한전주
35.19946,126.87323,1,북구,전남광주통합특별시 북구 양산동 660-81,한전주
35.19947,126.90277,1,북구,전남광주통합특별시 북구 삼각동 818-5,전용주
35.19947,126.90366,1,북구,전남광주통합특별시 북구 삼각동 166-2,한전주
35.19949,126.86979,1,북구,전남광주통합특별시 북구 연제동 36-5,한전주
35.19949,126.90252,1,북구,전남광주통합특별시 북구 삼각동 818-12,건축물
35.19954,126.86921,1,북구,전남광주통합특별시 북구 연제동 36-14 새한아파트,한전주
35.19954,126.90714,1,북구,전남광주통합특별시 북구 삼각동 146,한전주
35.19959,126.90179,1,북구,전남광주통합특별시 북구 삼각동 814-2,건축물
35.19961,126.87964,2,북구,전남광주통합특별시 북구 양산동 401-13,한전주
35.19962,126.86901,2,북구,전남광주통합특별시 북구 연제동 1104,한전주
35.19962,126.88201,1,북구,전남광주통합특별시 북구 양산동 402-8,한전주
35.19963,126.95191,1,북구,전남광주통합특별시 북구 망월동 1143,건축물
35.19964,126.86974,1,북구,전남광주통합특별시 북구 연제동 31-1,한전주
35.19968,126.87368,1,북구,전남광주통합특별시 북구 양산동 660-71,한전주
35.1997,126.87297,1,북구,전남광주통합특별시 북구 양산동 660-25,건축물
35.1997,126.90594,1,북구,전남광주통합특별시 북구 삼각동 738,한전주
35.19971,126.90244,1,북구,전남광주통합특별시 북구 삼각동 818-1,건축물
35.19971,126.90727,1,북구,전남광주통합특별시 북구 삼각동 147-4,건축물
35.19974,126.90529,1,북구,전남광주통합특별시 북구 삼각동 154-1,한전주
35.19974,126.90594,1,북구,전남광주통합특별시 북구 삼각동 738,한전주
35.19975,126.90398,1,북구,전남광주통합특별시 북구 삼각동 166-1,한전주
35.19976,126.87265,1,북구,전남광주통합특별시 북구 양산동 660-24,건축물
35.19976,126.95106,1,북구,전남광주통합특별시 북구 망월동 910-1,한전주
35.19978,126.90264,1,북구,전남광주통합특별시 북구 삼각동 818-3,전용주
35.19979,126.90486,1,북구,전남광주통합특별시 북구 삼각동 154-3,한전주
35.19981,126.86903,1,북구,전남광주통합특별시 북구 연제동 591-5,한전주
35.19982,126.87349,1,북구,전남광주통합특별시 북구 양산동 660-94,한전주
35.19983,126.87504,2,북구,전남광주통합특별시 북구 양산동 355,전용주
35.19983,126.90617,1,북구,전남광주통합특별시 북구 삼각동 134-1,한전주
35.19987,126.87504,1,북구,전남광주통합특별시 북구 양산동 355,한전주
35.19987,126.90647,1,북구,전남광주통합특별시 북구 삼각동 131,한전주
35.19988,126.87357,1,북구,전남광주통합특별시 북구 양산동 660-3,전용주
35.19988,126.90214,1,북구,전남광주통합특별시 북구 삼각동 814-6,건축물
35.1999,126.95236,1,북구,전남광주통합특별시 북구 망월동 415-1,한전주
35.19991,126.8709,2,북구,전남광주통합특별시 북구 연제동 33-43,한전주
35.19991,126.87194,2,북구,전남광주통합특별시 북구 연제동 33-7,건축물
35.19992,126.90701,1,북구,전남광주통합특별시 북구 삼각동 123,건축물
35.19994,126.89758,1,북구,전남광주통합특별시 북구 삼각동 783-5,건축물
35.19995,126.87121,1,북구,전남광주통합특별시 북구 연제동 33-46,건축물
35.19995,126.87514,2,북구,전남광주통합특별시 북구 양산동 355,건축물
35.2,126.87514,1,북구,전남광주통합특별시 북구 양산동 355,건축물
35.2,126.89832,1,북구,전남광주통합특별시 북구 삼각동 785-6,건축물
35.20001,126.87318,1,북구,전남광주통합특별시 북구 양산동 660-135,한전주
35.20001,126.89812,1,북구,전남광주통합특별시 북구 삼각동 785-9,건축물
35.20003,126.87341,5,북구,전남광주통합특별시 북구 양산동 355-3,건축물
35.20004,126.89503,4,북구,전남광주통합특별시 북구 삼각동 770-1,건축물
35.20006,126.89939,2,북구,전남광주통합특별시 북구 삼각동 789-8,건축물
35.20008,126.87184,3,북구,전남광주통합특별시 북구 연제동 33-7,한전주
35.20009,126.90255,1,북구,전남광주통합특별시 북구 삼각동 814-9,건축물
35.20009,126.90712,1,북구,전남광주통합특별시 북구 삼각동 117,한전주
35.2001,126.87341,1,북구,전남광주통합특별시 북구 양산동 355-3,전용주
35.20012,126.90273,1,북구,전남광주통합특별시 북구 삼각동 815-2,전용주
35.20013,126.89891,1,북구,전남광주통합특별시 북구 삼각동 787-9,건축물
35.20014,126.88182,1,북구,전남광주통합특별시 북구 일곡동 684-2,한전주
35.20015,126.87081,2,북구,전남광주통합특별시 북구 연제동 33-42,한전주
35.20017,126.87506,1,북구,전남광주통합특별시 북구 양산동 415-5,건축물
35.20018,126.89853,1,북구,전남광주통합특별시 북구 삼각동 786-10,건축물
35.20018,126.93408,1,북구,전남광주통합특별시 북구 장등동 867-6,한전주
35.2002,126.89722,1,북구,전남광주통합특별시 북구 삼각동 828-1,한전주
35.20023,126.87546,2,북구,전남광주통합특별시 북구 양산동 401-1,한전주
35.20024,126.87957,2,북구,전남광주통합특별시 북구 양산동 401-22,한전주
35.20026,126.89813,1,북구,전남광주통합특별시 북구 삼각동 785-11,건축물
35.20027,126.88077,1,북구,전남광주통합특별시 북구 양산동 401-8,한전주
35.20027,126.90719,1,북구,전남광주통합특별시 북구 삼각동 114,한전주
35.20028,126.88077,4,북구,전남광주통합특별시 북구 양산동 401-8,한전주
35.20028,126.90152,1,북구,전남광주통합특별시 북구 삼각동 813-2,전용주
35.20032,126.89735,1,북구,전남광주통합특별시 북구 삼각동 783-1,건축물
35.20034,126.89927,1,북구,전남광주통합특별시 북구 삼각동 789-6,건축물
35.20035,126.90165,1,북구,전남광주통합특별시 북구 삼각동 813-3,전용주
35.20036,126.90682,1,북구,전남광주통합특별시 북구 삼각동 119,건축물
35.20037,126.87069,1,북구,전남광주통합특별시 북구 연제동 33-44,한전주
35.20037,126.89882,1,북구,전남광주통합특별시 북구 삼각동 787-11,건축물
35.20038,126.89496,1,북구,전남광주통합특별시 북구 삼각동 768-10,건축물
35.20041,126.89773,1,북구,전남광주통합특별시 북구 삼각동 784-1,건축물
35.20045,126.89846,1,북구,전남광주통합특별시 북구 삼각동 786-12,건축물
35.20047,126.90184,1,북구,전남광주통합특별시 북구 삼각동 813-5,전용주
35.2005,126.87688,3,북구,전남광주통합특별시 북구 양산동 401-2,한전주
35.2005,126.89801,1,북구,전남광주통합특별시 북구 삼각동 785-1,건축물
35.20052,126.89503,1,북구,전남광주통합특별시 북구 삼각동 768-8,건축물
35.20052,126.89528,1,북구,전남광주통합특별시 북구 삼각동 769-9,건축물
35.20053,126.88026,1,북구,전남광주통합특별시 북구 양산동 401-6,한전주
35.20053,126.8952,1,북구,전남광주통합특별시 북구 삼각동 769-9,건축물
35.20054,126.87134,1,북구,전남광주통합특별시 북구 연제동 33-35,한전주
35.20054,126.87138,1,북구,전남광주통합특별시 북구 연제동 33-35,건축물
35.20054,126.90706,1,북구,전남광주통합특별시 북구 삼각동 112,한전주
35.20055,126.89543,1,북구,전남광주통합특별시 북구 삼각동 769-8,전용주
35.20056,126.87096,1,북구,전남광주통합특별시 북구 연제동 33-15,한전주
35.20056,126.89735,1,북구,전남광주통합특별시 북구 삼각동 782-1,건축물
35.20058,126.87938,1,북구,전남광주통합특별시 북구 양산동 401-19,한전주
35.20058,126.89873,1,북구,전남광주통합특별시 북구 삼각동 787-12,건축물
35.20059,126.87132,1,북구,전남광주통합특별시 북구 연제동 33-10,한전주
35.20059,126.88026,4,북구,전남광주통합특별시 북구 양산동 401-6,한전주
35.20059,126.90752,1,북구,전남광주통합특별시 북구 삼각동 106,한전주
35.2006,126.86928,1,북구,전남광주통합특별시 북구 연제동 29-4,한전주
35.20063,126.86928,1,북구,전남광주통합특별시 북구 연제동 29-4,한전주
35.20063,126.89854,1,북구,전남광주통합특별시 북구 삼각동 786-2,건축물
35.20066,126.8755,1,북구,전남광주통합특별시 북구 양산동 401-24,건축물
35.20068,126.87361,2,북구,전남광주통합특별시 북구 양산동 산119-3,전용주
35.20068,126.89777,1,북구,전남광주통합특별시 북구 삼각동 782-4,건축물
35.20068,126.90221,1,북구,전남광주통합특별시 북구 삼각동 813-8,전용주
35.20069,126.89543,1,북구,전남광주통합특별시 북구 삼각동 769-7,전용주
35.2007,126.87758,1,북구,전남광주통합특별시 북구 양산동 401-25,한전주
35.20071,126.89912,1,북구,전남광주통합특별시 북구 삼각동 789-3,건축물
35.20072,126.8701,1,북구,전남광주통합특별시 북구 연제동 33-20,한전주
35.20072,126.89484,1,북구,전남광주통합특별시 북구 삼각동 768-13,건축물
35.20072,126.90669,1,북구,전남광주통합특별시 북구 삼각동 산87-3,한전주
35.20073,126.89797,1,북구,전남광주통합특별시 북구 삼각동 782-6,건축물
35.20074,126.87968,1,북구,전남광주통합특별시 북구 양산동 401-20,건축물
35.20074,126.90243,1,북구,전남광주통합특별시 북구 삼각동 812-10,전용주
35.20074,126.90669,1,북구,전남광주통합특별시 북구 삼각동 산87-3,한전주
35.20075,126.89648,1,북구,전남광주통합특별시 북구 삼각동 774-9,건축물
35.20076,126.89816,1,북구,전남광주통합특별시 북구 삼각동 782-7,건축물
35.20076,126.90648,1,북구,전남광주통합특별시 북구 삼각동 735-3,한전주
35.20078,126.87864,1,북구,전남광주통합특별시 북구 양산동 401-18,한전주
35.20079,126.87014,1,북구,전남광주통합특별시 북구 연제동 33-20,한전주
35.20082,126.89525,1,북구,전남광주통합특별시 북구 삼각동 769-12,건축물
35.20082,126.89866,1,북구,전남광주통합특별시 북구 삼각동 788-3,건축물
35.20083,126.87795,2,북구,전남광주통합특별시 북구 양산동 401-4,한전주
35.20083,126.87798,1,북구,전남광주통합특별시 북구 양산동 401-4,한전주
35.20084,126.89621,1,북구,전남광주통합특별시 북구 삼각동 774-11,건축물
35.20086,126.89901,1,북구,전남광주통합특별시 북구 삼각동 789-2,건축물
35.20092,126.90151,1,북구,전남광주통합특별시 북구 삼각동 810-6,건축물
35.20093,126.87119,1,북구,전남광주통합특별시 북구 연제동 33-10,한전주
35.20094,126.89566,1,북구,전남광주통합특별시 북구 삼각동 771-4,전용주
35.20095,126.90171,1,북구,전남광주통합특별시 북구 삼각동 810-4,건축물
35.20097,126.89626,1,북구,전남광주통합특별시 북구 삼각동 774-12,건축물
35.20099,126.90663,1,북구,전남광주통합특별시 북구 삼각동 235,한전주
35.201,126.89492,1,북구,전남광주통합특별시 북구 삼각동 768-3,건축물
35.201,126.90234,1,북구,전남광주통합특별시 북구 삼각동 812-8,전용주
35.20103,126.89995,1,북구,전남광주통합특별시 북구 삼각동 795-9,건축물
35.20105,126.89993,1,북구,전남광주통합특별시 북구 삼각동 795-9,전용주
35.2011,126.8954,1,북구,전남광주통합특별시 북구 삼각동 769-3,전용주
35.2011,126.90632,2,북구,전남광주통합특별시 북구 삼각동 234,한전주
35.20111,126.9018,1,북구,전남광주통합특별시 북구 삼각동 811-12,건축물
35.20114,126.96021,1,북구,전남광주통합특별시 북구 망월동 41-2,한전주
35.20116,126.90045,1,북구,전남광주통합특별시 북구 삼각동 796-6,건축물
35.20117,126.90207,1,북구,전남광주통합특별시 북구 삼각동 811-7,전용주
35.20118,126.87489,1,북구,전남광주통합특별시 북구 양산동 330-1,건축물
35.20118,126.89665,1,북구,전남광주통합특별시 북구 삼각동 775-7,건축물
35.20118,126.90663,1,북구,전남광주통합특별시 북구 삼각동 237,건축물
35.20119,126.87119,1,북구,전남광주통합특별시 북구 연제동 33-11 선전유치원,한전주
35.20119,126.8964,1,북구,전남광주통합특별시 북구 삼각동 774-5,건축물
35.20119,126.89988,1,북구,전남광주통합특별시 북구 삼각동 795-10,전용주
35.20122,126.89682,1,북구,전남광주통합특별시 북구 삼각동 775-6,건축물
35.20122,126.89824,2,북구,전남광주통합특별시 북구 삼각동 781-2,건축물
35.20123,126.8942,1,북구,전남광주통합특별시 북구 삼각동 764-1,건축물
35.20124,126.89522,1,북구,전남광주통합특별시 북구 삼각동 769-1,건축물
35.20125,126.90141,1,북구,전남광주통합특별시 북구 삼각동 810-1,건축물
35.20126,126.9535,1,북구,전남광주통합특별시 북구 망월동 425-3,한전주
35.20126,126.95356,2,북구,전남광주통합특별시 북구 망월동 425-3,한전주
35.20129,126.89706,1,북구,전남광주통합특별시 북구 삼각동 776-7,건축물
35.20132,126.89721,1,북구,전남광주통합특별시 북구 삼각동 776-6,건축물
35.20133,126.89998,1,북구,전남광주통합특별시 북구 삼각동 795-4,건축물
35.20134,126.89893,1,북구,전남광주통합특별시 북구 삼각동 780-1,건축물
35.20134,126.9018,1,북구,전남광주통합특별시 북구 삼각동 811-14,건축물
35.20137,126.90196,1,북구,전남광주통합특별시 북구 삼각동 811-5,전용주
35.20138,126.89471,1,북구,전남광주통합특별시 북구 삼각동 764-5,건축물
35.2014,126.89747,1,북구,전남광주통합특별시 북구 삼각동 778-5,건축물
35.20144,126.95334,1,북구,전남광주통합특별시 북구 망월동 426-4,한전주
35.20146,126.89504,1,북구,전남광주통합특별시 북구 삼각동 764-8,건축물
35.20146,126.89743,1,북구,전남광주통합특별시 북구 삼각동 778-4,건축물
35.20146,126.89976,1,북구,전남광주통합특별시 북구 삼각동 795-12,전용주
35.20147,126.90136,1,북구,전남광주통합특별시 북구 삼각동 808-10,건축물
35.20148,126.95376,1,북구,전남광주통합특별시 북구 망월동 439-3,한전주
35.20149,126.90641,1,북구,전남광주통합특별시 북구 삼각동 248,한전주
35.2015,126.89612,1,북구,전남광주통합특별시 북구 삼각동 774-1,건축물
35.2015,126.89615,1,북구,전남광주통합특별시 북구 삼각동 774-1,건축물
35.20154,126.89672,1,북구,전남광주통합특별시 북구 삼각동 775-3,건축물
35.20155,126.89547,1,북구,전남광주통합특별시 북구 삼각동 764-11,건축물
35.20156,126.89535,1,북구,전남광주통합특별시 북구 삼각동 764-10,전용주
35.20156,126.90073,1,북구,전남광주통합특별시 북구 삼각동 829-1,전용주
35.20157,126.90131,1,북구,전남광주통합특별시 북구 삼각동 808-11,건축물
35.20158,126.87131,1,북구,전남광주통합특별시 북구 연제동 33-1,한전주
35.20158,126.89654,1,북구,전남광주통합특별시 북구 삼각동 775-1,건축물
35.20158,126.8995,1,북구,전남광주통합특별시 북구 삼각동 794-1,전용주
35.20158,126.90648,1,북구,전남광주통합특별시 북구 삼각동 241,한전주
35.2016,126.88072,2,북구,전남광주통합특별시 북구 일곡동 760-2,한전주
35.20162,126.90011,1,북구,전남광주통합특별시 북구 삼각동 796-1,건축물
35.20163,126.90144,1,북구,전남광주통합특별시 북구 삼각동 808-8,건축물
35.20168,126.90011,1,북구,전남광주통합특별시 북구 삼각동 796-1,건축물
35.20168,126.90187,1,북구,전남광주통합특별시 북구 삼각동 811-3,전용주
35.20169,126.89736,1,북구,전남광주통합특별시 북구 삼각동 778-2,건축물
35.2017,126.90673,1,북구,전남광주통합특별시 북구 삼각동 256,한전주
35.20172,126.89599,1,북구,전남광주통합특별시 북구 삼각동 772-3,건축물
35.20173,126.88262,1,북구,전남광주통합특별시 북구 일곡동 684-1,한전주
35.20174,126.89946,1,북구,전남광주통합특별시 북구 삼각동 801-8,건축물
35.20174,126.90022,2,북구,전남광주통합특별시 북구 삼각동 796-2,건축물
35.20175,126.89867,2,북구,전남광주통합특별시 북구 삼각동 779-2,건축물
35.20176,126.88262,3,북구,전남광주통합특별시 북구 일곡동 684-1,한전주
35.20176,126.89624,1,북구,전남광주통합특별시 북구 삼각동 772-5,건축물
35.20179,126.89636,1,북구,전남광주통합특별시 북구 삼각동 772-6,건축물
35.20181,126.90046,1,북구,전남광주통합특별시 북구 삼각동 797-1,건축물
35.20183,126.90155,1,북구,전남광주통합특별시 북구 삼각동 808-14,건축물
35.20183,126.90202,1,북구,전남광주통합특별시 북구 삼각동 812-1,전용주
35.20184,126.89947,1,북구,전남광주통합특별시 북구 삼각동 801-7,전용주
35.20185,126.90122,1,북구,전남광주통합특별시 북구 삼각동 808-13,건축물
35.20186,126.93409,3,북구,전남광주통합특별시 북구 장등동 826-3,한전주
35.20186,126.95389,1,북구,전남광주통합특별시 북구 망월동 434-3,한전주
35.20187,126.89671,1,북구,전남광주통합특별시 북구 삼각동 772-9,건축물
35.20189,126.87176,1,북구,전남광주통합특별시 북구 연제동 20-1,한전주
35.2019,126.87318,2,북구,전남광주통합특별시 북구 양산동 289,건축물
35.20191,126.89711,1,북구,전남광주통합특별시 북구 삼각동 772-12,건축물
35.20195,126.87318,1,북구,전남광주통합특별시 북구 양산동 289,한전주
35.20197,126.89699,1,북구,전남광주통합특별시 북구 삼각동 772-11,건축물
35.20201,126.86775,3,북구,전남광주통합특별시 북구 연제동 682,한전주
35.20202,126.89993,1,북구,전남광주통합특별시 북구 삼각동 799-8,건축물
35.20204,126.90012,1,북구,전남광주통합특별시 북구 삼각동 799-5,건축물
35.20207,126.9014,1,북구,전남광주통합특별시 북구 삼각동 808-2,건축물
35.20208,126.89956,1,북구,전남광주통합특별시 북구 삼각동 800-9,전용주
35.20208,126.90147,1,북구,전남광주통합특별시 북구 삼각동 808-3,건축물
35.20208,126.95369,1,북구,전남광주통합특별시 북구 망월동 523-1,한전주
35.20213,126.9019,1,북구,전남광주통합특별시 북구 삼각동 806-10,전용주
35.20217,126.90067,1,북구,전남광주통합특별시 북구 삼각동 804-5,건축물
35.20218,126.90101,1,북구,전남광주통합특별시 북구 삼각동 807-11,건축물
35.20223,126.95405,1,북구,전남광주통합특별시 북구 망월동 520-2,한전주
35.2023,126.90068,1,북구,전남광주통합특별시 북구 삼각동 804-4,건축물
35.20231,126.90181,1,북구,전남광주통합특별시 북구 삼각동 806-8,전용주
35.20234,126.89943,1,북구,전남광주통합특별시 북구 삼각동 800-1,전용주
35.20241,126.89996,1,북구,전남광주통합특별시 북구 삼각동 799-2,건축물
35.20245,126.8998,1,북구,전남광주통합특별시 북구 삼각동 799-1,건축물
35.2025,126.86669,1,북구,전남광주통합특별시 북구 연제동 449,한전주
35.2025,126.8992,1,북구,전남광주통합특별시 북구 삼각동 801-2,전용주
35.20251,126.90172,1,북구,전남광주통합특별시 북구 삼각동 806-6,전용주
35.20253,126.90092,1,북구,전남광주통합특별시 북구 삼각동 805-11,건축물
35.20254,126.90113,1,북구,전남광주통합특별시 북구 삼각동 805-9,건축물
35.20256,126.95923,1,북구,전남광주통합특별시 북구 망월동 9,한전주
35.20257,126.9006,1,북구,전남광주통합특별시 북구 삼각동 804-2,건축물
35.2026,126.89955,1,북구,전남광주통합특별시 북구 삼각동 802-2,전용주
35.2026,126.89979,1,북구,전남광주통합특별시 북구 삼각동 802-4,전용주
35.20265,126.89966,1,북구,전남광주통합특별시 북구 삼각동 802-3,전용주
35.20266,126.90145,1,북구,전남광주통합특별시 북구 삼각동 805-7,전용주
35.20268,126.90073,1,북구,전남광주통합특별시 북구 삼각동 805-1,전용주
35.20281,126.95486,2,북구,전남광주통합특별시 북구 망월동 1123,한전주
35.20283,126.90041,1,북구,전남광주통합특별시 북구 삼각동 803-2,전용주
35.20287,126.86661,1,북구,전남광주통합특별시 북구 연제동 440-1,한전주
35.2029,126.86755,1,북구,전남광주통합특별시 북구 연제동 423-1,한전주
35.20291,126.9016,1,북구,전남광주통합특별시 북구 삼각동 806-3,전용주
35.20294,126.95358,1,북구,전남광주통합특별시 북구 망월동 529-8,한전주
35.20297,126.9538,2,북구,전남광주통합특별시 북구 망월동 515-2,한전주
35.20302,126.90116,1,북구,전남광주통합특별시 북구 삼각동 803-8,전용주
35.20306,126.90134,1,북구,전남광주통합특별시 북구 삼각동 803-9,전용주
35.20312,126.95279,1,북구,전남광주통합특별시 북구 망월동 529-5,한전주
35.20317,126.89792,1,북구,전남광주통합특별시 북구 일곡동 814-6,전용주
35.20321,126.89737,1,북구,전남광주통합특별시 북구 일곡동 843-4,건축물
35.20321,126.89761,1,북구,전남광주통합특별시 북구 일곡동 842-1,건축물
35.20321,126.95323,1,북구,전남광주통합특별시 북구 망월동 529-6,한전주
35.20335,126.89808,1,북구,전남광주통합특별시 북구 일곡동 841-6,전용주
35.20338,126.8979,1,북구,전남광주통합특별시 북구 일곡동 814-6,건축물
35.20343,126.9002,1,북구,전남광주통합특별시 북구 일곡동 838-1,건축물
35.20344,126.89728,1,북구,전남광주통합특별시 북구 일곡동 843-3,전용주
35.2035,126.87061,1,북구,전남광주통합특별시 북구 연제동 6-3,건축물
35.2035,126.90044,1,북구,전남광주통합특별시 북구 일곡동 838-3,건축물
35.20353,126.86644,1,북구,전남광주통합특별시 북구 연제동 576-2,한전주
35.20359,126.90082,1,북구,전남광주통합특별시 북구 일곡동 838-6,건축물
35.20362,126.89881,1,북구,전남광주통합특별시 북구 일곡동 831-5,건축물
35.20363,126.89719,1,북구,전남광주통합특별시 북구 일곡동 843-2,건축물
35.20363,126.90096,1,북구,전남광주통합특별시 북구 일곡동 838-7,건축물
35.20364,126.86773,1,북구,전남광주통합특별시 북구 연제동 419,한전주
35.20364,126.89799,1,북구,전남광주통합특별시 북구 일곡동 841-4,전용주
35.20368,126.90134,1,북구,전남광주통합특별시 북구 일곡동 837-11,건축물
35.20371,126.87403,1,북구,전남광주통합특별시 북구 양산동 288-11,건축물
35.20374,126.89947,1,북구,전남광주통합특별시 북구 일곡동 833-6,건축물
35.2038,126.9003,1,북구,전남광주통합특별시 북구 일곡동 834-8,건축물
35.20381,126.86797,1,북구,전남광주통합특별시 북구 연제동 462-7,한전주
35.20383,126.89795,1,북구,전남광주통합특별시 북구 일곡동 841-3,건축물
35.20385,126.90129,1,북구,전남광주통합특별시 북구 일곡동 837-10,건축물
35.20386,126.90086,1,북구,전남광주통합특별시 북구 일곡동 836-10,건축물
35.20392,126.86686,1,북구,전남광주통합특별시 북구 연제동 398-13,한전주
35.20393,126.95283,1,북구,전남광주통합특별시 북구 망월동 542-6,한전주
35.20393,126.95288,1,북구,전남광주통합특별시 북구 망월동 542-6,한전주
35.20395,126.90017,1,북구,전남광주통합특별시 북구 일곡동 834-7,건축물
35.20396,126.89941,1,북구,전남광주통합특별시 북구 일곡동 833-7,건축물
35.20402,126.89785,1,북구,전남광주통합특별시 북구 일곡동 841-1,건축물
35.20404,126.86772,1,북구,전남광주통합특별시 북구 연제동 463-6,전용주
35.20406,126.90077,1,북구,전남광주통합특별시 북구 일곡동 836-12,건축물
35.20407,126.87106,1,북구,전남광주통합특별시 북구 양산동 288-15,건축물
35.20412,126.86717,2,북구,전남광주통합특별시 북구 연제동 398-82,한전주
35.20413,126.87389,1,북구,전남광주통합특별시 북구 양산동 288-2,건축물
35.20413,126.95045,1,북구,전남광주통합특별시 북구 망월동 산195-2,한전주
35.20415,126.89932,1,북구,전남광주통합특별시 북구 일곡동 833-8,건축물
35.20419,126.90008,1,북구,전남광주통합특별시 북구 일곡동 834-5,건축물
35.20419,126.95284,1,북구,전남광주통합특별시 북구 망월동 550-1,한전주
35.20423,126.87049,1,북구,전남광주통합특별시 북구 연제동 7-5,건축물
35.20424,126.87048,1,북구,전남광주통합특별시 북구 연제동 산15-5,전용주
35.20428,126.9331,1,북구,전남광주통합특별시 북구 장등동 1036,한전주
35.20429,126.90084,1,북구,전남광주통합특별시 북구 일곡동 836-6,건축물
35.2043,126.95316,1,북구,전남광주통합특별시 북구 망월동 572-1,한전주
35.20431,126.8969,1,북구,전남광주통합특별시 북구 일곡동 844-3,전용주
35.20435,126.8742,2,북구,전남광주통합특별시 북구 양산동 685-11,전용주
35.20435,126.90049,1,북구,전남광주통합특별시 북구 일곡동 835-5,건축물
35.20435,126.95194,1,북구,전남광주통합특별시 북구 망월동 554-2,건축물
35.20437,126.86702,1,북구,전남광주통합특별시 북구 연제동 398-6,한전주
35.20437,126.86942,1,북구,전남광주통합특별시 북구 연제동 5-36,한전주
35.20438,126.86673,1,북구,전남광주통합특별시 북구 연제동 398-8,한전주
35.20438,126.86744,1,북구,전남광주통합특별시 북구 연제동 398-68,한전주
35.20438,126.95851,1,북구,전남광주통합특별시 북구 망월동 15,한전주
35.20439,126.89694,1,북구,전남광주통합특별시 북구 일곡동 844-3,건축물
35.20442,126.86731,2,북구,전남광주통합특별시 북구 연제동 398-4,한전주
35.20443,126.87207,1,북구,전남광주통합특별시 북구 양산동 288-15,건축물
35.20444,126.8679,1,북구,전남광주통합특별시 북구 연제동 398-65,한전주
35.20445,126.89998,1,북구,전남광주통합특별시 북구 일곡동 834-3,건축물
35.20446,126.86878,1,북구,전남광주통합특별시 북구 연제동 398-71,한전주
35.20448,126.86955,1,북구,전남광주통합특별시 북구 연제동 5-9,한전주
35.20448,126.90105,1,북구,전남광주통합특별시 북구 일곡동 837-4,건축물
35.2045,126.87207,1,북구,전남광주통합특별시 북구 양산동 288-15,건축물
35.2045,126.87268,1,북구,전남광주통합특별시 북구 양산동 287-12 양산호수화장실앞,한전주
35.20457,126.90035,1,북구,전남광주통합특별시 북구 일곡동 835-3,건축물
35.20459,126.89686,1,북구,전남광주통합특별시 북구 일곡동 844-2,건축물
35.2046,126.87403,1,북구,전남광주통합특별시 북구 양산동 297-1,한전주
35.20461,126.86806,1,북구,전남광주통합특별시 북구 연제동 398-46,한전주
35.20461,126.87339,1,북구,전남광주통합특별시 북구 양산동 288-1,한전주
35.20462,126.87061,3,북구,전남광주통합특별시 북구 연제동 7-3,전용주
35.20462,126.87403,4,북구,전남광주통합특별시 북구 양산동 297-1,한전주
35.20462,126.95181,1,북구,전남광주통합특별시 북구 망월동 559-3,한전주
35.20464,126.87012,1,북구,전남광주통합특별시 북구 연제동 5-1,한전주
35.20465,126.86717,1,북구,전남광주통합특별시 북구 연제동 398-3,한전주
35.20466,126.86878,1,북구,전남광주통합특별시 북구 연제동 398-59,한전주
35.20466,126.87048,1,북구,전남광주통합특별시 북구 연제동 478-180 예수사랑교회,한전주
35.20466,126.87311,1,북구,전남광주통합특별시 북구 양산동 288-7,한전주
35.20468,126.89963,1,북구,전남광주통합특별시 북구 일곡동 934-1,건축물
35.20473,126.86985,1,북구,전남광주통합특별시 북구 연제동 5-14,한전주
35.20475,126.95306,1,북구,전남광주통합특별시 북구 망월동576-1,한전주
35.20476,126.90206,1,북구,전남광주통합특별시 북구 삼각동 275-4,한전주
35.2048,126.8721,1,북구,전남광주통합특별시 북구 양산동 284-17,한전주
35.2048,126.89997,1,북구,전남광주통합특별시 북구 일곡동 827-14,건축물
35.2048,126.95173,1,북구,전남광주통합특별시 북구 망월동 559-4,한전주
35.20481,126.86877,1,북구,전남광주통합특별시 북구 연제동 478-143,한전주
35.20482,126.8728,1,북구,전남광주통합특별시 북구 양산동 286-8,건축물
35.20482,126.89982,1,북구,전남광주통합특별시 북구 일곡동 827-15,건축물
35.20483,126.86913,1,북구,전남광주통합특별시 북구 연제동 4-2,한전주
35.20483,126.90068,1,북구,전남광주통합특별시 북구 일곡동 836-2,건축물
35.20484,126.86804,1,북구,전남광주통합특별시 북구 연제동 398-36,한전주
35.20484,126.95245,1,북구,전남광주통합특별시 북구 망월동 567-10,한전주
35.20485,126.87284,1,북구,전남광주통합특별시 북구 양산동 286-8,한전주
35.20486,126.87313,1,북구,전남광주통합특별시 북구 양산동 287-1,한전주
35.20487,126.95323,1,북구,전남광주통합특별시 북구 망월동 577-19,한전주
35.20488,126.9325,1,북구,전남광주통합특별시 북구 장등동 산232-2,한전주
35.20489,126.87291,1,북구,전남광주통합특별시 북구 양산동 286-2,건축물
35.2049,126.89904,1,북구,전남광주통합특별시 북구 일곡동 828-7,건축물
35.20492,126.88308,1,북구,전남광주통합특별시 북구 일곡동 753-44,한전주
35.20492,126.90026,1,북구,전남광주통합특별시 북구 일곡동 827-12,건축물
35.20494,126.89869,1,북구,전남광주통합특별시 북구 일곡동 829-1,건축물
35.20494,126.90052,1,북구,전남광주통합특별시 북구 일곡동 827-10,건축물
35.20495,126.90233,1,북구,전남광주통합특별시 북구 삼각동 283-6,한전주
35.20497,126.86923,1,북구,전남광주통합특별시 북구 연제동 478-138,한전주
35.20497,126.87237,1,북구,전남광주통합특별시 북구 양산동 284-99,한전주
35.205,126.87237,1,북구,전남광주통합특별시 북구 양산동 284-7,한전주
35.205,126.8734,1,북구,전남광주통합특별시 북구 양산동 287-4,건축물
35.205,126.88155,1,북구,전남광주통합특별시 북구 일곡동 753-30,한전주
35.205,126.88189,1,북구,전남광주통합특별시 북구 일곡동 753-31,한전주
35.20503,126.87027,1,북구,전남광주통합특별시 북구 연제동 478-181,한전주
35.20503,126.87286,1,북구,전남광주통합특별시 북구 양산동 284-3,건축물
35.20504,126.86768,1,북구,전남광주통합특별시 북구 연제동 398-24,한전주
35.20505,126.86804,1,북구,전남광주통합특별시 북구 연제동 398-26,한전주
35.20505,126.87306,1,북구,전남광주통합특별시 북구 양산동 286-7,건축물
35.20505,126.90094,1,북구,전남광주통합특별시 북구 일곡동 823-10,건축물
35.20506,126.87188,1,북구,전남광주통합특별시 북구 양산동 284-11,한전주
35.20507,126.89994,1,북구,전남광주통합특별시 북구 일곡동 827-3,건축물
35.20508,126.90019,1,북구,전남광주통합특별시 북구 일곡동 827-5,건축물
35.20509,126.95219,1,북구,전남광주통합특별시 북구 망월동 565-13,한전주
35.20511,126.9029,1,북구,전남광주통합특별시 북구 삼각동 282-1,한전주
35.20514,126.86874,1,북구,전남광주통합특별시 북구 연제동 478-130,한전주
35.20514,126.86982,1,북구,전남광주통합특별시 북구 연제동 478-163,한전주
35.20516,126.87292,1,북구,전남광주통합특별시 북구 양산동 284,한전주
35.20516,126.89812,1,북구,전남광주통합특별시 북구 일곡동 830-1,건축물
35.20517,126.90093,1,북구,전남광주통합특별시 북구 일곡동 823-9,건축물
35.20517,126.9029,1,북구,전남광주통합특별시 북구 삼각동 282-1,전용주
35.20518,126.87026,1,북구,전남광주통합특별시 북구 연제동 478-179,한전주
35.20518,126.88131,1,북구,전남광주통합특별시 북구 일곡동 753-29,한전주
35.20519,126.8828,1,북구,전남광주통합특별시 북구 일곡동 753-38,한전주
35.2052,126.87226,1,북구,전남광주통합특별시 북구 양산동 284-29,한전주
35.20522,126.86766,1,북구,전남광주통합특별시 북구 연제동 398-17,한전주
35.20522,126.872,1,북구,전남광주통합특별시 북구 양산동 284-38,한전주
35.20522,126.95779,1,북구,전남광주통합특별시 북구 망월동 24,한전주
35.20523,126.86861,1,북구,전남광주통합특별시 북구 연제동 478-127,한전주
35.20523,126.90273,1,북구,전남광주통합특별시 북구 삼각동 283-2,건축물
35.20524,126.87142,1,북구,전남광주통합특별시 북구 양산동 284-75,한전주
35.20528,126.86925,1,북구,전남광주통합특별시 북구 연제동 478-123,한전주
35.20528,126.95175,1,북구,전남광주통합특별시 북구 망월동 565-4,한전주
35.20529,126.90093,1,북구,전남광주통합특별시 북구 일곡동 823-8,한전주
35.2053,126.89356,1,북구,전남광주통합특별시 북구 일곡동 891-1 일동초등학교,건축물
35.20532,126.87076,1,북구,전남광주통합특별시 북구 연제동 478-213,한전주
35.20532,126.87106,1,북구,전남광주통합특별시 북구 연제동 478-233,한전주
35.20532,126.89324,1,북구,전남광주통합특별시 북구 일곡동 892-8 일동초등학교,건축물
35.20534,126.90055,1,북구,전남광주통합특별시 북구 일곡동 826-9,건축물
35.20535,126.87324,1,북구,전남광주통합특별시 북구 양산동 산122-10,건축물
35.20537,126.87273,1,북구,전남광주통합특별시 북구 양산동 284-1,한전주
35.20537,126.89988,1,북구,전남광주통합특별시 북구 일곡동 826-1,건축물
35.20537,126.90266,1,북구,전남광주통합특별시 북구 삼각동 285-4,한전주
35.20539,126.87404,1,북구,전남광주통합특별시 북구 양산동 281-11,한전주
35.20539,126.89295,1,북구,전남광주통합특별시 북구 일곡동 892-8 일동초등학교,건축물
35.2054,126.90266,1,북구,전남광주통합특별시 북구 삼각동 285-4,한전주
35.2054,126.90272,1,북구,전남광주통합특별시 북구 삼각동 735,한전주
35.20541,126.88182,1,북구,전남광주통합특별시 북구 일곡동 753-70,한전주
35.20541,126.90344,1,북구,전남광주통합특별시 북구 삼각동 281-5,건축물
35.20542,126.86874,1,북구,전남광주통합특별시 북구 연제동 478-107,한전주
35.20542,126.8817,1,북구,전남광주통합특별시 북구 일곡동 753-27,한전주
35.20544,126.86974,2,북구,전남광주통합특별시 북구 연제동 478-266,한전주
35.20544,126.87049,1,북구,전남광주통합특별시 북구 연제동 478-206,한전주
35.20544,126.87191,1,북구,전남광주통합특별시 북구 양산동 284-36,한전주
35.20544,126.89844,1,북구,전남광주통합특별시 북구 일곡동 821-7,건축물
35.20547,126.86844,1,북구,전남광주통합특별시 북구 연제동 478-109,한전주
35.20547,126.90026,1,북구,전남광주통합특별시 북구 일곡동 826-4,건축물
35.20548,126.86911,1,북구,전남광주통합특별시 북구 연제동 478-105,한전주
35.20548,126.87422,2,북구,전남광주통합특별시 북구 양산동 산 281-11,한전주
35.20549,126.86802,1,북구,전남광주통합특별시 북구 연제동 478-61,한전주
35.20549,126.87072,1,북구,전남광주통합특별시 북구 연제동 478-208,한전주
35.20549,126.89844,1,북구,전남광주통합특별시 북구 일곡동 821-7,건축물
35.20549,126.9004,1,북구,전남광주통합특별시 북구 일곡동 826-5,건축물
35.20551,126.86976,1,북구,전남광주통합특별시 북구 연제동 478-156,한전주
35.20553,126.87242,1,북구,전남광주통합특별시 북구 양산동 283-10,건축물
35.20553,126.87284,1,북구,전남광주통합특별시 북구 양산동 283-91,한전주
35.20554,126.87105,1,북구,전남광주통합특별시 북구 연제동 478-226,건축물
35.20554,126.87144,1,북구,전남광주통합특별시 북구 양산동 284-63,한전주
35.20557,126.89258,1,북구,전남광주통합특별시 북구 일곡동 892-10,건축물
35.20558,126.88208,1,북구,전남광주통합특별시 북구 일곡동 753-33,한전주
35.20558,126.90092,1,북구,전남광주통합특별시 북구 일곡동 823-6,건축물
35.2056,126.88248,1,북구,전남광주통합특별시 북구 일곡동 753-35,한전주
35.20561,126.86851,1,북구,전남광주통합특별시 북구 연제동 478-95,한전주
35.20561,126.87477,1,북구,전남광주통합특별시 북구 양산동 282-3,한전주
35.20563,126.90204,2,북구,전남광주통합특별시 북구 삼각동 407,한전주
35.20564,126.8681,1,북구,전남광주통합특별시 북구 연제동 478,한전주
35.20565,126.89214,2,북구,전남광주통합특별시 북구 일곡동 895-10,한전주
35.20566,126.86971,1,북구,전남광주통합특별시 북구 연제동 478-155,한전주
35.20566,126.87206,1,북구,전남광주통합특별시 북구 양산동 283,한전주
35.20566,126.95305,1,북구,전남광주통합특별시 북구 망월동 580-1,한전주
35.20568,126.86902,1,북구,전남광주통합특별시 북구 연제동 478-98,한전주
35.20572,126.8716,1,북구,전남광주통합특별시 북구 양산동 284-59,한전주
35.20572,126.89156,1,북구,전남광주통합특별시 북구 일곡동 897-12,건축물
35.20573,126.8709,1,북구,전남광주통합특별시 북구 연제동 478-199,건축물
35.20573,126.89973,1,북구,전남광주통합특별시 북구 일곡동 824-1,건축물
35.20574,126.88305,1,북구,전남광주통합특별시 북구 일곡동 753-49,한전주
35.20574,126.95111,1,북구,전남광주통합특별시 북구 망월동 565-2,한전주
35.20576,126.8817,1,북구,전남광주통합특별시 북구 일곡동 753-25,한전주
35.20576,126.89986,1,북구,전남광주통합특별시 북구 일곡동 824-2,건축물
35.20576,126.90093,1,북구,전남광주통합특별시 북구 일곡동 823-4,건축물
35.20577,126.89252,1,북구,전남광주통합특별시 북구 일곡동 892-11,건축물
35.20578,126.87296,1,북구,전남광주통합특별시 북구 양산동 274-58,한전주
35.20581,126.9317,1,북구,전남광주통합특별시 북구 장등동 807-5,한전주
35.20583,126.89927,1,북구,전남광주통합특별시 북구 일곡동 822-1,건축물
35.20584,126.87445,1,북구,전남광주통합특별시 북구 양산동 1090,한전주
35.20585,126.87194,1,북구,전남광주통합특별시 북구 양산동 283-28,한전주
35.20586,126.90346,1,북구,전남광주통합특별시 북구 삼각동 406-5,건축물
35.20587,126.89136,1,북구,전남광주통합특별시 북구 일곡동 897-24,건축물
35.20587,126.89196,1,북구,전남광주통합특별시 북구 일곡동 897-9,건축물
35.20587,126.9007,1,북구,전남광주통합특별시 북구 일곡동 824-8,건축물
35.20587,126.90247,1,북구,전남광주통합특별시 북구 삼각동 407-2,건축물
35.20588,126.87018,1,북구,전남광주통합특별시 북구 연제동 3-13,한전주
35.2059,126.87219,1,북구,전남광주통합특별시 북구 양산동 283-44,한전주
35.20591,126.87117,1,북구,전남광주통합특별시 북구 연제동 478-246,건축물
35.20592,126.89265,1,북구,전남광주통합특별시 북구 일곡동 892-5,전용주
35.20593,126.89109,1,북구,전남광주통합특별시 북구 일곡동 897-25,건축물
35.20594,126.89252,1,북구,전남광주통합특별시 북구 일곡동 892-12,한전주
35.20598,126.87193,1,북구,전남광주통합특별시 북구 양산동 283-30,한전주
35.20598,126.90094,1,북구,전남광주통합특별시 북구 일곡동 823-2,건축물
35.206,126.8919,1,북구,전남광주통합특별시 북구 일곡동 897-21,건축물
35.20602,126.90038,1,북구,전남광주통합특별시 북구 일곡동 822-9,건축물
35.20603,126.8695,1,북구,전남광주통합특별시 북구 연제동 478-75,한전주
35.20604,126.88178,1,북구,전남광주통합특별시 북구 일곡동 753-13,한전주
35.20604,126.88231,1,북구,전남광주통합특별시 북구 일곡동 753-82,한전주
35.20605,126.89333,1,북구,전남광주통합특별시 북구 일곡동 890-1,건축물
35.20606,126.89267,1,북구,전남광주통합특별시 북구 일곡동 892-4,전용주
35.20607,126.87295,1,북구,전남광주통합특별시 북구 양산동 274-45,한전주
35.20607,126.90278,1,북구,전남광주통합특별시 북구 삼각동 409-1,한전주
35.20609,126.88178,1,북구,전남광주통합특별시 북구 일곡동 753-13,한전주
35.20612,126.90308,1,북구,전남광주통합특별시 북구 삼각동 409-3,한전주
35.20612,126.94937,1,북구,전남광주통합특별시 북구 망월동 812-3,한전주
35.20613,126.87242,1,북구,전남광주통합특별시 북구 양산동 274-15,한전주
35.20614,126.87533,1,북구,전남광주통합특별시 북구 양산동 154-10,한전주
35.20615,126.94465,1,북구,전남광주통합특별시 북구 망월동 1073,한전주
35.20621,126.8722,2,북구,전남광주통합특별시 북구 양산동 274-96,한전주
35.20622,126.8915,1,북구,전남광주통합특별시 북구 일곡동 898-10,건축물
35.20624,126.88278,1,북구,전남광주통합특별시 북구 일곡동 753-74,한전주
35.20624,126.89028,1,북구,전남광주통합특별시 북구 일곡동 906-25,건축물
35.20624,126.89119,1,북구,전남광주통합특별시 북구 일곡동 898-12,전용주
35.20626,126.89054,1,북구,전남광주통합특별시 북구 일곡동 905-18,건축물
35.20626,126.89162,1,북구,전남광주통합특별시 북구 일곡동 898-4,건축물
35.20626,126.89257,1,북구,전남광주통합특별시 북구 일곡동 892-1,건축물
35.20628,126.891,1,북구,전남광주통합특별시 북구 일곡동 898-13,건축물
35.20631,126.90443,2,북구,전남광주통합특별시 북구 삼각동 404,한전주
35.20632,126.94949,1,북구,전남광주통합특별시 북구 망월동 816-3,한전주
35.20634,126.87508,1,북구,전남광주통합특별시 북구 양산동 1091,한전주
35.20636,126.89176,1,북구,전남광주통합특별시 북구 일곡동 898-5,건축물
35.20636,126.89215,1,북구,전남광주통합특별시 북구 일곡동 895-1,건축물
35.20638,126.89118,1,북구,전남광주통합특별시 북구 일곡동 898-1,건축물
35.20638,126.89376,1,북구,전남광주통합특별시 북구 일곡동 887-7 일동초등학교,전용주
35.20639,126.86806,1,북구,전남광주통합특별시 북구 연제동 480-4,한전주
35.20639,126.89215,1,북구,전남광주통합특별시 북구 일곡동 895-1,전용주
35.20639,126.90441,1,북구,전남광주통합특별시 북구 삼각동 403,건축물
35.20639,126.94862,1,북구,전남광주통합특별시 북구 망월동 813,한전주
35.2064,126.93152,1,북구,전남광주통합특별시 북구 장등동 802-2,한전주
35.20645,126.95045,1,북구,전남광주통합특별시 북구 망월동 825-2,한전주
35.20647,126.90489,1,북구,전남광주통합특별시 북구 삼각동 734,건축물
35.20649,126.87001,1,북구,전남광주통합특별시 북구 연제동 478-14,한전주
35.20653,126.8708,1,북구,전남광주통합특별시 북구 연제동 478-37,한전주
35.20653,126.90557,1,북구,전남광주통합특별시 북구 삼각동 401-3,한전주
35.20654,126.88181,1,북구,전남광주통합특별시 북구 양산동 57-70,한전주
35.20654,126.8929,1,북구,전남광주통합특별시 북구 일곡동 889-8,전용주
35.20654,126.89305,1,북구,전남광주통합특별시 북구 일곡동 889-7,전용주
35.20654,126.89343,1,북구,전남광주통합특별시 북구 일곡동 888-7,전용주
35.20654,126.90551,1,북구,전남광주통합특별시 북구 삼각동 401-3,한전주
35.20655,126.89097,1,북구,전남광주통합특별시 북구 일곡동 904-5,건축물
35.20655,126.8924,1,북구,전남광주통합특별시 북구 일곡동 894-6,전용주
35.20655,126.89267,2,북구,전남광주통합특별시 북구 일곡동 893-7,전용주
35.20655,126.9086,1,북구,전남광주통합특별시 북구 삼각동 728 일곡한솔요양원,한전주
35.20656,126.88304,1,북구,전남광주통합특별시 북구 양산동 57-36,한전주
35.2066,126.87015,1,북구,전남광주통합특별시 북구 연제동 478-18,건축물
35.20662,126.88242,1,북구,전남광주통합특별시 북구 양산동 57-82,한전주
35.20662,126.89349,1,북구,전남광주통합특별시 북구 일곡동 888-6,건축물
35.20663,126.87218,1,북구,전남광주통합특별시 북구 양산동 275-2,건축물
35.20663,126.89328,1,북구,전남광주통합특별시 북구 일곡동 888-9,건축물
35.20663,126.9087,1,북구,전남광주통합특별시 북구 삼각동 301,한전주
35.20665,126.94427,1,북구,전남광주통합특별시 북구 망월동 219-1,건축물
35.20666,126.88228,1,북구,전남광주통합특별시 북구 양산동 57-32,한전주
35.20669,126.86968,1,북구,전남광주통합특별시 북구 연제동 478-5,한전주
35.20669,126.8938,1,북구,전남광주통합특별시 북구 일곡동 887-6,전용주
35.20671,126.86805,1,북구,전남광주통합특별시 북구 연제동 483-36,한전주
35.20671,126.87217,1,북구,전남광주통합특별시 북구 양산동 275-1,건축물
35.20673,126.90828,1,북구,전남광주통합특별시 북구 삼각동 397-1 일곡한솔요양원,한전주
35.20673,126.91019,1,북구,전남광주통합특별시 북구 삼각동 314-2,한전주
35.20674,126.91022,1,북구,전남광주통합특별시 북구 삼각동 316-1,한전주
35.20675,126.89217,1,북구,전남광주통합특별시 북구 일곡동 894-8,건축물
35.20676,126.8723,1,북구,전남광주통합특별시 북구 양산동 275-6,한전주
35.20676,126.878,1,북구,전남광주통합특별시 북구 양산동 1009,전용주
35.20679,126.86948,1,북구,전남광주통합특별시 북구 연제동 483-126,한전주
35.20679,126.87267,1,북구,전남광주통합특별시 북구 양산동 275-13,한전주
35.20679,126.90944,2,북구,전남광주통합특별시 북구 삼각동 307-2,한전주
35.2068,126.86992,1,북구,전남광주통합특별시 북구 연제동 478-11,한전주
35.2068,126.87014,1,북구,전남광주통합특별시 북구 연제동 478-20,한전주
35.20681,126.87222,2,북구,전남광주통합특별시 북구 양산동 274-3,건축물
35.20681,126.89174,1,북구,전남광주통합특별시 북구 일곡동 899-9,건축물
35.20681,126.89254,1,북구,전남광주통합특별시 북구 일곡동 893-9,건축물
35.20681,126.91044,1,북구,전남광주통합특별시 북구 삼각동 729,한전주
35.20682,126.87047,1,북구,전남광주통합특별시 북구 연제동 478-30,한전주
35.20682,126.91044,1,북구,전남광주통합특별시 북구 삼각동 729,한전주
35.20683,126.89032,1,북구,전남광주통합특별시 북구 일곡동 905-9,건축물
35.20683,126.90787,1,북구,전남광주통합특별시 북구 삼각동 730 일곡한솔요양원,한전주
35.20684,126.89056,1,북구,전남광주통합특별시 북구 일곡동 905-3,건축물
35.20684,126.89098,1,북구,전남광주통합특별시 북구 일곡동 904-3,건축물
35.20685,126.87222,1,북구,전남광주통합특별시 북구 양산동 274-3,한전주
35.20685,126.8929,1,북구,전남광주통합특별시 북구 일곡동 889-10,전용주
35.20685,126.89322,1,북구,전남광주통합특별시 북구 일곡동 888-10,건축물
35.20686,126.88172,1,북구,전남광주통합특별시 북구 양산동 57-69,한전주
35.20688,126.89366,1,북구,전남광주통합특별시 북구 일곡동 887-10,건축물
35.20689,126.88136,1,북구,전남광주통합특별시 북구 양산동 57-23,한전주
35.2069,126.88172,1,북구,전남광주통합특별시 북구 양산동 57-69,한전주
35.20694,126.86803,1,북구,전남광주통합특별시 북구 연제동 483-34,한전주
35.20696,126.88998,1,북구,전남광주통합특별시 북구 일곡동 906-1,건축물
35.20699,126.89381,1,북구,전남광주통합특별시 북구 일곡동 887-4,전용주
35.20701,126.87085,1,북구,전남광주통합특별시 북구 양산동 283-86,한전주
35.20703,126.88228,1,북구,전남광주통합특별시 북구 양산동 57-67,한전주
35.20703,126.88937,1,북구,전남광주통합특별시 북구 일곡동 909-18,건축물
35.20703,126.90645,3,북구,전남광주통합특별시 북구 삼각동 394-7,한전주
35.20704,126.88243,1,북구,전남광주통합특별시 북구 양산동 57-14,한전주
35.20704,126.88276,1,북구,전남광주통합특별시 북구 양산동 57-13,한전주
35.20704,126.88888,1,북구,전남광주통합특별시 북구 일곡동 909-20,건축물
35.20704,126.90687,1,북구,전남광주통합특별시 북구 삼각동 394-1,한전주
35.20705,126.88868,1,북구,전남광주통합특별시 북구 일곡동 909-21,전용주
35.20706,126.86906,1,북구,전남광주통합특별시 북구 연제동 483-60,한전주
35.20707,126.88958,1,북구,전남광주통합특별시 북구 일곡동 907-3,건축물
35.20713,126.90611,1,북구,전남광주통합특별시 북구 삼각동 728-1,한전주
35.20714,126.8929,1,북구,전남광주통합특별시 북구 일곡동 889-12,전용주
35.20716,126.8921,1,북구,전남광주통합특별시 북구 일곡동 894-11,건축물
35.20717,126.891,1,북구,전남광주통합특별시 북구 일곡동 903-8,건축물
35.20717,126.89217,1,북구,전남광주통합특별시 북구 일곡동 894-11,건축물
35.20717,126.90744,1,북구,전남광주통합특별시 북구 삼각동 산40-2,한전주
35.20717,126.9075,1,북구,전남광주통합특별시 북구 삼각동 산40-2,한전주
35.20718,126.89024,1,북구,전남광주통합특별시 북구 일곡동 903-3,건축물
35.20718,126.8907,1,북구,전남광주통합특별시 북구 일곡동 903-6,건축물
35.20719,126.86903,1,북구,전남광주통합특별시 북구 연제동 483-79,한전주
35.20719,126.87146,1,북구,전남광주통합특별시 북구 양산동 283-1,한전주
35.2072,126.89381,1,북구,전남광주통합특별시 북구 일곡동 887-3,전용주
35.20722,126.88189,1,북구,전남광주통합특별시 북구 양산동 57-17,한전주
35.20723,126.89164,1,북구,전남광주통합특별시 북구 일곡동 901-4,건축물
35.20728,126.88228,1,북구,전남광주통합특별시 북구 양산동 57-15,한전주
35.20728,126.88243,1,북구,전남광주통합특별시 북구 양산동 57-68,한전주
35.20729,126.86809,1,북구,전남광주통합특별시 북구 연제동 483-31,한전주
35.20729,126.8938,1,북구,전남광주통합특별시 북구 일곡동 887-2,전용주
35.2073,126.89269,1,북구,전남광주통합특별시 북구 일곡동 893-2,전용주
35.20731,126.89254,1,북구,전남광주통합특별시 북구 일곡동 893-1,건축물
35.20731,126.89308,1,북구,전남광주통합특별시 북구 일곡동 889-2,전용주
35.20731,126.89322,1,북구,전남광주통합특별시 북구 일곡동 888-1,건축물
35.20731,126.8933,1,북구,전남광주통합특별시 북구 일곡동 888-1,전용주
35.20731,126.89363,1,북구,전남광주통합특별시 북구 일곡동 887-1,전용주
35.20731,126.89367,1,북구,전남광주통합특별시 북구 일곡동 887-1,건축물
35.20731,126.95058,1,북구,전남광주통합특별시 북구 망월동 887-3,한전주
35.20732,126.87316,1,북구,전남광주통합특별시 북구 양산동 273-4,한전주
35.20732,126.95058,1,북구,전남광주통합특별시 북구 망월동 887-3,한전주
35.20735,126.87317,1,북구,전남광주통합특별시 북구 양산동 274-69,한전주
35.20735,126.95006,1,북구,전남광주통합특별시 북구 망월동 831-1,한전주
35.20744,126.86884,1,북구,전남광주통합특별시 북구 연제동 483-112,한전주
35.20744,126.90709,1,북구,전남광주통합특별시 북구 삼각동 392,한전주
35.20744,126.95209,5,북구,전남광주통합특별시 북구 망월동 1154-4,한전주
35.20746,126.88968,1,북구,전남광주통합특별시 북구 일곡동 911-3,한전주
35.20747,126.94915,1,북구,전남광주통합특별시 북구 망월동 847-1,한전주
35.20748,126.88169,1,북구,전남광주통합특별시 북구 양산동 57-51,한전주
35.20748,126.88276,1,북구,전남광주통합특별시 북구 양산동 57-11,한전주
35.20748,126.95076,1,북구,전남광주통합특별시 북구 망월동 879-2,한전주
35.20749,126.88118,1,북구,전남광주통합특별시 북구 양산동 57-60,한전주
35.2075,126.86788,1,북구,전남광주통합특별시 북구 연제동 483-14,한전주
35.2075,126.86841,1,북구,전남광주통합특별시 북구 연제동 483-26,한전주
35.2075,126.88137,1,북구,전남광주통합특별시 북구 양산동 57-44,한전주
35.20751,126.89429,1,북구,전남광주통합특별시 북구 일곡동 935-1,한전주
35.20755,126.8922,1,북구,전남광주통합특별시 북구 일곡동 900-2,건축물
35.20756,126.88304,1,북구,전남광주통합특별시 북구 양산동 57-59,한전주
35.20756,126.88861,1,북구,전남광주통합특별시 북구 일곡동 910-16,건축물
35.20756,126.93136,1,북구,전남광주통합특별시 북구 장등동 796-2,한전주
35.20756,126.93137,1,북구,전남광주통합특별시 북구 장등동 796-2,한전주
35.20758,126.87068,1,북구,전남광주통합특별시 북구 연제동 2-10,한전주
35.20758,126.87074,1,북구,전남광주통합특별시 북구 양산동 283-65,건축물
35.20759,126.86808,1,북구,전남광주통합특별시 북구 연제동 483-17,한전주
35.20759,126.8687,1,북구,전남광주통합특별시 북구 연제동 483-47,한전주
35.20761,126.88936,1,북구,전남광주통합특별시 북구 일곡동 911-1,건축물
35.20761,126.8909,1,북구,전남광주통합특별시 북구 일곡동 595-1,한전주
35.20762,126.89069,1,북구,전남광주통합특별시 북구 일곡동 592-4,한전주
35.20763,126.89014,1,북구,전남광주통합특별시 북구 일곡동 912-2,한전주
35.20764,126.87291,1,북구,전남광주통합특별시 북구 양산동 274-64,한전주
35.20766,126.88174,1,북구,전남광주통합특별시 북구 양산동 57-6,한전주
35.2077,126.87189,1,북구,전남광주통합특별시 북구 양산동 254-47,한전주
35.2077,126.88241,1,북구,전남광주통합특별시 북구 양산동 57-62,한전주
35.20771,126.88954,1,북구,전남광주통합특별시 북구 일곡동 547,한전주
35.20773,126.87278,1,북구,전남광주통합특별시 북구 양산동 274-98,한전주
35.20777,126.90618,1,북구,전남광주통합특별시 북구 삼각동 732-19,건축물
35.20778,126.88848,1,북구,전남광주통합특별시 북구 일곡동 938-1,한전주
35.20781,126.86882,1,북구,전남광주통합특별시 북구 연제동 483-110,한전주
35.20781,126.95042,1,북구,전남광주통합특별시 북구 망월동 884-5,한전주
35.20782,126.88903,2,북구,전남광주통합특별시 북구 일곡동 910-1,건축물
35.20783,126.88244,1,북구,전남광주통합특별시 북구 양산동 57-74,한전주
35.20783,126.89161,1,북구,전남광주통합특별시 북구 일곡동 915-2,건축물
35.20786,126.86767,1,북구,전남광주통합특별시 북구 연제동 487-2,한전주
35.20787,126.89055,1,북구,전남광주통합특별시 북구 일곡동 587-1,한전주
35.20787,126.89057,1,북구,전남광주통합특별시 북구 일곡동 587-1,한전주
35.2079,126.86808,1,북구,전남광주통합특별시 북구 연제동 483-20,한전주
35.2079,126.8707,1,북구,전남광주통합특별시 북구 양산동 283-69,한전주
35.2079,126.87146,1,북구,전남광주통합특별시 북구 양산동 254-39,한전주
35.2079,126.88176,1,북구,전남광주통합특별시 북구 양산동 57-3,한전주
35.20791,126.94856,1,북구,전남광주통합특별시 북구 망월동 845-1,한전주
35.20792,126.88914,1,북구,전남광주통합특별시 북구 일곡동 926-3,건축물
35.20793,126.87157,1,북구,전남광주통합특별시 북구 양산동 254-40,한전주
35.20793,126.88979,1,북구,전남광주통합특별시 북구 일곡동 545,한전주
35.20794,126.89056,1,북구,전남광주통합특별시 북구 일곡동 586,한전주
35.20796,126.87112,1,북구,전남광주통합특별시 북구 양산동 283-70,한전주
35.20796,126.89144,1,북구,전남광주통합특별시 북구 일곡동 783-3,한전주
35.20798,126.8724,4,북구,전남광주통합특별시 북구 양산동 254-128,한전주
35.20799,126.89089,1,북구,전남광주통합특별시 북구 일곡동 591,한전주
35.208,126.88914,1,북구,전남광주통합특별시 북구 일곡동 926-3,한전주
35.20803,126.89104,1,북구,전남광주통합특별시 북구 일곡동 345-2,한전주
35.20803,126.89197,1,북구,전남광주통합특별시 북구 일곡동 915-5,건축물
35.20803,126.89257,2,북구,전남광주통합특별시 북구 일곡동 939-1,한전주
35.20805,126.89371,1,북구,전남광주통합특별시 북구 일곡동 882-2,전용주
35.20811,126.89168,1,북구,전남광주통합특별시 북구 일곡동 920-4,한전주
35.20812,126.86706,1,북구,전남광주통합특별시 북구 연제동 566-6,한전주
35.20812,126.87667,1,북구,전남광주통합특별시 북구 양산동 78-1,한전주
35.20813,126.86888,1,북구,전남광주통합특별시 북구 연제동 산3-7,한전주
35.20814,126.87616,1,북구,전남광주통합특별시 북구 양산동 134,한전주
35.20817,126.89293,1,북구,전남광주통합특별시 북구 일곡동 277,한전주
35.20817,126.89311,2,북구,전남광주통합특별시 북구 일곡동 268-1,한전주
35.2082,126.87157,1,북구,전남광주통합특별시 북구 양산동 254-31,한전주
35.2082,126.87586,1,북구,전남광주통합특별시 북구 양산동 135,한전주
35.2082,126.89237,1,북구,전남광주통합특별시 북구 일곡동 916-7,건축물
35.2082,126.89238,1,북구,전남광주통합특별시 북구 일곡동 916-7,건축물
35.2082,126.94997,1,북구,전남광주통합특별시 북구 망월동 838,건축물
35.20821,126.87566,1,북구,전남광주통합특별시 북구 양산동 125-2,한전주
35.20821,126.88863,1,북구,전남광주통합특별시 북구 일곡동 927-1,건축물
35.20822,126.89043,1,북구,전남광주통합특별시 북구 일곡동 580,한전주
35.20823,126.8674,1,북구,전남광주통합특별시 북구 신용동 619-7,한전주
35.20823,126.88939,1,북구,전남광주통합특별시 북구 일곡동 524,한전주
35.20824,126.8732,1,북구,전남광주통합특별시 북구 양산동 254-120,한전주
35.20824,126.89,1,북구,전남광주통합특별시 북구 일곡동 539,한전주
35.20826,126.88901,1,북구,전남광주통합특별시 북구 일곡동 926-1,건축물
35.20827,126.89013,2,북구,전남광주통합특별시 북구 일곡동 783,한전주
35.20828,126.89128,1,북구,전남광주통합특별시 북구 일곡동 382,한전주
35.20832,126.93136,1,북구,전남광주통합특별시 북구 장등동 1016-18,한전주
35.20834,126.87246,1,북구,전남광주통합특별시 북구 양산동 254-68,한전주
35.20834,126.89164,1,북구,전남광주통합특별시 북구 일곡동 352,한전주
35.20837,126.8671,1,북구,전남광주통합특별시 북구 연제동 566-5,한전주
35.20837,126.88921,1,북구,전남광주통합특별시 북구 일곡동 520-1,한전주
35.20841,126.86822,1,북구,전남광주통합특별시 북구 신용동 산 626-42,한전주
35.20842,126.87292,1,북구,전남광주통합특별시 북구 양산동 254-109,한전주
35.20843,126.88866,1,북구,전남광주통합특별시 북구 일곡동 928-6,한전주
35.20843,126.89365,1,북구,전남광주통합특별시 북구 일곡동 881-5,건축물
35.20844,126.88906,1,북구,전남광주통합특별시 북구 일곡동 520,건축물
35.20844,126.89322,1,북구,전남광주통합특별시 북구 일곡동 267-2,한전주
35.20845,126.87618,1,북구,전남광주통합특별시 북구 양산동 132-1,한전주
35.20845,126.88974,1,북구,전남광주통합특별시 북구 일곡동 535,한전주
35.20845,126.89156,1,북구,전남광주통합특별시 북구 일곡동 353,한전주
35.20846,126.87185,1,북구,전남광주통합특별시 북구 양산동 254-26,한전주
35.20847,126.87208,1,북구,전남광주통합특별시 북구 양산동 254-27,한전주
35.20847,126.88939,1,북구,전남광주통합특별시 북구 일곡동 526,한전주
35.20849,126.89378,1,북구,전남광주통합특별시 북구 일곡동 881-4,건축물
35.20851,126.89213,1,북구,전남광주통합특별시 북구 일곡동 920-1,한전주
35.20855,126.86714,1,북구,전남광주통합특별시 북구 연제동 566-4,한전주
35.20855,126.94786,1,북구,전남광주통합특별시 북구 망월동 858-2,한전주
35.20858,126.87331,1,북구,전남광주통합특별시 북구 양산동 254-105,한전주
35.20858,126.88923,1,북구,전남광주통합특별시 북구 일곡동 527,한전주
35.20862,126.86757,1,북구,전남광주통합특별시 북구 신용동 620-9,한전주
35.20862,126.87288,4,북구,전남광주통합특별시 북구 양산동 253-3,한전주
35.20862,126.87826,1,북구,전남광주통합특별시 북구 양산동 101,한전주
35.20862,126.8928,1,북구,전남광주통합특별시 북구 일곡동 917-1,전용주
35.20864,126.87719,1,북구,전남광주통합특별시 북구 양산동 669-15,한전주
35.20867,126.8938,1,북구,전남광주통합특별시 북구 일곡동 881-2,한전주
35.20868,126.87638,1,북구,전남광주통합특별시 북구 양산동 118,한전주
35.20872,126.8914,1,북구,전남광주통합특별시 북구 일곡동 379,한전주
35.20873,126.8719,1,북구,전남광주통합특별시 북구 양산동 254-142,한전주
35.20873,126.87208,1,북구,전남광주통합특별시 북구 양산동 254-20,한전주
35.20873,126.89296,1,북구,전남광주통합특별시 북구 일곡동 273-4,한전주
35.20876,126.89129,1,북구,전남광주통합특별시 북구 일곡동 386,한전주
35.20876,126.89243,1,북구,전남광주통합특별시 북구 일곡동 360,한전주
35.2088,126.89181,1,북구,전남광주통합특별시 북구 일곡동 355-1,한전주
35.20881,126.87719,1,북구,전남광주통합특별시 북구 양산동 109,한전주
35.20883,126.87242,1,북구,전남광주통합특별시 북구 양산동 260-12,한전주
35.20884,126.89005,1,북구,전남광주통합특별시 북구 일곡동 931-4,건축물
35.20888,126.87758,1,북구,전남광주통합특별시 북구 양산동 104,한전주
35.2089,126.86788,1,북구,전남광주통합특별시 북구 신용동 620-18,한전주
35.2089,126.89295,1,북구,전남광주통합특별시 북구 일곡동 273-1,한전주
35.20891,126.87116,1,북구,전남광주통합특별시 북구 양산동 256,건축물
35.20891,126.87702,1,북구,전남광주통합특별시 북구 양산동 107,한전주
35.20891,126.8771,1,북구,전남광주통합특별시 북구 양산동 107,건축물
35.20891,126.87878,1,북구,전남광주통합특별시 북구 양산동 93-25,한전주
35.20891,126.9522,1,북구,전남광주통합특별시 북구 망월동 1154-188,한전주
35.20893,126.87563,1,북구,전남광주통합특별시 북구 양산동 832,건축물
35.20893,126.87702,1,북구,전남광주통합특별시 북구 양산동 107,한전주
35.20898,126.87796,1,북구,전남광주통합특별시 북구 양산동 97,건축물
35.20898,126.89329,1,북구,전남광주통합특별시 북구 일곡동 263-1,한전주
35.20898,126.95023,1,북구,전남광주통합특별시 북구 망월동 869-1,한전주
35.20904,126.87776,1,북구,전남광주통합특별시 북구 양산동 99,한전주
35.20905,126.8928,1,북구,전남광주통합특별시 북구 일곡동 273-2,한전주
35.20905,126.89382,1,북구,전남광주통합특별시 북구 일곡동 879-4,한전주
35.20906,126.87755,1,북구,전남광주통합특별시 북구 양산동 103-1,한전주
35.20907,126.87832,1,북구,전남광주통합특별시 북구 양산동 95,한전주
35.20907,126.89396,2,북구,전남광주통합특별시 북구 일곡동 940-1,전용주
35.2091,126.87179,1,북구,전남광주통합특별시 북구 양산동 254-7,한전주
35.2091,126.87298,1,북구,전남광주통합특별시 북구 양산동 258-14,한전주
35.2091,126.89233,1,북구,전남광주통합특별시 북구 일곡동 361-1,한전주
35.2091,126.89389,1,북구,전남광주통합특별시 북구 일곡동 879-4,건축물
35.20913,126.891,1,북구,전남광주통합특별시 북구 일곡동 867-3,건축물
35.20915,126.87807,1,북구,전남광주통합특별시 북구 양산동 96,한전주
35.20916,126.89334,1,북구,전남광주통합특별시 북구 일곡동 254,한전주
35.20917,126.89261,1,북구,전남광주통합특별시 북구 일곡동 272,한전주
35.20918,126.89174,1,북구,전남광주통합특별시 북구 일곡동 368-1,한전주
35.20918,126.95002,1,북구,전남광주통합특별시 북구 망월동 869-2,한전주
35.2092,126.87722,1,북구,전남광주통합특별시 북구 양산동 166,건축물
35.20921,126.87287,1,북구,전남광주통합특별시 북구 양산동 258-10,한전주
35.20922,126.87327,1,북구,전남광주통합특별시 북구 양산동 249-14,한전주
35.20924,126.89292,1,북구,전남광주통합특별시 북구 일곡동 424,한전주
35.20926,126.89121,1,북구,전남광주통합특별시 북구 일곡동 391,한전주
35.20927,126.87857,1,북구,전남광주통합특별시 북구 양산동 94,한전주
35.20929,126.87704,1,북구,전남광주통합특별시 북구 양산동 165-1,한전주
35.20929,126.89028,2,북구,전남광주통합특별시 북구 일곡동 865-7,건축물
35.20933,126.8777,1,북구,전남광주통합특별시 북구 양산동 176,건축물
35.20933,126.88417,1,북구,전남광주통합특별시 북구 양산동 산29-10,한전주
35.20933,126.89384,1,북구,전남광주통합특별시 북구 일곡동 879-2,건축물
35.20934,126.89113,1,북구,전남광주통합특별시 북구 일곡동 396,한전주
35.20936,126.8788,1,북구,전남광주통합특별시 북구 양산동 190,한전주
35.20936,126.89113,1,북구,전남광주통합특별시 북구 일곡동 396,한전주
35.20936,126.89319,1,북구,전남광주통합특별시 북구 일곡동 427-3,한전주
35.20937,126.89192,1,북구,전남광주통합특별시 북구 일곡동 393,한전주
35.2094,126.86795,1,북구,전남광주통합특별시 북구 신용동 624-69,전용주
35.20943,126.86912,1,북구,전남광주통합특별시 북구 신용동 647,한전주
35.20943,126.89358,1,북구,전남광주통합특별시 북구 일곡동 878-3,건축물
35.20945,126.87727,1,북구,전남광주통합특별시 북구 양산동 168,건축물
35.20946,126.89233,1,북구,전남광주통합특별시 북구 일곡동 871-1,한전주
35.20948,126.89275,1,북구,전남광주통합특별시 북구 일곡동 423,한전주
35.20955,126.8912,1,북구,전남광주통합특별시 북구 일곡동 867-1,건축물
35.20955,126.89123,1,북구,전남광주통합특별시 북구 일곡동 867-1,한전주
35.20956,126.86781,1,북구,전남광주통합특별시 북구 신용동 603-1,한전주
35.20958,126.89037,1,북구,전남광주통합특별시 북구 일곡동 864-6,전용주
35.2096,126.94619,1,북구,전남광주통합특별시 북구 망월동 1201,한전주
35.20962,126.86793,1,북구,전남광주통합특별시 북구 신용동 624-14,한전주
35.20964,126.95138,1,북구,전남광주통합특별시 북구 망월동 1154-147,한전주
35.20966,126.87311,3,북구,전남광주통합특별시 북구 양산동 249-43,한전주
35.20967,126.88996,1,북구,전남광주통합특별시 북구 일곡동 932-2,건축물
35.2097,126.89186,1,북구,전남광주통합특별시 북구 일곡동 869-6,건축물
35.2097,126.89266,1,북구,전남광주통합특별시 북구 일곡동 409-1,한전주
35.20976,126.89034,1,북구,전남광주통합특별시 북구 일곡동 864-5,건축물
35.20976,126.89172,2,북구,전남광주통합특별시 북구 일곡동 869-7,건축물
35.20976,126.89412,1,북구,전남광주통합특별시 북구 일곡동 876-2,건축물
35.20979,126.89155,1,북구,전남광주통합특별시 북구 일곡동 869-2,전용주
35.2098,126.88427,1,북구,전남광주통합특별시 북구 양산동 6-1,한전주
35.20982,126.87306,1,북구,전남광주통합특별시 북구 양산동 249-41,한전주
35.20982,126.87828,1,북구,전남광주통합특별시 북구 양산동 873,전용주
35.20984,126.87538,1,북구,전남광주통합특별시 북구 양산동 803,전용주
35.20984,126.94123,1,북구,전남광주통합특별시 북구 장등동 100-1,한전주
35.20984,126.94754,1,북구,전남광주통합특별시 북구 망월동 1141-9,한전주
35.20992,126.93132,2,북구,전남광주통합특별시 북구 장등동 782-2,한전주
35.20994,126.89247,1,북구,전남광주통합특별시 북구 일곡동 873-2,한전주
35.20996,126.86695,7,북구,전남광주통합특별시 북구 신용동 862,한전주
35.20997,126.87513,1,북구,전남광주통합특별시 북구 양산동 803-1,전용주
35.20999,126.86156,1,북구,전남광주통합특별시 북구 신용동 677,건축물
35.21,126.94988,1,북구,전남광주통합특별시 북구 망월동 749-2,한전주
35.21004,126.88974,1,북구,전남광주통합특별시 북구 일곡동 514,건축물
35.21004,126.89306,2,북구,전남광주통합특별시 북구 일곡동 406-1,한전주
35.21005,126.89247,1,북구,전남광주통합특별시 북구 일곡동 873-1,건축물
35.21007,126.95139,1,북구,전남광주통합특별시 북구 망월동 1154-25,한전주
35.2101,126.95134,1,북구,전남광주통합특별시 북구 망월동 1154-25,한전주
35.21012,126.8939,1,북구,전남광주통합특별시 북구 일곡동 875-5,건축물
35.21012,126.95067,1,북구,전남광주통합특별시 북구 망월동 744-3,한전주
35.21013,126.94945,1,북구,전남광주통합특별시 북구 망월동 759-1,한전주
35.21015,126.94531,1,북구,전남광주통합특별시 북구 망월동 1170-4,한전주
35.21017,126.89324,1,북구,전남광주통합특별시 북구 일곡동 874-5,건축물
35.21019,126.89114,1,북구,전남광주통합특별시 북구 일곡동 859-3,건축물
35.2102,126.89075,1,북구,전남광주통합특별시 북구 일곡동 861-9,건축물
35.2102,126.89078,1,북구,전남광주통합특별시 북구 일곡동 861-9,건축물
35.21025,126.89197,1,북구,전남광주통합특별시 북구 일곡동 868-7,건축물
35.21026,126.94785,1,북구,전남광주통합특별시 북구 망월동 779-6,한전주
35.21031,126.88421,3,북구,전남광주통합특별시 북구 양산동 1136,한전주
35.21031,126.89018,1,북구,전남광주통합특별시 북구 일곡동 863-9,건축물
35.21031,126.94263,1,북구,전남광주통합특별시 북구 장등동 74-3,한전주
35.21032,126.9502,1,북구,전남광주통합특별시 북구 망월동 1140-1,한전주
35.21035,126.94057,1,북구,전남광주통합특별시 북구 장등동 96,한전주
35.21037,126.94057,1,북구,전남광주통합특별시 북구 장등동 96,한전주
35.21037,126.94167,1,북구,전남광주통합특별시 북구 장등동 1016-5,한전주
35.21037,126.94243,1,북구,전남광주통합특별시 북구 장등동 74-4,한전주
35.21041,126.89104,1,북구,전남광주통합특별시 북구 일곡동 860-7,건축물
35.21043,126.89012,1,북구,전남광주통합특별시 북구 일곡동 863-12,건축물
35.21043,126.94872,1,북구,전남광주통합특별시 북구 망월동 776-1,한전주
35.21044,126.89028,1,북구,전남광주통합특별시 북구 일곡동 863-8,건축물
35.21044,126.95037,1,북구,전남광주통합특별시 북구 망월동 740-2,전용주
35.21046,126.89168,1,북구,전남광주통합특별시 북구 일곡동 859-7,건축물
35.21053,126.9426,1,북구,전남광주통합특별시 북구 장등동 74-2,한전주
35.21055,126.9419,1,북구,전남광주통합특별시 북구 장등동 87,한전주
35.21056,126.94961,1,북구,전남광주통합특별시 북구 망월동 1139-1,한전주
35.21057,126.89273,1,북구,전남광주통합특별시 북구 일곡동 852-4,건축물
35.21057,126.9496,1,북구,전남광주통합특별시 북구 망월동 1139-1,한전주
35.21062,126.89202,1,북구,전남광주통합특별시 북구 일곡동 859-9 소스리공원,건축물
35.21064,126.94139,1,북구,전남광주통합특별시 북구 장등동 92-6,한전주
35.21066,126.89085,1,북구,전남광주통합특별시 북구 일곡동 860-9,건축물
35.21072,126.94082,1,북구,전남광주통합특별시 북구 장등동 93,한전주
35.21076,126.89232,1,북구,전남광주통합특별시 북구 일곡동 855-9,한전주
35.21077,126.8901,1,북구,전남광주통합특별시 북구 일곡동 863-15,건축물
35.21077,126.89025,1,북구,전남광주통합특별시 북구 일곡동 863-5,건축물
35.21078,126.89102,3,북구,전남광주통합특별시 북구 일곡동 860-4,건축물
35.21078,126.89282,1,북구,전남광주통합특별시 북구 일곡동 854-9,건축물
35.21079,126.89237,1,북구,전남광주통합특별시 북구 일곡동 855-9,건축물
35.21079,126.89289,1,북구,전남광주통합특별시 북구 일곡동 854-9,건축물
35.21084,126.9413,1,북구,전남광주통합특별시 북구 장등동 92-4,한전주
35.21086,126.95069,1,북구,전남광주통합특별시 북구 망월동 738-2,건축물
35.21088,126.9413,1,북구,전남광주통합특별시 북구 장등동 92-4,한전주
35.21089,126.89144,1,북구,전남광주통합특별시 북구 일곡동 858-4,건축물
35.21089,126.94014,1,북구,전남광주통합특별시 북구 장등동 1016-41,한전주
35.21092,126.89264,1,북구,전남광주통합특별시 북구 일곡동 854-11,건축물
35.21092,126.94858,2,북구,전남광주통합특별시 북구 망월동 1195,한전주
35.21092,126.94948,1,북구,전남광주통합특별시 북구 망월동 770-3,한전주
35.21094,126.89231,1,북구,전남광주통합특별시 북구 일곡동 855-10,건축물
35.21097,126.94084,1,북구,전남광주통합특별시 북구 장등동 92-2,한전주
35.211,126.89284,1,북구,전남광주통합특별시 북구 일곡동 854-7,건축물
35.21106,126.94883,2,북구,전남광주통합특별시 북구 망월동 1191,한전주
35.21107,126.94307,1,북구,전남광주통합특별시 북구 장등동 50-9,한전주
35.21108,126.89064,1,북구,전남광주통합특별시 북구 일곡동 861-2,건축물
35.21113,126.94089,2,북구,전남광주통합특별시 북구 장등동 산4,한전주
35.21116,126.94156,1,북구,전남광주통합특별시 북구 장등동 69-2,전용주
35.21118,126.94241,1,북구,전남광주통합특별시 북구 장등동 56-3,한전주
35.21119,126.87796,1,북구,전남광주통합특별시 북구 양산동 730,한전주
35.21119,126.89247,1,북구,전남광주통합특별시 북구 일곡동 855-5,건축물
35.2112,126.94409,1,북구,전남광주통합특별시 북구 망월동 1175-1,한전주
35.21122,126.89092,1,북구,전남광주통합특별시 북구 일곡동 862-9,건축물
35.21124,126.94231,1,북구,전남광주통합특별시 북구 장등동 57-1,한전주
35.21126,126.94284,1,북구,전남광주통합특별시 북구 장등동 50-7,건축물
35.21128,126.89209,1,북구,전남광주통합특별시 북구 일곡동 856-9,전용주
35.21128,126.94284,1,북구,전남광주통합특별시 북구 장등동 50-7,한전주
35.21129,126.87823,4,북구,전남광주통합특별시 북구 양산동 209-150,한전주
35.21129,126.94894,1,북구,전남광주통합특별시 북구 망월동 1166-10,한전주
35.2113,126.94327,1,북구,전남광주통합특별시 북구 장등동 50-5,한전주
35.21132,126.94432,1,북구,전남광주통합특별시 북구 망월동 1174-19,전용주
35.21135,126.93918,1,북구,전남광주통합특별시 북구 장등동 175-2,한전주
35.21136,126.93918,1,북구,전남광주통합특별시 북구 장등동 175-2,한전주
35.21136,126.94311,1,북구,전남광주통합특별시 북구 장등동 50-6,한전주
35.21142,126.89178,1,북구,전남광주통합특별시 북구 일곡동 856-5,건축물
35.21142,126.94275,1,북구,전남광주통합특별시 북구 장등동 43-2,한전주
35.21143,126.89007,3,북구,전남광주통합특별시 북구 일곡동 862-1,건축물
35.21143,126.89009,1,북구,전남광주통합특별시 북구 일곡동 862-1,건축물
35.21143,126.89074,1,북구,전남광주통합특별시 북구 일곡동 862-6,건축물
35.21144,126.89045,1,북구,전남광주통합특별시 북구 일곡동 862-13,건축물
35.21144,126.8911,1,북구,전남광주통합특별시 북구 일곡동 862-8,건축물
35.21144,126.89134,1,북구,전남광주통합특별시 북구 일곡동 856-1,건축물
35.21144,126.89158,1,북구,전남광주통합특별시 북구 일곡동 856-3,건축물
35.21144,126.89192,1,북구,전남광주통합특별시 북구 일곡동 856-6,건축물
35.21145,126.87646,1,북구,전남광주통합특별시 북구 양산동 209-171 광주소망교회,건축물
35.21145,126.93251,1,북구,전남광주통합특별시 북구 장등동 726-3,한전주
35.21145,126.94344,1,북구,전남광주통합특별시 북구 장등동 50-3,한전주
35.21146,126.87681,1,북구,전남광주통합특별시 북구 양산동 209-134,한전주
35.21146,126.87918,1,북구,전남광주통합특별시 북구 양산동 712-1,한전주
35.21147,126.89247,2,북구,전남광주통합특별시 북구 일곡동 855-3,건축물
35.21148,126.89233,1,북구,전남광주통합특별시 북구 일곡동 855-14,건축물
35.21148,126.93976,1,북구,전남광주통합특별시 북구 장등동 178-5,전용주
35.2115,126.94351,1,북구,전남광주통합특별시 북구 장등동 50-1,한전주
35.21157,126.94181,1,북구,전남광주통합특별시 북구 장등동 68,건축물
35.2116,126.94358,1,북구,전남광주통합특별시 북구 장등동 50-1,한전주
35.21162,126.89233,1,북구,전남광주통합특별시 북구 일곡동 855-15,건축물
35.21162,126.94212,1,북구,전남광주통합특별시 북구 장등동 64,한전주
35.21162,126.94336,1,북구,전남광주통합특별시 북구 장등동 42-2,한전주
35.21163,126.87563,1,북구,전남광주통합특별시 북구 양산동 209-7,한전주
35.21164,126.89284,1,북구,전남광주통합특별시 북구 일곡동 854-3,전용주
35.21164,126.93705,1,북구,전남광주통합특별시 북구 장등동 182-1,한전주
35.21167,126.89284,1,북구,전남광주통합특별시 북구 일곡동 854-1,건축물
35.21167,126.94369,1,북구,전남광주통합특별시 북구 장등동 50,건축물
35.21168,126.94242,1,북구,전남광주통합특별시 북구 장등동 61,한전주
35.21171,126.94846,1,북구,전남광주통합특별시 북구 망월동 1166-8,한전주
35.21172,126.8836,2,북구,전남광주통합특별시 북구 본촌동 3101,전용주
35.21172,126.94803,1,북구,전남광주통합특별시 북구 망월동 1194,한전주
35.21174,126.92141,1,북구,전남광주통합특별시 북구 장등동 산 163-3,한전주
35.21179,126.94846,1,북구,전남광주통합특별시 북구 망월동 1166-8,한전주
35.21183,126.87956,1,북구,전남광주통합특별시 북구 양산동 704,한전주
35.21187,126.87697,1,북구,전남광주통합특별시 북구 양산동 209-18,한전주
35.21192,126.93901,1,북구,전남광주통합특별시 북구 장등동 1016-42,한전주
35.21194,126.87836,2,북구,전남광주통합특별시 북구 양산동 209-19,한전주
35.21195,126.87733,1,북구,전남광주통합특별시 북구 양산동 209-98,한전주
35.21195,126.89439,1,북구,전남광주통합특별시 북구 일곡동 853-2 일신중학교,건축물
35.21196,126.89199,1,북구,전남광주통합특별시 북구 일곡동 산134,건축물
35.21197,126.87639,1,북구,전남광주통합특별시 북구 양산동 209-166,한전주
35.21198,126.87836,1,북구,전남광주통합특별시 북구 양산동 209-19,한전주
35.21198,126.94159,1,북구,전남광주통합특별시 북구 장등동 29,한전주
35.21208,126.94206,1,북구,전남광주통합특별시 북구 장등동 33,한전주
35.21209,126.87796,1,북구,전남광주통합특별시 북구 양산동 209-67,한전주
35.21213,126.94269,1,북구,전남광주통합특별시 북구 장등동 41,한전주
35.21214,126.8758,1,북구,전남광주통합특별시 북구 양산동 209-197,한전주
35.21215,126.89426,1,북구,전남광주통합특별시 북구 일곡동 853-3,건축물
35.21216,126.89749,1,북구,전남광주통합특별시 북구 일곡동 814-3,건축물
35.21217,126.94269,1,북구,전남광주통합특별시 북구 장등동 41,한전주
35.21218,126.87504,1,북구,전남광주통합특별시 북구 양산동 243-1,한전주
35.21218,126.94296,2,북구,전남광주통합특별시 북구 장등동 1013-2,한전주
35.21219,126.87842,1,북구,전남광주통합특별시 북구 양산동 209-60,한전주
35.21222,126.94922,1,북구,전남광주통합특별시 북구 망월동 730-2,한전주
35.21223,126.87745,1,북구,전남광주통합특별시 북구 양산동 209-183,전용주
35.21225,126.93907,1,북구,전남광주통합특별시 북구 장등동 산6,건축물
35.21226,126.94338,1,북구,전남광주통합특별시 북구 운정동 309-27,한전주
35.21227,126.94161,1,북구,전남광주통합특별시 북구 장등동 27,한전주
35.2123,126.94204,1,북구,전남광주통합특별시 북구 장등동 22,한전주
35.21232,126.88036,2,북구,전남광주통합특별시 북구 양산동 205-6,한전주
35.21232,126.89334,1,북구,전남광주통합특별시 북구 일곡동 932-1,한전주
35.21233,126.87328,1,북구,전남광주통합특별시 북구 용두동 330,한전주
35.21237,126.87706,1,북구,전남광주통합특별시 북구 양산동 209-23 지산건강원,한전주
35.21237,126.89334,6,북구,전남광주통합특별시 북구 일곡동 932-1,한전주
35.21239,126.93807,2,북구,전남광주통합특별시 북구 장등동 1017,한전주
35.21243,126.87806,1,북구,전남광주통합특별시 북구 양산동 209-65,한전주
35.21244,126.92221,1,북구,전남광주통합특별시 북구 장등동 1050-1,한전주
35.21248,126.87753,1,북구,전남광주통합특별시 북구 양산동 209-78,한전주
35.21254,126.87823,1,북구,전남광주통합특별시 북구 양산동 209-45,한전주
35.21257,126.8768,1,북구,전남광주통합특별시 북구 양산동 209-17,한전주
35.2126,126.9325,3,북구,전남광주통합특별시 북구 장등동 1028,한전주
35.21264,126.87654,1,북구,전남광주통합특별시 북구 양산동 209-144,한전주
35.21269,126.94116,1,북구,전남광주통합특별시 북구 장등동 13,한전주
35.21271,126.94166,1,북구,전남광주통합특별시 북구 장등동 16,한전주
35.21277,126.87721,1,북구,전남광주통합특별시 북구 양산동 209-109,한전주
35.21282,126.87617,1,북구,전남광주통합특별시 북구 용두동 283-7,한전주
35.21282,126.87862,1,북구,전남광주통합특별시 북구 양산동 209-46,한전주
35.21286,126.87598,2,북구,전남광주통합특별시 북구 용두동 283-14,한전주
35.21287,126.9415,1,북구,전남광주통합특별시 북구 장등동 12,한전주
35.21288,126.93746,1,북구,전남광주통합특별시 북구 장등동 산7-4,한전주
35.21289,126.89418,2,북구,전남광주통합특별시 북구 일곡동 산115,건축물
35.21291,126.87645,1,북구,전남광주통합특별시 북구 용두동 283-82,한전주
35.21291,126.87807,1,북구,전남광주통합특별시 북구 양산동 205-55,한전주
35.21293,126.92659,1,북구,전남광주통합특별시 북구 장등동 678-1,한전주
35.21294,126.94926,1,북구,전남광주통합특별시 북구 망월동 730-1,한전주
35.21296,126.87411,1,북구,전남광주통합특별시 북구 용두동 332-9,한전주
35.21297,126.87567,1,북구,전남광주통합특별시 북구 용두동 283-79,한전주
35.213,126.87592,1,북구,전남광주통합특별시 북구 용두동 283-3,한전주
35.21302,126.87657,1,북구,전남광주통합특별시 북구 용두동 283-18,한전주
35.21305,126.93564,1,북구,전남광주통합특별시 북구 장등동 1017-2,전용주
35.21307,126.87598,1,북구,전남광주통합특별시 북구 용두동 283-73,한전주
35.21308,126.87385,1,북구,전남광주통합특별시 북구 용두동 333-19,한전주
35.21309,126.87678,2,북구,전남광주통합특별시 북구 용두동 283-13,한전주
35.2131,126.88483,13,북구,전남광주통합특별시 북구 본촌동 3099,건축물
35.21311,126.8974,1,북구,전남광주통합특별시 북구 일곡동 814-2,건축물
35.21314,126.87408,1,북구,전남광주통합특별시 북구 용두동 332-12,한전주
35.21315,126.87361,1,북구,전남광주통합특별시 북구 용두동 333-14,한전주
35.21315,126.87433,2,북구,전남광주통합특별시 북구 용두동 332-5,건축물
35.21315,126.87688,1,북구,전남광주통합특별시 북구 용두동 283-36 협심경로당,한전주
35.21316,126.94543,1,북구,전남광주통합특별시 북구 운정동 298-8,한전주
35.21319,126.94836,1,북구,전남광주통합특별시 북구 망월동 1166-1,한전주
35.21322,126.87309,1,북구,전남광주통합특별시 북구 용두동 326-12,한전주
35.21322,126.87331,1,북구,전남광주통합특별시 북구 용두동 328,한전주
35.21325,126.87439,1,북구,전남광주통합특별시 북구 용두동 332-2,한전주
35.21327,126.87643,1,북구,전남광주통합특별시 북구 용두동 283-19,한전주
35.21329,126.87606,1,북구,전남광주통합특별시 북구 용두동 283-21,한전주
35.2133,126.88148,1,북구,전남광주통합특별시 북구 본촌동 69-39,한전주
35.21332,126.87657,1,북구,전남광주통합특별시 북구 용두동 283-77,한전주
35.21333,126.87725,1,북구,전남광주통합특별시 북구 용두동 283-84,한전주
35.21333,126.94928,1,북구,전남광주통합특별시 북구 망월동 676-4,한전주
35.21334,126.94147,2,북구,전남광주통합특별시 북구 장등동 4,한전주
35.21338,126.8743,1,북구,전남광주통합특별시 북구 용두동 333-5,한전주
35.21339,126.94928,1,북구,전남광주통합특별시 북구 망월동 676-4,한전주
35.21341,126.87698,1,북구,전남광주통합특별시 북구 용두동 283-32,한전주
35.21343,126.87855,1,북구,전남광주통합특별시 북구 양산동,한전주
35.21343,126.92852,1,북구,전남광주통합특별시 북구 장등동 269-10,한전주
35.21346,126.87647,1,북구,전남광주통합특별시 북구 용두동 283-25,한전주
35.21346,126.87721,1,북구,전남광주통합특별시 북구 용두동 283-46,전용주
35.21349,126.87221,1,북구,전남광주통합특별시 북구 용두동 326-7,한전주
35.21349,126.8768,1,북구,전남광주통합특별시 북구 용두동 283-34,한전주
35.21349,126.87808,2,북구,전남광주통합특별시 북구 용두동 1096,한전주
35.21352,126.87258,1,북구,전남광주통합특별시 북구 용두동 1120,한전주
35.21353,126.92733,1,북구,전남광주통합특별시 북구 장등동 644-1,한전주
35.21353,126.9496,1,북구,전남광주통합특별시 북구 망월동 678-5,한전주
35.21354,126.87716,1,북구,전남광주통합특별시 북구 용두동 283-46,한전주
35.21356,126.87738,1,북구,전남광주통합특별시 북구 용두동 283-44,한전주
35.21359,126.87192,1,북구,전남광주통합특별시 북구 용두동 324-7,한전주
35.21359,126.94909,1,북구,전남광주통합특별시 북구 망월동 682-2,한전주
35.21365,126.88359,1,북구,전남광주통합특별시 북구 본촌동 3078,한전주
35.21372,126.87227,1,북구,전남광주통합특별시 북구 용두동 325-1,한전주
35.21377,126.94925,1,북구,전남광주통합특별시 북구 망월동 676-1,한전주
35.2138,126.87716,1,북구,전남광주통합특별시 북구 용두동 283-49,한전주
35.21384,126.9352,1,북구,전남광주통합특별시 북구 장등동 209-1,한전주
35.21391,126.87654,1,북구,전남광주통합특별시 북구 용두동 285-4,한전주
35.214,126.9493,1,북구,전남광주통합특별시 북구 망월동 675-4,한전주
35.21402,126.92498,1,북구,전남광주통합특별시 북구 장등동 641,한전주
35.21409,126.92634,1,북구,전남광주통합특별시 북구 장등동 643,한전주
35.2141,126.87406,1,북구,전남광주통합특별시 북구 용두동 334-5,한전주
35.2141,126.87847,1,북구,전남광주통합특별시 북구 용두동 296-23,한전주
35.21411,126.87669,1,북구,전남광주통합특별시 북구 용두동 287-6,한전주
35.21416,126.94096,1,북구,전남광주통합특별시 북구 장등동 1-1,한전주
35.21419,126.93286,1,북구,전남광주통합특별시 북구 장등동 275-1,한전주
35.21422,126.87714,1,북구,전남광주통합특별시 북구 용두동 289-1,한전주
35.21423,126.93504,1,북구,전남광주통합특별시 북구 장등동 215-2,한전주
35.21425,126.87632,1,북구,전남광주통합특별시 북구 용두동 286,한전주
35.2143,126.87768,1,북구,전남광주통합특별시 북구 용두동 1088,한전주
35.21434,126.87765,1,북구,전남광주통합특별시 북구 용두동1088,한전주
35.21435,126.87324,1,북구,전남광주통합특별시 북구 용두동 350-7,한전주
35.21438,126.87229,1,북구,전남광주통합특별시 북구 용두동 345-1,한전주
35.21443,126.877,1,북구,전남광주통합특별시 북구 용두동 289-3,전용주
35.21445,126.877,1,북구,전남광주통합특별시 북구 용두동 289-3,전용주
35.21448,126.87287,1,북구,전남광주통합특별시 북구 용두동 334-6,한전주
35.2145,126.87673,1,북구,전남광주통합특별시 북구 용두동 286-21,전용주
35.21452,126.86652,1,북구,전남광주통합특별시 북구 신용동 62-26,한전주
35.21453,126.92525,1,북구,전남광주통합특별시 북구 장등동 1016-23,한전주
35.21455,126.95007,1,북구,전남광주통합특별시 북구 망월동 671-2,전용주
35.21458,126.92617,1,북구,전남광주통합특별시 북구 장등동 1016-39,한전주
35.21465,126.86635,1,북구,전남광주통합특별시 북구 신용동 산31-4,한전주
35.21468,126.86602,1,북구,전남광주통합특별시 북구 신용동 486-14,한전주
35.21468,126.86676,2,북구,전남광주통합특별시 북구 신용동 62-27,한전주
35.21468,126.9321,3,북구,전남광주통합특별시 북구 장등동 1016-1,한전주
35.21469,126.87338,1,북구,전남광주통합특별시 북구 용두동 350,한전주
35.21474,126.8776,1,북구,전남광주통합특별시 북구 용두동 1060 성원카굿서비스,한전주
35.21474,126.93448,1,북구,전남광주통합특별시 북구 장등동 224,한전주
35.21475,126.87393,1,북구,전남광주통합특별시 북구 용두동 356-1,한전주
35.21475,126.8772,1,북구,전남광주통합특별시 북구 용두동 294-6,한전주
35.21478,126.87759,1,북구,전남광주통합특별시 북구 용두동 1087,전용주
35.21478,126.93283,1,북구,전남광주통합특별시 북구 장등동 243-1,한전주
35.21483,126.93231,1,북구,전남광주통합특별시 북구 장등동 247-1,한전주
35.21487,126.92905,1,북구,전남광주통합특별시 북구 장등동 269-2,한전주
35.21494,126.8775,1,북구,전남광주통합특별시 북구 용두동 294-3,한전주
35.215,126.94614,1,북구,전남광주통합특별시 북구 운정동 286,한전주
35.21501,126.93125,1,북구,전남광주통합특별시 북구 장등동 247-5,한전주
35.21503,126.87422,1,북구,전남광주통합특별시 북구 용두동 355-1,한전주
35.21503,126.93092,1,북구,전남광주통합특별시 북구 장등동 247-2,한전주
35.21505,126.87783,1,북구,전남광주통합특별시 북구 용두동 1057 롯데푸드,한전주
35.21505,126.89992,1,북구,전남광주통합특별시 북구 일곡동 51-9,한전주
35.21506,126.87702,1,북구,전남광주통합특별시 북구 용두동 292-45,한전주
35.21508,126.86659,1,북구,전남광주통합특별시 북구 신용동 62-11,한전주
35.21509,126.92665,1,북구,전남광주통합특별시 북구 장등동 613,한전주
35.21516,126.87285,1,북구,전남광주통합특별시 북구 용두동 산 70-8,한전주
35.2152,126.92665,1,북구,전남광주통합특별시 북구 장등동 613-2,한전주
35.21521,126.86598,1,북구,전남광주통합특별시 북구 신용동 62-1,한전주
35.21524,126.87326,1,북구,전남광주통합특별시 북구 용두동 371-3,한전주
35.21525,126.87679,1,북구,전남광주통합특별시 북구 용두동 292-18,한전주
35.21529,126.87218,1,북구,전남광주통합특별시 북구 용두동 산 70-4,한전주
35.2153,126.92954,1,북구,전남광주통합특별시 북구 장등동 316,한전주
35.21532,126.92779,2,북구,전남광주통합특별시 북구 장등동 610-1,한전주
35.21533,126.9288,1,북구,전남광주통합특별시 북구 장등동 568,한전주
35.21534,126.87284,1,북구,전남광주통합특별시 북구 용두동 산70-13,전용주
35.21534,126.87677,1,북구,전남광주통합특별시 북구 용두동 292-19,한전주
35.21534,126.92968,1,북구,전남광주통합특별시 북구 장등동 315,한전주
35.21535,126.89971,1,북구,전남광주통합특별시 북구 일곡동 산65,한전주
35.21539,126.89971,3,북구,전남광주통합특별시 북구 일곡동 산65,한전주
35.21541,126.93094,1,북구,전남광주통합특별시 북구 장등동 283-1,한전주
35.21542,126.87719,1,북구,전남광주통합특별시 북구 용두동 292-36,한전주
35.21542,126.87759,2,북구,전남광주통합특별시 북구 용두동 292-48,한전주
35.21544,126.87291,1,북구,전남광주통합특별시 북구 용두동 379-1,한전주
35.21545,126.87295,1,북구,전남광주통합특별시 북구 용두동 379-1,전용주
35.21554,126.89904,1,북구,전남광주통합특별시 북구 일곡동 69-2,건축물
35.21555,126.89853,1,북구,전남광주통합특별시 북구 일곡동 50,한전주
35.21555,126.89856,1,북구,전남광주통합특별시 북구 일곡동 50,건축물
35.21557,126.92961,1,북구,전남광주통합특별시 북구 장등동 319,한전주
35.21558,126.92902,1,북구,전남광주통합특별시 북구 장등동 560,한전주
35.21561,126.93055,1,북구,전남광주통합특별시 북구 장등동 303-2,한전주
35.21563,126.87731,1,북구,전남광주통합특별시 북구 용두동 292-38,한전주
35.21563,126.89773,1,북구,전남광주통합특별시 북구 일곡동 49,건축물
35.21564,126.93011,1,북구,전남광주통합특별시 북구 장등동 308,한전주
35.21567,126.87211,1,북구,전남광주통합특별시 북구 용두동 383,한전주
35.21568,126.86463,1,북구,전남광주통합특별시 북구 신용동 484-1,한전주
35.21572,126.87826,1,북구,전남광주통합특별시 북구 용두동 293-1 한울빌,전용주
35.21572,126.89929,4,북구,전남광주통합특별시 북구 일곡동 산 69-2,건축물
35.21572,126.94643,1,북구,전남광주통합특별시 북구 운정동 272-12,한전주
35.21576,126.92803,1,북구,전남광주통합특별시 북구 장등동 590,전용주
35.21577,126.92847,1,북구,전남광주통합특별시 북구 장등동 596,한전주
35.21581,126.92822,1,북구,전남광주통합특별시 북구 장등동 589,한전주
35.21583,126.92876,1,북구,전남광주통합특별시 북구 장등동 571,한전주
35.21587,126.89811,2,북구,전남광주통합특별시 북구 일곡동 산70-1,한전주
35.21588,126.86864,7,북구,전남광주통합특별시 북구 신용동 646-1(용두초등 맞은편 담벽),한전주
35.2159,126.86807,1,북구,전남광주통합특별시 북구 신용동 산34-3(용두주공 후문),한전주
35.2159,126.92832,1,북구,전남광주통합특별시 북구 장등동 574,한전주
35.21591,126.92847,1,북구,전남광주통합특별시 북구 장등동 573,한전주
35.21592,126.87246,1,북구,전남광주통합특별시 북구 용두동 400-1,한전주
35.21593,126.86652,1,북구,전남광주통합특별시 북구 신용동 산24,한전주
35.21596,126.8718,1,북구,전남광주통합특별시 북구 용두동 392-2,한전주
35.21597,126.86872,1,북구,전남광주통합특별시 북구 신용동 산34-8(용두주공 맞은편),한전주
35.21597,126.89666,1,북구,전남광주통합특별시 북구 일곡동 48-2,건축물
35.21597,126.92783,1,북구,전남광주통합특별시 북구 장등동 617-1,한전주
35.21598,126.94585,1,북구,전남광주통합특별시 북구 운정동 284-4,한전주
35.21599,126.9317,1,북구,전남광주통합특별시 북구 장등동 296-1,한전주
35.21601,126.86599,1,북구,전남광주통합특별시 북구 신용동 64-2,한전주
35.21602,126.93218,1,북구,전남광주통합특별시 북구 장등동 292-3,한전주
35.21606,126.88323,1,북구,전남광주통합특별시 북구 본동동 94,전용주
35.21607,126.88366,1,북구,전남광주통합특별시 북구 본촌동 143-7,한전주
35.21608,126.92873,1,북구,전남광주통합특별시 북구 장등동 578,한전주
35.21608,126.92968,1,북구,전남광주통합특별시 북구 장등동 324,한전주
35.2161,126.88369,1,북구,전남광주통합특별시 북구 본촌동 143-6,한전주
35.21612,126.94623,1,북구,전남광주통합특별시 북구 운정동 282-1,한전주
35.21613,126.87839,1,북구,전남광주통합특별시 북구 본촌동2910-3 부농숯실업,전용주
35.21616,126.87242,1,북구,전남광주통합특별시 북구 용두동 401-1,한전주
35.21616,126.92842,1,북구,전남광주통합특별시 북구 장등동 576,한전주
35.21617,126.87288,1,북구,전남광주통합특별시 북구 용두동 406,한전주
35.21617,126.87324,1,북구,전남광주통합특별시 북구 용두동 421-1,한전주
35.21617,126.93307,1,북구,전남광주통합특별시 북구 장등동 1026,한전주
35.21623,126.86483,1,북구,전남광주통합특별시 북구 신용동 483,한전주
35.21624,126.92679,1,북구,전남광주통합특별시 북구 장등동 520-3,한전주
35.21631,126.88433,1,북구,전남광주통합특별시 북구 본촌동 167,한전주
35.21631,126.89691,9,북구,전남광주통합특별시 북구 일곡동 산73-4,한전주
35.21631,126.9294,1,북구,전남광주통합특별시 북구 장등동 325,한전주
35.21632,126.92953,6,북구,전남광주통합특별시 북구 장등동 1027,한전주
35.21636,126.89656,1,북구,전남광주통합특별시 북구 일곡동 산73-5,건축물
35.21639,126.89509,1,북구,전남광주통합특별시 북구 일곡동 480-1,건축물
35.2164,126.87208,1,북구,전남광주통합특별시 북구 용두동 440-4,한전주
35.21642,126.89561,1,북구,전남광주통합특별시 북구 일곡동 480-2,건축물
35.21642,126.92862,1,북구,전남광주통합특별시 북구 장등동 580,한전주
35.21643,126.89604,1,북구,전남광주통합특별시 북구 일곡동 산71-5,건축물
35.21644,126.93012,1,북구,전남광주통합특별시 북구 장등동 330,한전주
35.21644,126.93229,1,북구,전남광주통합특별시 북구 장등동 290-3,한전주
35.21645,126.93199,1,북구,전남광주통합특별시 북구 장등동 381-3,한전주
35.21648,126.86178,4,북구,전남광주통합특별시 북구 신용동 271-5,한전주
35.2165,126.87848,1,북구,전남광주통합특별시 북구 본촌동 2909-1,전용주
35.21652,126.90392,3,북구,전남광주통합특별시 북구 일곡동 산55-1,한전주
35.21654,126.88298,1,북구,전남광주통합특별시 북구 본촌동 198,한전주
35.21654,126.88343,1,북구,전남광주통합특별시 북구 본촌동 173,한전주
35.21654,126.88464,1,북구,전남광주통합특별시 북구 본촌동 159,한전주
35.21654,126.90392,2,북구,전남광주통합특별시 북구 일곡동 산55-1,한전주
35.21654,126.93177,1,북구,전남광주통합특별시 북구 장등동 380,한전주
35.21655,126.9306,1,북구,전남광주통합특별시 북구 장등동 333,한전주
35.21657,126.86482,1,북구,전남광주통합특별시 북구 신용동 483-1,한전주
35.2166,126.8835,1,북구,전남광주통합특별시 북구 본촌동 174,한전주
35.21661,126.92842,1,북구,전남광주통합특별시 북구 장등동 530,한전주
35.21663,126.89464,1,북구,전남광주통합특별시 북구 일곡동 산76-4,건축물
35.21664,126.89457,1,북구,전남광주통합특별시 북구 일곡동 482-2,한전주
35.21664,126.92987,1,북구,전남광주통합특별시 북구 장등동 336-1,한전주
35.21667,126.88434,1,북구,전남광주통합특별시 북구 본촌동 165,한전주
35.21668,126.89463,4,북구,전남광주통합특별시 북구 일곡동 산76-4,한전주
35.21669,126.93077,1,북구,전남광주통합특별시 북구 장등동 334,한전주
35.21672,126.88301,1,북구,전남광주통합특별시 북구 본촌동 196,한전주
35.21674,126.88439,1,북구,전남광주통합특별시 북구 본촌동 161,한전주
35.21676,126.87908,1,북구,전남광주통합특별시 북구 본촌동 2929,전용주
35.21676,126.93168,1,북구,전남광주통합특별시 북구 장등동 377,한전주
35.21677,126.87908,1,북구,전남광주통합특별시 북구 본촌동 2929,전용주
35.21677,126.93144,1,북구,전남광주통합특별시 북구 장등동 374,한전주
35.21679,126.93163,1,북구,전남광주통합특별시 북구 장등동 377,한전주
35.2168,126.88313,1,북구,전남광주통합특별시 북구 본촌동 193,한전주
35.21681,126.89349,1,북구,전남광주통합특별시 북구 일곡동 482-1,건축물
35.21682,126.94778,3,북구,전남광주통합특별시 북구 망월동 1158-15,한전주
35.21684,126.89206,1,북구,전남광주통합특별시 북구 일곡동 482-5,한전주
35.21686,126.93233,1,북구,전남광주통합특별시 북구 장등동 382-3,한전주
35.21693,126.88517,1,북구,전남광주통합특별시 북구 본촌동 730-10,한전주
35.21694,126.90505,1,북구,전남광주통합특별시 북구 일곡동 산1-6,한전주
35.21694,126.93208,1,북구,전남광주통합특별시 북구 장등동 383,한전주
35.21702,126.93296,1,북구,전남광주통합특별시 북구 장등동 392-1,한전주
35.21703,126.8835,1,북구,전남광주통합특별시 북구 본촌동 189,한전주
35.21704,126.94787,1,북구,전남광주통합특별시 북구 망월동 1158-22,한전주
35.21705,126.92916,1,북구,전남광주통합특별시 북구 장등동 550,한전주
35.21715,126.90534,1,북구,전남광주통합특별시 북구 일곡동 산1-6,한전주
35.21724,126.93057,1,북구,전남광주통합특별시 북구 장등동 358-1,한전주
35.21724,126.94792,1,북구,전남광주통합특별시 북구 망월동 1158-18,한전주
35.21725,126.93077,1,북구,전남광주통합특별시 북구 장등동 360-1,한전주
35.21726,126.88265,1,북구,전남광주통합특별시 북구 본촌동 208,전용주
35.21727,126.92823,1,북구,전남광주통합특별시 북구 장등동 539,한전주
35.21739,126.92852,1,북구,전남광주통합특별시 북구 장등동 543,한전주
35.21741,126.94446,1,북구,전남광주통합특별시 북구 운정동 260-5 동화농장,한전주
35.21742,126.94407,1,북구,전남광주통합특별시 북구 운정동 259-5 꽃을피우는농원,한전주
35.21743,126.90574,1,북구,전남광주통합특별시 북구 일곡동 산1-6,한전주
35.21743,126.94518,1,북구,전남광주통합특별시 북구 운정동 335,한전주
35.21745,126.88334,1,북구,전남광주통합특별시 북구 본촌동 214,전용주
35.21748,126.88191,1,북구,전남광주통합특별시 북구 본촌동 255,한전주
35.2175,126.88298,1,북구,전남광주통합특별시 북구 본촌동 227,한전주
35.21758,126.88172,1,북구,전남광주통합특별시 북구 본촌동 265-2,한전주
35.21764,126.88271,1,북구,전남광주통합특별시 북구 본촌동 229,한전주
35.21768,126.88159,1,북구,전남광주통합특별시 북구 본촌동 262-1,한전주
35.2177,126.88222,1,북구,전남광주통합특별시 북구 본촌동 240,한전주
35.2177,126.90604,1,북구,전남광주통합특별시 북구 일곡동 산1-6,한전주
35.21782,126.86338,1,북구,전남광주통합특별시 북구 신용동 267-3,한전주
35.21786,126.93301,3,북구,전남광주통합특별시 북구 장등동 389-1,한전주
35.21786,126.93306,1,북구,전남광주통합특별시 북구 장등동 389-1,한전주
35.21788,126.86329,2,북구,전남광주통합특별시 북구 신용동 265-3,한전주
35.21797,126.89417,1,북구,전남광주통합특별시 북구 일곡동 산79,한전주
35.21801,126.87092,1,북구,전남광주통합특별시 북구 용두동 484,한전주
35.21801,126.90627,1,북구,전남광주통합특별시 북구 일곡동 산1-6,한전주
35.21814,126.87374,1,북구,전남광주통합특별시 북구 용두동 515-1,한전주
35.21822,126.88037,1,북구,전남광주통합특별시 북구 본촌동 2848,한전주
35.21823,126.87346,1,북구,전남광주통합특별시 북구 용두동 522,한전주
35.21825,126.86407,1,북구,전남광주통합특별시 북구 신용동 190-8,한전주
35.21825,126.90663,1,북구,전남광주통합특별시 북구 일곡동 산1-6,한전주
35.21827,126.87012,1,북구,전남광주통합특별시 북구 용두동 461,한전주
35.21827,126.88115,1,북구,전남광주통합특별시 북구 본촌동 320-1,한전주
35.2184,126.88018,1,북구,전남광주통합특별시 북구 본촌동 2846,한전주
35.21841,126.88031,1,북구,전남광주통합특별시 북구 본촌동 730-2,한전주
35.21847,126.94759,1,북구,전남광주통합특별시 북구 운정동 271-5,한전주
35.21854,126.87969,1,북구,전남광주통합특별시 북구 본촌동 649,전용주
35.21858,126.94408,1,북구,전남광주통합특별시 북구 운정동 258-4,한전주
35.21879,126.9447,1,북구,전남광주통합특별시 북구 운정동 258-1,한전주
35.21883,126.94687,1,북구,전남광주통합특별시 북구 운정동 262-4,한전주
35.21888,126.94687,1,북구,전남광주통합특별시 북구 운정동 262-4,한전주
35.21891,126.87966,1,북구,전남광주통합특별시 북구 본촌동 652-3,한전주
35.21894,126.87927,1,북구,전남광주통합특별시 북구 본촌동 770-14,건축물
35.21895,126.87927,1,북구,전남광주통합특별시 북구 본촌동 770-14,한전주
35.219,126.87207,1,북구,전남광주통합특별시 북구 용두동 542-1,한전주
35.21906,126.94562,1,북구,전남광주통합특별시 북구 운정동 256-6,한전주
35.21918,126.94739,1,북구,전남광주통합특별시 북구 운정동 263-5,한전주
35.2192,126.94608,1,북구,전남광주통합특별시 북구 운정동 256-4,한전주
35.21928,126.94438,1,북구,전남광주통합특별시 북구 운정동 350-1,한전주
35.21936,126.87115,1,북구,전남광주통합특별시 북구 용두동 546,한전주
35.21965,126.8795,1,북구,전남광주통합특별시 북구 본촌동 654-6,한전주
35.21969,126.94478,1,북구,전남광주통합특별시 북구 운정동 347-1,한전주
35.21976,126.9473,1,북구,전남광주통합특별시 북구 운정동 265-1,한전주
35.21991,126.9478,1,북구,전남광주통합특별시 북구 운정동 266-6,한전주
35.22003,126.87999,1,북구,전남광주통합특별시 북구 본촌동 344-4,한전주
35.2201,126.87068,1,북구,전남광주통합특별시 북구 용두동 1049-28,한전주
35.22011,126.88055,1,북구,전남광주통합특별시 북구 본촌동 326-1,한전주
35.2202,126.94782,1,북구,전남광주통합특별시 북구 운정동 251-18,한전주
35.22025,126.94602,1,북구,전남광주통합특별시 북구 운정동 430-12,한전주
35.22029,126.94631,1,북구,전남광주통합특별시 북구 운정동 427-10,한전주
35.22031,126.88016,1,북구,전남광주통합특별시 북구 본촌동 344-3,한전주
35.22031,126.8802,1,북구,전남광주통합특별시 북구 본촌동 344-3,한전주
35.22048,126.87694,1,북구,전남광주통합특별시 북구 용두동 1046-6,한전주
35.22052,126.94458,1,북구,전남광주통합특별시 북구 운정동 687-49,한전주
35.22055,126.87554,1,북구,전남광주통합특별시 북구 용두동 166-7,전용주
35.22061,126.87476,1,북구,전남광주통합특별시 북구 용두동 158-8,한전주
35.22064,126.87658,1,북구,전남광주통합특별시 북구 용두동 1046-3,한전주
35.22071,126.87414,1,북구,전남광주통합특별시 북구 용두동 557,한전주
35.22073,126.87381,1,북구,전남광주통합특별시 북구 용두동 554-8,전용주
35.22073,126.87388,1,북구,전남광주통합특별시 북구 용두동 554-8,전용주
35.22073,126.87414,1,북구,전남광주통합특별시 북구 용두동 557,한전주
35.22076,126.87391,1,북구,전남광주통합특별시 북구 용두동 555-4,전용주
35.22079,126.87639,1,북구,전남광주통합특별시 북구 용두동 1046-2,한전주
35.22081,126.94348,1,북구,전남광주통합특별시 북구 운정동 382-14,한전주
35.22086,126.88122,1,북구,전남광주통합특별시 북구 본촌동 351-3,한전주
35.22086,126.88151,1,북구,전남광주통합특별시 북구 본촌동 340,한전주
35.22089,126.86942,1,북구,전남광주통합특별시 북구 용두동 1042-12,한전주
35.22089,126.8695,1,북구,전남광주통합특별시 북구 용두동 1042-1,한전주
35.22089,126.94348,1,북구,전남광주통합특별시 북구 운정동 382-14,한전주
35.22095,126.94446,1,북구,전남광주통합특별시 북구 운정동 383,한전주
35.221,126.87585,1,북구,전남광주통합특별시 북구 용두동 1046-10,한전주
35.221,126.87691,1,북구,전남광주통합특별시 북구 용두동 1047-6,한전주
35.22105,126.87539,4,북구,전남광주통합특별시 북구 용두동 156-2,전용주
35.22108,126.87488,1,북구,전남광주통합특별시 북구 용두동 156,전용주
35.22108,126.8754,1,북구,전남광주통합특별시 북구 용두동 156-2,전용주
35.22112,126.87853,1,북구,전남광주통합특별시 북구 용두동 1047-11,한전주
35.22114,126.87608,1,북구,전남광주통합특별시 북구 용두동 192-1,한전주
35.22115,126.87803,1,북구,전남광주통합특별시 북구 용두동 1047-22,한전주
35.22117,126.87608,1,북구,전남광주통합특별시 북구 용두동 192-1,한전주
35.22121,126.87496,1,북구,전남광주통합특별시 북구 용두동 152,한전주
35.2213,126.87456,1,북구,전남광주통합특별시 북구 용두동 147,한전주
35.2213,126.87563,1,북구,전남광주통합특별시 북구 용두동 191-3,한전주
35.22132,126.87609,1,북구,전남광주통합특별시 북구 용두동 193-3,한전주
35.22137,126.94288,1,북구,전남광주통합특별시 북구 운정동 382-16,한전주
35.22139,126.8777,1,북구,전남광주통합특별시 북구 용두동 1047-8,한전주
35.2214,126.87519,1,북구,전남광주통합특별시 북구 용두동 139-4,한전주
35.22144,126.87519,2,북구,전남광주통합특별시 북구 용두동 139-4,한전주
35.22147,126.87052,1,북구,전남광주통합특별시 북구 용두동 1041-1,한전주
35.22154,126.87499,1,북구,전남광주통합특별시 북구 용두동 141,한전주
35.22162,126.87554,1,북구,전남광주통합특별시 북구 용두동 181,한전주
35.22165,126.8768,1,북구,전남광주통합특별시 북구 용두동 1047-4,한전주
35.22167,126.8742,1,북구,전남광주통합특별시 북구 용두동 568-1,한전주
35.22169,126.87724,1,북구,전남광주통합특별시 북구 용두동 1047-5,한전주
35.2217,126.87473,1,북구,전남광주통합특별시 북구 용두동 143,한전주
35.22173,126.87608,1,북구,전남광주통합특별시 북구 용두동 205-2,한전주
35.22176,126.8712,1,북구,전남광주통합특별시 북구 용두동 1041-2,한전주
35.22176,126.87609,1,북구,전남광주통합특별시 북구 용두동 205-2,한전주
35.22176,126.87625,1,북구,전남광주통합특별시 북구 용두동 1045-2,한전주
35.22182,126.87542,1,북구,전남광주통합특별시 북구 용두동 182,한전주
35.22186,126.87542,1,북구,전남광주통합특별시 북구 용두동 182,한전주
35.22188,126.881,1,북구,전남광주통합특별시 북구 본촌동 355,한전주
35.2219,126.87488,1,북구,전남광주통합특별시 북구 용두동 135,한전주
35.22204,126.87444,1,북구,전남광주통합특별시 북구 용두동 573,한전주
35.22209,126.87202,1,북구,전남광주통합특별시 북구 용두동 1040-2,한전주
35.2221,126.87472,1,북구,전남광주통합특별시 북구 용두동 131,한전주
35.22218,126.87551,1,북구,전남광주통합특별시 북구 용두동 982-2,전용주
35.2222,126.87582,2,북구,전남광주통합특별시 북구 용두동 1045-1,한전주
35.22226,126.87482,1,북구,전남광주통합특별시 북구 용두동 130-1,한전주
35.22227,126.87446,1,북구,전남광주통합특별시 북구 용두동 121,한전주
35.22233,126.87513,1,북구,전남광주통합특별시 북구 용두동 125-2,한전주
35.22233,126.87514,1,북구,전남광주통합특별시 북구 용두동 986-3,한전주
35.22236,126.87553,1,북구,전남광주통합특별시 북구 용두동 214-2,한전주
35.22239,126.87512,1,북구,전남광주통합특별시 북구 용두동 986-3,전용주
35.22256,126.88177,1,북구,전남광주통합특별시 북구 본촌동 378-6,한전주
35.22261,126.87468,1,북구,전남광주통합특별시 북구 용두동 119-3,한전주
35.22262,126.87302,1,북구,전남광주통합특별시 북구 용두동 1039-1,한전주
35.22278,126.87436,1,북구,전남광주통합특별시 북구 용두동 578-1,한전주
35.22286,126.8732,1,북구,전남광주통합특별시 북구 용두동 1039-2,한전주
35.22286,126.8741,1,북구,전남광주통합특별시 북구 용두동 581,한전주
35.22293,126.87295,1,북구,전남광주통합특별시 북구 용두동 1018-18,한전주
35.22294,126.88165,1,북구,전남광주통합특별시 북구 본촌동 378-1,한전주
35.22295,126.88165,1,북구,전남광주통합특별시 북구 본촌동 378-1,한전주
35.22296,126.874,1,북구,전남광주통합특별시 북구 용두동 585-3,한전주
35.22343,126.94788,1,북구,전남광주통합특별시 북구 운정동 231-6,한전주
35.22346,126.87062,1,북구,전남광주통합특별시 북구 용두동 1018-2,한전주
35.22348,126.87245,1,북구,전남광주통합특별시 북구 용두동 1018-13,한전주
35.22349,126.9482,1,북구,전남광주통합특별시 북구 운정동 232-1,한전주
35.2235,126.88182,1,북구,전남광주통합특별시 북구 본촌동 399-1,한전주
35.2235,126.94766,1,북구,전남광주통합특별시 북구 운정동 231-1,한전주
35.2235,126.94858,1,북구,전남광주통합특별시 북구 운정동 산2-1,한전주
35.22361,126.94727,1,북구,전남광주통합특별시 북구 운정동 231-4,한전주
35.22368,126.94781,1,북구,전남광주통합특별시 북구 운정동 183-8,건축물
35.22382,126.87165,1,북구,전남광주통합특별시 북구 용두동 1018-5,한전주
35.22388,126.87119,1,북구,전남광주통합특별시 북구 용두동 1018-3,한전주
35.22391,126.94762,1,북구,전남광주통합특별시 북구 운정동 182,한전주
35.22393,126.94734,2,북구,전남광주통합특별시 북구 운정동 183,한전주
35.22416,126.90388,1,북구,전남광주통합특별시 북구 생용동 69,한전주
35.22416,126.94759,1,북구,전남광주통합특별시 북구 운정동 185,한전주
35.22418,126.94703,1,북구,전남광주통합특별시 북구 운정동 202,한전주
35.2242,126.94661,1,북구,전남광주통합특별시 북구 운정동 207,한전주
35.22421,126.9461,1,북구,전남광주통합특별시 북구 운정동 209-4,건축물
35.22431,126.89424,1,북구,전남광주통합특별시 북구 생용동 산 127-2,한전주
35.22441,126.94778,1,북구,전남광주통합특별시 북구 운정동 187-1,한전주
35.22448,126.94953,2,북구,전남광주통합특별시 북구 운정동 173,한전주
35.22459,126.94843,1,북구,전남광주통합특별시 북구 운정동 175,한전주
35.22469,126.9477,1,북구,전남광주통합특별시 북구 운정동 190,한전주
35.22479,126.90339,1,북구,전남광주통합특별시 북구 생용동 62,한전주
35.22481,126.8828,1,북구,전남광주통합특별시 북구 본촌동 451,한전주
35.22481,126.88284,1,북구,전남광주통합특별시 북구 본촌동 451,한전주
35.22481,126.90256,1,북구,전남광주통합특별시 북구 생용동 58-2,한전주
35.22482,126.94775,1,북구,전남광주통합특별시 북구 운정동 196,한전주
35.22489,126.90561,1,북구,전남광주통합특별시 북구 생용동 42,한전주
35.2251,126.90395,1,북구,전남광주통합특별시 북구 생용동 677-31,한전주
35.22512,126.90395,1,북구,전남광주통합특별시 북구 생용동 677-31,한전주
35.22516,126.948,1,북구,전남광주통합특별시 북구 운정동 167,한전주
35.22522,126.90353,1,북구,전남광주통합특별시 북구 생용동 54,한전주
35.22531,126.90458,1,북구,전남광주통합특별시 북구 생용동 51,한전주
35.22535,126.90438,1,북구,전남광주통합특별시 북구 생용동 51-1,한전주
35.22538,126.83739,6,북구,전남광주통합특별시 북구 오룡동 1109-6,한전주
35.22539,126.89269,1,북구,전남광주통합특별시 북구 생용동 산 181,한전주
35.22539,126.90243,1,북구,전남광주통합특별시 북구 생용동 56-1,전용주
35.22539,126.90244,1,북구,전남광주통합특별시 북구 생용동 56-1,한전주
35.22556,126.86792,1,북구,전남광주통합특별시 북구 용두동 1010-3,한전주
35.22562,126.89285,1,북구,전남광주통합특별시 북구 생용동 산 181,한전주
35.22564,126.94829,1,북구,전남광주통합특별시 북구 운정동 148,한전주
35.22569,126.89338,1,북구,전남광주통합특별시 북구 생용동 621,한전주
35.22572,126.86858,1,북구,전남광주통합특별시 북구 용두동 1010-8,한전주
35.22585,126.89263,1,북구,전남광주통합특별시 북구 생용동 산177-7,한전주
35.22585,126.89264,1,북구,전남광주통합특별시 북구 생용동 산 177-7,한전주
35.226,126.88292,1,북구,전남광주통합특별시 북구 본촌동 759-15,한전주
35.22602,126.89342,1,북구,전남광주통합특별시 북구 생용동 619,한전주
35.22614,126.89366,1,북구,전남광주통합특별시 북구 생용동 616,한전주
35.22617,126.89317,1,북구,전남광주통합특별시 북구 생용동 627,한전주
35.22633,126.89396,1,북구,전남광주통합특별시 북구 생용동 613,한전주
35.22639,126.89251,1,북구,전남광주통합특별시 북구 생용동 630,한전주
35.22661,126.88683,1,북구,전남광주통합특별시 북구 본촌동 29,한전주
35.22664,126.89561,3,북구,전남광주통합특별시 북구 생용동 682,한전주
35.22681,126.8942,1,북구,전남광주통합특별시 북구 생용동 산188,한전주
35.22684,126.88509,1,북구,전남광주통합특별시 북구 본촌동 산 6-1,한전주
35.22689,126.88646,1,북구,전남광주통합특별시 북구 본촌동 산 4-1,한전주
35.22705,126.89465,1,북구,전남광주통합특별시 북구 생용동 산190,한전주
35.22707,126.89465,1,북구,전남광주통합특별시 북구 생용동 산190,한전주
35.22708,126.94586,1,북구,전남광주통합특별시 북구 운정동 468,한전주
35.22717,126.88597,1,북구,전남광주통합특별시 북구 본촌동 산 5-3,한전주
35.22724,126.94564,1,북구,전남광주통합특별시 북구 운정동 474,한전주
35.22727,126.89531,1,북구,전남광주통합특별시 북구 생용동 191-1,한전주
35.22732,126.9442,1,북구,전남광주통합특별시 북구 운정동 430-3,한전주
35.22736,126.88482,1,북구,전남광주통합특별시 북구 본촌동 774-51,한전주
35.22736,126.946,1,북구,전남광주통합특별시 북구 운정동 77,한전주
35.22753,126.94649,1,북구,전남광주통합특별시 북구 운정동 산 21-3,전용주
35.22755,126.94526,1,북구,전남광주통합특별시 북구 운정동 531,전용주
35.22759,126.89664,2,북구,전남광주통합특별시 북구 생용동 180-1,건축물
35.22762,126.94592,1,북구,전남광주통합특별시 북구 운정동 68,한전주
35.22765,126.94614,1,북구,전남광주통합특별시 북구 운정동 70,건축물
35.22766,126.88472,1,북구,전남광주통합특별시 북구 본촌동 762-11,한전주
35.2277,126.89532,1,북구,전남광주통합특별시 북구 생용동 산 191-1,한전주
35.22782,126.94524,1,북구,전남광주통합특별시 북구 운정동 487,한전주
35.22786,126.8952,1,북구,전남광주통합특별시 북구 지야동 19-3,한전주
35.22787,126.94667,1,북구,전남광주통합특별시 북구 운정동 38,한전주
35.22789,126.94558,1,북구,전남광주통합특별시 북구 운정동 485,한전주
35.22791,126.8512,1,북구,전남광주통합특별시 북구 오룡동 1112-1,한전주
35.22792,126.89534,1,북구,전남광주통합특별시 북구 생용동 687-3 제방둑지내마을진입로,건축물
35.22803,126.94556,1,북구,전남광주통합특별시 북구 운정동 484,한전주
35.22803,126.94691,1,북구,전남광주통합특별시 북구 운정동 36,한전주
35.22804,126.89574,1,북구,전남광주통합특별시 북구 생용동 578-1 제방둑지내마을진입로,건축물
35.2281,126.87126,1,북구,전남광주통합특별시 북구 용두동 1007-22,한전주
35.22814,126.94792,1,북구,전남광주통합특별시 북구 운정동 9,한전주
35.22816,126.88498,2,북구,전남광주통합특별시 북구 본촌동 762-1,한전주
35.22817,126.94657,1,북구,전남광주통합특별시 북구 운정동 40,한전주
35.22818,126.89269,1,북구,전남광주통합특별시 북구 지야동 59,한전주
35.22821,126.9459,1,북구,전남광주통합특별시 북구 운정동 61,한전주
35.22821,126.94746,1,북구,전남광주통합특별시 북구 운정동 12,전용주
35.22822,126.89901,1,북구,전남광주통합특별시 북구 생용동 172-5,전용주
35.22825,126.8848,1,북구,전남광주통합특별시 북구 본촌동 762-12,한전주
35.22826,126.87161,1,북구,전남광주통합특별시 북구 용두동 1049-10,한전주
35.22831,126.94718,1,북구,전남광주통합특별시 북구 운정동 33,한전주
35.22833,126.94604,1,북구,전남광주통합특별시 북구 운정동 51,전용주
35.22841,126.89837,1,북구,전남광주통합특별시 북구 생용동 177,전용주
35.22845,126.89513,1,북구,전남광주통합특별시 북구 지야동 19-5,한전주
35.22845,126.94715,1,북구,전남광주통합특별시 북구 운정동 32,한전주
35.22847,126.94679,1,북구,전남광주통합특별시 북구 운정동 43,한전주
35.22851,126.89245,1,북구,전남광주통합특별시 북구 지야동 65,한전주
35.22854,126.89281,1,북구,전남광주통합특별시 북구 지야동 49-1,한전주
35.22856,126.94746,1,북구,전남광주통합특별시 북구 운정동 29,한전주
35.22858,126.94643,1,북구,전남광주통합특별시 북구 운정동 48,한전주
35.22859,126.89207,1,북구,전남광주통합특별시 북구 지야동 80,한전주
35.22861,126.94624,1,북구,전남광주통합특별시 북구 운정동 49,한전주
35.22864,126.89804,1,북구,전남광주통합특별시 북구 생용동 682-1,건축물
35.22868,126.89279,1,북구,전남광주통합특별시 북구 지야동 67-1,한전주
35.22868,126.89804,1,북구,전남광주통합특별시 북구 생용동 682-1,한전주
35.22868,126.94761,1,북구,전남광주통합특별시 북구 운정동 21,한전주
35.22876,126.89507,1,북구,전남광주통합특별시 북구 지야동 18-5,한전주
35.2288,126.94783,3,북구,전남광주통합특별시 북구 운정동 20,한전주
35.22881,126.94711,1,북구,전남광주통합특별시 북구 운정동 27,한전주
35.22887,126.89182,1,북구,전남광주통합특별시 북구 지야동 99,한전주
35.22887,126.8923,1,북구,전남광주통합특별시 북구 지야동 82-1,한전주
35.2289,126.9453,2,북구,전남광주통합특별시 북구 운정동 506-7,한전주
35.22894,126.94579,2,북구,전남광주통합특별시 북구 운정동 497,한전주
35.22896,126.94711,1,북구,전남광주통합특별시 북구 운정동 26,한전주
35.22902,126.89243,1,북구,전남광주통합특별시 북구 지야동 83-1,건축물
35.22903,126.89938,1,북구,전남광주통합특별시 북구 생용동 168-2,건축물
35.22904,126.89272,1,북구,전남광주통합특별시 북구 지야동 29,한전주
35.22904,126.89321,1,북구,전남광주통합특별시 북구 지야동 41,한전주
35.22904,126.94733,1,북구,전남광주통합특별시 북구 운정동 24,한전주
35.22906,126.8917,1,북구,전남광주통합특별시 북구 지야동 96-1,한전주
35.22906,126.89476,1,북구,전남광주통합특별시 북구 지야동 807-8,한전주
35.22922,126.88535,1,북구,전남광주통합특별시 북구 지야동 180-11,한전주
35.22924,126.89249,1,북구,전남광주통합특별시 북구 지야동 90-1,한전주
35.22928,126.88927,2,북구,전남광주통합특별시 북구 지야동 802-25,한전주
35.22928,126.8932,1,북구,전남광주통합특별시 북구 지야동 27-1,한전주
35.22928,126.89381,1,북구,전남광주통합특별시 북구 지야동 25-1,한전주
35.22932,126.90043,1,북구,전남광주통합특별시 북구 생용동 136-13,한전주
35.22933,126.89154,1,북구,전남광주통합특별시 북구 지야동 95-1,한전주
35.22933,126.89978,1,북구,전남광주통합특별시 북구 생용동 252-8,한전주
35.22936,126.89196,1,북구,전남광주통합특별시 북구 지야동 92,한전주
35.22938,126.90072,1,북구,전남광주통합특별시 북구 생용동 136-9,한전주
35.22939,126.90043,1,북구,전남광주통합특별시 북구 생용동 136-13,한전주
35.22948,126.88992,1,북구,전남광주통합특별시 북구 지야동 802-20,한전주
35.22957,126.89198,1,북구,전남광주통합특별시 북구 지야동 805-24,한전주
35.22961,126.89367,1,북구,전남광주통합특별시 북구 지야동 807-5,한전주
35.22963,126.89273,1,북구,전남광주통합특별시 북구 지야동 808-1,한전주
35.22963,126.89998,1,북구,전남광주통합특별시 북구 생용동 165-2,한전주
35.22966,126.89059,1,북구,전남광주통합특별시 북구 지야동 804-20,한전주
35.22967,126.8853,1,북구,전남광주통합특별시 북구 지야동 182-4,한전주
35.22986,126.88524,1,북구,전남광주통합특별시 북구 지야동 182-7,한전주
35.22986,126.89146,1,북구,전남광주통합특별시 북구 지야동 805-20,한전주
35.23,126.88828,1,북구,전남광주통합특별시 북구 지야동 802-12,한전주
35.23013,126.88917,1,북구,전남광주통합특별시 북구 지야동 803-16,한전주
35.23018,126.88491,1,북구,전남광주통합특별시 북구 지야동 184-9,한전주
35.2303,126.90032,1,북구,전남광주통합특별시 북구 생용동 149-3,한전주
35.23041,126.89334,1,북구,전남광주통합특별시 북구 지야동 806-24,한전주
35.23042,126.89334,3,북구,전남광주통합특별시 북구 지야동 806-24,한전주
35.23045,126.8914,1,북구,전남광주통합특별시 북구 지야동 805-17,한전주
35.23047,126.88644,1,북구,전남광주통합특별시 북구 지야동 802-2,한전주
35.23051,126.88707,1,북구,전남광주통합특별시 북구 지야동 802-6,한전주
35.23065,126.88483,1,북구,전남광주통합특별시 북구 지야동 183-3,한전주
35.23069,126.888,1,북구,전남광주통합특별시 북구 지야동 803-11,한전주
35.2307,126.88658,1,북구,전남광주통합특별시 북구 지야동 802-1,한전주
35.23078,126.9003,1,북구,전남광주통합특별시 북구 생용동 248-12,한전주
35.23095,126.90113,1,북구,전남광주통합특별시 북구 생용동 145,한전주
35.23099,126.88474,1,북구,전남광주통합특별시 북구 지야동 326,한전주
35.23108,126.88437,1,북구,전남광주통합특별시 북구 지야동 322,한전주
35.23117,126.88469,1,북구,전남광주통합특별시 북구 지야동 328,한전주
35.23126,126.89473,1,북구,전남광주통합특별시 북구 생용동 690-3,한전주
35.23127,126.90085,1,북구,전남광주통합특별시 북구 생용동 216-2,한전주
35.23127,126.90232,1,북구,전남광주통합특별시 북구 생용동 313-4,한전주
35.23128,126.88402,1,북구,전남광주통합특별시 북구 지야동 305,한전주
35.23129,126.88434,1,북구,전남광주통합특별시 북구 지야동 320,한전주
35.2313,126.89202,1,북구,전남광주통합특별시 북구 지야동 806-18,한전주
35.23134,126.8845,1,북구,전남광주통합특별시 북구 지야동 744-3,한전주
35.23134,126.8912,1,북구,전남광주통합특별시 북구 지야동 809-5,한전주
35.23137,126.88567,2,북구,전남광주통합특별시 북구 지야동 340,한전주
35.2314,126.90325,1,북구,전남광주통합특별시 북구 생용동 328-2,한전주
35.23148,126.8903,1,북구,전남광주통합특별시 북구 지야동 805-11,한전주
35.23149,126.88358,1,북구,전남광주통합특별시 북구 지야동 789-5,한전주
35.23154,126.90182,1,북구,전남광주통합특별시 북구 생용동 308,한전주
35.23155,126.90105,1,북구,전남광주통합특별시 북구 생용동 218-1,한전주
35.23158,126.90125,1,북구,전남광주통합특별시 북구 생용동 218,한전주
35.23159,126.88835,1,북구,전남광주통합특별시 북구 지야동 804-5,한전주
35.2316,126.88516,1,북구,전남광주통합특별시 북구 지야동 314,한전주
35.23161,126.88498,1,북구,전남광주통합특별시 북구 지야동 315,한전주
35.23161,126.90054,1,북구,전남광주통합특별시 북구 생용동 216-6,한전주
35.23165,126.90436,1,북구,전남광주통합특별시 북구 생용동 413-3,한전주
35.23174,126.88418,1,북구,전남광주통합특별시 북구 지야동 301,한전주
35.2318,126.88448,1,북구,전남광주통합특별시 북구 지야동 300,한전주
35.2318,126.88688,1,북구,전남광주통합특별시 북구 지야동 366-11,한전주
35.23184,126.88527,1,북구,전남광주통합특별시 북구 지야동 281,한전주
35.23184,126.90155,1,북구,전남광주통합특별시 북구 생용동 303,한전주
35.2319,126.90466,1,북구,전남광주통합특별시 북구 생용동 413,한전주
35.23191,126.90224,1,북구,전남광주통합특별시 북구 생용동 319,한전주
35.23193,126.88562,1,북구,전남광주통합특별시 북구 지야동 370,한전주
35.23193,126.90174,1,북구,전남광주통합특별시 북구 생용동 301,한전주
35.23193,126.90399,1,북구,전남광주통합특별시 북구 생용동 330,건축물
35.23196,126.89097,1,북구,전남광주통합특별시 북구 지야동 806-12,한전주
35.23198,126.88629,1,북구,전남광주통합특별시 북구 지야동 791-24,한전주
35.23211,126.904,1,북구,전남광주통합특별시 북구 생용동 407-2,건축물
35.23212,126.885,1,북구,전남광주통합특별시 북구 지야동 279,건축물
35.23214,126.88471,1,북구,전남광주통합특별시 북구 지야동 272-1,한전주
35.23215,126.90187,1,북구,전남광주통합특별시 북구 생용동 300,한전주
35.23215,126.90244,1,북구,전남광주통합특별시 북구 생용동 323,한전주
35.23216,126.88373,2,북구,전남광주통합특별시 북구 지야동 260,한전주
35.23223,126.89098,1,북구,전남광주통합특별시 북구 지야동 806-10,한전주
35.23225,126.9036,1,북구,전남광주통합특별시 북구 생용동 406-3,한전주
35.23226,126.88761,1,북구,전남광주통합특별시 북구 지야동 804-27,한전주
35.23227,126.8877,1,북구,전남광주통합특별시 북구 지야동 804-27,한전주
35.23228,126.8841,1,북구,전남광주통합특별시 북구 지야동 264,한전주
35.2323,126.84374,1,북구,전남광주통합특별시 북구 오룡동 1020,한전주
35.23233,126.88335,1,북구,전남광주통합특별시 북구 지야동 790-3,한전주
35.23233,126.90137,1,북구,전남광주통합특별시 북구 생용동 292,한전주
35.23235,126.88567,1,북구,전남광주통합특별시 북구 지야동 277,한전주
35.23236,126.8855,1,북구,전남광주통합특별시 북구 지야동 277,한전주
35.23236,126.90252,1,북구,전남광주통합특별시 북구 생용동 353,한전주
35.23242,126.90196,1,북구,전남광주통합특별시 북구 생용동 358,한전주
35.23244,126.88825,1,북구,전남광주통합특별시 북구 지야동 804-26,한전주
35.23249,126.89161,1,북구,전남광주통합특별시 북구 용전동 1229-8,한전주
35.23253,126.90253,1,북구,전남광주통합특별시 북구 생용동 675-5,한전주
35.23258,126.8836,1,북구,전남광주통합특별시 북구 지야동 258,한전주
35.23258,126.88955,2,북구,전남광주통합특별시 북구 지야동 805-5,한전주
35.23262,126.90224,1,북구,전남광주통합특별시 북구 생용동 359,한전주
35.23263,126.84445,1,북구,전남광주통합특별시 북구 오룡동 1014,한전주
35.23263,126.90252,1,북구,전남광주통합특별시 북구 생용동 361,한전주
35.23264,126.90301,1,북구,전남광주통합특별시 북구 생용동 366,한전주
35.23266,126.88392,1,북구,전남광주통합특별시 북구 지야동 256,한전주
35.23266,126.8846,1,북구,전남광주통합특별시 북구 지야동 269-3,한전주
35.23273,126.90183,1,북구,전남광주통합특별시 북구 생용동 286,한전주
35.23277,126.88359,1,북구,전남광주통합특별시 북구 지야동 249,한전주
35.23278,126.8838,1,북구,전남광주통합특별시 북구 지야동 251,한전주
35.23284,126.90221,1,북구,전남광주통합특별시 북구 생용동 381,한전주
35.23285,126.88154,2,북구,전남광주통합특별시 북구 지야동 809-49,한전주
35.2329,126.88397,1,북구,전남광주통합특별시 북구 지야동 246,한전주
35.2329,126.88458,1,북구,전남광주통합특별시 북구 지야동 791-7,한전주
35.2329,126.90205,1,북구,전남광주통합특별시 북구 생용동 385,한전주
35.23291,126.90317,1,북구,전남광주통합특별시 북구 생용동 372,한전주
35.23292,126.90281,1,북구,전남광주통합특별시 북구 생용동 374,한전주
35.23293,126.90293,1,북구,전남광주통합특별시 북구 생용동 373,건축물
35.23305,126.90323,1,북구,전남광주통합특별시 북구 생용동 369,건축물
35.23316,126.90279,2,북구,전남광주통합특별시 북구 생용동 377,한전주
35.23327,126.88983,1,북구,전남광주통합특별시 북구 지야동 806-2,한전주
35.23333,126.84469,1,북구,전남광주통합특별시 북구 오룡동 1004,한전주
35.23333,126.88321,1,북구,전남광주통합특별시 북구 지야동 791-31,한전주
35.23334,126.88321,1,북구,전남광주통합특별시 북구 지야동 791-31,한전주
35.23343,126.88966,1,북구,전남광주통합특별시 북구 지야동 806-25,한전주
35.23349,126.84453,1,북구,전남광주통합특별시 북구 오룡동 1003,한전주
35.23362,126.90169,1,북구,전남광주통합특별시 북구 생용동 501-23,한전주
35.2338,126.89012,1,북구,전남광주통합특별시 북구 지야동 806-26,한전주
35.23389,126.90112,1,북구,전남광주통합특별시 북구 생용동 245-3,한전주
35.23407,126.90316,1,북구,전남광주통합특별시 북구 생용동 393-4,한전주
35.23422,126.90294,1,북구,전남광주통합특별시 북구 생용동 393-2,한전주
35.2343,126.90296,1,북구,전남광주통합특별시 북구 생용동 392-3,한전주
35.23432,126.84433,1,북구,전남광주통합특별시 북구 오룡동 839-5,한전주
35.23438,126.84937,1,북구,전남광주통합특별시 북구 대촌동 870-12,한전주
35.23445,126.90289,1,북구,전남광주통합특별시 북구 생용동 392-2,한전주
35.23452,126.8487,1,북구,전남광주통합특별시 북구 대촌동 870-15,한전주
35.23459,126.89104,2,북구,전남광주통합특별시 북구 용전동 1229-4,한전주
35.23478,126.84786,1,북구,전남광주통합특별시 북구 대촌동 870-14,한전주
35.2348,126.89068,1,북구,전남광주통합특별시 북구 용전동 1219-15,한전주
35.23495,126.84674,3,북구,전남광주통합특별시 북구 오룡동 1071,한전주
35.23501,126.89973,1,북구,전남광주통합특별시 북구 생용동 501-25,한전주
35.23509,126.89973,1,북구,전남광주통합특별시 북구 생용동 501-25,한전주
35.23523,126.8922,1,북구,전남광주통합특별시 북구 용전동 1226-2,한전주
35.23529,126.89243,1,북구,전남광주통합특별시 북구 용전동 1226-37,한전주
35.2354,126.90283,1,북구,전남광주통합특별시 북구 생용동 242-4,한전주
35.23554,126.85322,1,북구,전남광주통합특별시 북구 대촌동 598,한전주
35.23564,126.90244,1,북구,전남광주통합특별시 북구 생용동 501-33,한전주
35.2358,126.85273,1,북구,전남광주통합특별시 북구 대촌동 561,건축물
35.2358,126.85398,1,북구,전남광주통합특별시 북구 대촌동 615-1,한전주
35.23599,126.85448,1,북구,전남광주통합특별시 북구 대촌동 628-7,한전주
35.236,126.89353,1,북구,전남광주통합특별시 북구 용전동 1225-35,한전주
35.23607,126.85368,1,북구,전남광주통합특별시 북구 대촌동 555-1,한전주
35.23616,126.85354,1,북구,전남광주통합특별시 북구 대촌동 555-3,한전주
35.23626,126.89401,1,북구,전남광주통합특별시 북구 용전동 1224-2,한전주
35.23644,126.89451,2,북구,전남광주통합특별시 북구 용전동 830-3,한전주
35.23645,126.85467,1,북구,전남광주통합특별시 북구 대촌동 527,한전주
35.23645,126.89603,1,북구,전남광주통합특별시 북구 용전동 629-38,한전주
35.23648,126.89603,1,북구,전남광주통합특별시 북구 용전동 629-38,한전주
35.23649,126.85306,1,북구,전남광주통합특별시 북구 대촌동 548-1,한전주
35.23653,126.85227,1,북구,전남광주통합특별시 북구 대촌동 908-3,한전주
35.23661,126.85348,5,북구,전남광주통합특별시 북구 대촌동 542,한전주
35.23669,126.85292,1,북구,전남광주통합특별시 북구 대촌동 545,한전주
35.2367,126.85391,1,북구,전남광주통합특별시 북구 대촌동 535,한전주
35.23673,126.85199,1,북구,전남광주통합특별시 북구 대촌동 910-1,한전주
35.23673,126.85498,1,북구,전남광주통합특별시 북구 대촌동 525-1,건축물
35.23679,126.85462,1,북구,전남광주통합특별시 북구 대촌동 524,한전주
35.23684,126.89463,1,북구,전남광주통합특별시 북구 용전동 830-12,한전주
35.23685,126.89502,1,북구,전남광주통합특별시 북구 생용동 677-3,한전주
35.23688,126.89502,1,북구,전남광주통합특별시 북구 생용동 677-3,한전주
35.2369,126.8517,1,북구,전남광주통합특별시 북구 대촌동 913-3,한전주
35.23693,126.85071,1,북구,전남광주통합특별시 북구 대촌동 898-1,한전주
35.23697,126.85156,1,북구,전남광주통합특별시 북구 대촌동 913-2,한전주
35.23699,126.85437,1,북구,전남광주통합특별시 북구 대촌동 522,한전주
35.237,126.85359,1,북구,전남광주통합특별시 북구 대촌동 508,건축물
35.23704,126.85618,3,북구,전남광주통합특별시 북구 대촌동 952-1,한전주
35.23704,126.89513,1,북구,전남광주통합특별시 북구 용전동 628-1,건축물
35.23712,126.89458,1,북구,전남광주통합특별시 북구 용전동 833-11,전용주
35.23716,126.89458,1,북구,전남광주통합특별시 북구 용전동 833-11,건축물
35.23716,126.89507,1,북구,전남광주통합특별시 북구 용전동 1194-30,한전주
35.23717,126.85437,1,북구,전남광주통합특별시 북구 대촌동 520,한전주
35.23721,126.89768,1,북구,전남광주통합특별시 북구 용전동 626-3,한전주
35.23743,126.89459,1,북구,전남광주통합특별시 북구 용전동 839-2,한전주
35.23744,126.85298,1,북구,전남광주통합특별시 북구 대촌동 497,한전주
35.23751,126.85382,1,북구,전남광주통합특별시 북구 대촌동 512-1,한전주
35.23752,126.85254,1,북구,전남광주통합특별시 북구 대촌동 478,한전주
35.23759,126.8952,1,북구,전남광주통합특별시 북구 용전동 814-2,한전주
35.23766,126.93271,1,북구,전남광주통합특별시 북구 수곡동 산26-15 망월동공원묘지,한전주
35.23773,126.853,1,북구,전남광주통합특별시 북구 대촌동 483,한전주
35.23773,126.90126,1,북구,전남광주통합특별시 북구 용전동 629-42,한전주
35.23776,126.90126,1,북구,전남광주통합특별시 북구 용전동 629-42,한전주
35.23777,126.8522,1,북구,전남광주통합특별시 북구 대촌동 928,한전주
35.23777,126.85226,1,북구,전남광주통합특별시 북구 대촌동 928,한전주
35.23783,126.89308,3,북구,전남광주통합특별시 북구 용전동 763-4,한전주
35.23797,126.85464,1,북구,전남광주통합특별시 북구 대촌동 464-2,한전주
35.23798,126.85148,1,북구,전남광주통합특별시 북구 대촌동 922-1,한전주
35.23803,126.85504,2,북구,전남광주통합특별시 북구 대촌동 467-7,한전주
35.23807,126.89594,1,북구,전남광주통합특별시 북구 용전동 616-1,한전주
35.23843,126.9015,4,북구,전남광주통합특별시 북구 용전동 629-94,한전주
35.23847,126.89771,1,북구,전남광주통합특별시 북구 용전동 259-2,한전주
35.23857,126.9316,1,북구,전남광주통합특별시 북구 수곡동 산24-2,한전주
35.2386,126.89808,1,북구,전남광주통합특별시 북구 용전동 260-4,한전주
35.23872,126.89437,1,북구,전남광주통합특별시 북구 용전동 614-7,한전주
35.23874,126.89437,1,북구,전남광주통합특별시 북구 용전동 614-7,한전주
35.23881,126.8977,1,북구,전남광주통합특별시 북구 용전동 169-1,한전주
35.23883,126.89809,1,북구,전남광주통합특별시 북구 용전동 260-1,한전주
35.23884,126.89452,1,북구,전남광주통합특별시 북구 용전동 629-53,한전주
35.23887,126.89748,1,북구,전남광주통합특별시 북구 용전동 170-2,한전주
35.23897,126.89622,1,북구,전남광주통합특별시 북구 용전동 804,한전주
35.23904,126.89492,1,북구,전남광주통합특별시 북구 용전동 612-2,한전주
35.23905,126.87024,1,북구,전남광주통합특별시 북구 월출동 553,한전주
35.23913,126.8991,1,북구,전남광주통합특별시 북구 용전동 629-48,한전주
35.23915,126.89558,1,북구,전남광주통합특별시 북구 용전동 789,한전주
35.23918,126.89877,1,북구,전남광주통합특별시 북구 용전동 261-2,한전주
35.23923,126.89894,1,북구,전남광주통합특별시 북구 용전동 398-7,한전주
35.23923,126.91551,1,북구,전남광주통합특별시 북구 효령동 135,한전주
35.23924,126.89834,1,북구,전남광주통합특별시 북구 용전동 237,한전주
35.23924,126.916,1,북구,전남광주통합특별시 북구 효령동 127-1,한전주
35.23925,126.89667,1,북구,전남광주통합특별시 북구 용전동 179,한전주
35.23929,126.89718,1,북구,전남광주통합특별시 북구 용전동 196-1,한전주
35.23929,126.9004,1,북구,전남광주통합특별시 북구 용전동 619-2,한전주
35.2393,126.89861,1,북구,전남광주통합특별시 북구 용전동 261-1,한전주
35.23931,126.89498,1,북구,전남광주통합특별시 북구 용전동 784,한전주
35.23935,126.8982,1,북구,전남광주통합특별시 북구 용전동 238,건축물
35.23936,126.89609,1,북구,전남광주통합특별시 북구 용전동 800,한전주
35.23936,126.89644,1,북구,전남광주통합특별시 북구 용전동 181,한전주
35.23938,126.89572,1,북구,전남광주통합특별시 북구 용전동 791,한전주
35.2394,126.8984,1,북구,전남광주통합특별시 북구 용전동 236,한전주
35.23942,126.93066,1,북구,전남광주통합특별시 북구 수곡동 2-1,한전주
35.23943,126.89938,1,북구,전남광주통합특별시 북구 용전동 391-3,한전주
35.23945,126.89465,1,북구,전남광주통합특별시 북구 용전동 611-3,한전주
35.2395,126.897,1,북구,전남광주통합특별시 북구 용전동 189,한전주
35.23953,126.89807,1,북구,전남광주통합특별시 북구 용전동 242,한전주
35.2396,126.89712,1,북구,전남광주통합특별시 북구 용전동 188,한전주
35.2396,126.89739,1,북구,전남광주통합특별시 북구 용전동 200-1,한전주
35.23969,126.8985,1,북구,전남광주통합특별시 북구 용전동 267,한전주
35.23969,126.93026,1,북구,전남광주통합특별시 북구 수곡동 520-1,한전주
35.23971,126.89656,1,북구,전남광주통합특별시 북구 용전동 185,건축물
35.23973,126.89571,2,북구,전남광주통합특별시 북구 용전동 629-33,한전주
35.23975,126.89581,1,북구,전남광주통합특별시 북구 용전동 703,한전주
35.23975,126.91588,1,북구,전남광주통합특별시 북구 효령동 139-3,한전주
35.23976,126.89506,1,북구,전남광주통합특별시 북구 용전동 629-100,한전주
35.23977,126.89506,1,북구,전남광주통합특별시 북구 용전동 629-100,한전주
35.23978,126.8989,1,북구,전남광주통합특별시 북구 용전동 276,한전주
35.23985,126.90007,4,북구,전남광주통합특별시 북구 용전동 390-2,한전주
35.23987,126.89473,1,북구,전남광주통합특별시 북구 용전동 611-2,한전주
35.23987,126.89752,1,북구,전남광주통합특별시 북구 용전동 202-1,한전주
35.23989,126.89921,1,북구,전남광주통합특별시 북구 용전동 319,한전주
35.23989,126.91583,1,북구,전남광주통합특별시 북구 효령동 141-1,한전주
35.23996,126.89803,2,북구,전남광주통합특별시 북구 용전동 229,한전주
35.24,126.89693,2,북구,전남광주통합특별시 북구 용전동 209,한전주
35.24004,126.89892,1,북구,전남광주통합특별시 북구 용전동 320,한전주
35.24005,126.8979,1,북구,전남광주통합특별시 북구 용전동 225,한전주
35.24006,126.86352,1,북구,전남광주통합특별시 북구 월출동 927-32,한전주
35.24006,126.86355,1,북구,전남광주통합특별시 북구 월출동 927-32,한전주
35.24009,126.89838,1,북구,전남광주통합특별시 북구 용전동 273,한전주
35.24012,126.89758,1,북구,전남광주통합특별시 북구 용전동 222,한전주
35.24013,126.89716,1,북구,전남광주통합특별시 북구 용전동 219,한전주
35.24016,126.89646,1,북구,전남광주통합특별시 북구 용전동 212,한전주
35.24016,126.89876,1,북구,전남광주통합특별시 북구 용전동 323,한전주
35.24018,126.89634,2,북구,전남광주통합특별시 북구 용전동 698,한전주
35.24019,126.89804,1,북구,전남광주통합특별시 북구 용전동 330,한전주
35.2402,126.91542,1,북구,전남광주통합특별시 북구 효령동 산 81-3,전용주
35.24032,126.89804,1,북구,전남광주통합특별시 북구 용전동 333,한전주
35.24032,126.92958,1,북구,전남광주통합특별시 북구 수곡동 1-1,한전주
35.24034,126.89835,1,북구,전남광주통합특별시 북구 용전동 335,한전주
35.24037,126.8994,1,북구,전남광주통합특별시 북구 용전동 293-1,한전주
35.24044,126.90028,1,북구,전남광주통합특별시 북구 용전동 1194-36,한전주
35.24048,126.89731,2,북구,전남광주통합특별시 북구 용전동 629-52,한전주
35.2405,126.8987,1,북구,전남광주통합특별시 북구 용전동 311,건축물
35.2405,126.89914,1,북구,전남광주통합특별시 북구 용전동 314,한전주
35.24057,126.89828,1,북구,전남광주통합특별시 북구 용전동 338-1,한전주
35.24066,126.89943,1,북구,전남광주통합특별시 북구 용전동 296,한전주
35.24072,126.91436,1,북구,전남광주통합특별시 북구 효령동 169,한전주
35.24079,126.91026,1,북구,전남광주통합특별시 북구 효령동 719,한전주
35.24079,126.91086,1,북구,전남광주통합특별시 북구 효령동 749-2,한전주
35.24086,126.89825,1,북구,전남광주통합특별시 북구 용전동 341,한전주
35.24087,126.91556,2,북구,전남광주통합특별시 북구 효령동 152-1,한전주
35.24092,126.91474,1,북구,전남광주통합특별시 북구 효령동 164,전용주
35.24098,126.89855,1,북구,전남광주통합특별시 북구 용전동 305,한전주
35.24099,126.87765,3,북구,전남광주통합특별시 북구 용전동 1187-5,한전주
35.24106,126.89914,1,북구,전남광주통합특별시 북구 용전동 376,건축물
35.24107,126.92854,1,북구,전남광주통합특별시 북구 수곡동 산11-7,한전주
35.24108,126.87698,1,북구,전남광주통합특별시 북구 용전동 1209-22,한전주
35.24108,126.87974,1,북구,전남광주통합특별시 북구 월출동 26-11,한전주
35.2411,126.89879,1,북구,전남광주통합특별시 북구 용전동 303,한전주
35.24116,126.91545,1,북구,전남광주통합특별시 북구 효령동 190-3,한전주
35.24117,126.89862,1,북구,전남광주통합특별시 북구 용전동 304,한전주
35.24118,126.91434,1,북구,전남광주통합특별시 북구 효령동 181,한전주
35.24118,126.92815,1,북구,전남광주통합특별시 북구 수곡동 산11-2,한전주
35.24119,126.8999,2,북구,전남광주통합특별시 북구 용전동 629-117,한전주
35.24125,126.91488,1,북구,전남광주통합특별시 북구 효령동 산 94,한전주
35.24134,126.9108,1,북구,전남광주통합특별시 북구 효령동 707-1,한전주
35.24137,126.89786,1,북구,전남광주통합특별시 북구 용전동 359,한전주
35.24137,126.89861,1,북구,전남광주통합특별시 북구 용전동 366-1,한전주
35.24141,126.91066,1,북구,전남광주통합특별시 북구 효령동 709,한전주
35.24149,126.86986,1,북구,전남광주통합특별시 북구 월출동 542,건축물
35.2415,126.91056,1,북구,전남광주통합특별시 북구 효령동 705,한전주
35.24155,126.89752,1,북구,전남광주통합특별시 북구 용전동 356,한전주
35.24161,126.88012,1,북구,전남광주통합특별시 북구 월출동 26-9,한전주
35.24161,126.89876,1,북구,전남광주통합특별시 북구 용전동 368-1,한전주
35.24163,126.91503,1,북구,전남광주통합특별시 북구 효령동 334,한전주
35.24166,126.9107,1,북구,전남광주통합특별시 북구 효령동 706,한전주
35.24173,126.87024,2,북구,전남광주통합특별시 북구 월출동 452,한전주
35.24176,126.88271,1,북구,전남광주통합특별시 북구 용전동 1167-3,한전주
35.24178,126.88181,1,북구,전남광주통합특별시 북구 용전동 1150-4,한전주
35.24178,126.9109,1,북구,전남광주통합특별시 북구 효령동 622,한전주
35.2418,126.86974,1,북구,전남광주통합특별시 북구 월출동 447,한전주
35.24183,126.87467,1,북구,전남광주통합특별시 북구 월출동 33-1,한전주
35.24184,126.88334,2,북구,전남광주통합특별시 북구 용전동 1163,한전주
35.24187,126.92757,1,북구,전남광주통합특별시 북구 수곡동 산10-1,한전주
35.24189,126.87133,1,북구,전남광주통합특별시 북구 월출동 2-4,한전주
35.24191,126.87466,2,북구,전남광주통합특별시 북구 월출동 36-13,한전주
35.24192,126.87016,1,북구,전남광주통합특별시 북구 월출동 453,한전주
35.24194,126.92344,1,북구,전남광주통합특별시 북구 수곡동 322-2,한전주
35.24195,126.86908,1,북구,전남광주통합특별시 북구 월출동 446,전용주
35.24195,126.87086,1,북구,전남광주통합특별시 북구 월출동 480,한전주
35.24195,126.91842,1,북구,전남광주통합특별시 북구 효령동 28,한전주
35.24198,126.91488,1,북구,전남광주통합특별시 북구 효령동 336,한전주
35.24199,126.92686,1,북구,전남광주통합특별시 북구 수곡동 47-4,한전주
35.242,126.8699,1,북구,전남광주통합특별시 북구 월출동 457,건축물
35.24203,126.89199,1,북구,전남광주통합특별시 북구 용전동 601-4,한전주
35.24203,126.9225,1,북구,전남광주통합특별시 북구 수곡동 522-11,한전주
35.24204,126.87017,1,북구,전남광주통합특별시 북구 월출동 454,전용주
35.24205,126.9191,1,북구,전남광주통합특별시 북구 효령동 32,한전주
35.2421,126.87132,1,북구,전남광주통합특별시 북구 월출동 483,건축물
35.2421,126.92671,1,북구,전남광주통합특별시 북구 수곡동 63-6,한전주
35.24211,126.91391,1,북구,전남광주통합특별시 북구 효령동 344,한전주
35.24212,126.88402,1,북구,전남광주통합특별시 북구 용전동 1163-6,한전주
35.24212,126.91071,1,북구,전남광주통합특별시 북구 효령동 618,전용주
35.24214,126.92198,1,북구,전남광주통합특별시 북구 수곡동 336,한전주
35.24216,126.86958,1,북구,전남광주통합특별시 북구 월출동 444,한전주
35.24219,126.87388,1,북구,전남광주통합특별시 북구 월출동 420-6,한전주
35.24221,126.9179,1,북구,전남광주통합특별시 북구 효령동 252,한전주
35.24223,126.86937,1,북구,전남광주통합특별시 북구 월출동 산26-3,전용주
35.24225,126.915,1,북구,전남광주통합특별시 북구 효령동 337,한전주
35.24228,126.87049,1,북구,전남광주통합특별시 북구 월출동 465,한전주
35.24231,126.91432,1,북구,전남광주통합특별시 북구 효령동 341,한전주
35.24233,126.88447,1,북구,전남광주통합특별시 북구 용전동 1163-8,한전주
35.24236,126.87307,1,북구,전남광주통합특별시 북구 월출동 4-11,전용주
35.24236,126.89143,1,북구,전남광주통합특별시 북구 용전동 629-21,한전주
35.24238,126.87307,1,북구,전남광주통합특별시 북구 월출동 4-11,전용주
35.24238,126.88461,1,북구,전남광주통합특별시 북구 용전동 1163-4,한전주
35.2424,126.87264,1,북구,전남광주통합특별시 북구 월출동 424-4,전용주
35.24241,126.86877,1,북구,전남광주통합특별시 북구 월출동 780,한전주
35.24241,126.8702,1,북구,전남광주통합특별시 북구 월출동 464,한전주
35.24243,126.91788,1,북구,전남광주통합특별시 북구 효령동 250,한전주
35.24251,126.87272,1,북구,전남광주통합특별시 북구 월출동 123-3,전용주
35.24255,126.91391,1,북구,전남광주통합특별시 북구 효령동 346,전용주
35.24259,126.92229,1,북구,전남광주통합특별시 북구 수곡동 333-1,한전주
35.24263,126.88552,1,북구,전남광주통합특별시 북구 용전동 1162-1,한전주
35.24265,126.91103,1,북구,전남광주통합특별시 북구 효령동 491,전용주
35.24266,126.9143,1,북구,전남광주통합특별시 북구 효령동 347-2,한전주
35.24267,126.89836,1,북구,전남광주통합특별시 북구 용전동 629-107 하신마을 입구,한전주
35.2427,126.88032,1,북구,전남광주통합특별시 북구 월출동 24-3,한전주
35.24274,126.92074,1,북구,전남광주통합특별시 북구 수곡동 337,전용주
35.24275,126.92601,2,북구,전남광주통합특별시 북구 수곡동 62-4,한전주
35.24283,126.86838,1,북구,전남광주통합특별시 북구 월출동 782,한전주
35.24285,126.92581,1,북구,전남광주통합특별시 북구 수곡동 67-17,전용주
35.24286,126.88319,2,북구,전남광주통합특별시 북구 용전동 1152-3,한전주
35.2429,126.91429,1,북구,전남광주통합특별시 북구 효령동 347-1,한전주
35.24291,126.92549,1,북구,전남광주통합특별시 북구 수곡동 64-2,전용주
35.24292,126.91086,1,북구,전남광주통합특별시 북구 효령동 609-2,전용주
35.24292,126.92066,1,북구,전남광주통합특별시 북구 수곡동 359-3,전용주
35.24296,126.92517,1,북구,전남광주통합특별시 북구 수곡동 61,전용주
35.24299,126.91687,1,북구,전남광주통합특별시 북구 효령동 224,한전주
35.24302,126.91754,1,북구,전남광주통합특별시 북구 효령동 263-2,한전주
35.24303,126.88566,1,북구,전남광주통합특별시 북구 용전동 1038,한전주
35.24304,126.91079,1,북구,전남광주통합특별시 북구 효령동 635-2,전용주
35.24305,126.91997,1,북구,전남광주통합특별시 북구 수곡동 522-7,전용주
35.24307,126.91456,1,북구,전남광주통합특별시 북구 효령동 349-3,한전주
35.24309,126.86919,1,북구,전남광주통합특별시 북구 월출동 436,한전주
35.2431,126.92445,3,북구,전남광주통합특별시 북구 수곡동 77-3,전용주
35.24312,126.86784,1,북구,전남광주통합특별시 북구 월출동 784,한전주
35.24313,126.92073,1,북구,전남광주통합특별시 북구 수곡동 347,전용주
35.24314,126.87268,1,북구,전남광주통합특별시 북구 월출동 425-2,한전주
35.24314,126.89092,1,북구,전남광주통합특별시 북구 용전동 643-3,한전주
35.24314,126.92582,1,북구,전남광주통합특별시 북구 수곡동 67-12,한전주
35.2432,126.86548,1,북구,전남광주통합특별시 북구 월출동 816-12,한전주
35.24323,126.91966,1,북구,전남광주통합특별시 북구 수곡동 522-9,한전주
35.24324,126.8862,1,북구,전남광주통합특별시 북구 용전동 1039,한전주
35.24326,126.92397,1,북구,전남광주통합특별시 북구 수곡동 56,전용주
35.24327,126.92088,1,북구,전남광주통합특별시 북구 수곡동 345,전용주
35.24329,126.88586,1,북구,전남광주통합특별시 북구 용전동 1041-17,건축물
35.24329,126.92011,1,북구,전남광주통합특별시 북구 수곡동 360,한전주
35.2433,126.91368,1,북구,전남광주통합특별시 북구 효령동 352-3,한전주
35.2433,126.92578,1,북구,전남광주통합특별시 북구 수곡동 67-13,한전주
35.24336,126.89112,1,북구,전남광주통합특별시 북구 용전동 407-10,한전주
35.2434,126.92365,1,북구,전남광주통합특별시 북구 수곡동 316-23,전용주
35.24341,126.9235,1,북구,전남광주통합특별시 북구 수곡동 319-2,한전주
35.24344,126.88573,1,북구,전남광주통합특별시 북구 용전동 1041-10,한전주
35.24346,126.92134,1,북구,전남광주통합특별시 북구 수곡동 262,한전주
35.24348,126.87267,1,북구,전남광주통합특별시 북구 월출동 403-3,한전주
35.24349,126.91636,1,북구,전남광주통합특별시 북구 효령동 860-32,한전주
35.2435,126.89104,1,북구,전남광주통합특별시 북구 용전동 407-9,한전주
35.24351,126.88244,1,북구,전남광주통합특별시 북구 용전동 1209-13,한전주
35.24359,126.88223,1,북구,전남광주통합특별시 북구 월출동 20-5,한전주
35.2436,126.86856,1,북구,전남광주통합특별시 북구 월출동 832,한전주
35.24361,126.92113,1,북구,전남광주통합특별시 북구 수곡동 241,한전주
35.24363,126.91339,1,북구,전남광주통합특별시 북구 효령동 355,한전주
35.24364,126.91298,1,북구,전남광주통합특별시 북구 효령동 368,한전주
35.24364,126.91929,1,북구,전남광주통합특별시 북구 수곡동 363-3,한전주
35.24379,126.91398,1,북구,전남광주통합특별시 북구 효령동 352,한전주
35.2438,126.88676,1,북구,전남광주통합특별시 북구 용전동 1041-48,건축물
35.24381,126.88655,1,북구,전남광주통합특별시 북구 용전동 1041-7,한전주
35.24385,126.92374,1,북구,전남광주통합특별시 북구 수곡동 315,한전주
35.24386,126.89098,1,북구,전남광주통합특별시 북구 용전동 1055 맞은편,한전주
35.24386,126.92297,1,북구,전남광주통합특별시 북구 수곡동 316-2,한전주
35.24388,126.9135,1,북구,전남광주통합특별시 북구 효령동 373,한전주
35.24389,126.91942,1,북구,전남광주통합특별시 북구 수곡동 221-3,한전주
35.24392,126.92219,1,북구,전남광주통합특별시 북구 수곡동 253-20,한전주
35.24397,126.92595,1,북구,전남광주통합특별시 북구 태령동 120-1,한전주
35.24401,126.91623,1,북구,전남광주통합특별시 북구 효령동 276-5,전용주
35.24406,126.87262,1,북구,전남광주통합특별시 북구 월출동 953,한전주
35.2441,126.91873,1,북구,전남광주통합특별시 북구 수곡동 364-8,한전주
35.24416,126.89083,1,북구,전남광주통합특별시 북구 용전동 629-85,한전주
35.2442,126.92148,1,북구,전남광주통합특별시 북구 수곡동 252-47,한전주
35.24424,126.88092,1,북구,전남광주통합특별시 북구 월출동 18-5,한전주
35.24426,126.88442,1,북구,전남광주통합특별시 북구 용전동 1206-6,한전주
35.24431,126.91567,1,북구,전남광주통합특별시 북구 효령동 860-65,전용주
35.24435,126.92152,1,북구,전남광주통합특별시 북구 수곡동 225-8,건축물
35.24435,126.9229,1,북구,전남광주통합특별시 북구 수곡동 306,한전주
35.24436,126.91908,1,북구,전남광주통합특별시 북구 수곡동 219,한전주
35.24436,126.92013,1,북구,전남광주통합특별시 북구 수곡동 252-5,한전주
35.24441,126.91839,2,북구,전남광주통합특별시 북구 수곡동 365-3,한전주
35.24442,126.92311,1,북구,전남광주통합특별시 북구 수곡동 309,한전주
35.24443,126.92601,1,북구,전남광주통합특별시 북구 태령동 119,한전주
35.24444,126.92173,1,북구,전남광주통합특별시 북구 수곡동 190,한전주
35.24446,126.92615,1,북구,전남광주통합특별시 북구 태령동 119-1,한전주
35.24447,126.92246,1,북구,전남광주통합특별시 북구 수곡동 290-1,건축물
35.24449,126.91947,1,북구,전남광주통합특별시 북구 수곡동 251-7,한전주
35.24451,126.8845,1,북구,전남광주통합특별시 북구 용전동 1135-5,전용주
35.24451,126.8856,1,북구,전남광주통합특별시 북구 용전동 1043-10,한전주
35.24451,126.92145,1,북구,전남광주통합특별시 북구 수곡동 198,한전주
35.24452,126.92276,1,북구,전남광주통합특별시 북구 수곡동 291-2,한전주
35.24454,126.92183,1,북구,전남광주통합특별시 북구 수곡동 189,건축물
35.24457,126.88689,1,북구,전남광주통합특별시 북구 용전동 1041-49,건축물
35.24461,126.8867,1,북구,전남광주통합특별시 북구 용전동 1041-55,한전주
35.24461,126.89959,3,북구,전남광주통합특별시 북구 용전동 629-77,한전주
35.24462,126.87884,1,북구,전남광주통합특별시 북구 월출동 47-20,한전주
35.24463,126.91801,1,북구,전남광주통합특별시 북구 수곡동 365-2,한전주
35.24465,126.87305,1,북구,전남광주통합특별시 북구 월출동 5-20,한전주
35.24466,126.92132,2,북구,전남광주통합특별시 북구 수곡동 197,한전주
35.24469,126.87289,1,북구,전남광주통합특별시 북구 월출동 401-4,한전주
35.24469,126.92083,1,북구,전남광주통합특별시 북구 수곡동 521-11,한전주
35.24478,126.87886,1,북구,전남광주통합특별시 북구 월출동 126-12,한전주
35.24481,126.88634,1,북구,전남광주통합특별시 북구 용전동 1041-58,한전주
35.24486,126.88477,2,북구,전남광주통합특별시 북구 용전동 1143-7,한전주
35.24493,126.92061,1,북구,전남광주통합특별시 북구 수곡동 207,한전주
35.24494,126.89974,1,북구,전남광주통합특별시 북구 용전동 527-2,한전주
35.24501,126.92107,1,북구,전남광주통합특별시 북구 수곡동 202,한전주
35.24503,126.90006,1,북구,전남광주통합특별시 북구 용전동 418-1,한전주
35.24507,126.88365,1,북구,전남광주통합특별시 북구 용전동 1142-3,한전주
35.24508,126.91705,1,북구,전남광주통합특별시 북구 수곡동 369-1,한전주
35.2451,126.87295,1,북구,전남광주통합특별시 북구 월출동 401-3,한전주
35.24516,126.87953,2,북구,전남광주통합특별시 북구 월출동 47,한전주
35.24516,126.92663,1,북구,전남광주통합특별시 북구 태령동 117,한전주
35.24518,126.92021,1,북구,전남광주통합특별시 북구 수곡동 176,한전주
35.24521,126.92062,1,북구,전남광주통합특별시 북구 수곡동 118,한전주
35.24524,126.88424,1,북구,전남광주통합특별시 북구 용전동 1097-7,한전주
35.24525,126.88423,1,북구,전남광주통합특별시 북구 용전동 1097-7,한전주
35.24527,126.92062,1,북구,전남광주통합특별시 북구 수곡동 118,한전주
35.24534,126.92075,1,북구,전남광주통합특별시 북구 수곡동 116,한전주
35.24537,126.88468,2,북구,전남광주통합특별시 북구 용전동 1091-3,한전주
35.24537,126.92645,1,북구,전남광주통합특별시 북구 태령동 126-3,한전주
35.24539,126.92129,1,북구,전남광주통합특별시 북구 수곡동 107,한전주
35.24543,126.8847,1,북구,전남광주통합특별시 북구 용전동 1091-2,한전주
35.24545,126.90008,1,북구,전남광주통합특별시 북구 용전동 1194-13,한전주
35.24546,126.92002,1,북구,전남광주통합특별시 북구 수곡동 128,한전주
35.24547,126.88469,1,북구,전남광주통합특별시 북구 용전동 1091-5,한전주
35.24554,126.88475,1,북구,전남광주통합특별시 북구 용전동 1091-4,한전주
35.24554,126.92086,1,북구,전남광주통합특별시 북구 수곡동 115,한전주
35.24556,126.91521,1,북구,전남광주통합특별시 북구 효령동 404-1,한전주
35.24556,126.91524,1,북구,전남광주통합특별시 북구 효령동 404-1,전용주
35.24561,126.88726,1,북구,전남광주통합특별시 북구 용전동 1081-3,한전주
35.24561,126.92044,1,북구,전남광주통합특별시 북구 수곡동 121,한전주
35.24563,126.92107,1,북구,전남광주통합특별시 북구 수곡동 113,한전주
35.24565,126.9197,1,북구,전남광주통합특별시 북구 수곡동 129,한전주
35.2457,126.87323,1,북구,전남광주통합특별시 북구 월출동 400-2,한전주
35.24571,126.87969,1,북구,전남광주통합특별시 북구 월출동 46-13,한전주
35.24576,126.91588,1,북구,전남광주통합특별시 북구 효령동 408-2,건축물
35.24576,126.92004,1,북구,전남광주통합특별시 북구 수곡동 130-4,한전주
35.24584,126.88626,1,북구,전남광주통합특별시 북구 용전동 1085-3,한전주
35.24586,126.88628,1,북구,전남광주통합특별시 북구 용전동 1085-3,한전주
35.24589,126.92528,1,북구,전남광주통합특별시 북구 태령동 130-6,한전주
35.24591,126.88741,1,북구,전남광주통합특별시 북구 용전동 1082-11,한전주
35.24594,126.91864,1,북구,전남광주통합특별시 북구 수곡동 428-28,한전주
35.24596,126.92717,1,북구,전남광주통합특별시 북구 태령동 184-3,한전주
35.24601,126.88707,1,북구,전남광주통합특별시 북구 용전동 1082-2,한전주
35.24603,126.92633,1,북구,전남광주통합특별시 북구 태령동 176,한전주
35.24606,126.87854,1,북구,전남광주통합특별시 북구 월출동 44-11,한전주
35.24606,126.88707,1,북구,전남광주통합특별시 북구 용전동 1082-2,한전주
35.24608,126.88738,1,북구,전남광주통합특별시 북구 용전동 1082-8,건축물
35.24608,126.90044,1,북구,전남광주통합특별시 북구 용전동 548-2,한전주
35.24609,126.87916,2,북구,전남광주통합특별시 북구 월출동 124-20,한전주
35.24609,126.92639,1,북구,전남광주통합특별시 북구 태령동 175,한전주
35.2461,126.88664,1,북구,전남광주통합특별시 북구 용전동 1085-4,한전주
35.2461,126.92664,1,북구,전남광주통합특별시 북구 태령동 178,한전주
35.24615,126.91534,1,북구,전남광주통합특별시 북구 효령동 409-5,한전주
35.24615,126.91867,1,북구,전남광주통합특별시 북구 수곡동 171-1,한전주
35.24615,126.92699,1,북구,전남광주통합특별시 북구 태령동 171,한전주
35.2462,126.9262,1,북구,전남광주통합특별시 북구 태령동 368-13,한전주
35.24621,126.8868,1,북구,전남광주통합특별시 북구 용전동 1114-1,한전주
35.24628,126.91643,1,북구,전남광주통합특별시 북구 수곡동 433-10,한전주
35.24629,126.9258,1,북구,전남광주통합특별시 북구 태령동 368-5,한전주
35.24635,126.92674,1,북구,전남광주통합특별시 북구 태령동 170,건축물
35.24636,126.92717,1,북구,전남광주통합특별시 북구 태령동 169,한전주
35.24637,126.90092,1,북구,전남광주통합특별시 북구 용강동 704-2,한전주
35.24644,126.91942,1,북구,전남광주통합특별시 북구 수곡동 133-5,한전주
35.24646,126.87208,2,북구,전남광주통합특별시 북구 월출동 376-1,한전주
35.24646,126.91591,1,북구,전남광주통합특별시 북구 효령동 409-2,한전주
35.24648,126.88769,1,북구,전남광주통합특별시 북구 용전동 1068-10,건축물
35.24649,126.87265,1,북구,전남광주통합특별시 북구 월출동 388-3,한전주
35.24649,126.91407,1,북구,전남광주통합특별시 북구 효령동 396-4,한전주
35.24652,126.87359,1,북구,전남광주통합특별시 북구 월출동 6-6,한전주
35.24655,126.87185,1,북구,전남광주통합특별시 북구 월출동 370,한전주
35.24655,126.87337,1,북구,전남광주통합특별시 북구 월출동 6-9,한전주
35.24658,126.91822,1,북구,전남광주통합특별시 북구 수곡동 409-4,한전주
35.24661,126.88857,1,북구,전남광주통합특별시 북구 용전동 1066,건축물
35.24663,126.87267,1,북구,전남광주통합특별시 북구 월출동 350-1,한전주
35.24664,126.87158,1,북구,전남광주통합특별시 북구 월출동 372-1,한전주
35.24666,126.87936,1,북구,전남광주통합특별시 북구 월출동 127-2,한전주
35.24668,126.87119,1,북구,전남광주통합특별시 북구 월출동 363,한전주
35.24673,126.8724,1,북구,전남광주통합특별시 북구 월출동 352-1,한전주
35.24677,126.87166,1,북구,전남광주통합특별시 북구 월출동 373,한전주
35.24682,126.8999,1,북구,전남광주통합특별시 북구 용강동 621-6,한전주
35.24682,126.90065,1,북구,전남광주통합특별시 북구 용강동 621-8,한전주
35.24688,126.91804,1,북구,전남광주통합특별시 북구 수곡동 409-3,한전주
35.24692,126.92269,1,북구,전남광주통합특별시 북구 태령동 415-9,한전주
35.24697,126.87395,1,북구,전남광주통합특별시 북구 월출동 293,한전주
35.24701,126.87208,2,북구,전남광주통합특별시 북구 월출동 357,한전주
35.24704,126.92513,1,북구,전남광주통합특별시 북구 태령동 136-3,한전주
35.24709,126.90044,1,북구,전남광주통합특별시 북구 용강동 621-7,한전주
35.24721,126.92642,1,북구,전남광주통합특별시 북구 태령동 158-3,한전주
35.24723,126.91762,1,북구,전남광주통합특별시 북구 수곡동 428-16,한전주
35.24726,126.92642,1,북구,전남광주통합특별시 북구 태령동 158-3,한전주
35.24732,126.89947,1,북구,전남광주통합특별시 북구 용강동 621-3,한전주
35.24737,126.87269,1,북구,전남광주통합특별시 북구 월출동 343-1,한전주
35.24738,126.8979,1,북구,전남광주통합특별시 북구 용강동 637-14,한전주
35.24744,126.9013,1,북구,전남광주통합특별시 북구 용강동 691-2,한전주
35.24746,126.87221,1,북구,전남광주통합특별시 북구 월출동 340-1,한전주
35.24746,126.87222,1,북구,전남광주통합특별시 북구 월출동 340-1,한전주
35.24754,126.87261,1,북구,전남광주통합특별시 북구 월출동 325,한전주
35.24755,126.91831,1,북구,전남광주통합특별시 북구 수곡동 429-9,한전주
35.24762,126.87187,1,북구,전남광주통합특별시 북구 월출동 336,한전주
35.24767,126.87447,1,북구,전남광주통합특별시 북구 월출동 211,한전주
35.24768,126.89514,1,북구,전남광주통합특별시 북구 용강동 707,한전주
35.24769,126.922,1,북구,전남광주통합특별시 북구 태령동 404-4,한전주
35.24771,126.89513,1,북구,전남광주통합특별시 북구 용강동 711,전용주
35.24773,126.87287,1,북구,전남광주통합특별시 북구 월출동 322,건축물
35.24775,126.87306,1,북구,전남광주통합특별시 북구 월출동 319,한전주
35.24775,126.87362,2,북구,전남광주통합특별시 북구 월출동 251-16,건축물
35.24788,126.89556,1,북구,전남광주통합특별시 북구 용강동 716,한전주
35.2479,126.87476,1,북구,전남광주통합특별시 북구 월출동 7-13,한전주
35.24794,126.87331,1,북구,전남광주통합특별시 북구 월출동 산 2,한전주
35.24798,126.87345,1,북구,전남광주통합특별시 북구 월출동 254-1,한전주
35.24799,126.89608,1,북구,전남광주통합특별시 북구 용강동 753-6,한전주
35.24802,126.89557,1,북구,전남광주통합특별시 북구 용강동 719-1,전용주
35.24802,126.91702,1,북구,전남광주통합특별시 북구 수곡동 428-9,한전주
35.24805,126.90168,1,북구,전남광주통합특별시 북구 용강동 685-5,한전주
35.24808,126.89688,1,북구,전남광주통합특별시 북구 용강동 620-5,한전주
35.2481,126.9018,1,북구,전남광주통합특별시 북구 용강동 637-47,한전주
35.24812,126.92609,1,북구,전남광주통합특별시 북구 태령동 213-9,한전주
35.24818,126.92528,1,북구,전남광주통합특별시 북구 태령동 213-12,한전주
35.2482,126.91873,1,북구,전남광주통합특별시 북구 수곡동 433-7,한전주
35.24823,126.89575,1,북구,전남광주통합특별시 북구 용강동 722,한전주
35.24824,126.92072,1,북구,전남광주통합특별시 북구 태령동 450-1,한전주
35.24831,126.90214,1,북구,전남광주통합특별시 북구 용강동 700-1,한전주
35.24832,126.89609,1,북구,전남광주통합특별시 북구 용강동 617-4,건축물
35.24835,126.89609,1,북구,전남광주통합특별시 북구 용강동 617-4,한전주
35.24846,126.92171,1,북구,전남광주통합특별시 북구 태령동 415-12,한전주
35.24851,126.89574,1,북구,전남광주통합특별시 북구 용강동 617-5,한전주
35.24856,126.89612,1,북구,전남광주통합특별시 북구 용강동 617-14,한전주
35.24857,126.9259,1,북구,전남광주통합특별시 북구 태령동 213-11,한전주
35.24862,126.91672,1,북구,전남광주통합특별시 북구 수곡동 428-6,한전주
35.24872,126.89551,1,북구,전남광주통합특별시 북구 용강동 637-4,한전주
35.24877,126.89696,1,북구,전남광주통합특별시 북구 용강동 620-1,한전주
35.2488,126.8959,2,북구,전남광주통합특별시 북구 용강동 617-16,한전주
35.24887,126.9223,1,북구,전남광주통합특별시 북구 태령동 467,한전주
35.24887,126.93259,2,북구,전남광주통합특별시 북구 태령동 55-6,한전주
35.249,126.89542,1,북구,전남광주통합특별시 북구 용강동 668,한전주
35.24919,126.90239,2,북구,전남광주통합특별시 북구 용강동 395-2,한전주
35.24919,126.93191,3,북구,전남광주통합특별시 북구 태령동 417-57,한전주
35.24919,126.932,1,북구,전남광주통합특별시 북구 태령동 417-57,한전주
35.24922,126.91844,1,북구,전남광주통합특별시 북구 수곡동 415번지,한전주
35.2494,126.90431,1,북구,전남광주통합특별시 북구 용강동 697-6,한전주
35.2494,126.92358,1,북구,전남광주통합특별시 북구 태령동 424-3,한전주
35.24942,126.92358,1,북구,전남광주통합특별시 북구 태령동 424-3,한전주
35.24946,126.93205,1,북구,전남광주통합특별시 북구 태령동 산 21-4,한전주
35.24964,126.93154,2,북구,전남광주통합특별시 북구 태령동 417-6,한전주
35.24967,126.93141,5,북구,전남광주통합특별시 북구 태령동 415-10,한전주
35.24971,126.93171,1,북구,전남광주통합특별시 북구 태령동 51-11,한전주
35.24974,126.90278,1,북구,전남광주통합특별시 북구 용강동 402-2,한전주
35.24976,126.90444,1,북구,전남광주통합특별시 북구 용강동 412-11,한전주
35.24985,126.90416,1,북구,전남광주통합특별시 북구 용강동 412-2,전용주
35.24986,126.91642,1,북구,전남광주통합특별시 북구 수곡동 427-5,한전주
35.25011,126.91184,1,북구,전남광주통합특별시 북구 수곡동 433-1,한전주
35.25012,126.90387,1,북구,전남광주통합특별시 북구 용강동 413-2,한전주
35.25016,126.90483,1,북구,전남광주통합특별시 북구 용강동 412-12,한전주
35.25019,126.90468,1,북구,전남광주통합특별시 북구 용강동 412-4,한전주
35.25023,126.91642,1,북구,전남광주통합특별시 북구 수곡동 427-3,한전주
35.25027,126.93047,1,북구,전남광주통합특별시 북구 태령동 34,한전주
35.25028,126.90308,1,북구,전남광주통합특별시 북구 용강동 400-2,한전주
35.2504,126.90456,1,북구,전남광주통합특별시 북구 용강동 412-1,한전주
35.25048,126.90492,1,북구,전남광주통합특별시 북구 용강동 454-5,한전주
35.2505,126.90395,1,북구,전남광주통합특별시 북구 용강동 414-2,전용주
35.25051,126.90323,1,북구,전남광주통합특별시 북구 용강동 399-2,한전주
35.25059,126.90545,1,북구,전남광주통합특별시 북구 용강동 455-3,한전주
35.2506,126.90463,1,북구,전남광주통합특별시 북구 용강동 443,한전주
35.25066,126.92676,1,북구,전남광주통합특별시 북구 태령동 47-5,한전주
35.25072,126.91641,1,북구,전남광주통합특별시 북구 용강동 187-13,한전주
35.25074,126.90441,1,북구,전남광주통합특별시 북구 용강동 438-1,한전주
35.25079,126.92961,1,북구,전남광주통합특별시 북구 태령동 27,한전주
35.25087,126.92888,3,북구,전남광주통합특별시 북구 태령동 481-12,한전주
35.25089,126.90349,1,북구,전남광주통합특별시 북구 용강동 480-4,한전주
35.25089,126.93068,1,북구,전남광주통합특별시 북구 태령동 31-1,한전주
35.2509,126.92844,1,북구,전남광주통합특별시 북구 태령동 249-1,한전주
35.25091,126.92405,1,북구,전남광주통합특별시 북구 태령동 415-1,한전주
35.25094,126.90401,1,북구,전남광주통합특별시 북구 용강동 417,한전주
35.25094,126.90544,1,북구,전남광주통합특별시 북구 용강동455-1,건축물
35.25095,126.90515,1,북구,전남광주통합특별시 북구 용강동 454-1,한전주
35.25096,126.93001,1,북구,전남광주통합특별시 북구 태령동 20,한전주
35.25098,126.90467,1,북구,전남광주통합특별시 북구 용강동 448,한전주
35.251,126.92569,1,북구,전남광주통합특별시 북구 태령동 363-10,한전주
35.25101,126.9283,1,북구,전남광주통합특별시 북구 태령동 272-2,한전주
35.25101,126.92875,1,북구,전남광주통합특별시 북구 태령동 282,한전주
35.25102,126.90482,1,북구,전남광주통합특별시 북구 용강동 449,한전주
35.25108,126.92598,1,북구,전남광주통합특별시 북구 태령동 360,한전주
35.25108,126.92734,1,북구,전남광주통합특별시 북구 태령동 485,한전주
35.25111,126.92706,4,북구,전남광주통합특별시 북구 태령동 344,건축물
35.25111,126.92727,1,북구,전남광주통합특별시 북구 태령동 340,한전주
35.25118,126.92942,1,북구,전남광주통합특별시 북구 태령동 24,한전주
35.25122,126.93032,1,북구,전남광주통합특별시 북구 태령동 13-3,한전주
35.25123,126.90496,1,북구,전남광주통합특별시 북구 용강동 450,전용주
35.25123,126.92992,1,북구,전남광주통합특별시 북구 태령동 11,한전주
35.25125,126.90437,1,북구,전남광주통합특별시 북구 용강동 432,한전주
35.25128,126.92958,1,북구,전남광주통합특별시 북구 태령동 9,한전주
35.2513,126.92872,1,북구,전남광주통합특별시 북구 태령동 483,건축물
35.25131,126.92658,1,북구,전남광주통합특별시 북구 태령동 349,건축물
35.25139,126.9045,1,북구,전남광주통합특별시 북구 용강동 427,전용주
35.25142,126.91643,1,북구,전남광주통합특별시 북구 용강동 186-7,한전주
35.25145,126.9264,1,북구,전남광주통합특별시 북구 태령동 351,한전주
35.25146,126.9263,1,북구,전남광주통합특별시 북구 태령동 351,한전주
35.25149,126.92969,1,북구,전남광주통합특별시 북구 태령동 6,한전주
35.25157,126.90502,1,북구,전남광주통합특별시 북구 용강동 331-3,한전주
35.25158,126.92891,1,북구,전남광주통합특별시 북구 태령동 291,건축물
35.25159,126.92916,1,북구,전남광주통합특별시 북구 태령동 290,한전주
35.25161,126.92665,1,북구,전남광주통합특별시 북구 태령동 327,한전주
35.25162,126.92956,1,북구,전남광주통합특별시 북구 태령동 2,한전주
35.25166,126.91929,1,북구,전남광주통합특별시 북구 용강동 18-1,한전주
35.25171,126.92666,1,북구,전남광주통합특별시 북구 태령동 325,건축물
35.25171,126.92912,1,북구,전남광주통합특별시 북구 태령동 479,한전주
35.25175,126.90395,1,북구,전남광주통합특별시 북구 용강동 629-15,한전주
35.25194,126.91902,1,북구,전남광주통합특별시 북구 용강동 17-6,한전주
35.25194,126.9269,3,북구,전남광주통합특별시 북구 태령동 314,한전주
35.252,126.92623,1,북구,전남광주통합특별시 북구 태령동 321,건축물
35.25215,126.91805,3,북구,전남광주통합특별시 북구 용강동 199-27,한전주
35.25215,126.91862,1,북구,전남광주통합특별시 북구 용강동 17-1,한전주
35.25224,126.9184,1,북구,전남광주통합특별시 북구 용강동 16,한전주
35.25224,126.9191,1,북구,전남광주통합특별시 북구 태령동 산 1-7,한전주
35.25231,126.92626,1,북구,전남광주통합특별시 북구 태령동 320,한전주
35.25237,126.92651,1,북구,전남광주통합특별시 북구 태령동 319,건축물
35.25247,126.91705,2,북구,전남광주통합특별시 북구 용강동 200-16,한전주
35.25247,126.91706,1,북구,전남광주통합특별시 북구 용강동 200-16,한전주
35.25252,126.92553,1,북구,전남광주통합특별시 북구 태령동 391-4,한전주
35.25266,126.91821,1,북구,전남광주통합특별시 북구 용강동 75,전용주
35.25267,126.91778,3,북구,전남광주통합특별시 북구 용강동 73-1,한전주
35.25284,126.91806,1,북구,전남광주통합특별시 북구 용강동 77,한전주
35.25293,126.9182,1,북구,전남광주통합특별시 북구 용강동 80,한전주
35.25308,126.91828,1,북구,전남광주통합특별시 북구 용강동 81,한전주
35.25329,126.9178,1,북구,전남광주통합특별시 북구 용강동 89-1,한전주
35.25332,126.91826,1,북구,전남광주통합특별시 북구 용강동 92,한전주
35.25347,126.91745,1,북구,전남광주통합특별시 북구 용강동 68-1,한전주
35.25351,126.91786,1,북구,전남광주통합특별시 북구 용강동 98-2,전용주
35.25364,126.91718,1,북구,전남광주통합특별시 북구 용강동 195-7,한전주
35.2538,126.9181,1,북구,전남광주통합특별시 북구 용강동 96,한전주
35.25429,126.91805,1,북구,전남광주통합특별시 북구 용강동 114,한전주
35.25473,126.9179,1,북구,전남광주통합특별시 북구 용강동 199-11,한전주
