u,v,length,cctv,light,safe_cost,geom
422544678,13917435212,87.79,1,1,132.895,35.132507 126.928448|35.131769 126.928790
13917435212,422544678,87.79,1,1,132.895,35.131769 126.928790|35.132507 126.928448
422544678,4729246087,45.62,0,1,121.680,35.132507 126.928448|35.132383 126.928068|35.132329 126.928003
4729246087,422544678,45.62,0,1,121.680,35.132329 126.928003|35.132383 126.928068|35.132507 126.928448
422544678,436867991,81.83,0,2,215.230,35.132507 126.928448|35.132953 126.928241|35.133192 126.928120
436867991,422544678,81.83,0,2,215.230,35.133192 126.928120|35.132953 126.928241|35.132507 126.928448
13917435212,6821621103,43.68,1,0,109.235,35.131769 126.928790|35.131638 126.928337
6821621103,13917435212,43.68,1,0,109.235,35.131638 126.928337|35.131769 126.928790
13917435212,4806829554,89.01,4,0,222.515,35.131769 126.928790|35.131592 126.928872|35.131113 126.929095|35.131020 126.929135
4806829554,13917435212,89.01,4,0,222.515,35.131020 126.929135|35.131113 126.929095|35.131592 126.928872|35.131769 126.928790
4729246087,2382901071,84.71,0,5,212.116,35.132329 126.928003|35.132041 126.927140
2382901071,4729246087,84.71,0,5,212.116,35.132041 126.927140|35.132329 126.928003
4729246087,6821621103,82.70,0,1,243.783,35.132329 126.928003|35.131876 126.928222|35.131638 126.928337
6821621103,4729246087,82.70,0,1,243.783,35.131638 126.928337|35.131876 126.928222|35.132329 126.928003
436867991,3071560224,13.51,0,2,33.784,35.133192 126.928120|35.133178 126.928267
3071560224,436867991,13.51,0,2,33.784,35.133178 126.928267|35.133192 126.928120
436867991,12430342695,60.02,0,2,153.277,35.133192 126.928120|35.133169 126.928045|35.133157 126.928019|35.133129 126.927960|35.132982 126.927718|35.132920 126.927611|35.132899 126.927569
12430342695,436867991,60.02,0,2,153.277,35.132899 126.927569|35.132920 126.927611|35.132982 126.927718|35.133129 126.927960|35.133157 126.928019|35.133169 126.928045|35.133192 126.928120
436867991,13457517951,242.26,0,6,636.189,35.133192 126.928120|35.134028 126.927599|35.134171 126.927496|35.134253 126.927438|35.134359 126.927358|35.134675 126.927122|35.135084 126.926802
13457517951,436867991,242.26,0,6,636.189,35.135084 126.926802|35.134675 126.927122|35.134359 126.927358|35.134253 126.927438|35.134171 126.927496|35.134028 126.927599|35.133192 126.928120
436486772,12543057078,29.09,0,0,116.350,35.134962 126.916989|35.135132 126.917231
12543057078,436486772,29.09,0,0,116.350,35.135132 126.917231|35.134962 126.916989
436486772,3269962010,9.23,0,0,36.924,35.134962 126.916989|35.135027 126.916925
3269962010,436486772,9.23,0,0,36.924,35.135027 126.916925|35.134962 126.916989
436486772,12430453949,73.74,0,0,294.955,35.134962 126.916989|35.134440 126.917371|35.134390 126.917398
12430453949,436486772,73.74,0,0,294.955,35.134390 126.917398|35.134440 126.917371|35.134962 126.916989
12543057078,12543057093,123.82,0,0,495.278,35.135132 126.917231|35.135078 126.917374|35.135066 126.917400|35.135024 126.917454|35.134849 126.917626|35.134834 126.917655|35.134836 126.917687|35.134850 126.917719|35.134916 126.917799|35.134931 126.917806|35.134948 126.917799|35.134962 126.917792|35.134997 126.917761|35.135198 126.917549|35.135215 126.917541|35.135241 126.917535|35.135336 126.917521
12543057093,12543057078,123.82,0,0,495.278,35.135336 126.917521|35.135241 126.917535|35.135215 126.917541|35.135198 126.917549|35.134997 126.917761|35.134962 126.917792|35.134948 126.917799|35.134931 126.917806|35.134916 126.917799|35.134850 126.917719|35.134836 126.917687|35.134834 126.917655|35.134849 126.917626|35.135024 126.917454|35.135066 126.917400|35.135078 126.917374|35.135132 126.917231
3269962010,1212906847,123.82,0,0,495.289,35.135027 126.916925|35.135535 126.917657|35.135748 126.917963
1212906847,3269962010,123.82,0,0,495.289,35.135748 126.917963|35.135535 126.917657|35.135027 126.916925
12430453949,12430453938,106.08,0,0,424.307,35.134390 126.917398|35.134428 126.917480|35.134468 126.917561|35.134494 126.917597|35.134553 126.917645|35.134608 126.917687|35.134649 126.917715|35.134703 126.917762|35.134741 126.917795|35.134885 126.917967|35.134992 126.918084|35.135079 126.918186
12430453938,12430453949,106.08,0,0,424.307,35.135079 126.918186|35.134992 126.918084|35.134885 126.917967|35.134741 126.917795|35.134703 126.917762|35.134649 126.917715|35.134608 126.917687|35.134553 126.917645|35.134494 126.917597|35.134468 126.917561|35.134428 126.917480|35.134390 126.917398
12430453949,1212906753,95.14,0,0,380.569,35.134390 126.917398|35.134330 126.917427|35.134234 126.917459|35.133949 126.917539|35.133826 126.917580|35.133750 126.917600|35.133559 126.917640
1212906753,12430453949,95.14,0,0,380.569,35.133559 126.917640|35.133750 126.917600|35.133826 126.917580|35.133949 126.917539|35.134234 126.917459|35.134330 126.917427|35.134390 126.917398
436486781,6356535020,34.25,3,3,34.260,35.142468 126.920530|35.142591 126.920875
6356535020,436486781,34.25,3,3,34.260,35.142591 126.920875|35.142468 126.920530
436486781,10974260336,53.60,3,5,53.604,35.142468 126.920530|35.142372 126.920270|35.142264 126.919996
10974260336,436486781,53.60,3,5,53.604,35.142264 126.919996|35.142372 126.920270|35.142468 126.920530
436486781,8690512569,196.12,9,20,196.130,35.142468 126.920530|35.142555 126.920489|35.142718 126.920395|35.144118 126.919770
8690512569,436486781,196.12,9,20,196.130,35.144118 126.919770|35.142718 126.920395|35.142555 126.920489|35.142468 126.920530
436486781,4654752865,104.06,5,9,104.092,35.142468 126.920530|35.142592 126.920536|35.142643 126.920543|35.142693 126.920562|35.142771 126.920590|35.143354 126.920870
4654752865,436486781,104.06,5,9,104.092,35.143354 126.920870|35.142771 126.920590|35.142693 126.920562|35.142643 126.920543|35.142592 126.920536|35.142468 126.920530
436486781,2624307154,87.80,3,4,89.189,35.142468 126.920530|35.142418 126.920554|35.142326 126.920608|35.141992 126.920866|35.141788 126.921017
2624307154,436486781,87.80,3,4,89.189,35.141788 126.921017|35.141992 126.920866|35.142326 126.920608|35.142418 126.920554|35.142468 126.920530
6356535020,6356535039,19.12,3,3,19.124,35.142591 126.920875|35.142659 126.921069
6356535039,6356535020,19.12,3,3,19.124,35.142659 126.921069|35.142591 126.920875
6356535020,10901961346,7.62,3,2,7.615,35.142591 126.920875|35.142530 126.920912
10901961346,6356535020,7.62,3,2,7.615,35.142530 126.920912|35.142591 126.920875
10974260336,11149884116,18.58,0,3,46.458,35.142264 126.919996|35.142193 126.919811
11149884116,10974260336,18.58,0,3,46.458,35.142193 126.919811|35.142264 126.919996
10974260336,10974260337,31.84,0,6,79.599,35.142264 126.919996|35.142013 126.920164
10974260337,10974260336,31.84,0,6,79.599,35.142013 126.920164|35.142264 126.919996
8690512569,13089335718,3.67,1,7,3.675,35.144118 126.919770|35.144124 126.919810
13089335718,8690512569,3.67,1,7,3.675,35.144124 126.919810|35.144118 126.919770
8690512569,6356535053,72.33,5,11,72.326,35.144118 126.919770|35.144681 126.919533|35.144733 126.919511
6356535053,8690512569,72.33,5,11,72.326,35.144733 126.919511|35.144681 126.919533|35.144118 126.919770
4654752865,13089326498,9.05,2,7,9.054,35.143354 126.920870|35.143358 126.920970
13089326498,4654752865,9.05,2,7,9.054,35.143358 126.920970|35.143354 126.920870
4654752865,8690512587,102.68,2,12,102.919,35.143354 126.920870|35.143520 126.920940|35.144095 126.921200|35.144222 126.921257
8690512587,4654752865,102.68,2,12,102.919,35.144222 126.921257|35.144095 126.921200|35.143520 126.920940|35.143354 126.920870
2624307154,10959743356,54.72,0,3,137.139,35.141788 126.921017|35.141374 126.921343
10959743356,2624307154,54.72,0,3,137.139,35.141374 126.921343|35.141788 126.921017
2624307154,10959743398,52.41,0,6,131.027,35.141788 126.921017|35.141577 126.920542|35.141565 126.920510
10959743398,2624307154,52.41,0,6,131.027,35.141565 126.920510|35.141577 126.920542|35.141788 126.921017
436486782,6356535053,14.20,4,5,14.196,35.144860 126.919527|35.144733 126.919511
6356535053,436486782,14.20,4,5,14.196,35.144733 126.919511|35.144860 126.919527
436486782,4780266013,108.11,4,4,112.121,35.144860 126.919527|35.145284 126.920596
4780266013,436486782,108.11,4,4,112.121,35.145284 126.920596|35.144860 126.919527
436486782,1212814415,104.32,7,7,104.510,35.144860 126.919527|35.145064 126.919431|35.145381 126.919284|35.145737 126.919120
1212814415,436486782,104.32,7,7,104.510,35.145737 126.919120|35.145381 126.919284|35.145064 126.919431|35.144860 126.919527
6356535053,4664959373,49.71,8,14,49.707,35.144733 126.919511|35.144693 126.919419|35.144538 126.919019
4664959373,6356535053,49.71,8,14,49.707,35.144538 126.919019|35.144693 126.919419|35.144733 126.919511
4780266013,13056485369,11.18,0,1,27.950,35.145284 126.920596|35.145219 126.920690
13056485369,4780266013,11.18,0,1,27.950,35.145219 126.920690|35.145284 126.920596
4780266013,13056485348,20.61,0,1,51.770,35.145284 126.920596|35.145368 126.920799
13056485348,4780266013,20.61,0,1,51.770,35.145368 126.920799|35.145284 126.920596
1212814415,13056485368,12.15,3,3,12.150,35.145737 126.919120|35.145708 126.918992
13056485368,1212814415,12.15,3,3,12.150,35.145708 126.918992|35.145737 126.919120
1212814415,4814534780,11.55,3,3,11.549,35.145737 126.919120|35.145835 126.919076
4814534780,1212814415,11.55,3,3,11.549,35.145835 126.919076|35.145737 126.919120
436486785,13050545588,2.70,1,0,6.747,35.146763 126.918617|35.146782 126.918636
13050545588,436486785,2.70,1,0,6.747,35.146782 126.918636|35.146763 126.918617
436486785,2859367807,13.16,1,0,32.905,35.146763 126.918617|35.146782 126.918546|35.146781 126.918476
2859367807,436486785,13.16,1,0,32.905,35.146781 126.918476|35.146782 126.918546|35.146763 126.918617
436486785,4814534779,10.57,1,0,26.416,35.146763 126.918617|35.146727 126.918655|35.146685 126.918681
4814534779,436486785,10.57,1,0,26.416,35.146685 126.918681|35.146727 126.918655|35.146763 126.918617
13050545588,824103424,121.19,7,0,302.973,35.146782 126.918636|35.146855 126.918714|35.146935 126.918786|35.147058 126.918878|35.147158 126.918938|35.147242 126.918966|35.147334 126.918987|35.147397 126.918994|35.147477 126.918994|35.147546 126.918981|35.147608 126.918963|35.147657 126.918947|35.147709 126.918924|35.147773 126.918877
824103424,13050545588,121.19,7,0,302.973,35.147773 126.918877|35.147709 126.918924|35.147657 126.918947|35.147608 126.918963|35.147546 126.918981|35.147477 126.918994|35.147397 126.918994|35.147334 126.918987|35.147242 126.918966|35.147158 126.918938|35.147058 126.918878|35.146935 126.918786|35.146855 126.918714|35.146782 126.918636
13050545588,4814534779,23.00,1,0,57.494,35.146782 126.918636|35.146714 126.918770|35.146685 126.918681
4814534779,13050545588,23.00,1,0,57.494,35.146685 126.918681|35.146714 126.918770|35.146782 126.918636
13050545588,13056471876,14.22,1,0,35.538,35.146782 126.918636|35.146836 126.918530|35.146849 126.918504
13056471876,13050545588,14.22,1,0,35.538,35.146849 126.918504|35.146836 126.918530|35.146782 126.918636
2859367807,13050545587,7.56,1,0,18.907,35.146781 126.918476|35.146747 126.918404
13050545587,2859367807,7.56,1,0,18.907,35.146747 126.918404|35.146781 126.918476
2859367807,13056485462,8.72,1,0,21.809,35.146781 126.918476|35.146835 126.918406
13056485462,2859367807,8.72,1,0,21.809,35.146835 126.918406|35.146781 126.918476
4814534779,13056471875,11.01,1,0,27.523,35.146685 126.918681|35.146654 126.918586|35.146649 126.918569
13056471875,4814534779,11.01,1,0,27.523,35.146649 126.918569|35.146654 126.918586|35.146685 126.918681
4814534779,4814534780,101.15,4,4,104.064,35.146685 126.918681|35.146016 126.918992|35.145835 126.919076
4814534780,4814534779,101.15,4,4,104.064,35.145835 126.919076|35.146016 126.918992|35.146685 126.918681
436486786,824103424,18.60,6,1,18.726,35.147918 126.918776|35.147773 126.918877
824103424,436486786,18.60,6,1,18.726,35.147773 126.918877|35.147918 126.918776
436486786,1212813901,54.41,6,3,54.737,35.147918 126.918776|35.147985 126.918849|35.148248 126.919218
1212813901,436486786,54.41,6,3,54.737,35.148248 126.919218|35.147985 126.918849|35.147918 126.918776
436486786,1212814237,74.91,9,2,82.686,35.147918 126.918776|35.148079 126.918519|35.148122 126.918450|35.148327 126.918121
1212814237,436486786,74.91,9,2,82.686,35.148327 126.918121|35.148122 126.918450|35.148079 126.918519|35.147918 126.918776
824103424,13056485379,13.14,9,2,13.140,35.147773 126.918877|35.147696 126.918768
13056485379,824103424,13.14,9,2,13.140,35.147696 126.918768|35.147773 126.918877
1212813901,12819746069,15.44,0,2,38.604,35.148248 126.919218|35.148338 126.919346
12819746069,1212813901,15.44,0,2,38.604,35.148338 126.919346|35.148248 126.919218
1212813901,1212814436,72.90,0,3,184.036,35.148248 126.919218|35.148733 126.918679
1212814436,1212813901,72.90,0,3,184.036,35.148733 126.918679|35.148248 126.919218
1212814237,13056485380,10.62,5,3,10.622,35.148327 126.918121|35.148258 126.918040
13056485380,1212814237,10.62,5,3,10.622,35.148258 126.918040|35.148327 126.918121
1212814237,1212814436,67.88,5,4,68.165,35.148327 126.918121|35.148733 126.918679
1212814436,1212814237,67.88,5,4,68.165,35.148733 126.918679|35.148327 126.918121
1212814237,11446558650,81.01,9,10,81.010,35.148327 126.918121|35.148792 126.917435
11446558650,1212814237,81.01,9,10,81.010,35.148792 126.917435|35.148327 126.918121
436535492,5267185959,68.98,5,14,68.985,35.146940 126.927655|35.146643 126.928321
5267185959,436535492,68.98,5,14,68.985,35.146643 126.928321|35.146940 126.927655
436535492,3315759768,14.40,0,7,36.002,35.146940 126.927655|35.146952 126.927626|35.146997 126.927513
3315759768,436535492,14.40,0,7,36.002,35.146997 126.927513|35.146952 126.927626|35.146940 126.927655
436535492,1212780482,111.19,0,13,277.987,35.146940 126.927655|35.147059 126.927734|35.147254 126.927870|35.147810 126.928258
1212780482,436535492,111.19,0,13,277.987,35.147810 126.928258|35.147254 126.927870|35.147059 126.927734|35.146940 126.927655
436535492,4561700364,89.73,0,17,224.320,35.146940 126.927655|35.146734 126.927514|35.146231 126.927184
4561700364,436535492,89.73,0,17,224.320,35.146231 126.927184|35.146734 126.927514|35.146940 126.927655
5267185959,4561700377,8.50,5,12,8.502,35.146643 126.928321|35.146606 126.928403
4561700377,5267185959,8.50,5,12,8.502,35.146606 126.928403|35.146643 126.928321
5267185959,8690512298,12.53,5,14,12.533,35.146643 126.928321|35.146706 126.928435
8690512298,5267185959,12.53,5,14,12.533,35.146706 126.928435|35.146643 126.928321
5267185959,4561700365,109.39,5,23,109.393,35.146643 126.928321|35.146569 126.928235|35.146381 126.927875|35.146194 126.927625|35.145991 126.927435
4561700365,5267185959,109.39,5,23,109.393,35.145991 126.927435|35.146194 126.927625|35.146381 126.927875|35.146569 126.928235|35.146643 126.928321
3315759768,436853894,103.01,6,14,103.010,35.146997 126.927513|35.147409 126.926498
436853894,3315759768,103.01,6,14,103.010,35.147409 126.926498|35.146997 126.927513
3315759768,4777901350,222.08,2,26,238.630,35.146997 126.927513|35.146794 126.927370|35.145232 126.926371
4777901350,3315759768,222.08,2,26,238.630,35.145232 126.926371|35.146794 126.927370|35.146997 126.927513
1212780482,5313522364,25.28,0,7,63.191,35.147810 126.928258|35.147708 126.928506
5313522364,1212780482,25.28,0,7,63.191,35.147708 126.928506|35.147810 126.928258
1212780482,1212780542,89.23,0,7,223.129,35.147810 126.928258|35.148499 126.928760
1212780542,1212780482,89.23,0,7,223.129,35.148499 126.928760|35.147810 126.928258
4561700364,4561700365,35.14,0,15,87.853,35.146231 126.927184|35.145991 126.927435
4561700365,4561700364,35.14,0,15,87.853,35.145991 126.927435|35.146231 126.927184
4561700364,1212780517,31.32,0,10,78.294,35.146231 126.927184|35.145985 126.927016
1212780517,4561700364,31.32,0,10,78.294,35.145985 126.927016|35.146231 126.927184
436781776,436781779,67.93,0,0,271.711,35.135353 126.921751|35.135662 126.922395
436781779,436781776,67.93,0,0,271.711,35.135662 126.922395|35.135353 126.921751
436781776,3042647333,113.38,0,0,453.517,35.135353 126.921751|35.134817 126.920690
3042647333,436781776,113.38,0,0,453.517,35.134817 126.920690|35.135353 126.921751
436781776,3042647347,146.84,0,0,587.360,35.135353 126.921751|35.135471 126.921674|35.135875 126.921428|35.136533 126.921027
3042647347,436781776,146.84,0,0,587.360,35.136533 126.921027|35.135875 126.921428|35.135471 126.921674|35.135353 126.921751
436781776,4805609259,48.70,0,0,194.800,35.135353 126.921751|35.135275 126.921804|35.134980 126.922032
4805609259,436781776,48.70,0,0,194.800,35.134980 126.922032|35.135275 126.921804|35.135353 126.921751
436781779,9125391877,149.64,0,0,598.551,35.135662 126.922395|35.136258 126.923540|35.136384 126.923783
9125391877,436781779,149.64,0,0,598.551,35.136384 126.923783|35.136258 126.923540|35.135662 126.922395
436781779,13917435250,220.01,0,0,880.040,35.135662 126.922395|35.135530 126.922474|35.135435 126.922541|35.135245 126.922673|35.135106 126.922794|35.134919 126.922965|35.134499 126.923416|35.134092 126.923850
13917435250,436781779,220.01,0,0,880.040,35.134092 126.923850|35.134499 126.923416|35.134919 126.922965|35.135106 126.922794|35.135245 126.922673|35.135435 126.922541|35.135530 126.922474|35.135662 126.922395
436781779,12852795417,82.21,0,0,328.828,35.135662 126.922395|35.135802 126.922309|35.136019 126.922183|35.136329 126.922004
12852795417,436781779,82.21,0,0,328.828,35.136329 126.922004|35.136019 126.922183|35.135802 126.922309|35.135662 126.922395
3042647333,4634312112,117.44,0,0,469.766,35.134817 126.920690|35.134263 126.919590
4634312112,3042647333,117.44,0,0,469.766,35.134263 126.919590|35.134817 126.920690
3042647333,4805609258,51.36,0,0,205.459,35.134817 126.920690|35.134433 126.921003
4805609258,3042647333,51.36,0,0,205.459,35.134433 126.921003|35.134817 126.920690
3042647333,3042647336,51.08,0,0,204.316,35.134817 126.920690|35.135024 126.920533|35.135069 126.920487|35.135090 126.920437|35.135104 126.920380|35.135107 126.920303
3042647336,3042647333,51.08,0,0,204.316,35.135107 126.920303|35.135104 126.920380|35.135090 126.920437|35.135069 126.920487|35.135024 126.920533|35.134817 126.920690
3042647347,9125391865,51.31,0,0,205.238,35.136533 126.921027|35.136404 126.920736|35.136322 126.920525
9125391865,3042647347,51.31,0,0,205.238,35.136322 126.920525|35.136404 126.920736|35.136533 126.921027
3042647347,2382901007,109.51,0,0,438.052,35.136533 126.921027|35.137142 126.920647|35.137246 126.920575|35.137392 126.920442
2382901007,3042647347,109.51,0,0,438.052,35.137392 126.920442|35.137246 126.920575|35.137142 126.920647|35.136533 126.921027
4805609259,4805609258,111.60,0,0,446.408,35.134980 126.922032|35.134433 126.921003
4805609258,4805609259,111.60,0,0,446.408,35.134433 126.921003|35.134980 126.922032
4805609259,4805609255,47.48,0,0,189.930,35.134980 126.922032|35.134840 126.922150|35.134641 126.922349
4805609255,4805609259,47.48,0,0,189.930,35.134641 126.922349|35.134840 126.922150|35.134980 126.922032
9125391877,9125391880,33.09,0,0,132.375,35.136384 126.923783|35.136632 126.923582
9125391880,9125391877,33.09,0,0,132.375,35.136632 126.923582|35.136384 126.923783
9125391877,4693716457,136.68,0,3,364.519,35.136384 126.923783|35.136461 126.923931|35.136671 126.924334|35.136795 126.924579|35.137037 126.925056
4693716457,9125391877,136.68,0,3,364.519,35.137037 126.925056|35.136795 126.924579|35.136671 126.924334|35.136461 126.923931|35.136384 126.923783
13917435250,436868003,296.60,3,2,538.561,35.134092 126.923850|35.134075 126.923868|35.133803 126.924158|35.133202 126.924812|35.133010 126.925013|35.132920 126.925092|35.132863 126.925137|35.132739 126.925212|35.132548 126.925322|35.131904 126.925654
436868003,13917435250,296.60,3,2,538.561,35.131904 126.925654|35.132548 126.925322|35.132739 126.925212|35.132863 126.925137|35.132920 126.925092|35.133010 126.925013|35.133202 126.924812|35.133803 126.924158|35.134075 126.923868|35.134092 126.923850
13917435250,13917435257,60.88,0,0,243.540,35.134092 126.923850|35.134141 126.923926|35.134422 126.924383
13917435257,13917435250,60.88,0,0,243.540,35.134422 126.924383|35.134141 126.923926|35.134092 126.923850
12852795417,12852795429,66.85,0,0,267.383,35.136329 126.922004|35.136872 126.921690
12852795429,12852795417,66.85,0,0,267.383,35.136872 126.921690|35.136329 126.922004
12852795417,12852795423,42.39,0,0,169.555,35.136329 126.922004|35.136581 126.922000|35.136604 126.922007|35.136627 126.922018|35.136646 126.922031|35.136669 126.922051|35.136690 126.922078
12852795423,12852795417,42.39,0,0,169.555,35.136690 126.922078|35.136669 126.922051|35.136646 126.922031|35.136627 126.922018|35.136604 126.922007|35.136581 126.922000|35.136329 126.922004
436826869,4778114322,53.41,0,4,133.565,35.141426 126.917812|35.141629 126.918344
4778114322,436826869,53.41,0,4,133.565,35.141629 126.918344|35.141426 126.917812
436826869,5746993016,61.00,0,1,170.246,35.141426 126.917812|35.141396 126.917748|35.141157 126.917227
5746993016,436826869,61.00,0,1,170.246,35.141157 126.917227|35.141396 126.917748|35.141426 126.917812
436826869,11012101451,132.06,3,8,132.630,35.141426 126.917812|35.141867 126.917446|35.141966 126.917357|35.142222 126.917122|35.142388 126.916961
11012101451,436826869,132.06,3,8,132.630,35.142388 126.916961|35.142222 126.917122|35.141966 126.917357|35.141867 126.917446|35.141426 126.917812
436826869,10959645026,124.51,3,2,162.035,35.141426 126.917812|35.141346 126.917881|35.140970 126.918188|35.140612 126.918478|35.140495 126.918572
10959645026,436826869,124.51,3,2,162.035,35.140495 126.918572|35.140612 126.918478|35.140970 126.918188|35.141346 126.917881|35.141426 126.917812
4778114322,11115899620,20.20,0,6,50.497,35.141629 126.918344|35.141704 126.918547
11115899620,4778114322,20.20,0,6,50.497,35.141704 126.918547|35.141629 126.918344
4778114322,10959645155,82.97,0,11,207.432,35.141629 126.918344|35.141568 126.918373|35.141145 126.918589|35.141098 126.918624|35.141005 126.918709|35.140969 126.918754
10959645155,4778114322,82.97,0,11,207.432,35.140969 126.918754|35.141005 126.918709|35.141098 126.918624|35.141145 126.918589|35.141568 126.918373|35.141629 126.918344
4778114322,11012101389,83.53,6,17,83.531,35.141629 126.918344|35.141749 126.918273|35.141991 126.918107|35.142125 126.917999|35.142225 126.917910|35.142268 126.917866
11012101389,4778114322,83.53,6,17,83.531,35.142268 126.917866|35.142225 126.917910|35.142125 126.917999|35.141991 126.918107|35.141749 126.918273|35.141629 126.918344
5746993016,5938871727,34.13,0,0,136.526,35.141157 126.917227|35.141414 126.917023
5938871727,5746993016,34.13,0,0,136.526,35.141414 126.917023|35.141157 126.917227
5746993016,4805079369,81.26,0,0,325.054,35.141157 126.917227|35.140810 126.917530|35.140559 126.917742
4805079369,5746993016,81.26,0,0,325.054,35.140559 126.917742|35.140810 126.917530|35.141157 126.917227
5746993016,5746992996,83.97,0,0,335.883,35.141157 126.917227|35.140796 126.916518|35.140756 126.916444
5746992996,5746993016,83.97,0,0,335.883,35.140756 126.916444|35.140796 126.916518|35.141157 126.917227
11012101451,11115919563,38.95,3,7,38.945,35.142388 126.916961|35.142491 126.916861|35.142653 126.916681
11115919563,11012101451,38.95,3,7,38.945,35.142653 126.916681|35.142491 126.916861|35.142388 126.916961
11012101451,5746594299,37.94,3,10,37.940,35.142388 126.916961|35.142455 126.917086|35.142535 126.917335
5746594299,11012101451,37.94,3,10,37.940,35.142535 126.917335|35.142455 126.917086|35.142388 126.916961
10959645026,10958477367,86.15,3,2,98.832,35.140495 126.918572|35.139845 126.919088
10958477367,10959645026,86.15,3,2,98.832,35.139845 126.919088|35.140495 126.918572
10959645026,10959645027,50.57,3,7,50.567,35.140495 126.918572|35.140744 126.919037
10959645027,10959645026,50.57,3,7,50.567,35.140744 126.919037|35.140495 126.918572
436826870,4806750939,43.95,4,7,43.951,35.141944 126.919191|35.142117 126.919626
4806750939,436826870,43.95,4,7,43.951,35.142117 126.919626|35.141944 126.919191
436826870,10959645162,59.74,4,10,59.738,35.141944 126.919191|35.141721 126.918594
10959645162,436826870,59.74,4,10,59.738,35.141721 126.918594|35.141944 126.919191
436826870,11118155807,53.91,4,10,53.910,35.141944 126.919191|35.142380 126.918932
11118155807,436826870,53.91,4,10,53.910,35.142380 126.918932|35.141944 126.919191
436826870,10974260525,54.26,4,11,54.260,35.141944 126.919191|35.141849 126.919267|35.141551 126.919544
10974260525,436826870,54.26,4,11,54.260,35.141551 126.919544|35.141849 126.919267|35.141944 126.919191
4806750939,11149884116,18.86,4,4,18.855,35.142117 126.919626|35.142193 126.919811
11149884116,4806750939,18.86,4,4,18.855,35.142193 126.919811|35.142117 126.919626
4806750939,4806750927,102.64,4,10,102.648,35.142117 126.919626|35.142073 126.919654|35.141993 126.919730|35.141959 126.919781|35.141948 126.919820|35.141950 126.919870|35.141886 126.919898|35.141832 126.919948|35.141774 126.920000|35.141729 126.920046|35.141713 126.920084|35.141707 126.920127|35.141710 126.920190|35.141677 126.920265|35.141611 126.920316|35.141514 126.920372
4806750927,4806750939,102.64,4,10,102.648,35.141514 126.920372|35.141611 126.920316|35.141677 126.920265|35.141710 126.920190|35.141707 126.920127|35.141713 126.920084|35.141729 126.920046|35.141774 126.920000|35.141832 126.919948|35.141886 126.919898|35.141950 126.919870|35.141948 126.919820|35.141959 126.919781|35.141993 126.919730|35.142073 126.919654|35.142117 126.919626
10959645162,11115899620,4.67,0,6,11.664,35.141721 126.918594|35.141704 126.918547
11115899620,10959645162,4.67,0,6,11.664,35.141704 126.918547|35.141721 126.918594
10959645162,10959645154,76.88,0,13,192.209,35.141721 126.918594|35.141523 126.918701|35.141384 126.918764|35.141348 126.918777|35.141301 126.918784|35.141240 126.918800|35.141104 126.918864|35.141076 126.918888
10959645154,10959645162,76.88,0,13,192.209,35.141076 126.918888|35.141104 126.918864|35.141240 126.918800|35.141301 126.918784|35.141348 126.918777|35.141384 126.918764|35.141523 126.918701|35.141721 126.918594
11118155807,11149884197,38.86,3,13,38.858,35.142380 126.918932|35.142695 126.918747
11149884197,11118155807,38.86,3,13,38.858,35.142695 126.918747|35.142380 126.918932
11118155807,11118155806,48.80,0,17,122.006,35.142380 126.918932|35.142283 126.918670|35.142257 126.918638|35.142178 126.918517|35.142200 126.918476
11118155806,11118155807,48.80,0,17,122.006,35.142200 126.918476|35.142178 126.918517|35.142257 126.918638|35.142283 126.918670|35.142380 126.918932
10974260525,10959645144,51.22,0,10,128.039,35.141551 126.919544|35.141176 126.919871
10959645144,10974260525,51.22,0,10,128.039,35.141176 126.919871|35.141551 126.919544
10974260525,10974260527,18.30,0,9,45.738,35.141551 126.919544|35.141654 126.919701
10974260527,10974260525,18.30,0,9,45.738,35.141654 126.919701|35.141551 126.919544
436830059,12430453963,4.16,0,0,16.636,35.132672 126.917804|35.132709 126.917798
12430453963,436830059,4.16,0,0,16.636,35.132709 126.917798|35.132672 126.917804
436830059,4797484283,50.34,0,0,201.345,35.132672 126.917804|35.132222 126.917862
4797484283,436830059,50.34,0,0,201.345,35.132222 126.917862|35.132672 126.917804
436830059,1212906700,50.16,0,0,200.630,35.132672 126.917804|35.132651 126.917703|35.132627 126.917257
1212906700,436830059,50.16,0,0,200.630,35.132627 126.917257|35.132651 126.917703|35.132672 126.917804
12430453963,12430454082,42.16,0,0,168.650,35.132709 126.917798|35.133084 126.917730
12430454082,12430453963,42.16,0,0,168.650,35.133084 126.917730|35.132709 126.917798
12430453963,12430690936,40.92,0,0,163.678,35.132709 126.917798|35.132789 126.918237
12430690936,12430453963,40.92,0,0,163.678,35.132789 126.918237|35.132709 126.917798
4797484283,436844206,16.09,0,0,64.367,35.132222 126.917862|35.132078 126.917878
436844206,4797484283,16.09,0,0,64.367,35.132078 126.917878|35.132222 126.917862
4797484283,9171675861,40.87,0,0,163.465,35.132222 126.917862|35.132186 126.918309
9171675861,4797484283,40.87,0,0,163.465,35.132186 126.918309|35.132222 126.917862
1212906700,1212906890,49.07,0,0,196.288,35.132627 126.917257|35.133064 126.917177
1212906890,1212906700,49.07,0,0,196.288,35.133064 126.917177|35.132627 126.917257
436837030,4561700432,28.08,2,3,28.084,35.147790 126.936833|35.148042 126.936856
4561700432,436837030,28.08,2,3,28.084,35.148042 126.936856|35.147790 126.936833
436837030,4561700410,9.92,2,2,9.924,35.147790 126.936833|35.147812 126.936810|35.147829 126.936779|35.147839 126.936745
4561700410,436837030,9.92,2,2,9.924,35.147839 126.936745|35.147829 126.936779|35.147812 126.936810|35.147790 126.936833
436837030,4561700406,12.94,2,2,12.943,35.147790 126.936833|35.147764 126.936849|35.147735 126.936855|35.147706 126.936853|35.147679 126.936841
4561700406,436837030,12.94,2,2,12.943,35.147679 126.936841|35.147706 126.936853|35.147735 126.936855|35.147764 126.936849|35.147790 126.936833
4561700432,4806750869,67.22,2,12,67.220,35.148042 126.936856|35.148645 126.936907
4806750869,4561700432,67.22,2,12,67.220,35.148645 126.936907|35.148042 126.936856
4561700432,4561700468,51.30,2,7,51.295,35.148042 126.936856|35.148074 126.936940|35.148064 126.937008|35.148208 126.937223|35.148238 126.937342
4561700468,4561700432,51.30,2,7,51.295,35.148238 126.937342|35.148208 126.937223|35.148064 126.937008|35.148074 126.936940|35.148042 126.936856
4561700410,4806750873,133.17,6,10,133.275,35.147839 126.936745|35.147897 126.936643|35.148023 126.936488|35.148065 126.936414|35.148087 126.936354|35.148124 126.936231|35.148153 126.936085|35.148271 126.935416
4806750873,4561700410,133.17,6,10,133.275,35.148271 126.935416|35.148153 126.936085|35.148124 126.936231|35.148087 126.936354|35.148065 126.936414|35.148023 126.936488|35.147897 126.936643|35.147839 126.936745
4561700410,4561700407,25.93,2,2,25.950,35.147839 126.936745|35.147839 126.936697|35.147827 126.936652|35.147802 126.936616|35.147769 126.936591|35.147731 126.936582|35.147692 126.936589
4561700407,4561700410,25.93,2,2,25.950,35.147692 126.936589|35.147731 126.936582|35.147769 126.936591|35.147802 126.936616|35.147827 126.936652|35.147839 126.936697|35.147839 126.936745
4561700406,5660918664,89.29,4,10,89.296,35.147679 126.936841|35.147639 126.936920|35.147688 126.937235|35.147807 126.937785
5660918664,4561700406,89.29,4,10,89.296,35.147807 126.937785|35.147688 126.937235|35.147639 126.936920|35.147679 126.936841
4561700406,4561700412,21.32,2,2,21.322,35.147679 126.936841|35.147652 126.936819|35.147632 126.936789|35.147620 126.936752|35.147617 126.936714|35.147622 126.936675|35.147637 126.936640
4561700412,4561700406,21.32,2,2,21.322,35.147637 126.936640|35.147622 126.936675|35.147617 126.936714|35.147620 126.936752|35.147632 126.936789|35.147652 126.936819|35.147679 126.936841
436837211,13089335755,7.45,0,2,18.636,35.144595 126.924578|35.144536 126.924539
13089335755,436837211,7.45,0,2,18.636,35.144536 126.924539|35.144595 126.924578
436837211,13089335759,19.91,0,4,49.768,35.144595 126.924578|35.144753 126.924682
13089335759,436837211,19.91,0,4,49.768,35.144753 126.924682|35.144595 126.924578
436837211,13089335721,40.21,3,4,40.215,35.144595 126.924578|35.144770 126.924191
13089335721,436837211,40.21,3,4,40.215,35.144770 126.924191|35.144595 126.924578
436837211,4780265979,80.22,0,8,200.554,35.144595 126.924578|35.144265 126.925362
4780265979,436837211,80.22,0,8,200.554,35.144265 126.925362|35.144595 126.924578
13089335755,13089335727,28.31,0,4,70.777,35.144536 126.924539|35.144312 126.924392
13089335727,13089335755,28.31,0,4,70.777,35.144312 126.924392|35.144536 126.924539
13089335755,13089335754,39.88,0,3,99.720,35.144536 126.924539|35.144702 126.924151
13089335754,13089335755,39.88,0,3,99.720,35.144702 126.924151|35.144536 126.924539
13089335755,13089335756,74.64,0,11,186.609,35.144536 126.924539|35.144234 126.925251|35.144227 126.925268
13089335756,13089335755,74.64,0,11,186.609,35.144227 126.925268|35.144234 126.925251|35.144536 126.924539
13089335759,4631989871,32.44,3,6,32.443,35.144753 126.924682|35.145009 126.924852
4631989871,13089335759,32.44,3,6,32.443,35.145009 126.924852|35.144753 126.924682
13089335759,13089335738,4.66,0,3,11.661,35.144753 126.924682|35.144742 126.924709|35.144734 126.924728
13089335738,13089335759,4.66,0,3,11.661,35.144734 126.924728|35.144742 126.924709|35.144753 126.924682
13089335759,13089335737,7.29,3,4,7.288,35.144753 126.924682|35.144775 126.924626|35.144781 126.924610
13089335737,13089335759,7.29,3,4,7.288,35.144781 126.924610|35.144775 126.924626|35.144753 126.924682
13089335721,13089335754,8.38,3,2,8.378,35.144770 126.924191|35.144702 126.924151
13089335754,13089335721,8.38,3,2,8.378,35.144702 126.924151|35.144770 126.924191
13089335721,4631994442,63.84,3,5,63.878,35.144770 126.924191|35.144942 126.923808|35.145010 126.923659|35.145047 126.923576
4631994442,13089335721,63.84,3,5,63.878,35.145047 126.923576|35.145010 126.923659|35.144942 126.923808|35.144770 126.924191
4780265979,13089335750,7.65,0,5,19.136,35.144265 126.925362|35.144325 126.925404
13089335750,4780265979,7.65,0,5,19.136,35.144325 126.925404|35.144265 126.925362
4780265979,4631736506,13.20,0,5,32.999,35.144265 126.925362|35.144212 126.925492
4631736506,4780265979,13.20,0,5,32.999,35.144212 126.925492|35.144265 126.925362
436837215,13056485374,24.61,0,3,61.520,35.145753 126.921912|35.145540 126.921836
13056485374,436837215,24.61,0,3,61.520,35.145540 126.921836|35.145753 126.921912
436837215,13052475516,24.83,0,2,62.090,35.145753 126.921912|35.145976 126.921909
13052475516,436837215,24.83,0,2,62.090,35.145976 126.921909|35.145753 126.921912
436837215,13056485376,25.25,0,1,63.847,35.145753 126.921912|35.145747 126.921804|35.145730 126.921712|35.145707 126.921643
13056485376,436837215,25.25,0,1,63.847,35.145707 126.921643|35.145730 126.921712|35.145747 126.921804|35.145753 126.921912
436837215,13056485371,30.73,0,2,76.906,35.145753 126.921912|35.145774 126.922027|35.145798 126.922098|35.145832 126.922161|35.145875 126.922204
13056485371,436837215,30.73,0,2,76.906,35.145875 126.922204|35.145832 126.922161|35.145798 126.922098|35.145774 126.922027|35.145753 126.921912
436837215,13056485370,26.94,0,2,67.365,35.145753 126.921912|35.145647 126.922154|35.145639 126.922174
13056485370,436837215,26.94,0,2,67.365,35.145639 126.922174|35.145647 126.922154|35.145753 126.921912
13056485374,5192601883,19.23,0,3,48.081,35.145540 126.921836|35.145374 126.921777
5192601883,13056485374,19.23,0,3,48.081,35.145374 126.921777|35.145540 126.921836
13056485374,13056485341,8.90,0,3,22.257,35.145540 126.921836|35.145516 126.921912|35.145512 126.921928
13056485341,13056485374,8.90,0,3,22.257,35.145512 126.921928|35.145516 126.921912|35.145540 126.921836
13056485374,13056485466,15.05,0,2,37.617,35.145540 126.921836|35.145568 126.921746|35.145600 126.921689
13056485466,13056485374,15.05,0,2,37.617,35.145600 126.921689|35.145568 126.921746|35.145540 126.921836
13052475516,13052447280,10.67,0,2,26.663,35.145976 126.921909|35.145976 126.921993|35.145976 126.922027
13052447280,13052475516,10.67,0,2,26.663,35.145976 126.922027|35.145976 126.921993|35.145976 126.921909
13052475516,13052447279,16.10,0,2,40.256,35.145976 126.921909|35.145976 126.921777|35.145976 126.921732
13052447279,13052475516,16.10,0,2,40.256,35.145976 126.921732|35.145976 126.921777|35.145976 126.921909
13052475516,4806750807,129.30,0,3,342.318,35.145976 126.921909|35.146832 126.921899|35.147139 126.921896
4806750807,13052475516,129.30,0,3,342.318,35.147139 126.921896|35.146832 126.921899|35.145976 126.921909
13056485376,5192601877,25.22,0,1,63.764,35.145707 126.921643|35.145695 126.921606|35.145613 126.921390
5192601877,13056485376,25.22,0,1,63.764,35.145613 126.921390|35.145695 126.921606|35.145707 126.921643
13056485376,13056485466,12.64,0,1,31.595,35.145707 126.921643|35.145647 126.921674|35.145600 126.921689
13056485466,13056485376,12.64,0,1,31.595,35.145600 126.921689|35.145647 126.921674|35.145707 126.921643
13056485376,13050595951,13.12,0,0,52.473,35.145707 126.921643|35.145802 126.921593|35.145815 126.921585
13050595951,13056485376,13.12,0,0,52.473,35.145815 126.921585|35.145802 126.921593|35.145707 126.921643
13056485371,12820294183,41.90,0,4,104.758,35.145875 126.922204|35.146099 126.922426|35.146168 126.922494
12820294183,13056485371,41.90,0,4,104.758,35.146168 126.922494|35.146099 126.922426|35.145875 126.922204
13056485371,13056485333,5.41,0,2,13.517,35.145875 126.922204|35.145860 126.922228|35.145845 126.922251
13056485333,13056485371,5.41,0,2,13.517,35.145845 126.922251|35.145860 126.922228|35.145875 126.922204
13056485371,13056485332,7.73,0,2,19.325,35.145875 126.922204|35.145916 126.922140|35.145918 126.922137
13056485332,13056485371,7.73,0,2,19.325,35.145918 126.922137|35.145916 126.922140|35.145875 126.922204
13056485370,13056485345,8.57,0,3,21.414,35.145639 126.922174|35.145684 126.922202|35.145707 126.922220
13056485345,13056485370,8.57,0,3,21.414,35.145707 126.922220|35.145684 126.922202|35.145639 126.922174
13056485370,13056485342,10.18,0,2,25.458,35.145639 126.922174|35.145568 126.922130|35.145558 126.922123
13056485342,13056485370,10.18,0,2,25.458,35.145558 126.922123|35.145568 126.922130|35.145639 126.922174
13056485370,4654752862,45.21,0,5,113.021,35.145639 126.922174|35.145478 126.922582|35.145462 126.922621
4654752862,13056485370,45.21,0,5,113.021,35.145462 126.922621|35.145478 126.922582|35.145639 126.922174
436844180,4634312112,63.99,0,0,255.976,35.133961 126.918992|35.134263 126.919590
4634312112,436844180,63.99,0,0,255.976,35.134263 126.919590|35.133961 126.918992
436844180,12430453957,55.18,0,0,220.714,35.133961 126.918992|35.134381 126.918670
12430453957,436844180,55.18,0,0,220.714,35.134381 126.918670|35.133961 126.918992
436844180,4797484282,208.98,0,0,835.929,35.133961 126.918992|35.133843 126.919056|35.133733 126.919105|35.133606 126.919151|35.133405 126.919203|35.133240 126.919224|35.133095 126.919234|35.132948 126.919239|35.132398 126.919228|35.132111 126.919212
4797484282,436844180,208.98,0,0,835.929,35.132111 126.919212|35.132398 126.919228|35.132948 126.919239|35.133095 126.919234|35.133240 126.919224|35.133405 126.919203|35.133606 126.919151|35.133733 126.919105|35.133843 126.919056|35.133961 126.918992
436844180,4777956789,106.78,0,0,427.133,35.133961 126.918992|35.133739 126.918562|35.133515 126.918126|35.133449 126.917998
4777956789,436844180,106.78,0,0,427.133,35.133449 126.917998|35.133515 126.918126|35.133739 126.918562|35.133961 126.918992
4634312112,9901815095,40.02,0,0,160.060,35.134263 126.919590|35.134067 126.919776|35.133964 126.919829
9901815095,4634312112,40.02,0,0,160.060,35.133964 126.919829|35.134067 126.919776|35.134263 126.919590
12430453957,4777956787,75.71,0,0,302.836,35.134381 126.918670|35.134714 126.918424|35.134845 126.918328|35.134969 126.918250
4777956787,12430453957,75.71,0,0,302.836,35.134969 126.918250|35.134845 126.918328|35.134714 126.918424|35.134381 126.918670
12430453957,12430453952,51.77,0,0,207.077,35.134381 126.918670|35.134313 126.918528|35.134279 126.918445|35.134269 126.918397|35.134266 126.918366|35.134300 126.918139
12430453952,12430453957,51.77,0,0,207.077,35.134300 126.918139|35.134266 126.918366|35.134269 126.918397|35.134279 126.918445|35.134313 126.918528|35.134381 126.918670
4797484282,9171675861,82.53,0,0,330.118,35.132111 126.919212|35.132186 126.918309
9171675861,4797484282,82.53,0,0,330.118,35.132186 126.918309|35.132111 126.919212
4797484282,10245840035,78.81,0,0,315.247,35.132111 126.919212|35.131498 126.919170|35.131403 126.919169
10245840035,4797484282,78.81,0,0,315.247,35.131403 126.919169|35.131498 126.919170|35.132111 126.919212
4777956789,436879271,32.03,0,0,128.116,35.133449 126.917998|35.133345 126.917781|35.133312 126.917689
436879271,4777956789,32.03,0,0,128.116,35.133312 126.917689|35.133345 126.917781|35.133449 126.917998
4777956789,12430453952,95.54,0,0,382.178,35.133449 126.917998|35.134190 126.918121|35.134300 126.918139
12430453952,4777956789,95.54,0,0,382.178,35.134300 126.918139|35.134190 126.918121|35.133449 126.917998
436844206,4777956790,66.47,0,0,265.888,35.132078 126.917878|35.131487 126.917987
4777956790,436844206,66.47,0,0,265.888,35.131487 126.917987|35.132078 126.917878
436844206,4785406905,36.94,0,0,147.742,35.132078 126.917878|35.132048 126.917474
4785406905,436844206,36.94,0,0,147.742,35.132048 126.917474|35.132078 126.917878
4777956790,4785406906,38.62,0,0,154.470,35.131487 126.917987|35.131454 126.917565
4785406906,4777956790,38.62,0,0,154.470,35.131454 126.917565|35.131487 126.917987
4777956790,9125391834,51.53,0,0,206.136,35.131487 126.917987|35.131098 126.918059|35.131029 126.918073
9125391834,4777956790,51.53,0,0,206.136,35.131029 126.918073|35.131098 126.918059|35.131487 126.917987
4785406905,4785406906,66.51,0,0,266.035,35.132048 126.917474|35.131454 126.917565
4785406906,4785406905,66.51,0,0,266.035,35.131454 126.917565|35.132048 126.917474
4785406905,5201138646,42.70,0,0,170.816,35.132048 126.917474|35.132008 126.917007
5201138646,4785406905,42.70,0,0,170.816,35.132008 126.917007|35.132048 126.917474
436853807,4818188217,66.47,5,7,66.471,35.143023 126.921982|35.143295 126.922633
4818188217,436853807,66.47,5,7,66.471,35.143295 126.922633|35.143023 126.921982
436853807,10902011870,5.83,2,2,5.832,35.143023 126.921982|35.143000 126.921925
10902011870,436853807,5.83,2,2,5.832,35.143000 126.921925|35.143023 126.921982
436853807,4654752870,62.39,2,11,62.388,35.143023 126.921982|35.143576 126.921870
4654752870,436853807,62.39,2,11,62.388,35.143576 126.921870|35.143023 126.921982
4818188217,10902041186,22.54,3,6,22.542,35.143295 126.922633|35.143386 126.922855
10902041186,4818188217,22.54,3,6,22.542,35.143386 126.922855|35.143295 126.922633
4818188217,4818188218,20.04,3,5,20.042,35.143295 126.922633|35.143134 126.922732
4818188218,4818188217,20.04,3,5,20.042,35.143134 126.922732|35.143295 126.922633
10902011870,6356535039,86.57,5,6,86.697,35.143000 126.921925|35.142659 126.921069
6356535039,10902011870,86.57,5,6,86.697,35.142659 126.921069|35.143000 126.921925
10902011870,10902011884,168.32,2,2,250.069,35.143000 126.921925|35.142647 126.922159|35.142532 126.922242|35.142484 126.922279|35.142436 126.922315|35.142387 126.922364|35.142284 126.922483|35.142220 126.922561|35.142166 126.922623|35.142122 126.922657|35.142008 126.922745|35.141951 126.922777|35.141896 126.922796|35.141871 126.922798|35.141846 126.922792|35.141783 126.922735|35.141738 126.922686
10902011884,10902011870,168.32,2,2,250.069,35.141738 126.922686|35.141783 126.922735|35.141846 126.922792|35.141871 126.922798|35.141896 126.922796|35.141951 126.922777|35.142008 126.922745|35.142122 126.922657|35.142166 126.922623|35.142220 126.922561|35.142284 126.922483|35.142387 126.922364|35.142436 126.922315|35.142484 126.922279|35.142532 126.922242|35.142647 126.922159|35.143000 126.921925
4654752870,4902023301,53.34,0,14,133.352,35.143576 126.921870|35.144035 126.921698
4902023301,4654752870,53.34,0,14,133.352,35.144035 126.921698|35.143576 126.921870
4654752870,12585138708,76.11,4,20,76.111,35.143576 126.921870|35.143861 126.922631
12585138708,4654752870,76.11,4,20,76.111,35.143861 126.922631|35.143576 126.921870
4654752870,13089326498,85.63,0,18,214.076,35.143576 126.921870|35.143360 126.921049|35.143358 126.920970
13089326498,4654752870,85.63,0,18,214.076,35.143358 126.920970|35.143360 126.921049|35.143576 126.921870
436853808,436853809,5.54,3,8,5.544,35.143915 126.924100|35.143945 126.924149
436853809,436853808,5.54,3,8,5.544,35.143945 126.924149|35.143915 126.924100
436853808,4631253777,10.12,3,12,10.122,35.143915 126.924100|35.143866 126.924006
4631253777,436853808,10.12,3,12,10.122,35.143866 126.924006|35.143915 126.924100
436853808,4654752863,57.70,3,14,57.697,35.143915 126.924100|35.143963 126.924045|35.144345 126.923746
4654752863,436853808,57.70,3,14,57.697,35.144345 126.923746|35.143963 126.924045|35.143915 126.924100
436853809,4631736506,125.69,3,20,125.752,35.143945 126.924149|35.144212 126.925492
4631736506,436853809,125.69,3,20,125.752,35.144212 126.925492|35.143945 126.924149
436853809,13089335727,46.37,3,10,46.371,35.143945 126.924149|35.144165 126.924296|35.144312 126.924392
13089335727,436853809,46.37,3,10,46.371,35.144312 126.924392|35.144165 126.924296|35.143945 126.924149
4631253777,12585138705,38.58,3,13,38.575,35.143866 126.924006|35.143705 126.923631
12585138705,4631253777,38.58,3,13,38.575,35.143705 126.923631|35.143866 126.924006
4631253777,4631253779,48.85,3,18,48.852,35.143866 126.924006|35.143678 126.924474|35.143672 126.924488
4631253779,4631253777,48.85,3,18,48.852,35.143672 126.924488|35.143678 126.924474|35.143866 126.924006
4631253777,4631253783,77.75,5,15,77.747,35.143866 126.924006|35.143613 126.923877|35.143425 126.923750|35.143240 126.923629
4631253783,4631253777,77.75,5,15,77.747,35.143240 126.923629|35.143425 126.923750|35.143613 126.923877|35.143866 126.924006
4654752863,12585138706,41.27,4,12,41.274,35.144345 126.923746|35.144166 126.923349
12585138706,4654752863,41.27,4,12,41.274,35.144166 126.923349|35.144345 126.923746
4654752863,4631994447,54.13,0,13,135.334,35.144345 126.923746|35.144380 126.923716|35.144655 126.923290
4631994447,4654752863,54.13,0,13,135.334,35.144655 126.923290|35.144380 126.923716|35.144345 126.923746
4631736506,3315758204,22.57,0,3,56.421,35.144212 126.925492|35.144117 126.925712
3315758204,4631736506,22.57,0,3,56.421,35.144117 126.925712|35.144212 126.925492
4631736506,4631253775,105.43,2,15,105.714,35.144212 126.925492|35.143464 126.925009|35.143507 126.924895
4631253775,4631736506,105.43,2,15,105.714,35.143507 126.924895|35.143464 126.925009|35.144212 126.925492
13089335727,13089335754,62.18,0,7,155.459,35.144312 126.924392|35.144364 126.924272|35.144423 126.924137|35.144443 126.924098|35.144473 126.924065|35.144490 126.924057|35.144507 126.924058|35.144543 126.924069|35.144624 126.924104|35.144702 126.924151
13089335754,13089335727,62.18,0,7,155.459,35.144702 126.924151|35.144624 126.924104|35.144543 126.924069|35.144507 126.924058|35.144490 126.924057|35.144473 126.924065|35.144443 126.924098|35.144423 126.924137|35.144364 126.924272|35.144312 126.924392
436853894,11752323726,56.66,6,7,56.658,35.147409 126.926498|35.146964 126.926194
11752323726,436853894,56.66,6,7,56.658,35.146964 126.926194|35.147409 126.926498
436853894,4780265829,19.55,6,8,19.553,35.147409 126.926498|35.147487 126.926305
4780265829,436853894,19.55,6,8,19.553,35.147487 126.926305|35.147409 126.926498
436853894,4854697793,45.30,6,12,45.301,35.147409 126.926498|35.147581 126.926635|35.147638 126.926667|35.147720 126.926689|35.147775 126.926692
4854697793,436853894,45.30,6,12,45.301,35.147775 126.926692|35.147720 126.926689|35.147638 126.926667|35.147581 126.926635|35.147409 126.926498
11752323726,4631736503,165.04,3,13,165.711,35.146964 126.926194|35.145668 126.925308
4631736503,11752323726,165.04,3,13,165.711,35.145668 126.925308|35.146964 126.926194
11752323726,11752323721,89.83,0,9,224.581,35.146964 126.926194|35.146933 126.926241|35.146840 126.926380|35.146707 126.926576|35.146575 126.926766|35.146443 126.926948
11752323721,11752323726,89.83,0,9,224.581,35.146443 126.926948|35.146575 126.926766|35.146707 126.926576|35.146840 126.926380|35.146933 126.926241|35.146964 126.926194
4780265829,5684856643,113.75,6,10,113.776,35.147487 126.926305|35.147709 126.925768|35.147960 126.925196
5684856643,4780265829,113.75,6,10,113.776,35.147960 126.925196|35.147709 126.925768|35.147487 126.926305
4854697793,5160932741,70.53,5,15,70.528,35.147775 126.926692|35.148409 126.926727
5160932741,4854697793,70.53,5,15,70.528,35.148409 126.926727|35.147775 126.926692
4854697793,4854697794,14.80,3,10,14.801,35.147775 126.926692|35.147783 126.926854
4854697794,4854697793,14.80,3,10,14.801,35.147783 126.926854|35.147775 126.926692
436854077,4500091112,44.08,4,11,44.076,35.145889 126.916592|35.146088 126.917011
4500091112,436854077,44.08,4,11,44.076,35.146088 126.917011|35.145889 126.916592
436854077,13056485455,15.96,4,10,15.962,35.145889 126.916592|35.145815 126.916441
13056485455,436854077,15.96,4,10,15.962,35.145815 126.916441|35.145889 126.916592
436854077,13056485456,5.67,4,9,5.673,35.145889 126.916592|35.145850 126.916633
13056485456,436854077,5.67,4,9,5.673,35.145850 126.916633|35.145889 126.916592
436854077,13056485457,9.81,4,12,9.811,35.145889 126.916592|35.145957 126.916523
13056485457,436854077,9.81,4,12,9.811,35.145957 126.916523|35.145889 126.916592
4500091112,4664959378,30.02,4,4,30.022,35.146088 126.917011|35.146217 126.917301
4664959378,4500091112,30.02,4,4,30.022,35.146217 126.917301|35.146088 126.917011
4500091112,11518823605,12.45,4,7,12.452,35.146088 126.917011|35.146109 126.916937|35.146123 126.916881
11518823605,4500091112,12.45,4,7,12.452,35.146123 126.916881|35.146109 126.916937|35.146088 126.917011
13056485455,4490705030,3.66,4,9,3.659,35.145815 126.916441|35.145799 126.916407
4490705030,13056485455,3.66,4,9,3.659,35.145799 126.916407|35.145815 126.916441
13056485455,13056471838,5.16,4,9,5.157,35.145815 126.916441|35.145775 126.916470
13056471838,13056485455,5.16,4,9,5.157,35.145775 126.916470|35.145815 126.916441
13056485455,13056471837,10.33,4,12,10.328,35.145815 126.916441|35.145896 126.916384
13056471837,13056485455,10.33,4,12,10.328,35.145896 126.916384|35.145815 126.916441
13056485456,1212814345,75.87,10,11,75.871,35.145850 126.916633|35.145313 126.917147
1212814345,13056485456,75.87,10,11,75.871,35.145313 126.917147|35.145850 126.916633
13056485456,13056485458,71.00,4,11,70.995,35.145850 126.916633|35.146163 126.917314
13056485458,13056485456,71.00,4,11,70.995,35.146163 126.917314|35.145850 126.916633
13056485456,13056471838,16.99,4,9,16.992,35.145850 126.916633|35.145775 126.916470
13056471838,13056485456,16.99,4,9,16.992,35.145775 126.916470|35.145850 126.916633
13056485457,2859368480,66.46,4,17,66.457,35.145957 126.916523|35.146417 126.916056
2859368480,13056485457,66.46,4,17,66.457,35.146417 126.916056|35.145957 126.916523
13056485457,13056471837,14.39,4,11,14.391,35.145957 126.916523|35.145896 126.916384
13056471837,13056485457,14.39,4,11,14.391,35.145896 126.916384|35.145957 126.916523
13056485457,11518823605,37.43,4,13,37.426,35.145957 126.916523|35.145997 126.916613|35.146123 126.916881
11518823605,13056485457,37.43,4,13,37.426,35.146123 126.916881|35.145997 126.916613|35.145957 126.916523
436860896,11230541411,44.82,0,0,179.283,35.138529 126.918279|35.138872 126.918019
11230541411,436860896,44.82,0,0,179.283,35.138872 126.918019|35.138529 126.918279
436860896,12382454546,28.02,0,0,112.094,35.138529 126.918279|35.138672 126.918532
12382454546,436860896,28.02,0,0,112.094,35.138672 126.918532|35.138529 126.918279
436860896,12382454543,22.27,0,0,89.094,35.138529 126.918279|35.138418 126.918075
12382454543,436860896,22.27,0,0,89.094,35.138418 126.918075|35.138529 126.918279
11230541411,11230541410,40.71,0,0,162.835,35.138872 126.918019|35.138671 126.917645
11230541410,11230541411,40.71,0,0,162.835,35.138671 126.917645|35.138872 126.918019
11230541411,4936282899,59.64,0,0,238.567,35.138872 126.918019|35.138917 126.917986|35.139310 126.917641
4936282899,11230541411,59.64,0,0,238.567,35.139310 126.917641|35.138917 126.917986|35.138872 126.918019
12382454546,12382454545,17.53,0,0,70.100,35.138672 126.918532|35.138543 126.918643
12382454545,12382454546,17.53,0,0,70.100,35.138543 126.918643|35.138672 126.918532
12382454546,436860897,59.05,0,0,236.181,35.138672 126.918532|35.138909 126.918952|35.138970 126.919070
436860897,12382454546,59.05,0,0,236.181,35.138970 126.919070|35.138909 126.918952|35.138672 126.918532
12382454543,8690512267,50.28,0,0,201.108,35.138418 126.918075|35.138168 126.917615
8690512267,12382454543,50.28,0,0,201.108,35.138168 126.917615|35.138418 126.918075
12382454543,12382454544,17.67,0,0,70.666,35.138418 126.918075|35.138285 126.918181
12382454544,12382454543,17.67,0,0,70.666,35.138285 126.918181|35.138418 126.918075
436860897,436860898,56.09,0,1,154.369,35.138970 126.919070|35.139245 126.919587
436860898,436860897,56.09,0,1,154.369,35.139245 126.919587|35.138970 126.919070
436860897,436874975,171.78,0,0,687.115,35.138970 126.919070|35.138876 126.919149|35.138340 126.919610|35.137840 126.920014|35.137697 126.920140
436874975,436860897,171.78,0,0,687.115,35.137697 126.920140|35.137840 126.920014|35.138340 126.919610|35.138876 126.919149|35.138970 126.919070
436860897,4778114339,98.64,0,0,394.562,35.138970 126.919070|35.139057 126.918995|35.139540 126.918590|35.139701 126.918456
4778114339,436860897,98.64,0,0,394.562,35.139701 126.918456|35.139540 126.918590|35.139057 126.918995|35.138970 126.919070
436860898,4634340444,98.92,0,3,254.436,35.139245 126.919587|35.138519 126.920214
4634340444,436860898,98.92,0,3,254.436,35.138519 126.920214|35.139245 126.919587
436860898,10958477293,25.60,0,3,63.996,35.139245 126.919587|35.139331 126.919742|35.139375 126.919820
10958477293,436860898,25.60,0,3,63.996,35.139375 126.919820|35.139331 126.919742|35.139245 126.919587
436860898,10958477367,80.65,0,3,204.562,35.139245 126.919587|35.139454 126.919412|35.139845 126.919088
10958477367,436860898,80.65,0,3,204.562,35.139845 126.919088|35.139454 126.919412|35.139245 126.919587
436874975,2389138035,20.57,0,0,82.288,35.137697 126.920140|35.137546 126.920270
2389138035,436874975,20.57,0,0,82.288,35.137546 126.920270|35.137697 126.920140
436874975,8690512269,51.45,0,0,205.814,35.137697 126.920140|35.137647 126.920079|35.137375 126.919734
8690512269,436874975,51.45,0,0,205.814,35.137375 126.919734|35.137647 126.920079|35.137697 126.920140
4778114339,1212906910,67.43,0,0,269.726,35.139701 126.918456|35.140202 126.918038
1212906910,4778114339,67.43,0,0,269.726,35.140202 126.918038|35.139701 126.918456
4778114339,9575019115,62.93,0,0,251.704,35.139701 126.918456|35.139652 126.918376|35.139571 126.918274|35.139490 126.918207|35.139464 126.918183|35.139455 126.918160|35.139468 126.918121|35.139563 126.917932
9575019115,4778114339,62.93,0,0,251.704,35.139563 126.917932|35.139468 126.918121|35.139455 126.918160|35.139464 126.918183|35.139490 126.918207|35.139571 126.918274|35.139652 126.918376|35.139701 126.918456
4634340444,10945738312,21.31,1,2,21.308,35.138519 126.920214|35.138365 126.920354
10945738312,4634340444,21.31,1,2,21.308,35.138365 126.920354|35.138519 126.920214
4634340444,10945738307,85.51,0,4,214.974,35.138519 126.920214|35.138571 126.920279|35.138595 126.920310|35.138717 126.920463|35.139006 126.920832|35.139051 126.920893
10945738307,4634340444,85.51,0,4,214.974,35.139051 126.920893|35.139006 126.920832|35.138717 126.920463|35.138595 126.920310|35.138571 126.920279|35.138519 126.920214
10958477293,10950826719,21.54,0,6,53.855,35.139375 126.919820|35.139483 126.920016
10950826719,10958477293,21.54,0,6,53.855,35.139483 126.920016|35.139375 126.919820
10958477293,4806750946,70.41,0,8,176.023,35.139375 126.919820|35.139760 126.919579|35.139789 126.919645|35.139855 126.919796
4806750946,10958477293,70.41,0,8,176.023,35.139855 126.919796|35.139789 126.919645|35.139760 126.919579|35.139375 126.919820
10958477367,10958477368,79.38,0,13,198.446,35.139845 126.919088|35.140241 126.919814
10958477368,10958477367,79.38,0,13,198.446,35.140241 126.919814|35.139845 126.919088
436860900,1212814149,113.41,1,3,134.492,35.140550 126.921998|35.139999 126.920948
1212814149,436860900,113.41,1,3,134.492,35.139999 126.920948|35.140550 126.921998
436860900,4634340446,8.05,1,0,20.137,35.140550 126.921998|35.140488 126.922045
4634340446,436860900,8.05,1,0,20.137,35.140488 126.922045|35.140550 126.921998
436860900,10902011902,68.41,1,1,92.987,35.140550 126.921998|35.140626 126.921945|35.140842 126.921767|35.141023 126.921619|35.141064 126.921585
10902011902,436860900,68.41,1,1,92.987,35.141064 126.921585|35.141023 126.921619|35.140842 126.921767|35.140626 126.921945|35.140550 126.921998
1212814149,10950826747,26.72,0,5,66.802,35.139999 126.920948|35.139865 126.920704
10950826747,1212814149,26.72,0,5,66.802,35.139865 126.920704|35.139999 126.920948
1212814149,10945738324,40.87,0,4,102.172,35.139999 126.920948|35.139981 126.921003|35.139720 126.921228
10945738324,1212814149,40.87,0,4,102.172,35.139720 126.921228|35.139981 126.921003|35.139999 126.920948
1212814149,10959626153,59.14,3,6,59.147,35.139999 126.920948|35.140033 126.920905|35.140423 126.920556
10959626153,1212814149,59.14,3,6,59.147,35.140423 126.920556|35.140033 126.920905|35.139999 126.920948
4634340446,10902011905,1.65,1,0,4.115,35.140488 126.922045|35.140476 126.922055
10902011905,4634340446,1.65,1,0,4.115,35.140476 126.922055|35.140488 126.922045
4634340446,10945710330,55.17,1,4,55.422,35.140488 126.922045|35.140350 126.921982|35.140328 126.921958|35.140295 126.921935|35.140262 126.921916|35.140185 126.921877|35.140034 126.921808
10945710330,4634340446,55.17,1,4,55.422,35.140034 126.921808|35.140185 126.921877|35.140262 126.921916|35.140295 126.921935|35.140328 126.921958|35.140350 126.921982|35.140488 126.922045
10902011902,10959743309,7.81,0,1,19.536,35.141064 126.921585|35.141123 126.921539
10959743309,10902011902,7.81,0,1,19.536,35.141123 126.921539|35.141064 126.921585
10902011902,10902011916,21.79,0,1,54.799,35.141064 126.921585|35.141096 126.921650|35.141104 126.921680|35.141120 126.921734|35.141115 126.921808
10902011916,10902011902,21.79,0,1,54.799,35.141115 126.921808|35.141120 126.921734|35.141104 126.921680|35.141096 126.921650|35.141064 126.921585
3071560224,3071560229,75.46,0,3,190.778,35.133178 126.928267|35.132986 126.928365|35.132659 126.928542|35.132608 126.928586|35.132562 126.928612
3071560229,3071560224,75.46,0,3,190.778,35.132562 126.928612|35.132608 126.928586|35.132659 126.928542|35.132986 126.928365|35.133178 126.928267
3071560224,4740276148,149.87,0,6,378.768,35.133178 126.928267|35.133705 126.927938|35.134069 126.927695|35.134200 126.927608|35.134380 126.927525
4740276148,3071560224,149.87,0,6,378.768,35.134380 126.927525|35.134200 126.927608|35.134069 126.927695|35.133705 126.927938|35.133178 126.928267
3071560224,4740276152,61.83,0,4,154.710,35.133178 126.928267|35.133160 126.928392|35.133145 126.928492|35.133068 126.928934
4740276152,3071560224,61.83,0,4,154.710,35.133068 126.928934|35.133145 126.928492|35.133160 126.928392|35.133178 126.928267
12430342695,436879269,82.95,2,2,94.151,35.132899 126.927569|35.132518 126.926784
436879269,12430342695,82.95,2,2,94.151,35.132518 126.926784|35.132899 126.927569
12430342695,12430342698,18.02,0,1,45.153,35.132899 126.927569|35.132766 126.927681
12430342698,12430342695,18.02,0,1,45.153,35.132766 126.927681|35.132899 126.927569
13457517951,4693716457,269.36,3,4,370.746,35.135084 126.926802|35.135249 126.926673|35.135325 126.926609|35.136436 126.925670|35.136568 126.925538|35.136788 126.925319|35.137005 126.925091|35.137037 126.925056
4693716457,13457517951,269.36,3,4,370.746,35.137037 126.925056|35.137005 126.925091|35.136788 126.925319|35.136568 126.925538|35.136436 126.925670|35.135325 126.926609|35.135249 126.926673|35.135084 126.926802
13457517951,13457517957,22.54,0,0,90.145,35.135084 126.926802|35.135103 126.926812|35.135110 126.926827|35.135108 126.926845|35.135086 126.926868|35.135046 126.926908|35.135034 126.926947|35.135033 126.926993
13457517957,13457517951,22.54,0,0,90.145,35.135033 126.926993|35.135034 126.926947|35.135046 126.926908|35.135086 126.926868|35.135108 126.926845|35.135110 126.926827|35.135103 126.926812|35.135084 126.926802
436867992,4805609253,24.09,0,8,60.223,35.132936 126.929784|35.132978 126.929524
4805609253,436867992,24.09,0,8,60.223,35.132978 126.929524|35.132936 126.929784
436867992,4777923593,41.43,0,8,103.576,35.132936 126.929784|35.132864 126.930231
4777923593,436867992,41.43,0,8,103.576,35.132864 126.930231|35.132936 126.929784
436867992,9901815100,37.17,0,11,92.919,35.132936 126.929784|35.133269 126.929810
9901815100,436867992,37.17,0,11,92.919,35.133269 126.929810|35.132936 126.929784
4805609253,5666592596,22.79,0,4,56.967,35.132978 126.929524|35.133017 126.929278
5666592596,4805609253,22.79,0,4,56.967,35.133017 126.929278|35.132978 126.929524
4805609253,12851177272,50.53,0,6,126.325,35.132978 126.929524|35.132857 126.929425|35.132833 126.929382|35.132801 126.929283|35.132729 126.929082
12851177272,4805609253,50.53,0,6,126.325,35.132729 126.929082|35.132801 126.929283|35.132833 126.929382|35.132857 126.929425|35.132978 126.929524
4777923593,9901815103,48.00,0,12,120.010,35.132864 126.930231|35.133287 126.930337
9901815103,4777923593,48.00,0,12,120.010,35.133287 126.930337|35.132864 126.930231
4777923593,4813456814,29.54,0,8,73.851,35.132864 126.930231|35.132813 126.930550
4813456814,4777923593,29.54,0,8,73.851,35.132813 126.930550|35.132864 126.930231
9901815100,9901815104,137.58,0,13,343.964,35.133269 126.929810|35.133270 126.929741|35.133501 126.929627|35.133629 126.929898|35.133715 126.930047|35.133558 126.930200|35.133446 126.930023|35.133408 126.930043|35.133338 126.929951
9901815104,9901815100,137.58,0,13,343.964,35.133338 126.929951|35.133408 126.930043|35.133446 126.930023|35.133558 126.930200|35.133715 126.930047|35.133629 126.929898|35.133501 126.929627|35.133270 126.929741|35.133269 126.929810
436867995,4806013520,20.53,0,2,51.326,35.132108 126.935091|35.132293 126.935086
4806013520,436867995,20.53,0,2,51.326,35.132293 126.935086|35.132108 126.935091
436867995,4693716452,64.00,3,9,63.999,35.132108 126.935091|35.132188 126.934394
4693716452,436867995,64.00,3,9,63.999,35.132188 126.934394|35.132108 126.935091
436867995,4785413164,98.44,4,6,98.771,35.132108 126.935091|35.132089 126.935345|35.132043 126.935964|35.132042 126.936169
4785413164,436867995,98.44,4,6,98.771,35.132042 126.936169|35.132043 126.935964|35.132089 126.935345|35.132108 126.935091
4806013520,12851177242,20.49,0,3,51.233,35.132293 126.935086|35.132477 126.935070
12851177242,4806013520,20.49,0,3,51.233,35.132477 126.935070|35.132293 126.935086
4806013520,4723917625,63.59,7,8,63.592,35.132293 126.935086|35.132321 126.934909|35.132349 126.934797|35.132376 126.934740|35.132417 126.934678|35.132478 126.934552|35.132498 126.934528|35.132552 126.934492
4723917625,4806013520,63.59,7,8,63.592,35.132552 126.934492|35.132498 126.934528|35.132478 126.934552|35.132417 126.934678|35.132376 126.934740|35.132349 126.934797|35.132321 126.934909|35.132293 126.935086
4693716452,4723917625,41.41,7,11,41.414,35.132188 126.934394|35.132552 126.934492
4723917625,4693716452,41.41,7,11,41.414,35.132552 126.934492|35.132188 126.934394
4693716452,4935463437,46.90,7,12,46.895,35.132188 126.934394|35.132274 126.933889
4935463437,4693716452,46.90,7,12,46.895,35.132274 126.933889|35.132188 126.934394
4693716452,5269021237,40.73,3,9,40.727,35.132188 126.934394|35.131882 126.934316|35.131829 126.934309
5269021237,4693716452,40.73,3,9,40.727,35.131829 126.934309|35.131882 126.934316|35.132188 126.934394
4785413164,4806013532,31.23,4,5,31.234,35.132042 126.936169|35.132056 126.936428|35.132063 126.936512
4806013532,4785413164,31.23,4,5,31.234,35.132063 126.936512|35.132056 126.936428|35.132042 126.936169
4785413164,12430454069,105.19,4,5,106.553,35.132042 126.936169|35.132149 126.936264|35.132298 126.936355|35.132577 126.936500|35.132767 126.936577|35.132891 126.936607|35.132908 126.936614
12430454069,4785413164,105.19,4,5,106.553,35.132908 126.936614|35.132891 126.936607|35.132767 126.936577|35.132577 126.936500|35.132298 126.936355|35.132149 126.936264|35.132042 126.936169
436868001,436868003,71.32,3,1,97.639,35.131645 126.924938|35.131904 126.925654
436868003,436868001,71.32,3,1,97.639,35.131904 126.925654|35.131645 126.924938
436868001,4813456781,78.44,0,0,313.760,35.131645 126.924938|35.131349 126.924154
4813456781,436868001,78.44,0,0,313.760,35.131349 126.924154|35.131645 126.924938
436868001,3663907274,228.26,0,0,913.043,35.131645 126.924938|35.131865 126.924827|35.132002 126.924766|35.132289 126.924615|35.132660 126.924400|35.132810 126.924290|35.132860 126.924240|35.133130 126.923970|35.133396 126.923678
3663907274,436868001,228.26,0,0,913.043,35.133396 126.923678|35.133130 126.923970|35.132860 126.924240|35.132810 126.924290|35.132660 126.924400|35.132289 126.924615|35.132002 126.924766|35.131865 126.924827|35.131645 126.924938
436868001,13903377568,79.98,0,0,319.903,35.131645 126.924938|35.131710 126.924709|35.131735 126.924480|35.131756 126.924075
13903377568,436868001,79.98,0,0,319.903,35.131756 126.924075|35.131735 126.924480|35.131710 126.924709|35.131645 126.924938
436868003,436879269,123.35,5,4,130.571,35.131904 126.925654|35.132518 126.926784
436879269,436868003,123.35,5,4,130.571,35.132518 126.926784|35.131904 126.925654
436868003,4729246086,35.19,3,1,38.264,35.131904 126.925654|35.131614 126.925808
4729246086,436868003,35.19,3,1,38.264,35.131614 126.925808|35.131904 126.925654
4813456781,2624387729,51.14,0,0,204.553,35.131349 126.924154|35.131180 126.923631
2624387729,4813456781,51.14,0,0,204.553,35.131180 126.923631|35.131349 126.924154
3663907274,4789425350,64.04,0,0,256.141,35.133396 126.923678|35.133071 126.923097
4789425350,3663907274,64.04,0,0,256.141,35.133071 126.923097|35.133396 126.923678
3663907274,5682136862,69.49,0,0,277.969,35.133396 126.923678|35.133600 126.923450|35.133859 126.923165
5682136862,3663907274,69.49,0,0,277.969,35.133859 126.923165|35.133600 126.923450|35.133396 126.923678
13903377568,13903377566,59.38,0,0,237.526,35.131756 126.924075|35.131941 126.924086|35.131965 126.924077|35.131982 126.924061|35.132001 126.923764|35.132011 126.923693
13903377566,13903377568,59.38,0,0,237.526,35.132011 126.923693|35.132001 126.923764|35.131982 126.924061|35.131965 126.924077|35.131941 126.924086|35.131756 126.924075
13903377568,13903377555,92.85,0,0,371.400,35.131756 126.924075|35.131598 126.924065|35.131578 126.924046|35.131565 126.924025|35.131561 126.923999|35.131587 126.923606|35.131596 126.923571|35.131605 126.923556|35.131804 126.923390
13903377555,13903377568,92.85,0,0,371.400,35.131804 126.923390|35.131605 126.923556|35.131596 126.923571|35.131587 126.923606|35.131561 126.923999|35.131565 126.924025|35.131578 126.924046|35.131598 126.924065|35.131756 126.924075
436879269,2382901071,62.59,2,5,62.619,35.132518 126.926784|35.132270 126.927018|35.132184 126.927067|35.132041 126.927140
2382901071,436879269,62.59,2,5,62.619,35.132041 126.927140|35.132184 126.927067|35.132270 126.927018|35.132518 126.926784
4729246086,12851177282,52.81,3,3,53.075,35.131614 126.925808|35.131710 126.926113|35.131787 126.926349
12851177282,4729246086,52.81,3,3,53.075,35.131787 126.926349|35.131710 126.926113|35.131614 126.925808
436871730,13052475517,6.64,0,0,26.541,35.148206 126.921894|35.148231 126.921961
13052475517,436871730,6.64,0,0,26.541,35.148231 126.921961|35.148206 126.921894
436871730,13052475511,8.26,0,0,33.037,35.148206 126.921894|35.148280 126.921906
13052475511,436871730,8.26,0,0,33.037,35.148280 126.921906|35.148206 126.921894
436871730,13052475512,3.93,0,0,15.701,35.148206 126.921894|35.148171 126.921890
13052475512,436871730,3.93,0,0,15.701,35.148171 126.921890|35.148206 126.921894
13052475517,13052475510,8.13,0,6,20.318,35.148231 126.921961|35.148261 126.922042
13052475510,13052475517,8.13,0,6,20.318,35.148261 126.922042|35.148231 126.921961
13052475517,13052447270,7.60,0,5,19.001,35.148231 126.921961|35.148180 126.922018
13052447270,13052475517,7.60,0,5,19.001,35.148180 126.922018|35.148231 126.921961
13052475517,13052475511,7.44,0,0,29.754,35.148231 126.921961|35.148280 126.921906
13052475511,13052475517,7.44,0,0,29.754,35.148280 126.921906|35.148231 126.921961
13052475511,13052447269,17.78,0,0,71.125,35.148280 126.921906|35.148407 126.921787
13052447269,13052475511,17.78,0,0,71.125,35.148407 126.921787|35.148280 126.921906
13052475511,13050595956,19.57,0,0,78.284,35.148280 126.921906|35.148161 126.921747
13050595956,13052475511,19.57,0,0,78.284,35.148161 126.921747|35.148280 126.921906
13052475511,13052475513,12.69,0,0,50.748,35.148280 126.921906|35.148393 126.921924
13052475513,13052475511,12.69,0,0,50.748,35.148393 126.921924|35.148280 126.921906
13052475511,13052447271,17.00,0,2,42.496,35.148280 126.921906|35.148362 126.922027|35.148377 126.922050
13052447271,13052475511,17.00,0,2,42.496,35.148377 126.922050|35.148362 126.922027|35.148280 126.921906
13052475512,13052447270,11.66,0,5,29.161,35.148171 126.921890|35.148180 126.922018
13052447270,13052475512,11.66,0,5,29.161,35.148180 126.922018|35.148171 126.921890
13052475512,13050595956,13.02,0,0,52.095,35.148171 126.921890|35.148161 126.921747
13050595956,13052475512,13.02,0,0,52.095,35.148161 126.921747|35.148171 126.921890
13052475512,13056485375,98.98,0,1,301.494,35.148171 126.921890|35.147374 126.921894|35.147281 126.921895
13056485375,13052475512,98.98,0,1,301.494,35.147281 126.921895|35.147374 126.921894|35.148171 126.921890
436873187,4561700382,25.87,0,10,64.680,35.145561 126.930839|35.145638 126.930571
4561700382,436873187,25.87,0,10,64.680,35.145638 126.930571|35.145561 126.930839
436873187,436873188,12.45,0,6,31.125,35.145561 126.930839|35.145600 126.930967
436873188,436873187,12.45,0,6,31.125,35.145600 126.930967|35.145561 126.930839
436873187,10308876889,8.04,0,6,20.091,35.145561 126.930839|35.145526 126.930916
10308876889,436873187,8.04,0,6,20.091,35.145526 126.930916|35.145561 126.930839
4561700382,1212780433,54.28,1,14,54.459,35.145638 126.930571|35.145873 126.930047
1212780433,4561700382,54.28,1,14,54.459,35.145873 126.930047|35.145638 126.930571
4561700382,4561700384,83.47,0,19,208.669,35.145638 126.930571|35.145389 126.929867|35.145503 126.929809
4561700384,4561700382,83.47,0,19,208.669,35.145503 126.929809|35.145389 126.929867|35.145638 126.930571
436873188,10308876889,9.43,0,5,23.564,35.145600 126.930967|35.145526 126.930916
10308876889,436873188,9.43,0,5,23.564,35.145526 126.930916|35.145600 126.930967
436873188,11133303276,184.74,4,11,185.663,35.145600 126.930967|35.145753 126.931093|35.146777 126.931718|35.146867 126.931772|35.147073 126.931903
11133303276,436873188,184.74,4,11,185.663,35.147073 126.931903|35.146867 126.931772|35.146777 126.931718|35.145753 126.931093|35.145600 126.930967
10308876889,11122179627,68.97,0,11,172.426,35.145526 126.930916|35.144985 126.930546
11122179627,10308876889,68.97,0,11,172.426,35.144985 126.930546|35.145526 126.930916
10308876889,10308876890,9.31,0,5,23.287,35.145526 126.930916|35.145487 126.931007
10308876890,10308876889,9.31,0,5,23.287,35.145487 126.931007|35.145526 126.930916
11133303276,1212780343,10.13,4,5,10.135,35.147073 126.931903|35.147154 126.931954
1212780343,11133303276,10.13,4,5,10.135,35.147154 126.931954|35.147073 126.931903
11133303276,11133303278,14.51,4,4,14.508,35.147073 126.931903|35.147019 126.932047
11133303278,11133303276,14.51,4,4,14.508,35.147019 126.932047|35.147073 126.931903
436873190,5693184497,59.13,0,10,147.815,35.148022 126.932510|35.148248 126.931922
5693184497,436873190,59.13,0,10,147.815,35.148248 126.931922|35.148022 126.932510
436873190,1212780343,108.95,4,17,108.955,35.148022 126.932510|35.147154 126.931954
1212780343,436873190,108.95,4,17,108.955,35.147154 126.931954|35.148022 126.932510
436873190,4806750895,24.41,0,8,61.022,35.148022 126.932510|35.148228 126.932604
4806750895,436873190,24.41,0,8,61.022,35.148228 126.932604|35.148022 126.932510
436873190,436873294,144.54,6,22,144.536,35.148022 126.932510|35.147992 126.932657|35.147796 126.933117|35.147758 126.933537|35.147737 126.934034
436873294,436873190,144.54,6,22,144.536,35.147737 126.934034|35.147758 126.933537|35.147796 126.933117|35.147992 126.932657|35.148022 126.932510
5693184497,4561700393,76.01,0,16,190.024,35.148248 126.931922|35.147642 126.931535
4561700393,5693184497,76.01,0,16,190.024,35.147642 126.931535|35.148248 126.931922
5693184497,1212780443,34.53,0,6,86.328,35.148248 126.931922|35.148291 126.931804|35.148302 126.931775|35.148376 126.931575
1212780443,5693184497,34.53,0,6,86.328,35.148376 126.931575|35.148302 126.931775|35.148291 126.931804|35.148248 126.931922
1212780343,4561700394,34.87,4,7,34.866,35.147154 126.931954|35.147149 126.931570
4561700394,1212780343,34.87,4,7,34.866,35.147149 126.931570|35.147154 126.931954
1212780343,4806750896,263.56,11,22,263.654,35.147154 126.931954|35.147186 126.932077|35.147185 126.932278|35.147134 126.932656|35.147131 126.932790|35.147161 126.933279|35.147180 126.933393|35.147240 126.933584|35.147363 126.933822|35.147483 126.933977|35.147558 126.934148|35.147595 126.934319|35.147633 126.934632|35.147637 126.934689
4806750896,1212780343,263.56,11,22,263.654,35.147637 126.934689|35.147633 126.934632|35.147595 126.934319|35.147558 126.934148|35.147483 126.933977|35.147363 126.933822|35.147240 126.933584|35.147180 126.933393|35.147161 126.933279|35.147131 126.932790|35.147134 126.932656|35.147185 126.932278|35.147186 126.932077|35.147154 126.931954
4806750895,12881290398,35.60,2,9,35.604,35.148228 126.932604|35.148532 126.932726
12881290398,4806750895,35.60,2,9,35.604,35.148532 126.932726|35.148228 126.932604
4806750895,4806750892,139.54,6,23,139.537,35.148228 126.932604|35.148197 126.932761|35.148098 126.933302|35.147902 126.934085
4806750892,4806750895,139.54,6,23,139.537,35.147902 126.934085|35.148098 126.933302|35.148197 126.932761|35.148228 126.932604
436873294,4806750892,18.96,4,10,18.959,35.147737 126.934034|35.147902 126.934085
4806750892,436873294,18.96,4,10,18.959,35.147902 126.934085|35.147737 126.934034
436873294,1212766078,51.06,7,10,51.060,35.147737 126.934034|35.147743 126.934287|35.147756 126.934595
1212766078,436873294,51.06,7,10,51.060,35.147756 126.934595|35.147743 126.934287|35.147737 126.934034
4806750892,4806750889,87.35,6,11,87.351,35.147902 126.934085|35.148154 126.934172|35.148658 126.934346
4806750889,4806750892,87.35,6,11,87.351,35.148658 126.934346|35.148154 126.934172|35.147902 126.934085
4806750892,1212766078,49.37,7,11,49.368,35.147902 126.934085|35.147878 126.934236|35.147756 126.934595
1212766078,4806750892,49.37,7,11,49.368,35.147756 126.934595|35.147878 126.934236|35.147902 126.934085
1212766078,1212780317,63.03,5,11,63.032,35.147756 126.934595|35.147703 126.935285
1212780317,1212766078,63.03,5,11,63.032,35.147703 126.935285|35.147756 126.934595
1212766078,4806750896,15.73,5,6,15.726,35.147756 126.934595|35.147637 126.934689
4806750896,1212766078,15.73,5,6,15.726,35.147637 126.934689|35.147756 126.934595
1212766078,12491726316,33.31,5,7,33.306,35.147756 126.934595|35.148051 126.934653
12491726316,1212766078,33.31,5,7,33.306,35.148051 126.934653|35.147756 126.934595
2389138035,2389137058,65.81,1,0,165.154,35.137546 126.920270|35.137942 126.920808
2389137058,2389138035,65.81,1,0,165.154,35.137942 126.920808|35.137546 126.920270
2389138035,2382901007,23.17,0,0,92.670,35.137546 126.920270|35.137392 126.920442
2382901007,2389138035,23.17,0,0,92.670,35.137392 126.920442|35.137546 126.920270
2389138035,2389138076,240.73,0,0,962.917,35.137546 126.920270|35.136193 126.918513|35.136036 126.918380
2389138076,2389138035,240.73,0,0,962.917,35.136036 126.918380|35.136193 126.918513|35.137546 126.920270
8690512269,8690512264,99.84,0,0,399.374,35.137375 126.919734|35.136769 126.918924
8690512264,8690512269,99.84,0,0,399.374,35.136769 126.918924|35.137375 126.919734
8690512269,8690512270,81.71,0,0,326.826,35.137375 126.919734|35.137419 126.919688|35.137976 126.919215
8690512270,8690512269,81.71,0,0,326.826,35.137976 126.919215|35.137419 126.919688|35.137375 126.919734
2382901071,12430453910,43.16,0,4,107.906,35.132041 126.927140|35.131676 126.927300
12430453910,2382901071,43.16,0,4,107.906,35.131676 126.927300|35.132041 126.927140
2382901071,12851177279,46.84,2,5,46.841,35.132041 126.927140|35.131915 126.926743|35.131888 126.926661
12851177279,2382901071,46.84,2,5,46.841,35.131888 126.926661|35.131915 126.926743|35.132041 126.927140
436879271,12430454082,25.56,0,0,102.242,35.133312 126.917689|35.133084 126.917730
12430454082,436879271,25.56,0,0,102.242,35.133084 126.917730|35.133312 126.917689
436879271,1212906753,27.82,0,0,111.286,35.133312 126.917689|35.133559 126.917640
1212906753,436879271,27.82,0,0,111.286,35.133559 126.917640|35.133312 126.917689
12430454082,12430454087,53.25,0,0,212.987,35.133084 126.917730|35.133107 126.917901|35.133117 126.917943|35.133132 126.917981|35.133147 126.918013|35.133167 126.918041|35.133203 126.918088|35.133105 126.918233
12430454087,12430454082,53.25,0,0,212.987,35.133105 126.918233|35.133203 126.918088|35.133167 126.918041|35.133147 126.918013|35.133132 126.917981|35.133117 126.917943|35.133107 126.917901|35.133084 126.917730
1212906753,1212906655,48.84,0,0,195.341,35.133559 126.917640|35.133511 126.917106
1212906655,1212906753,48.84,0,0,195.341,35.133511 126.917106|35.133559 126.917640
436879382,4806013494,84.73,6,10,84.730,35.132560 126.932120|35.131798 126.932134
4806013494,436879382,84.73,6,10,84.730,35.131798 126.932134|35.132560 126.932120
436879382,11799348555,22.97,6,7,22.969,35.132560 126.932120|35.132600 126.931872
11799348555,436879382,22.97,6,7,22.969,35.132600 126.931872|35.132560 126.932120
436879382,4785413191,25.16,3,8,25.155,35.132560 126.932120|35.132521 126.932393
4785413191,436879382,25.16,3,8,25.155,35.132521 126.932393|35.132560 126.932120
4806013494,6789742087,56.85,3,11,56.846,35.131798 126.932134|35.131287 126.932153
6789742087,4806013494,56.85,3,11,56.846,35.131287 126.932153|35.131798 126.932134
4806013494,6789742098,15.32,3,4,15.321,35.131798 126.932134|35.131802 126.931966
6789742098,4806013494,15.32,3,4,15.321,35.131802 126.931966|35.131798 126.932134
4806013494,4819101978,53.31,3,7,53.309,35.131798 126.932134|35.131795 126.932720
4819101978,4806013494,53.31,3,7,53.309,35.131795 126.932720|35.131798 126.932134
11799348555,10167810605,18.29,6,5,18.294,35.132600 126.931872|35.132632 126.931675
10167810605,11799348555,18.29,6,5,18.294,35.132632 126.931675|35.132600 126.931872
11799348555,11799348561,92.87,9,8,92.891,35.132600 126.931872|35.132500 126.931839|35.132414 126.931801|35.132385 126.931695|35.132332 126.931659|35.132041 126.931536|35.131977 126.931741
11799348561,11799348555,92.87,9,8,92.891,35.131977 126.931741|35.132041 126.931536|35.132332 126.931659|35.132385 126.931695|35.132414 126.931801|35.132500 126.931839|35.132600 126.931872
4785413191,10167810608,45.80,6,12,45.801,35.132521 126.932393|35.132926 126.932486
10167810608,4785413191,45.80,6,12,45.801,35.132926 126.932486|35.132521 126.932393
4785413191,4693716444,87.42,3,13,87.421,35.132521 126.932393|35.132490 126.932610|35.132370 126.933336
4693716444,4785413191,87.42,3,13,87.421,35.132370 126.933336|35.132490 126.932610|35.132521 126.932393
13056485379,4475060008,45.31,7,4,45.323,35.147696 126.918768|35.147429 126.918392
4475060008,13056485379,45.31,7,4,45.323,35.147429 126.918392|35.147696 126.918768
13056485379,13056485380,91.72,12,4,93.479,35.147696 126.918768|35.147765 126.918717|35.147833 126.918656|35.147903 126.918569|35.147984 126.918459|35.148139 126.918222|35.148242 126.918065|35.148258 126.918040
13056485380,13056485379,91.72,12,4,93.479,35.148258 126.918040|35.148242 126.918065|35.148139 126.918222|35.147984 126.918459|35.147903 126.918569|35.147833 126.918656|35.147765 126.918717|35.147696 126.918768
13056485379,13056471876,106.97,8,2,131.705,35.147696 126.918768|35.147686 126.918775|35.147605 126.918817|35.147419 126.918870|35.147301 126.918866|35.147209 126.918840|35.147076 126.918767|35.147010 126.918709|35.146937 126.918624|35.146856 126.918513|35.146849 126.918504
13056471876,13056485379,106.97,8,2,131.705,35.146849 126.918504|35.146856 126.918513|35.146937 126.918624|35.147010 126.918709|35.147076 126.918767|35.147209 126.918840|35.147301 126.918866|35.147419 126.918870|35.147605 126.918817|35.147686 126.918775|35.147696 126.918768
891518044,4800954620,71.14,3,2,77.560,35.147144 126.918007|35.146819 126.917333
4800954620,891518044,71.14,3,2,77.560,35.146819 126.917333|35.147144 126.918007
891518044,4475060008,47.16,3,3,47.281,35.147144 126.918007|35.147429 126.918392
4475060008,891518044,47.16,3,3,47.281,35.147429 126.918392|35.147144 126.918007
891518044,4475060010,39.73,3,2,40.121,35.147144 126.918007|35.147381 126.917679
4475060010,891518044,39.73,3,2,40.121,35.147381 126.917679|35.147144 126.918007
891518044,13056485462,50.03,4,1,60.202,35.147144 126.918007|35.146835 126.918406
13056485462,891518044,50.03,4,1,60.202,35.146835 126.918406|35.147144 126.918007
4800954620,13056485460,46.50,0,2,117.184,35.146819 126.917333|35.146458 126.917590
13056485460,4800954620,46.50,0,2,117.184,35.146458 126.917590|35.146819 126.917333
4800954620,4475055369,59.28,6,1,75.733,35.146819 126.917333|35.147280 126.917005
4475055369,4800954620,59.28,6,1,75.733,35.147280 126.917005|35.146819 126.917333
4475060008,6768815464,87.21,6,6,87.344,35.147429 126.918392|35.147782 126.918019|35.148016 126.917756
6768815464,4475060008,87.21,6,6,87.344,35.148016 126.917756|35.147782 126.918019|35.147429 126.918392
4475060010,4475060011,27.83,3,5,27.831,35.147381 126.917679|35.147544 126.917912
4475060011,4475060010,27.83,3,5,27.831,35.147544 126.917912|35.147381 126.917679
4475060010,2859367808,42.01,4,2,42.553,35.147381 126.917679|35.147636 126.917339
2859367808,4475060010,42.01,4,2,42.553,35.147636 126.917339|35.147381 126.917679
13056485462,13056471876,9.17,1,0,22.926,35.146835 126.918406|35.146844 126.918438|35.146842 126.918466|35.146845 126.918492|35.146849 126.918504
13056471876,13056485462,9.17,1,0,22.926,35.146849 126.918504|35.146845 126.918492|35.146842 126.918466|35.146844 126.918438|35.146835 126.918406
13056485462,13056471872,4.84,1,0,12.105,35.146835 126.918406|35.146821 126.918360|35.146820 126.918356
13056471872,13056485462,4.84,1,0,12.105,35.146820 126.918356|35.146821 126.918360|35.146835 126.918406
1212766054,12872460839,92.27,4,19,92.274,35.148841 126.923342|35.148299 126.924110
12872460839,1212766054,92.27,4,19,92.274,35.148299 126.924110|35.148841 126.923342
1212766054,13052475520,5.71,4,10,5.708,35.148841 126.923342|35.148816 126.923287
13052475520,1212766054,5.71,4,10,5.708,35.148816 126.923287|35.148841 126.923342
12872460839,13052475507,7.46,0,7,18.659,35.148299 126.924110|35.148252 126.924051
13052475507,12872460839,7.46,0,7,18.659,35.148252 126.924051|35.148299 126.924110
12872460839,1212814365,30.25,0,7,75.629,35.148299 126.924110|35.148169 126.924294|35.148148 126.924380
1212814365,12872460839,30.25,0,7,75.629,35.148148 126.924380|35.148169 126.924294|35.148299 126.924110
13052475520,12820361019,16.97,4,10,16.974,35.148816 126.923287|35.148741 126.923125
12820361019,13052475520,16.97,4,10,16.974,35.148741 126.923125|35.148816 126.923287
13052475520,13052475518,9.90,4,9,9.899,35.148816 126.923287|35.148780 126.923333|35.148754 126.923366
13052475518,13052475520,9.90,4,9,9.899,35.148754 126.923366|35.148780 126.923333|35.148816 126.923287
13052475520,13052447262,11.57,4,11,11.566,35.148816 126.923287|35.148867 126.923221|35.148887 126.923195
13052447262,13052475520,11.57,4,11,11.566,35.148887 126.923195|35.148867 126.923221|35.148816 126.923287
1212766074,5684601221,55.69,5,15,55.691,35.148883 126.932867|35.148982 126.932266
5684601221,1212766074,55.69,5,15,55.691,35.148982 126.932266|35.148883 126.932867
1212766074,4806750886,15.85,2,10,15.847,35.148883 126.932867|35.148747 126.932812
4806750886,1212766074,15.85,2,10,15.847,35.148747 126.932812|35.148883 126.932867
5684601221,5684601120,49.19,3,10,49.190,35.148982 126.932266|35.148557 126.932115
5684601120,5684601221,49.19,3,10,49.190,35.148557 126.932115|35.148982 126.932266
4806750886,12881290398,25.16,2,11,25.164,35.148747 126.932812|35.148532 126.932726
12881290398,4806750886,25.16,2,11,25.164,35.148532 126.932726|35.148747 126.932812
4806750886,4806750889,172.25,6,25,172.250,35.148747 126.932812|35.148405 126.933704|35.148749 126.933928|35.148658 126.934346
4806750889,4806750886,172.25,6,25,172.250,35.148658 126.934346|35.148749 126.933928|35.148405 126.933704|35.148747 126.932812
1212780317,4780265919,64.89,3,11,64.892,35.147703 126.935285|35.147691 126.935576|35.147690 126.935604|35.147683 126.935766|35.147672 126.935998
4780265919,1212780317,64.89,3,11,64.892,35.147672 126.935998|35.147683 126.935766|35.147690 126.935604|35.147691 126.935576|35.147703 126.935285
1212780317,4806750896,54.69,7,10,54.694,35.147703 126.935285|35.147657 126.934945|35.147637 126.934689
4806750896,1212780317,54.69,7,10,54.694,35.147637 126.934689|35.147657 126.934945|35.147703 126.935285
4806750896,6821621117,89.57,7,13,89.573,35.147637 126.934689|35.147314 126.935031|35.147060 126.935306|35.147027 126.935332
6821621117,4806750896,89.57,7,13,89.573,35.147027 126.935332|35.147060 126.935306|35.147314 126.935031|35.147637 126.934689
12491726316,12491726334,106.95,9,8,107.041,35.148051 126.934653|35.148048 126.934704|35.148048 126.934747|35.148051 126.934805|35.148057 126.934852|35.148066 126.934901|35.148075 126.934931|35.148095 126.934984|35.148117 126.935025|35.148147 126.935077|35.148179 126.935120|35.148214 126.935161|35.148259 126.935201|35.148322 126.935244|35.148379 126.935277|35.148421 126.935296|35.148499 126.935326|35.148544 126.935338|35.148673 126.935370
12491726334,12491726316,106.95,9,8,107.041,35.148673 126.935370|35.148544 126.935338|35.148499 126.935326|35.148421 126.935296|35.148379 126.935277|35.148322 126.935244|35.148259 126.935201|35.148214 126.935161|35.148179 126.935120|35.148147 126.935077|35.148117 126.935025|35.148095 126.934984|35.148075 126.934931|35.148066 126.934901|35.148057 126.934852|35.148051 126.934805|35.148048 126.934747|35.148048 126.934704|35.148051 126.934653
1212766105,1212780557,65.96,4,12,65.964,35.148819 126.930432|35.148562 126.931086
1212780557,1212766105,65.96,4,12,65.964,35.148562 126.931086|35.148819 126.930432
1212766105,4561700398,8.14,4,6,8.136,35.148819 126.930432|35.148851 126.930351
4561700398,1212766105,8.14,4,6,8.136,35.148851 126.930351|35.148819 126.930432
1212780557,1212780443,49.10,0,8,122.741,35.148562 126.931086|35.148376 126.931575
1212780443,1212780557,49.10,0,8,122.741,35.148376 126.931575|35.148562 126.931086
1212780557,1212780148,86.87,0,20,217.172,35.148562 126.931086|35.147861 126.930665
1212780148,1212780557,86.87,0,20,217.172,35.147861 126.930665|35.148562 126.931086
4561700398,1212780490,32.61,4,7,32.611,35.148851 126.930351|35.148975 126.930026
1212780490,4561700398,32.61,4,7,32.611,35.148975 126.930026|35.148851 126.930351
4561700398,4561700395,87.14,7,16,87.142,35.148851 126.930351|35.148685 126.930229|35.148479 126.930196|35.148311 126.930167|35.148103 126.930112
4561700395,4561700398,87.14,7,16,87.142,35.148103 126.930112|35.148311 126.930167|35.148479 126.930196|35.148685 126.930229|35.148851 126.930351
1212780148,1212780406,80.70,0,21,201.751,35.147861 126.930665|35.147526 126.931452
1212780406,1212780148,80.70,0,21,201.751,35.147526 126.931452|35.147861 126.930665
1212780148,4561700391,52.01,3,18,52.006,35.147861 126.930665|35.148082 126.930160
4561700391,1212780148,52.01,3,18,52.006,35.148082 126.930160|35.147861 126.930665
1212780406,4561700393,14.89,0,14,37.232,35.147526 126.931452|35.147642 126.931535
4561700393,1212780406,14.89,0,14,37.232,35.147642 126.931535|35.147526 126.931452
1212780406,1212780552,46.52,0,15,116.309,35.147526 126.931452|35.147153 126.931222
1212780552,1212780406,46.52,0,15,116.309,35.147153 126.931222|35.147526 126.931452
4561700391,4561700395,5.04,3,11,5.043,35.148082 126.930160|35.148103 126.930112
4561700395,4561700391,5.04,3,11,5.043,35.148103 126.930112|35.148082 126.930160
4561700391,4806750910,36.55,3,12,36.552,35.148082 126.930160|35.147771 126.930030
4806750910,4561700391,36.55,3,12,36.552,35.147771 126.930030|35.148082 126.930160
1212780222,4561700395,25.68,3,12,25.679,35.148212 126.929863|35.148103 126.930112
4561700395,1212780222,25.68,3,12,25.679,35.148103 126.930112|35.148212 126.929863
1212780222,1212780324,44.69,3,12,44.689,35.148212 126.929863|35.148379 126.929416
1212780324,1212780222,44.69,3,12,44.689,35.148379 126.929416|35.148212 126.929863
1212780222,1212780490,86.19,3,12,86.189,35.148212 126.929863|35.148549 126.929943|35.148698 126.929978|35.148975 126.930026
1212780490,1212780222,86.19,3,12,86.189,35.148975 126.930026|35.148698 126.929978|35.148549 126.929943|35.148212 126.929863
1212780324,4821601822,28.43,0,11,71.086,35.148379 126.929416|35.148399 126.929323|35.148415 126.929210|35.148430 126.929109
4821601822,1212780324,28.43,0,11,71.086,35.148430 126.929109|35.148415 126.929210|35.148399 126.929323|35.148379 126.929416
1212780324,4821601817,88.65,0,20,221.637,35.148379 126.929416|35.148015 126.929256|35.147947 126.929252|35.147902 126.929252|35.147858 126.929233|35.147832 126.929210|35.147806 126.929173|35.147786 126.929134|35.147757 126.929102|35.147705 126.929068|35.147667 126.929045
4821601817,1212780324,88.65,0,20,221.637,35.147667 126.929045|35.147705 126.929068|35.147757 126.929102|35.147786 126.929134|35.147806 126.929173|35.147832 126.929210|35.147858 126.929233|35.147902 126.929252|35.147947 126.929252|35.148015 126.929256|35.148379 126.929416
1212780256,4806750912,18.09,3,5,18.088,35.147261 126.929616|35.147325 126.929433
4806750912,1212780256,18.09,3,5,18.088,35.147325 126.929433|35.147261 126.929616
1212780256,8690512298,124.25,8,21,124.249,35.147261 126.929616|35.147195 126.929472|35.147011 126.929038|35.146811 126.928709|35.146750 126.928541|35.146706 126.928435
8690512298,1212780256,124.25,8,21,124.249,35.146706 126.928435|35.146750 126.928541|35.146811 126.928709|35.147011 126.929038|35.147195 126.929472|35.147261 126.929616
1212780256,4561700389,21.83,3,7,21.835,35.147261 126.929616|35.147298 126.929729|35.147317 126.929845
4561700389,1212780256,21.83,3,7,21.835,35.147317 126.929845|35.147298 126.929729|35.147261 126.929616
4806750912,4821601816,48.43,3,11,48.426,35.147325 126.929433|35.147522 126.928957
4821601816,4806750912,48.43,3,11,48.426,35.147522 126.928957|35.147325 126.929433
4806750912,4806750910,94.82,6,12,94.816,35.147325 126.929433|35.147842 126.929675|35.147771 126.930030
4806750910,4806750912,94.82,6,12,94.816,35.147771 126.930030|35.147842 126.929675|35.147325 126.929433
8690512298,4821601816,102.35,5,23,102.352,35.146706 126.928435|35.147522 126.928957
4821601816,8690512298,102.35,5,23,102.352,35.147522 126.928957|35.146706 126.928435
4561700389,4806750910,53.16,6,8,53.162,35.147317 126.929845|35.147771 126.930030
4806750910,4561700389,53.16,6,8,53.162,35.147771 126.930030|35.147317 126.929845
4561700389,1212780552,126.94,3,16,127.013,35.147317 126.929845|35.147323 126.929916|35.147323 126.930013|35.147316 126.930151|35.147153 126.931222
1212780552,4561700389,126.94,3,16,127.013,35.147153 126.931222|35.147316 126.930151|35.147323 126.930013|35.147323 126.929916|35.147317 126.929845
4780265919,4561700407,54.26,2,6,54.266,35.147672 126.935998|35.147670 126.936032|35.147654 126.936325|35.147655 126.936355|35.147662 126.936424|35.147692 126.936589
4561700407,4780265919,54.26,2,6,54.266,35.147692 126.936589|35.147662 126.936424|35.147655 126.936355|35.147654 126.936325|35.147670 126.936032|35.147672 126.935998
4780265919,13904146808,29.19,0,7,72.966,35.147672 126.935998|35.147519 126.936012|35.147449 126.936040|35.147414 126.936046
13904146808,4780265919,29.19,0,7,72.966,35.147414 126.936046|35.147449 126.936040|35.147519 126.936012|35.147672 126.935998
4821601822,1212780542,32.70,0,6,81.744,35.148430 126.929109|35.148499 126.928760
1212780542,4821601822,32.70,0,6,81.744,35.148499 126.928760|35.148430 126.929109
4821601822,4821601817,89.17,0,15,222.934,35.148430 126.929109|35.148161 126.929041|35.148038 126.928990|35.147929 126.928933|35.147742 126.929024|35.147667 126.929045
4821601817,4821601822,89.17,0,15,222.934,35.147667 126.929045|35.147742 126.929024|35.147929 126.928933|35.148038 126.928990|35.148161 126.929041|35.148430 126.929109
4821601817,4821601816,17.97,0,11,44.933,35.147667 126.929045|35.147522 126.928957
4821601816,4821601817,17.97,0,11,44.933,35.147522 126.928957|35.147667 126.929045
4561700394,4561700393,54.97,4,16,54.969,35.147149 126.931570|35.147642 126.931535
4561700393,4561700394,54.97,4,16,54.969,35.147642 126.931535|35.147149 126.931570
4561700394,1212780552,31.76,4,8,31.756,35.147149 126.931570|35.147145 126.931276|35.147153 126.931222
1212780552,4561700394,31.76,4,8,31.756,35.147153 126.931222|35.147145 126.931276|35.147149 126.931570
1212780433,4561700384,46.43,1,14,46.481,35.145873 126.930047|35.145503 126.929809
4561700384,1212780433,46.43,1,14,46.481,35.145503 126.929809|35.145873 126.930047
1212780433,4561700388,43.00,1,12,43.031,35.145873 126.930047|35.146058 126.929632
4561700388,1212780433,43.00,1,12,43.031,35.146058 126.929632|35.145873 126.930047
1212780433,12851177175,157.46,4,12,157.621,35.145873 126.930047|35.145923 126.930082|35.146043 126.930164|35.146175 126.930543|35.146998 126.930147
12851177175,1212780433,157.46,4,12,157.621,35.146998 126.930147|35.146175 126.930543|35.146043 126.930164|35.145923 126.930082|35.145873 126.930047
4561700384,4806750820,72.20,3,24,72.199,35.145503 126.929809|35.144927 126.929442
4806750820,4561700384,72.20,3,24,72.199,35.144927 126.929442|35.145503 126.929809
4561700384,4561700387,98.15,3,23,98.158,35.145503 126.929809|35.145556 126.929776|35.145290 126.929266|35.145088 126.928950
4561700387,4561700384,98.15,3,23,98.158,35.145088 126.928950|35.145290 126.929266|35.145556 126.929776|35.145503 126.929809
4561700388,1212780438,38.37,1,13,38.377,35.146058 126.929632|35.146223 126.929261
1212780438,4561700388,38.37,1,13,38.377,35.146223 126.929261|35.146058 126.929632
4561700388,4561700387,124.38,4,22,124.380,35.146058 126.929632|35.145088 126.928950
4561700387,4561700388,124.38,4,22,124.380,35.145088 126.928950|35.146058 126.929632
1212780438,4561700381,77.43,1,14,78.994,35.146223 126.929261|35.145612 126.928853
4561700381,1212780438,77.43,1,14,78.994,35.145612 126.928853|35.146223 126.929261
1212780438,4561700377,88.90,6,19,88.903,35.146223 126.929261|35.146606 126.928403
4561700377,1212780438,88.90,6,19,88.903,35.146606 126.928403|35.146223 126.929261
4561700381,1212780520,46.35,0,9,115.874,35.145612 126.928853|35.145246 126.928609
1212780520,4561700381,46.35,0,9,115.874,35.145246 126.928609|35.145612 126.928853
4561700381,4561700378,105.08,5,20,105.080,35.145612 126.928853|35.145854 126.928727|35.146035 126.928490|35.146410 126.928268
4561700378,4561700381,105.08,5,20,105.080,35.146410 126.928268|35.146035 126.928490|35.145854 126.928727|35.145612 126.928853
4561700377,4561700378,24.98,5,14,24.985,35.146606 126.928403|35.146410 126.928268
4561700378,4561700377,24.98,5,14,24.985,35.146410 126.928268|35.146606 126.928403
5313522364,4821601816,45.94,0,10,114.843,35.147708 126.928506|35.147522 126.928957
4821601816,5313522364,45.94,0,10,114.843,35.147522 126.928957|35.147708 126.928506
5313522364,5313522368,51.20,0,10,128.002,35.147708 126.928506|35.147554 126.928472|35.147433 126.928452|35.147287 126.928459|35.147251 126.928465
5313522368,5313522364,51.20,0,10,128.002,35.147251 126.928465|35.147287 126.928459|35.147433 126.928452|35.147554 126.928472|35.147708 126.928506
1212780517,4561700368,29.77,0,12,74.427,35.145985 126.927016|35.145853 126.927301
4561700368,1212780517,29.77,0,12,74.427,35.145853 126.927301|35.145985 126.927016
1212780517,4561700361,94.06,2,16,94.173,35.145985 126.927016|35.145224 126.926563
4561700361,1212780517,94.06,2,16,94.173,35.145224 126.926563|35.145985 126.927016
4561700368,4561700367,47.96,0,18,119.894,35.145853 126.927301|35.145643 126.927761
4561700367,4561700368,47.96,0,18,119.894,35.145643 126.927761|35.145853 126.927301
4561700368,4561700365,19.64,0,12,49.092,35.145853 126.927301|35.145991 126.927435
4561700365,4561700368,19.64,0,12,49.092,35.145991 126.927435|35.145853 126.927301
4561700361,4561700362,162.10,2,18,166.084,35.145224 126.926563|35.144536 126.928134
4561700362,4561700361,162.10,2,18,166.084,35.144536 126.928134|35.145224 126.926563
4561700361,5258719629,94.15,2,9,94.280,35.145224 126.926563|35.144463 126.926109
5258719629,4561700361,94.15,2,9,94.280,35.144463 126.926109|35.145224 126.926563
1212780520,6821621112,29.82,0,11,74.540,35.145246 126.928609|35.145114 126.928894
6821621112,1212780520,29.82,0,11,74.540,35.145114 126.928894|35.145246 126.928609
1212780520,4561700367,88.76,0,22,221.900,35.145246 126.928609|35.145643 126.927761
4561700367,1212780520,88.76,0,22,221.900,35.145643 126.927761|35.145246 126.928609
1212780520,4561700362,90.03,0,12,225.077,35.145246 126.928609|35.144536 126.928134
4561700362,1212780520,90.03,0,12,225.077,35.144536 126.928134|35.145246 126.928609
6821621112,4561700387,5.84,3,8,5.842,35.145114 126.928894|35.145088 126.928950
4561700387,6821621112,5.84,3,8,5.842,35.145088 126.928950|35.145114 126.928894
6821621112,6821621113,8.49,0,9,21.223,35.145114 126.928894|35.145062 126.928825
6821621113,6821621112,8.49,0,9,21.223,35.145062 126.928825|35.145114 126.928894
4561700367,4561700378,97.02,5,26,97.021,35.145643 126.927761|35.146410 126.928268
4561700378,4561700367,97.02,5,26,97.021,35.146410 126.928268|35.145643 126.927761
4561700367,4561700365,50.88,0,20,127.191,35.145643 126.927761|35.145784 126.927721|35.145991 126.927435
4561700365,4561700367,50.88,0,20,127.191,35.145991 126.927435|35.145784 126.927721|35.145643 126.927761
4561700362,5409319056,73.81,0,9,184.526,35.144536 126.928134|35.144222 126.928850
5409319056,4561700362,73.81,0,9,184.526,35.144222 126.928850|35.144536 126.928134
1212780590,4806750810,54.34,0,14,135.852,35.144493 126.930224|35.144925 126.930505
4806750810,1212780590,54.34,0,14,135.852,35.144925 126.930505|35.144493 126.930224
1212780590,4806750816,28.51,0,15,71.284,35.144493 126.930224|35.144602 126.929940
4806750816,1212780590,28.51,0,15,71.284,35.144602 126.929940|35.144493 126.930224
1212780590,4659169734,56.26,0,11,140.655,35.144493 126.930224|35.144289 126.930102|35.144185 126.930055|35.144109 126.930038|35.144065 126.930034|35.144019 126.930029
4659169734,1212780590,56.26,0,11,140.655,35.144019 126.930029|35.144065 126.930034|35.144109 126.930038|35.144185 126.930055|35.144289 126.930102|35.144493 126.930224
4806750810,11122179627,7.66,0,6,19.142,35.144925 126.930505|35.144985 126.930546
11122179627,4806750810,7.66,0,6,19.142,35.144985 126.930546|35.144925 126.930505
4806750810,4806750817,54.16,0,18,135.412,35.144925 126.930505|35.144945 126.930383|35.144921 126.930299|35.144865 126.930253|35.144816 126.930111|35.144747 126.930033|35.144725 126.930019
4806750817,4806750810,54.16,0,18,135.412,35.144725 126.930019|35.144747 126.930033|35.144816 126.930111|35.144865 126.930253|35.144921 126.930299|35.144945 126.930383|35.144925 126.930505
4806750816,1212780591,57.21,3,20,57.211,35.144602 126.929940|35.144868 126.929402
1212780591,4806750816,57.21,3,20,57.211,35.144868 126.929402|35.144602 126.929940
4806750816,4806750817,15.45,0,16,38.614,35.144602 126.929940|35.144725 126.930019
4806750817,4806750816,15.45,0,16,38.614,35.144725 126.930019|35.144602 126.929940
4659169734,5409319038,60.88,0,4,152.321,35.144019 126.930029|35.143556 126.929671
5409319038,4659169734,60.88,0,4,152.321,35.143556 126.929671|35.144019 126.930029
4659169734,6398390235,52.35,0,4,130.908,35.144019 126.930029|35.143936 126.930053|35.143855 126.930115|35.143784 126.930189|35.143724 126.930255|35.143693 126.930320|35.143684 126.930386
6398390235,4659169734,52.35,0,4,130.908,35.143684 126.930386|35.143693 126.930320|35.143724 126.930255|35.143784 126.930189|35.143855 126.930115|35.143936 126.930053|35.144019 126.930029
1212780591,4806750820,7.53,3,14,7.533,35.144868 126.929402|35.144927 126.929442
4806750820,1212780591,7.53,3,14,7.533,35.144927 126.929442|35.144868 126.929402
1212780591,4561700387,47.78,3,18,47.777,35.144868 126.929402|35.145088 126.928950
4561700387,1212780591,47.78,3,18,47.777,35.145088 126.928950|35.144868 126.929402
1212780591,6821621116,26.64,3,16,26.642,35.144868 126.929402|35.144656 126.929265
6821621116,1212780591,26.64,3,16,26.642,35.144656 126.929265|35.144868 126.929402
4806750820,4806750817,61.97,3,21,61.972,35.144927 126.929442|35.144909 126.929820|35.144881 126.929872|35.144725 126.930019
4806750817,4806750820,61.97,3,21,61.972,35.144725 126.930019|35.144881 126.929872|35.144909 126.929820|35.144927 126.929442
6821621116,4561700363,60.15,3,12,60.149,35.144656 126.929265|35.144177 126.928958
4561700363,6821621116,60.15,3,12,60.149,35.144177 126.928958|35.144656 126.929265
6821621116,6821621113,60.55,3,16,60.555,35.144656 126.929265|35.144821 126.929123|35.144959 126.928962|35.145062 126.928825
6821621113,6821621116,60.55,3,16,60.555,35.145062 126.928825|35.144959 126.928962|35.144821 126.929123|35.144656 126.929265
12819746069,2550263250,55.08,0,2,139.887,35.148338 126.919346|35.148667 126.919799
2550263250,12819746069,55.08,0,2,139.887,35.148667 126.919799|35.148338 126.919346
12819746069,12819746074,47.42,0,2,119.609,35.148338 126.919346|35.148085 126.919608|35.148068 126.919630|35.148053 126.919659|35.148049 126.919684|35.148047 126.919709
12819746074,12819746069,47.42,0,2,119.609,35.148047 126.919709|35.148049 126.919684|35.148053 126.919659|35.148068 126.919630|35.148085 126.919608|35.148338 126.919346
1212814088,4778114321,64.08,6,22,64.075,35.144072 126.917931|35.144329 126.918562
4778114321,1212814088,64.08,6,22,64.075,35.144329 126.918562|35.144072 126.917931
1212814088,4805079361,69.54,5,16,69.542,35.144072 126.917931|35.143513 126.918274
4805079361,1212814088,69.54,5,16,69.542,35.143513 126.918274|35.144072 126.917931
1212814088,4805079346,131.58,11,19,131.580,35.144072 126.917931|35.145136 126.917296
4805079346,1212814088,131.58,11,19,131.580,35.145136 126.917296|35.144072 126.917931
1212814088,5227330101,144.98,5,30,144.981,35.144072 126.917931|35.144032 126.917782|35.144010 126.917612|35.143981 126.917362|35.143946 126.917015|35.143901 126.916594|35.143859 126.916361
5227330101,1212814088,144.98,5,30,144.981,35.143859 126.916361|35.143901 126.916594|35.143946 126.917015|35.143981 126.917362|35.144010 126.917612|35.144032 126.917782|35.144072 126.917931
4778114321,4664959373,47.64,4,16,47.637,35.144329 126.918562|35.144538 126.919019
4664959373,4778114321,47.64,4,16,47.637,35.144538 126.919019|35.144329 126.918562
4778114321,4805079346,174.40,13,23,174.405,35.144329 126.918562|35.144880 126.918276|35.144971 126.918186|35.145104 126.917946|35.145177 126.917832|35.145256 126.917763|35.145136 126.917296
4805079346,4778114321,174.40,13,23,174.405,35.145136 126.917296|35.145256 126.917763|35.145177 126.917832|35.145104 126.917946|35.144971 126.918186|35.144880 126.918276|35.144329 126.918562
4778114321,4778113216,127.32,11,27,127.320,35.144329 126.918562|35.144128 126.918699|35.143992 126.918821|35.143634 126.919139|35.143433 126.919342|35.143415 126.919390
4778113216,4778114321,127.32,11,27,127.320,35.143415 126.919390|35.143433 126.919342|35.143634 126.919139|35.143992 126.918821|35.144128 126.918699|35.144329 126.918562
4805079361,5746594303,97.73,5,15,97.725,35.143513 126.918274|35.143461 126.918121|35.143465 126.917965|35.143459 126.917905|35.143430 126.917821|35.143422 126.917802|35.143458 126.917782|35.143521 126.917762|35.143561 126.917757|35.143654 126.917776|35.143742 126.917814|35.143802 126.917847|35.143873 126.917881
5746594303,4805079361,97.73,5,15,97.725,35.143873 126.917881|35.143802 126.917847|35.143742 126.917814|35.143654 126.917776|35.143561 126.917757|35.143521 126.917762|35.143458 126.917782|35.143422 126.917802|35.143430 126.917821|35.143459 126.917905|35.143465 126.917965|35.143461 126.918121|35.143513 126.918274
4805079361,11149884186,74.81,6,16,74.813,35.143513 126.918274|35.143308 126.918393|35.142904 126.918624
11149884186,4805079361,74.81,6,16,74.813,35.142904 126.918624|35.143308 126.918393|35.143513 126.918274
4805079346,4820111467,7.56,9,4,7.561,35.145136 126.917296|35.145197 126.917260
4820111467,4805079346,7.56,9,4,7.561,35.145197 126.917260|35.145136 126.917296
5227330101,5227330105,12.56,3,14,12.564,35.143859 126.916361|35.143894 126.916352|35.143970 126.916333
5227330105,5227330101,12.56,3,14,12.564,35.143970 126.916333|35.143894 126.916352|35.143859 126.916361
1212814110,1212814343,68.05,3,5,68.120,35.148850 126.925785|35.148805 126.925628|35.148790 126.925514|35.148792 126.925354|35.148818 126.925173|35.148852 126.925058
1212814343,1212814110,68.05,3,5,68.120,35.148852 126.925058|35.148818 126.925173|35.148792 126.925354|35.148790 126.925514|35.148805 126.925628|35.148850 126.925785
1212814110,5684856643,120.86,0,6,303.425,35.148850 126.925785|35.148400 126.925753|35.148382 126.925702|35.147960 126.925196
5684856643,1212814110,120.86,0,6,303.425,35.147960 126.925196|35.148382 126.925702|35.148400 126.925753|35.148850 126.925785
1212814343,5290951478,22.80,3,4,22.802,35.148852 126.925058|35.148778 126.925023|35.148678 126.924930
5290951478,1212814343,22.80,3,4,22.802,35.148678 126.924930|35.148778 126.925023|35.148852 126.925058
5684856643,1212814365,78.27,0,9,195.678,35.147960 126.925196|35.148059 126.924966|35.148096 126.924858|35.148146 126.924526|35.148148 126.924380
1212814365,5684856643,78.27,0,9,195.678,35.148148 126.924380|35.148146 126.924526|35.148096 126.924858|35.148059 126.924966|35.147960 126.925196
10950826747,4778114329,11.40,0,6,28.507,35.139865 126.920704|35.139808 126.920601
4778114329,10950826747,11.40,0,6,28.507,35.139808 126.920601|35.139865 126.920704
10950826747,10945738323,39.91,0,7,99.768,35.139865 126.920704|35.139656 126.920835|35.139595 126.920886|35.139556 126.920925
10945738323,10950826747,39.91,0,7,99.768,35.139556 126.920925|35.139595 126.920886|35.139656 126.920835|35.139865 126.920704
10945738324,4634340448,32.96,0,3,82.398,35.139720 126.921228|35.139482 126.921445
4634340448,10945738324,32.96,0,3,82.398,35.139482 126.921445|35.139720 126.921228
10945738324,10945738323,33.07,0,4,82.687,35.139720 126.921228|35.139556 126.920925
10945738323,10945738324,33.07,0,4,82.687,35.139556 126.920925|35.139720 126.921228
10959626153,5227330107,10.48,3,5,10.480,35.140423 126.920556|35.140499 126.920488
5227330107,10959626153,10.48,3,5,10.480,35.140499 126.920488|35.140423 126.920556
10959626153,10959626154,19.42,3,6,19.424,35.140423 126.920556|35.140327 126.920377
10959626154,10959626153,19.42,3,6,19.424,35.140327 126.920377|35.140423 126.920556
13056485380,6768815464,37.32,5,4,37.319,35.148258 126.918040|35.148016 126.917756
6768815464,13056485380,37.32,5,4,37.319,35.148016 126.917756|35.148258 126.918040
13056485380,13056485382,80.47,9,12,80.467,35.148258 126.918040|35.148713 126.917352
13056485382,13056485380,80.47,9,12,80.467,35.148713 126.917352|35.148258 126.918040
11446558650,13056485382,11.63,4,11,11.630,35.148792 126.917435|35.148713 126.917352
13056485382,11446558650,11.63,4,11,11.630,35.148713 126.917352|35.148792 126.917435
5290951478,13192522669,42.78,3,7,42.782,35.148678 126.924930|35.148384 126.924625
13192522669,5290951478,42.78,3,7,42.782,35.148384 126.924625|35.148678 126.924930
5290951478,11230698364,26.55,3,3,26.548,35.148678 126.924930|35.148512 126.925140
11230698364,5290951478,26.55,3,3,26.548,35.148512 126.925140|35.148678 126.924930
1212814345,4820111460,11.14,9,6,11.142,35.145313 126.917147|35.145310 126.917142|35.145292 126.917127|35.145274 126.917119|35.145262 126.917117|35.145250 126.917118|35.145235 126.917122|35.145221 126.917131
4820111460,1212814345,11.14,9,6,11.142,35.145221 126.917131|35.145235 126.917122|35.145250 126.917118|35.145262 126.917117|35.145274 126.917119|35.145292 126.917127|35.145310 126.917142|35.145313 126.917147
1212814345,4820111459,14.85,9,5,14.849,35.145313 126.917147|35.145323 126.917162|35.145329 126.917179|35.145332 126.917196|35.145333 126.917216|35.145330 126.917236|35.145322 126.917256|35.145313 126.917271|35.145296 126.917287
4820111459,1212814345,14.85,9,5,14.849,35.145296 126.917287|35.145313 126.917271|35.145322 126.917256|35.145330 126.917236|35.145333 126.917216|35.145332 126.917196|35.145329 126.917179|35.145323 126.917162|35.145313 126.917147
4820111460,13074248483,11.01,9,8,11.012,35.145221 126.917131|35.145161 126.917035
13074248483,4820111460,11.01,9,8,11.012,35.145161 126.917035|35.145221 126.917131
4820111460,4820111467,13.61,12,6,13.614,35.145221 126.917131|35.145212 126.917137|35.145196 126.917158|35.145189 126.917174|35.145185 126.917192|35.145184 126.917211|35.145186 126.917231|35.145191 126.917248|35.145197 126.917260
4820111467,4820111460,13.61,12,6,13.614,35.145197 126.917260|35.145191 126.917248|35.145186 126.917231|35.145184 126.917211|35.145185 126.917192|35.145189 126.917174|35.145196 126.917158|35.145212 126.917137|35.145221 126.917131
4820111459,4664959377,21.05,9,8,21.052,35.145296 126.917287|35.145364 126.917503
4664959377,4820111459,21.05,9,8,21.052,35.145364 126.917503|35.145296 126.917287
4820111459,4820111467,12.48,9,4,12.477,35.145296 126.917287|35.145292 126.917290|35.145277 126.917297|35.145261 126.917300|35.145245 126.917299|35.145230 126.917293|35.145223 126.917289|35.145215 126.917283|35.145209 126.917277|35.145198 126.917262|35.145197 126.917260
4820111467,4820111459,12.48,9,4,12.477,35.145197 126.917260|35.145198 126.917262|35.145209 126.917277|35.145215 126.917283|35.145223 126.917289|35.145230 126.917293|35.145245 126.917299|35.145261 126.917300|35.145277 126.917297|35.145292 126.917290|35.145296 126.917287
1212814365,13192522669,34.47,0,8,86.168,35.148148 126.924380|35.148384 126.924625
13192522669,1212814365,34.47,0,8,86.168,35.148384 126.924625|35.148148 126.924380
1212814365,13052475506,4.77,0,6,11.924,35.148148 126.924380|35.148114 126.924348
13052475506,1212814365,4.77,0,6,11.924,35.148114 126.924348|35.148148 126.924380
13192522669,13192522670,42.73,0,14,106.821,35.148384 126.924625|35.148666 126.924306
13192522670,13192522669,42.73,0,14,106.821,35.148666 126.924306|35.148384 126.924625
13052475506,4806750803,129.17,4,10,129.257,35.148114 126.924348|35.147210 126.923455
4806750803,13052475506,129.17,4,10,129.257,35.147210 126.923455|35.148114 126.924348
13052475506,13052475507,33.46,0,7,83.650,35.148114 126.924348|35.148101 126.924273|35.148129 126.924246|35.148163 126.924197|35.148191 126.924152|35.148204 126.924117|35.148252 126.924051
13052475507,13052475506,33.46,0,7,83.650,35.148252 126.924051|35.148204 126.924117|35.148191 126.924152|35.148163 126.924197|35.148129 126.924246|35.148101 126.924273|35.148114 126.924348
13056485368,4664959376,33.68,3,5,33.683,35.145708 126.918992|35.145626 126.918635
4664959376,13056485368,33.68,3,5,33.683,35.145626 126.918635|35.145708 126.918992
13056485368,13056485357,106.38,11,9,106.410,35.145708 126.918992|35.144811 126.919400
13056485357,13056485368,106.38,11,9,106.410,35.144811 126.919400|35.145708 126.918992
13056485368,13056471877,10.84,3,4,10.842,35.145708 126.918992|35.145732 126.918980|35.145799 126.918950
13056471877,13056485368,10.84,3,4,10.842,35.145799 126.918950|35.145732 126.918980|35.145708 126.918992
4814534780,13056471880,11.99,0,3,29.964,35.145835 126.919076|35.145851 126.919134|35.145871 126.919200
13056471880,4814534780,11.99,0,3,29.964,35.145871 126.919200|35.145851 126.919134|35.145835 126.919076
4814534780,13056471877,12.09,3,4,12.094,35.145835 126.919076|35.145805 126.918973|35.145799 126.918950
13056471877,4814534780,12.09,3,4,12.094,35.145799 126.918950|35.145805 126.918973|35.145835 126.919076
1212906655,10781742730,30.02,0,0,120.069,35.133511 126.917106|35.133243 126.917145
10781742730,1212906655,30.02,0,0,120.069,35.133243 126.917145|35.133511 126.917106
1212906655,12543057048,22.44,0,0,89.755,35.133511 126.917106|35.133712 126.917076
12543057048,1212906655,22.44,0,0,89.755,35.133712 126.917076|35.133511 126.917106
10781742730,1212906890,20.21,0,0,80.857,35.133243 126.917145|35.133064 126.917177
1212906890,10781742730,20.21,0,0,80.857,35.133064 126.917177|35.133243 126.917145
10781742730,10781742731,83.74,0,0,334.978,35.133243 126.917145|35.133179 126.916227
10781742731,10781742730,83.74,0,0,334.978,35.133179 126.916227|35.133243 126.917145
1212906658,8690512267,56.45,0,0,225.806,35.137888 126.917096|35.138168 126.917615
8690512267,1212906658,56.45,0,0,225.806,35.138168 126.917615|35.137888 126.917096
1212906658,5746992794,27.73,0,0,110.917,35.137888 126.917096|35.137794 126.916814
5746992794,1212906658,27.73,0,0,110.917,35.137794 126.916814|35.137888 126.917096
1212906658,4764282351,91.44,0,0,365.760,35.137888 126.917096|35.138364 126.916965|35.138457 126.916933|35.138516 126.916904|35.138586 126.916859|35.138670 126.916804
4764282351,1212906658,91.44,0,0,365.760,35.138670 126.916804|35.138586 126.916859|35.138516 126.916904|35.138457 126.916933|35.138364 126.916965|35.137888 126.917096
1212906658,5688824319,70.93,0,0,283.712,35.137888 126.917096|35.137795 126.917132|35.137284 126.917344
5688824319,1212906658,70.93,0,0,283.712,35.137284 126.917344|35.137795 126.917132|35.137888 126.917096
8690512267,8690512268,89.15,0,0,356.583,35.138168 126.917615|35.138017 126.917758|35.137537 126.918221
8690512268,8690512267,89.15,0,0,356.583,35.137537 126.918221|35.138017 126.917758|35.138168 126.917615
5746992794,5672035116,13.01,0,0,52.039,35.137794 126.916814|35.137753 126.916680
5672035116,5746992794,13.01,0,0,52.039,35.137753 126.916680|35.137794 126.916814
5746992794,5746992798,25.25,0,0,100.986,35.137794 126.916814|35.137929 126.916753|35.137988 126.916731|35.137982 126.916706
5746992798,5746992794,25.25,0,0,100.986,35.137982 126.916706|35.137988 126.916731|35.137929 126.916753|35.137794 126.916814
4764282351,5746992813,39.19,0,0,156.778,35.138670 126.916804|35.138675 126.916373
5746992813,4764282351,39.19,0,0,156.778,35.138675 126.916373|35.138670 126.916804
4764282351,4936282891,21.66,0,0,86.652,35.138670 126.916804|35.138846 126.916702
4936282891,4764282351,21.66,0,0,86.652,35.138846 126.916702|35.138670 126.916804
5688824319,1212906819,11.66,0,0,46.656,35.137284 126.917344|35.137184 126.917383
1212906819,5688824319,11.66,0,0,46.656,35.137184 126.917383|35.137284 126.917344
5688824319,5160931402,78.52,0,0,314.092,35.137284 126.917344|35.137354 126.917607|35.137430 126.917889|35.137473 126.918064|35.137512 126.918160
5160931402,5688824319,78.52,0,0,314.092,35.137512 126.918160|35.137473 126.918064|35.137430 126.917889|35.137354 126.917607|35.137284 126.917344
1212906768,4778114330,3.16,0,0,12.637,35.139769 126.917258|35.139746 126.917278
4778114330,1212906768,3.16,0,0,12.637,35.139746 126.917278|35.139769 126.917258
1212906768,4805079368,53.52,0,0,214.098,35.139769 126.917258|35.139498 126.916771
4805079368,1212906768,53.52,0,0,214.098,35.139498 126.916771|35.139769 126.917258
1212906768,1212906910,85.84,0,0,343.360,35.139769 126.917258|35.140202 126.918038
1212906910,1212906768,85.84,0,0,343.360,35.140202 126.918038|35.139769 126.917258
1212906768,4805079363,35.63,0,0,142.507,35.139769 126.917258|35.139806 126.917219|35.139947 126.916935
4805079363,1212906768,35.63,0,0,142.507,35.139947 126.916935|35.139806 126.917219|35.139769 126.917258
4778114330,4936282899,58.64,0,0,234.558,35.139746 126.917278|35.139310 126.917641
4936282899,4778114330,58.64,0,0,234.558,35.139310 126.917641|35.139746 126.917278
4778114330,9575019115,68.54,0,0,274.143,35.139746 126.917278|35.139654 126.917601|35.139703 126.917630|35.139610 126.917840|35.139563 126.917932
9575019115,4778114330,68.54,0,0,274.143,35.139563 126.917932|35.139610 126.917840|35.139703 126.917630|35.139654 126.917601|35.139746 126.917278
4805079368,5746992922,37.64,0,0,150.549,35.139498 126.916771|35.139308 126.916429
5746992922,4805079368,37.64,0,0,150.549,35.139308 126.916429|35.139498 126.916771
4805079368,4805079363,62.27,0,0,249.074,35.139498 126.916771|35.139555 126.916744|35.139648 126.916724|35.139662 126.916857|35.139725 126.916852|35.139841 126.916889|35.139947 126.916935
4805079363,4805079368,62.27,0,0,249.074,35.139947 126.916935|35.139841 126.916889|35.139725 126.916852|35.139662 126.916857|35.139648 126.916724|35.139555 126.916744|35.139498 126.916771
1212906910,4805079369,47.99,0,0,191.970,35.140202 126.918038|35.140559 126.917742
4805079369,1212906910,47.99,0,0,191.970,35.140559 126.917742|35.140202 126.918038
4805079363,4805079370,19.14,0,0,76.561,35.139947 126.916935|35.140041 126.916956|35.140076 126.916874
4805079370,4805079363,19.14,0,0,76.561,35.140076 126.916874|35.140041 126.916956|35.139947 126.916935
1212906801,5693348193,13.12,0,0,52.477,35.136012 126.917879|35.135898 126.917913
5693348193,1212906801,13.12,0,0,52.477,35.135898 126.917913|35.136012 126.917879
1212906801,5746992399,8.79,0,0,35.160,35.136012 126.917879|35.136088 126.917849
5746992399,1212906801,8.79,0,0,35.160,35.136088 126.917849|35.136012 126.917879
1212906801,5746992366,103.05,0,0,412.182,35.136012 126.917879|35.135833 126.917613|35.135672 126.917371|35.135421 126.917006
5746992366,1212906801,103.05,0,0,412.182,35.135421 126.917006|35.135672 126.917371|35.135833 126.917613|35.136012 126.917879
1212906801,8690512264,126.89,0,0,507.577,35.136012 126.917879|35.136567 126.918640|35.136769 126.918924
8690512264,1212906801,126.89,0,0,507.577,35.136769 126.918924|35.136567 126.918640|35.136012 126.917879
5693348193,1212906847,17.27,0,0,69.066,35.135898 126.917913|35.135748 126.917963
1212906847,5693348193,17.27,0,0,69.066,35.135748 126.917963|35.135898 126.917913
5693348193,4777923547,368.79,1,0,1146.036,35.135898 126.917913|35.136088 126.918151|35.136874 126.919232|35.137585 126.920116|35.138144 126.920895
4777923547,5693348193,368.79,1,0,1146.036,35.138144 126.920895|35.137585 126.920116|35.136874 126.919232|35.136088 126.918151|35.135898 126.917913
5746992399,4634312164,69.50,0,0,277.997,35.136088 126.917849|35.136677 126.917593
4634312164,5746992399,69.50,0,0,277.997,35.136677 126.917593|35.136088 126.917849
5746992399,5746992416,61.15,0,0,244.585,35.136088 126.917849|35.136054 126.917753|35.136049 126.917708|35.135956 126.917343|35.135949 126.917203
5746992416,5746992399,61.15,0,0,244.585,35.135949 126.917203|35.135956 126.917343|35.136049 126.917708|35.136054 126.917753|35.136088 126.917849
5746992366,5746992370,31.04,0,0,124.155,35.135421 126.917006|35.135444 126.916934|35.135459 126.916869|35.135522 126.916689
5746992370,5746992366,31.04,0,0,124.155,35.135522 126.916689|35.135459 126.916869|35.135444 126.916934|35.135421 126.917006
8690512264,12382454531,34.93,0,0,139.715,35.136769 126.918924|35.137021 126.918696
12382454531,8690512264,34.93,0,0,139.715,35.137021 126.918696|35.136769 126.918924
1212906819,4634312164,59.53,0,0,238.103,35.137184 126.917383|35.136677 126.917593
4634312164,1212906819,59.53,0,0,238.103,35.136677 126.917593|35.137184 126.917383
1212906819,5938871729,82.64,0,0,330.555,35.137184 126.917383|35.136979 126.916746|35.136906 126.916540
5938871729,1212906819,82.64,0,0,330.555,35.136906 126.916540|35.136979 126.916746|35.137184 126.917383
4634312164,4634312167,61.68,0,0,246.736,35.136677 126.917593|35.136660 126.917541|35.136498 126.916951
4634312167,4634312164,61.68,0,0,246.736,35.136498 126.916951|35.136660 126.917541|35.136677 126.917593
4634312164,5160931398,70.76,0,0,283.053,35.136677 126.917593|35.136802 126.918216|35.136846 126.918341
5160931398,4634312164,70.76,0,0,283.053,35.136846 126.918341|35.136802 126.918216|35.136677 126.917593
5938871729,5938871732,32.45,0,0,129.801,35.136906 126.916540|35.137182 126.916421
5938871732,5938871729,32.45,0,0,129.801,35.137182 126.916421|35.136906 126.916540
5938871729,5227330438,38.21,0,0,152.842,35.136906 126.916540|35.136836 126.916329|35.136791 126.916145
5227330438,5938871729,38.21,0,0,152.842,35.136791 126.916145|35.136836 126.916329|35.136906 126.916540
1212906847,3269962012,10.28,0,0,41.130,35.135748 126.917963|35.135656 126.917978
3269962012,1212906847,10.28,0,0,41.130,35.135656 126.917978|35.135748 126.917963
1212906847,2389138076,49.62,0,0,198.478,35.135748 126.917963|35.136036 126.918380
2389138076,1212906847,49.62,0,0,198.478,35.136036 126.918380|35.135748 126.917963
3269962012,2382901005,56.79,0,0,227.166,35.135656 126.917978|35.135994 126.918447
2382901005,3269962012,56.79,0,0,227.166,35.135994 126.918447|35.135656 126.917978
3269962012,12430453938,67.13,0,0,268.510,35.135656 126.917978|35.135574 126.917997|35.135523 126.918008|35.135451 126.918028|35.135336 126.918070|35.135239 126.918107|35.135171 126.918137|35.135079 126.918186
12430453938,3269962012,67.13,0,0,268.510,35.135079 126.918186|35.135171 126.918137|35.135239 126.918107|35.135336 126.918070|35.135451 126.918028|35.135523 126.918008|35.135574 126.917997|35.135656 126.917978
3269962012,12543057093,54.77,0,0,219.067,35.135656 126.917978|35.135426 126.917650|35.135336 126.917521
12543057093,3269962012,54.77,0,0,219.067,35.135336 126.917521|35.135426 126.917650|35.135656 126.917978
2389138076,3269959945,757.01,5,0,2018.127,35.136036 126.918380|35.136398 126.918878|35.136735 126.919326|35.137125 126.919844|35.137381 126.920160|35.137620 126.920458|35.137805 126.920702|35.137892 126.920829|35.138010 126.921005|35.138246 126.921379|35.138455 126.921700|35.138597 126.921917|35.138666 126.922037|35.138690 126.922078|35.138798 126.922218|35.138909 126.922353|35.139039 126.922472|35.139149 126.922556|35.139237 126.922620|35.139320 126.922675|35.139509 126.922798|35.139621 126.922868|35.139783 126.922982|35.139918 126.923074|35.140070 126.923183|35.140236 126.923292|35.140423 126.923422|35.140670 126.923591|35.140881 126.923732|35.141068 126.923791
3269959945,2389138076,757.01,5,0,2018.127,35.141068 126.923791|35.140881 126.923732|35.140670 126.923591|35.140423 126.923422|35.140236 126.923292|35.140070 126.923183|35.139918 126.923074|35.139783 126.922982|35.139621 126.922868|35.139509 126.922798|35.139320 126.922675|35.139237 126.922620|35.139149 126.922556|35.139039 126.922472|35.138909 126.922353|35.138798 126.922218|35.138690 126.922078|35.138666 126.922037|35.138597 126.921917|35.138455 126.921700|35.138246 126.921379|35.138010 126.921005|35.137892 126.920829|35.137805 126.920702|35.137620 126.920458|35.137381 126.920160|35.137125 126.919844|35.136735 126.919326|35.136398 126.918878|35.136036 126.918380
4805079369,4805079370,95.52,0,0,382.062,35.140559 126.917742|35.140521 126.917672|35.140179 126.917082|35.140076 126.916874
4805079370,4805079369,95.52,0,0,382.062,35.140076 126.916874|35.140179 126.917082|35.140521 126.917672|35.140559 126.917742
1212906951,12382454506,48.17,0,0,192.669,35.141877 126.916638|35.141620 126.916211
12382454506,1212906951,48.17,0,0,192.669,35.141620 126.916211|35.141877 126.916638
1212906951,5938871727,62.24,0,0,248.948,35.141877 126.916638|35.141612 126.916866|35.141414 126.917023
5938871727,1212906951,62.24,0,0,248.948,35.141414 126.917023|35.141612 126.916866|35.141877 126.916638
12382454506,12382454507,33.63,0,0,134.516,35.141620 126.916211|35.141741 126.916102|35.141873 126.916010
12382454507,12382454506,33.63,0,0,134.516,35.141873 126.916010|35.141741 126.916102|35.141620 126.916211
2007834342,4631845895,25.22,0,0,100.898,35.142800 126.933662|35.142578 126.933720
4631845895,2007834342,25.22,0,0,100.898,35.142578 126.933720|35.142800 126.933662
2007834342,12765565623,8.74,0,0,34.943,35.142800 126.933662|35.142808 126.933684|35.142821 126.933701|35.142838 126.933713|35.142858 126.933717
12765565623,2007834342,8.74,0,0,34.943,35.142858 126.933717|35.142838 126.933713|35.142821 126.933701|35.142808 126.933684|35.142800 126.933662
2007834342,12765565605,6.48,0,0,25.930,35.142800 126.933662|35.142798 126.933638|35.142802 126.933615|35.142812 126.933594
12765565605,2007834342,6.48,0,0,25.930,35.142812 126.933594|35.142802 126.933615|35.142798 126.933638|35.142800 126.933662
4631845895,2007834464,111.87,0,0,447.482,35.142578 126.933720|35.141781 126.933912|35.141589 126.933943
2007834464,4631845895,111.87,0,0,447.482,35.141589 126.933943|35.141781 126.933912|35.142578 126.933720
4631845895,8745101676,66.49,0,0,265.940,35.142578 126.933720|35.142587 126.933763|35.142701 126.934311|35.142713 126.934432
8745101676,4631845895,66.49,0,0,265.940,35.142713 126.934432|35.142701 126.934311|35.142587 126.933763|35.142578 126.933720
4631845895,13622042705,49.59,0,0,198.347,35.142578 126.933720|35.142511 126.933245|35.142502 126.933183
13622042705,4631845895,49.59,0,0,198.347,35.142502 126.933183|35.142511 126.933245|35.142578 126.933720
12765565623,12765565610,15.77,0,0,63.096,35.142858 126.933717|35.142878 126.933714|35.142896 126.933702|35.142910 126.933684|35.142919 126.933662|35.142921 126.933637|35.142916 126.933613|35.142906 126.933592
12765565610,12765565623,15.77,0,0,63.096,35.142906 126.933592|35.142916 126.933613|35.142921 126.933637|35.142919 126.933662|35.142910 126.933684|35.142896 126.933702|35.142878 126.933714|35.142858 126.933717
12765565623,14041444357,26.93,0,0,107.733,35.142858 126.933717|35.142986 126.933723|35.143100 126.933708
14041444357,12765565623,26.93,0,0,107.733,35.143100 126.933708|35.142986 126.933723|35.142858 126.933717
12765565605,2007834432,35.90,0,0,143.605,35.142812 126.933594|35.143022 126.933295
2007834432,12765565605,35.90,0,0,143.605,35.143022 126.933295|35.142812 126.933594
12765565605,12765565610,11.82,0,0,47.283,35.142812 126.933594|35.142821 126.933584|35.142831 126.933575|35.142851 126.933567|35.142871 126.933568|35.142890 126.933577|35.142906 126.933592
12765565610,12765565605,11.82,0,0,47.283,35.142906 126.933592|35.142890 126.933577|35.142871 126.933568|35.142851 126.933567|35.142831 126.933575|35.142821 126.933584|35.142812 126.933594
2007834356,8745103343,29.54,0,0,118.173,35.138152 126.932473|35.138143 126.932148
8745103343,2007834356,29.54,0,0,118.173,35.138143 126.932148|35.138152 126.932473
2007834356,2007834405,117.06,0,0,468.250,35.138152 126.932473|35.138318 126.932448|35.138546 126.932366|35.138993 126.932226|35.139163 126.932134
2007834405,2007834356,117.06,0,0,468.250,35.139163 126.932134|35.138993 126.932226|35.138546 126.932366|35.138318 126.932448|35.138152 126.932473
2007834356,4631835058,84.92,0,0,339.698,35.138152 126.932473|35.137984 126.932451|35.137451 126.932129
4631835058,2007834356,84.92,0,0,339.698,35.137451 126.932129|35.137984 126.932451|35.138152 126.932473
2007834405,8726974609,52.48,0,0,209.922,35.139163 126.932134|35.139632 126.932068
8726974609,2007834405,52.48,0,0,209.922,35.139632 126.932068|35.139163 126.932134
2007834405,13622127977,17.91,0,0,71.622,35.139163 126.932134|35.139141 126.931939
13622127977,2007834405,17.91,0,0,71.622,35.139141 126.931939|35.139163 126.932134
2007834405,4664813460,28.34,0,0,113.380,35.139163 126.932134|35.139388 126.932281
4664813460,2007834405,28.34,0,0,113.380,35.139388 126.932281|35.139163 126.932134
2007834405,4682911880,150.55,0,0,602.216,35.139163 126.932134|35.138991 126.932674|35.138972 126.932781|35.138970 126.932883|35.138975 126.932972|35.138992 126.933043|35.139093 126.933262|35.139125 126.933332|35.139203 126.933527|35.139204 126.933576|35.139197 126.933679
4682911880,2007834405,150.55,0,0,602.216,35.139197 126.933679|35.139204 126.933576|35.139203 126.933527|35.139125 126.933332|35.139093 126.933262|35.138992 126.933043|35.138975 126.932972|35.138970 126.932883|35.138972 126.932781|35.138991 126.932674|35.139163 126.932134
4631835058,2007834419,104.06,0,0,416.242,35.137451 126.932129|35.137393 126.932094|35.137292 126.932033|35.137263 126.932022|35.137239 126.932007|35.137213 126.931987|35.137192 126.931956|35.137160 126.931901|35.137132 126.931846|35.137107 126.931690|35.137057 126.931205
2007834419,4631835058,104.06,0,0,416.242,35.137057 126.931205|35.137107 126.931690|35.137132 126.931846|35.137160 126.931901|35.137192 126.931956|35.137213 126.931987|35.137239 126.932007|35.137263 126.932022|35.137292 126.932033|35.137393 126.932094|35.137451 126.932129
4631835058,4631835063,109.48,0,0,437.920,35.137451 126.932129|35.137645 126.932412|35.137906 126.932756|35.137935 126.932796|35.137947 126.932839|35.137919 126.933103
4631835063,4631835058,109.48,0,0,437.920,35.137919 126.933103|35.137947 126.932839|35.137935 126.932796|35.137906 126.932756|35.137645 126.932412|35.137451 126.932129
2007834365,11121991585,15.82,0,0,63.299,35.145066 126.934587|35.145129 126.934431
11121991585,2007834365,15.82,0,0,63.299,35.145129 126.934431|35.145066 126.934587
2007834365,10248473655,483.05,0,0,1932.199,35.145066 126.934587|35.144809 126.934783|35.144733 126.934915|35.144664 126.935057|35.144613 126.935219|35.144588 126.935429|35.144571 126.935644|35.144563 126.935804|35.144527 126.935907|35.144450 126.935993|35.144249 126.935976|35.144064 126.935906|35.143886 126.935702|35.143832 126.935643|35.143716 126.935708|35.143648 126.935821|35.143622 126.935926|35.143636 126.936069|35.143713 126.936250|35.143857 126.936536|35.143899 126.936638|35.143895 126.936729|35.143808 126.936782|35.143698 126.936781|35.143565 126.936709|35.143309 126.936521|35.143215 126.936502|35.143142 126.936530|35.143087 126.936578|35.142889 126.936842
10248473655,2007834365,483.05,0,0,1932.199,35.142889 126.936842|35.143087 126.936578|35.143142 126.936530|35.143215 126.936502|35.143309 126.936521|35.143565 126.936709|35.143698 126.936781|35.143808 126.936782|35.143895 126.936729|35.143899 126.936638|35.143857 126.936536|35.143713 126.936250|35.143636 126.936069|35.143622 126.935926|35.143648 126.935821|35.143716 126.935708|35.143832 126.935643|35.143886 126.935702|35.144064 126.935906|35.144249 126.935976|35.144450 126.935993|35.144527 126.935907|35.144563 126.935804|35.144571 126.935644|35.144588 126.935429|35.144613 126.935219|35.144664 126.935057|35.144733 126.934915|35.144809 126.934783|35.145066 126.934587
2007834365,13727281361,304.77,0,1,1091.191,35.145066 126.934587|35.145143 126.934985|35.145192 126.935227|35.145340 126.935466|35.145674 126.935881|35.145843 126.936147|35.146018 126.936476|35.146127 126.936692|35.146428 126.937205|35.146480 126.937324|35.146498 126.937382
13727281361,2007834365,304.77,0,1,1091.191,35.146498 126.937382|35.146480 126.937324|35.146428 126.937205|35.146127 126.936692|35.146018 126.936476|35.145843 126.936147|35.145674 126.935881|35.145340 126.935466|35.145192 126.935227|35.145143 126.934985|35.145066 126.934587
11121991585,2007834413,19.99,0,0,79.951,35.145129 126.934431|35.145222 126.934243
2007834413,11121991585,19.99,0,0,79.951,35.145222 126.934243|35.145129 126.934431
11121991585,11133750917,57.24,0,0,228.976,35.145129 126.934431|35.145176 126.934660|35.145237 126.934724|35.145376 126.934754|35.145474 126.934727
11133750917,11121991585,57.24,0,0,228.976,35.145474 126.934727|35.145376 126.934754|35.145237 126.934724|35.145176 126.934660|35.145129 126.934431
10248473655,10288946564,9.52,0,0,38.097,35.142889 126.936842|35.142942 126.936924
10288946564,10248473655,9.52,0,0,38.097,35.142942 126.936924|35.142889 126.936842
10248473655,10248473622,389.79,0,1,1426.857,35.142889 126.936842|35.142770 126.936700|35.142454 126.936545|35.142134 126.936497|35.141832 126.936480|35.141174 126.936615|35.140919 126.936663|35.140498 126.936684|35.140217 126.936700|35.139980 126.936759|35.139722 126.936824|35.139502 126.936942
10248473622,10248473655,389.79,0,1,1426.857,35.139502 126.936942|35.139722 126.936824|35.139980 126.936759|35.140217 126.936700|35.140498 126.936684|35.140919 126.936663|35.141174 126.936615|35.141832 126.936480|35.142134 126.936497|35.142454 126.936545|35.142770 126.936700|35.142889 126.936842
13727281361,13727281348,114.60,2,8,115.272,35.146498 126.937382|35.146539 126.937368|35.146543 126.937347|35.146511 126.937254|35.146437 126.937124|35.146432 126.937087|35.146480 126.937089|35.146534 126.937134|35.146672 126.937246|35.146802 126.937329|35.146926 126.937339|35.147005 126.937303|35.147092 126.937261
13727281348,13727281361,114.60,2,8,115.272,35.147092 126.937261|35.147005 126.937303|35.146926 126.937339|35.146802 126.937329|35.146672 126.937246|35.146534 126.937134|35.146480 126.937089|35.146432 126.937087|35.146437 126.937124|35.146511 126.937254|35.146543 126.937347|35.146539 126.937368|35.146498 126.937382
2007834369,13622091938,32.72,0,0,130.884,35.141714 126.927092|35.141637 126.927027|35.141447 126.926948
13622091938,2007834369,32.72,0,0,130.884,35.141447 126.926948|35.141637 126.927027|35.141714 126.927092
2007834369,4707562681,31.03,0,0,124.108,35.141714 126.927092|35.141806 126.927184|35.141913 126.927329
4707562681,2007834369,31.03,0,0,124.108,35.141913 126.927329|35.141806 126.927184|35.141714 126.927092
2007834369,13622090995,35.46,0,0,141.832,35.141714 126.927092|35.141904 126.926992|35.141947 126.926960|35.141989 126.926905
13622090995,2007834369,35.46,0,0,141.832,35.141989 126.926905|35.141947 126.926960|35.141904 126.926992|35.141714 126.927092
2007834369,13622091000,32.80,0,0,131.212,35.141714 126.927092|35.141791 126.927090|35.141946 126.927078|35.142008 126.927074
13622091000,2007834369,32.80,0,0,131.212,35.142008 126.927074|35.141946 126.927078|35.141791 126.927090|35.141714 126.927092
2007834369,13622091937,34.89,0,0,139.572,35.141714 126.927092|35.141643 126.927156|35.141417 126.927145
13622091937,2007834369,34.89,0,0,139.572,35.141417 126.927145|35.141643 126.927156|35.141714 126.927092
13622091938,13622091939,4.85,0,0,19.400,35.141447 126.926948|35.141460 126.926898
13622091939,13622091938,4.85,0,0,19.400,35.141460 126.926898|35.141447 126.926948
13622091938,4631605209,146.74,0,0,586.952,35.141447 126.926948|35.141385 126.926923|35.140795 126.926726|35.140472 126.926579|35.140375 126.926480|35.140336 126.926421|35.140290 126.926346|35.140271 126.926312
4631605209,13622091938,146.74,0,0,586.952,35.140271 126.926312|35.140290 126.926346|35.140336 126.926421|35.140375 126.926480|35.140472 126.926579|35.140795 126.926726|35.141385 126.926923|35.141447 126.926948
13622091938,13622091937,18.30,0,0,73.206,35.141447 126.926948|35.141428 126.927020|35.141417 126.927145
13622091937,13622091938,18.30,0,0,73.206,35.141417 126.927145|35.141428 126.927020|35.141447 126.926948
4707562681,4707562656,3.91,0,0,15.629,35.141913 126.927329|35.141890 126.927362
4707562656,4707562681,3.91,0,0,15.629,35.141890 126.927362|35.141913 126.927329
4707562681,13622090994,93.21,0,0,372.856,35.141913 126.927329|35.141956 126.927434|35.141967 126.927523|35.141978 126.927725|35.142107 126.927516|35.142169 126.927393|35.142219 126.927299|35.142268 126.927249|35.142281 126.927238
13622090994,4707562681,93.21,0,0,372.856,35.142281 126.927238|35.142268 126.927249|35.142219 126.927299|35.142169 126.927393|35.142107 126.927516|35.141978 126.927725|35.141967 126.927523|35.141956 126.927434|35.141913 126.927329
4707562681,13622091997,16.13,0,0,64.521,35.141913 126.927329|35.141921 126.927314|35.141989 126.927179
13622091997,4707562681,16.13,0,0,64.521,35.141989 126.927179|35.141921 126.927314|35.141913 126.927329
13622090995,13622091989,3.71,0,0,14.824,35.141989 126.926905|35.141963 126.926879
13622091989,13622090995,3.71,0,0,14.824,35.141963 126.926879|35.141989 126.926905
13622090995,5313522356,39.43,0,0,157.729,35.141989 126.926905|35.142043 126.926833|35.142088 126.926762|35.142107 126.926725|35.142123 126.926643|35.142146 126.926528
5313522356,13622090995,39.43,0,0,157.729,35.142146 126.926528|35.142123 126.926643|35.142107 126.926725|35.142088 126.926762|35.142043 126.926833|35.141989 126.926905
13622090995,13622091991,4.76,0,0,19.042,35.141989 126.926905|35.142002 126.926919|35.142008 126.926925|35.142026 126.926922
13622091991,13622090995,4.76,0,0,19.042,35.142026 126.926922|35.142008 126.926925|35.142002 126.926919|35.141989 126.926905
13622091000,13622091997,9.82,0,0,39.297,35.142008 126.927074|35.141999 126.927153|35.141989 126.927179
13622091997,13622091000,9.82,0,0,39.297,35.141989 126.927179|35.141999 126.927153|35.142008 126.927074
13622091000,13622091991,13.93,0,0,55.721,35.142008 126.927074|35.142022 126.926954|35.142026 126.926922
13622091991,13622091000,13.93,0,0,55.721,35.142026 126.926922|35.142022 126.926954|35.142008 126.927074
13622091000,13622090999,29.11,0,0,116.444,35.142008 126.927074|35.142146 126.927059|35.142153 126.926976|35.142152 126.926909
13622090999,13622091000,29.11,0,0,116.444,35.142152 126.926909|35.142153 126.926976|35.142146 126.927059|35.142008 126.927074
13622091937,13622091941,6.55,0,0,26.187,35.141417 126.927145|35.141411 126.927217
13622091941,13622091937,6.55,0,0,26.187,35.141411 126.927217|35.141417 126.927145
13622091937,11144422996,36.65,0,0,146.616,35.141417 126.927145|35.141235 126.927137|35.141088 126.927130
11144422996,13622091937,36.65,0,0,146.616,35.141088 126.927130|35.141235 126.927137|35.141417 126.927145
2007834371,2007834525,72.78,0,0,291.132,35.140999 126.934821|35.140848 126.934868|35.140777 126.934877|35.140513 126.934892|35.140351 126.934878
2007834525,2007834371,72.78,0,0,291.132,35.140351 126.934878|35.140513 126.934892|35.140777 126.934877|35.140848 126.934868|35.140999 126.934821
2007834371,8745101674,59.07,0,0,236.288,35.140999 126.934821|35.141134 126.934801|35.141523 126.934710
8745101674,2007834371,59.07,0,0,236.288,35.141523 126.934710|35.141134 126.934801|35.140999 126.934821
2007834371,2007834499,76.11,0,0,304.429,35.140999 126.934821|35.140950 126.934810|35.140917 126.934785|35.140906 126.934759|35.140899 126.934688|35.140901 126.934611|35.140914 126.934566|35.140927 126.934514|35.140953 126.934467|35.141033 126.934388|35.141205 126.934227
2007834499,2007834371,76.11,0,0,304.429,35.141205 126.934227|35.141033 126.934388|35.140953 126.934467|35.140927 126.934514|35.140914 126.934566|35.140901 126.934611|35.140899 126.934688|35.140906 126.934759|35.140917 126.934785|35.140950 126.934810|35.140999 126.934821
2007834525,4682911880,212.80,0,0,851.186,35.140351 126.934878|35.140295 126.934826|35.140234 126.934787|35.140072 126.934719|35.140043 126.934710|35.140015 126.934703|35.139937 126.934687|35.139857 126.934672|35.139726 126.934662|35.139468 126.934654|35.139403 126.934649|35.139347 126.934645|35.139303 126.934629|35.139270 126.934603|35.139215 126.934521|35.139163 126.934366|35.139148 126.934213|35.139151 126.934072|35.139183 126.933790|35.139197 126.933679
4682911880,2007834525,212.80,0,0,851.186,35.139197 126.933679|35.139183 126.933790|35.139151 126.934072|35.139148 126.934213|35.139163 126.934366|35.139215 126.934521|35.139270 126.934603|35.139303 126.934629|35.139347 126.934645|35.139403 126.934649|35.139468 126.934654|35.139726 126.934662|35.139857 126.934672|35.139937 126.934687|35.140015 126.934703|35.140043 126.934710|35.140072 126.934719|35.140234 126.934787|35.140295 126.934826|35.140351 126.934878
2007834525,11133751074,73.66,0,0,294.626,35.140351 126.934878|35.140704 126.934321|35.140770 126.934254
11133751074,2007834525,73.66,0,0,294.626,35.140770 126.934254|35.140704 126.934321|35.140351 126.934878
2007834525,2007834451,20.53,0,0,82.101,35.140351 126.934878|35.140289 126.934940|35.140240 126.934985|35.140204 126.935016
2007834451,2007834525,20.53,0,0,82.101,35.140204 126.935016|35.140240 126.934985|35.140289 126.934940|35.140351 126.934878
8745101674,3042650376,13.19,0,0,52.743,35.141523 126.934710|35.141527 126.934855
3042650376,8745101674,13.19,0,0,52.743,35.141527 126.934855|35.141523 126.934710
8745101674,12207959821,58.29,0,0,233.169,35.141523 126.934710|35.141392 126.934089
12207959821,8745101674,58.29,0,0,233.169,35.141392 126.934089|35.141523 126.934710
8745101674,8745101676,134.76,0,0,539.055,35.141523 126.934710|35.142028 126.934592|35.142713 126.934432
8745101676,8745101674,134.76,0,0,539.055,35.142713 126.934432|35.142028 126.934592|35.141523 126.934710
2007834499,12207959821,24.26,0,0,97.030,35.141205 126.934227|35.141392 126.934089
12207959821,2007834499,24.26,0,0,97.030,35.141392 126.934089|35.141205 126.934227
2007834499,4682911886,43.23,0,0,172.903,35.141205 126.934227|35.141021 126.934203|35.140911 126.934202|35.140819 126.934220
4682911886,2007834499,43.23,0,0,172.903,35.140819 126.934220|35.140911 126.934202|35.141021 126.934203|35.141205 126.934227
2007834390,11133750904,46.95,0,0,187.792,35.144831 126.933760|35.144748 126.933751|35.144410 126.933711
11133750904,2007834390,46.95,0,0,187.792,35.144410 126.933711|35.144748 126.933751|35.144831 126.933760
2007834390,2007834413,70.22,0,0,280.876,35.144831 126.933760|35.144955 126.933776|35.145043 126.933815|35.145122 126.933877|35.145168 126.933973|35.145199 126.934082|35.145222 126.934243
2007834413,2007834390,70.22,0,0,280.876,35.145222 126.934243|35.145199 126.934082|35.145168 126.933973|35.145122 126.933877|35.145043 126.933815|35.144955 126.933776|35.144831 126.933760
2007834390,11133750907,46.00,0,0,184.004,35.144831 126.933760|35.144728 126.933816|35.144493 126.933976|35.144463 126.933992
11133750907,2007834390,46.00,0,0,184.004,35.144463 126.933992|35.144493 126.933976|35.144728 126.933816|35.144831 126.933760
11133750904,14041444357,146.31,0,0,585.228,35.144410 126.933711|35.144384 126.933708|35.143996 126.933657|35.143554 126.933652|35.143217 126.933704|35.143100 126.933708
14041444357,11133750904,146.31,0,0,585.228,35.143100 126.933708|35.143217 126.933704|35.143554 126.933652|35.143996 126.933657|35.144384 126.933708|35.144410 126.933711
11133750904,11133750907,29.52,0,0,118.096,35.144410 126.933711|35.144472 126.933784|35.144496 126.933898|35.144463 126.933992
11133750907,11133750904,29.52,0,0,118.096,35.144463 126.933992|35.144496 126.933898|35.144472 126.933784|35.144410 126.933711
2007834413,11133750893,19.54,0,0,78.176,35.145222 126.934243|35.145391 126.934183
11133750893,2007834413,19.54,0,0,78.176,35.145391 126.934183|35.145222 126.934243
11133750907,8745101677,71.40,0,0,285.590,35.144463 126.933992|35.144348 126.934054|35.144214 126.934081|35.143840 126.934168
8745101677,11133750907,71.40,0,0,285.590,35.143840 126.934168|35.144214 126.934081|35.144348 126.934054|35.144463 126.933992
2007834392,3042621368,14.40,0,0,57.580,35.140992 126.931879|35.140863 126.931896
3042621368,2007834392,14.40,0,0,57.580,35.140863 126.931896|35.140992 126.931879
2007834392,3042621365,30.13,0,0,120.519,35.140992 126.931879|35.141262 126.931864
3042621365,2007834392,30.13,0,0,120.519,35.141262 126.931864|35.140992 126.931879
2007834392,13621892256,20.94,0,0,83.775,35.140992 126.931879|35.140952 126.931703|35.140929 126.931664
13621892256,2007834392,20.94,0,0,83.775,35.140929 126.931664|35.140952 126.931703|35.140992 126.931879
3042621368,13621892253,2.84,0,0,11.369,35.140863 126.931896|35.140838 126.931900
13621892253,3042621368,2.84,0,0,11.369,35.140838 126.931900|35.140863 126.931896
3042621368,13622091998,7.80,0,0,31.204,35.140863 126.931896|35.140870 126.931981
13622091998,3042621368,7.80,0,0,31.204,35.140870 126.931981|35.140863 126.931896
3042621365,13622042993,33.00,0,0,131.994,35.141262 126.931864|35.141557 126.931825
13622042993,3042621365,33.00,0,0,131.994,35.141557 126.931825|35.141262 126.931864
3042621365,13622042991,7.01,0,0,28.020,35.141262 126.931864|35.141270 126.931941
13622042991,3042621365,7.01,0,0,28.020,35.141270 126.931941|35.141262 126.931864
13621892256,11052889745,53.78,0,0,215.127,35.140929 126.931664|35.140888 126.931396|35.140842 126.931083
11052889745,13621892256,53.78,0,0,215.127,35.140842 126.931083|35.140888 126.931396|35.140929 126.931664
13621892256,13621892253,24.34,0,0,97.356,35.140929 126.931664|35.140918 126.931759|35.140881 126.931839|35.140838 126.931900
13621892253,13621892256,24.34,0,0,97.356,35.140838 126.931900|35.140881 126.931839|35.140918 126.931759|35.140929 126.931664
8726974609,8726974608,49.68,0,0,198.718,35.139632 126.932068|35.139572 126.931527
8726974608,8726974609,49.68,0,0,198.718,35.139572 126.931527|35.139632 126.932068
8726974609,13621892261,61.08,0,0,244.302,35.139632 126.932068|35.140147 126.931996|35.140178 126.931992
13621892261,8726974609,61.08,0,0,244.302,35.140178 126.931992|35.140147 126.931996|35.139632 126.932068
13622127977,4650512487,108.82,0,0,435.262,35.139141 126.931939|35.139009 126.930753
4650512487,13622127977,108.82,0,0,435.262,35.139009 126.930753|35.139141 126.931939
13622127977,13622127976,19.76,0,0,79.042,35.139141 126.931939|35.138965 126.931958
13622127976,13622127977,19.76,0,0,79.042,35.138965 126.931958|35.139141 126.931939
4682911880,8979403178,20.29,0,0,81.178,35.139197 126.933679|35.139379 126.933677
8979403178,4682911880,20.29,0,0,81.178,35.139379 126.933677|35.139197 126.933679
2007834411,8747851763,13.40,0,0,53.596,35.140780 126.930355|35.140795 126.930501
8747851763,2007834411,13.40,0,0,53.596,35.140795 126.930501|35.140780 126.930355
2007834411,11052889753,24.00,0,0,95.988,35.140780 126.930355|35.140566 126.930381
11052889753,2007834411,24.00,0,0,95.988,35.140566 126.930381|35.140780 126.930355
2007834411,2007834442,58.73,0,0,234.930,35.140780 126.930355|35.140752 126.929987|35.140747 126.929839|35.140774 126.929716
2007834442,2007834411,58.73,0,0,234.930,35.140774 126.929716|35.140747 126.929839|35.140752 126.929987|35.140780 126.930355
8747851763,13622042886,5.57,0,0,22.291,35.140795 126.930501|35.140745 126.930507
13622042886,8747851763,5.57,0,0,22.291,35.140745 126.930507|35.140795 126.930501
8747851763,11109649899,5.51,0,0,22.023,35.140795 126.930501|35.140844 126.930497
11109649899,8747851763,5.51,0,0,22.023,35.140844 126.930497|35.140795 126.930501
8747851763,11052889745,53.10,0,0,212.414,35.140795 126.930501|35.140816 126.930800|35.140842 126.931083
11052889745,8747851763,53.10,0,0,212.414,35.140842 126.931083|35.140816 126.930800|35.140795 126.930501
11052889753,11052889752,16.28,0,0,65.116,35.140566 126.930381|35.140579 126.930559
11052889752,11052889753,16.28,0,0,65.116,35.140579 126.930559|35.140566 126.930381
11052889753,13622042899,66.39,0,0,265.563,35.140566 126.930381|35.140453 126.930398|35.139975 126.930487
13622042899,11052889753,66.39,0,0,265.563,35.139975 126.930487|35.140453 126.930398|35.140566 126.930381
2007834442,13622108233,5.58,0,0,22.312,35.140774 126.929716|35.140730 126.929688
13622108233,2007834442,5.58,0,0,22.312,35.140730 126.929688|35.140774 126.929716
2007834442,13622042888,6.13,0,0,24.534,35.140774 126.929716|35.140824 126.929746
13622042888,2007834442,6.13,0,0,24.534,35.140824 126.929746|35.140774 126.929716
2007834442,13622042866,64.42,0,0,257.662,35.140774 126.929716|35.140892 126.929439|35.140968 126.929348|35.141059 126.929268|35.141155 126.929212
13622042866,2007834442,64.42,0,0,257.662,35.141155 126.929212|35.141059 126.929268|35.140968 126.929348|35.140892 126.929439|35.140774 126.929716
11133750893,8745101679,72.18,0,6,180.484,35.145391 126.934183|35.146014 126.933962
8745101679,11133750893,72.18,0,6,180.484,35.146014 126.933962|35.145391 126.934183
11133750893,11133750917,50.32,0,0,201.281,35.145391 126.934183|35.145474 126.934727
11133750917,11133750893,50.32,0,0,201.281,35.145474 126.934727|35.145391 126.934183
2007834419,4650512483,114.23,0,0,456.917,35.137057 126.931205|35.137072 126.930953|35.137171 126.930632|35.137356 126.930011
4650512483,2007834419,114.23,0,0,456.917,35.137356 126.930011|35.137171 126.930632|35.137072 126.930953|35.137057 126.931205
2007834419,12655482618,130.66,0,0,522.648,35.137057 126.931205|35.135964 126.930957|35.135906 126.930989
12655482618,2007834419,130.66,0,0,522.648,35.135906 126.930989|35.135964 126.930957|35.137057 126.931205
4650512483,12851177179,52.65,0,0,210.597,35.137356 126.930011|35.137463 126.929657|35.137484 126.929612|35.137516 126.929558|35.137551 126.929518|35.137567 126.929504
12851177179,4650512483,52.65,0,0,210.597,35.137567 126.929504|35.137551 126.929518|35.137516 126.929558|35.137484 126.929612|35.137463 126.929657|35.137356 126.930011
4650512483,4650512485,91.52,0,0,366.084,35.137356 126.930011|35.137450 126.930087|35.137492 126.930134|35.137831 126.930672|35.137869 126.930783
4650512485,4650512483,91.52,0,0,366.084,35.137869 126.930783|35.137831 126.930672|35.137492 126.930134|35.137450 126.930087|35.137356 126.930011
12655482618,10142960906,87.07,0,3,221.832,35.135906 126.930989|35.135869 126.931010|35.135803 126.931173|35.135683 126.931521|35.135610 126.931857
10142960906,12655482618,87.07,0,3,221.832,35.135610 126.931857|35.135683 126.931521|35.135803 126.931173|35.135869 126.931010|35.135906 126.930989
12655482618,12655482629,143.56,0,2,412.367,35.135906 126.930989|35.135876 126.930892|35.135876 126.930853|35.135889 126.930759|35.135907 126.930622|35.135680 126.930567|35.135268 126.930445|35.134950 126.930351
12655482629,12655482618,143.56,0,2,412.367,35.134950 126.930351|35.135268 126.930445|35.135680 126.930567|35.135907 126.930622|35.135889 126.930759|35.135876 126.930853|35.135876 126.930892|35.135906 126.930989
2007834425,4631604678,233.15,0,1,810.623,35.140217 126.925141|35.140246 126.924961|35.140243 126.924907|35.140229 126.924855|35.140206 126.924800|35.140152 126.924721|35.140143 126.924674|35.140144 126.924626|35.140156 126.924581|35.140376 126.924250|35.140386 126.924200|35.140383 126.924150|35.140366 126.924103|35.140315 126.923963|35.140252 126.923832|35.140158 126.923696|35.140068 126.923629|35.139972 126.923579|35.139879 126.923567|35.139832 126.923565|35.139787 126.923579|35.139746 126.923609|35.139715 126.923651|35.139684 126.923714|35.139640 126.923762|35.139579 126.923799|35.139521 126.923811
4631604678,2007834425,233.15,0,1,810.623,35.139521 126.923811|35.139579 126.923799|35.139640 126.923762|35.139684 126.923714|35.139715 126.923651|35.139746 126.923609|35.139787 126.923579|35.139832 126.923565|35.139879 126.923567|35.139972 126.923579|35.140068 126.923629|35.140158 126.923696|35.140252 126.923832|35.140315 126.923963|35.140366 126.924103|35.140383 126.924150|35.140386 126.924200|35.140376 126.924250|35.140156 126.924581|35.140144 126.924626|35.140143 126.924674|35.140152 126.924721|35.140206 126.924800|35.140229 126.924855|35.140243 126.924907|35.140246 126.924961|35.140217 126.925141
2007834425,8745103345,46.79,0,1,125.250,35.140217 126.925141|35.140123 126.925205|35.139949 126.925412|35.139898 126.925471
8745103345,2007834425,46.79,0,1,125.250,35.139898 126.925471|35.139949 126.925412|35.140123 126.925205|35.140217 126.925141
2007834425,4631604670,72.95,0,1,210.172,35.140217 126.925141|35.140198 126.925624|35.140209 126.925942
4631604670,2007834425,72.95,0,1,210.172,35.140209 126.925942|35.140198 126.925624|35.140217 126.925141
4631604678,4631604675,178.67,0,2,534.164,35.139521 126.923811|35.139454 126.924854|35.139425 126.924999|35.139372 126.925102|35.139299 126.925205|35.139167 126.925301|35.138935 126.925455
4631604675,4631604678,178.67,0,2,534.164,35.138935 126.925455|35.139167 126.925301|35.139299 126.925205|35.139372 126.925102|35.139425 126.924999|35.139454 126.924854|35.139521 126.923811
4631604678,2382901000,81.01,2,0,202.569,35.139521 126.923811|35.139547 126.923414|35.139508 126.923171|35.139500 126.923122|35.139410 126.922960
2382901000,4631604678,81.01,2,0,202.569,35.139410 126.922960|35.139500 126.923122|35.139508 126.923171|35.139547 126.923414|35.139521 126.923811
8745103345,8745103346,21.16,0,0,84.627,35.139898 126.925471|35.139738 126.925345
8745103346,8745103345,21.16,0,0,84.627,35.139738 126.925345|35.139898 126.925471
8745103345,4631604674,55.19,0,0,220.753,35.139898 126.925471|35.139673 126.925733|35.139591 126.925796|35.139512 126.925845
4631604674,8745103345,55.19,0,0,220.753,35.139512 126.925845|35.139591 126.925796|35.139673 126.925733|35.139898 126.925471
4631604670,4631605210,31.35,0,0,125.419,35.140209 126.925942|35.140166 126.925996|35.140152 126.926009|35.140123 126.926028|35.140026 126.926078|35.139974 126.926125
4631605210,4631604670,31.35,0,0,125.419,35.139974 126.926125|35.140026 126.926078|35.140123 126.926028|35.140152 126.926009|35.140166 126.925996|35.140209 126.925942
4631604670,4631605209,34.57,0,0,138.281,35.140209 126.925942|35.140222 126.926078|35.140245 126.926240|35.140271 126.926312
4631605209,4631604670,34.57,0,0,138.281,35.140271 126.926312|35.140245 126.926240|35.140222 126.926078|35.140209 126.925942
2007834432,4631627854,87.79,0,0,351.176,35.143022 126.933295|35.143393 126.932804|35.143455 126.932516
4631627854,2007834432,87.79,0,0,351.176,35.143455 126.932516|35.143393 126.932804|35.143022 126.933295
2007834432,14041444358,37.65,0,0,150.620,35.143022 126.933295|35.142962 126.933433|35.142963 126.933500|35.142964 126.933567|35.143021 126.933669
14041444358,2007834432,37.65,0,0,150.620,35.143021 126.933669|35.142964 126.933567|35.142963 126.933500|35.142962 126.933433|35.143022 126.933295
4631627854,4631627850,23.72,0,0,94.869,35.143455 126.932516|35.143483 126.932527|35.143511 126.932525|35.143538 126.932513|35.143560 126.932490|35.143574 126.932459|35.143580 126.932424|35.143573 126.932376
4631627850,4631627854,23.72,0,0,94.869,35.143573 126.932376|35.143580 126.932424|35.143574 126.932459|35.143560 126.932490|35.143538 126.932513|35.143511 126.932525|35.143483 126.932527|35.143455 126.932516
4631627854,4631627853,6.29,0,0,25.160,35.143455 126.932516|35.143432 126.932496|35.143416 126.932467
4631627853,4631627854,6.29,0,0,25.160,35.143416 126.932467|35.143432 126.932496|35.143455 126.932516
14041444358,14041444357,9.44,0,0,37.743,35.143021 126.933669|35.143100 126.933708
14041444357,14041444358,9.44,0,0,37.743,35.143100 126.933708|35.143021 126.933669
14041444358,12765565610,14.60,0,0,58.389,35.143021 126.933669|35.142951 126.933623|35.142906 126.933592
12765565610,14041444358,14.60,0,0,58.389,35.142906 126.933592|35.142951 126.933623|35.143021 126.933669
13622108233,13622042892,15.90,0,0,63.620,35.140730 126.929688|35.140602 126.929609
13622042892,13622108233,15.90,0,0,63.620,35.140602 126.929609|35.140730 126.929688
13622108233,13622042867,68.84,0,0,275.367,35.140730 126.929688|35.140869 126.929359|35.141002 126.929226|35.141133 126.929151
13622042867,13622108233,68.84,0,0,275.367,35.141133 126.929151|35.141002 126.929226|35.140869 126.929359|35.140730 126.929688
13622108233,13622108230,75.80,0,0,303.187,35.140730 126.929688|35.140706 126.929744|35.140660 126.930227|35.140599 126.930317|35.140463 126.930333
13622108230,13622108233,75.80,0,0,303.187,35.140463 126.930333|35.140599 126.930317|35.140660 126.930227|35.140706 126.929744|35.140730 126.929688
13622042888,13622042874,60.24,0,0,240.965,35.140824 126.929746|35.140909 126.929538|35.140955 126.929450|35.141039 126.929365|35.141176 126.929271
13622042874,13622042888,60.24,0,0,240.965,35.141176 126.929271|35.141039 126.929365|35.140955 126.929450|35.140909 126.929538|35.140824 126.929746
13622042888,11109649899,69.30,0,0,277.210,35.140824 126.929746|35.140795 126.929826|35.140799 126.929968|35.140835 126.930309|35.140844 126.930497
11109649899,13622042888,69.30,0,0,277.210,35.140844 126.930497|35.140835 126.930309|35.140799 126.929968|35.140795 126.929826|35.140824 126.929746
13622042866,13622042867,6.03,0,0,24.113,35.141155 126.929212|35.141133 126.929151
13622042867,13622042866,6.03,0,0,24.113,35.141133 126.929151|35.141155 126.929212
13622042866,13622042874,5.82,0,0,23.270,35.141155 126.929212|35.141176 126.929271
13622042874,13622042866,5.82,0,0,23.270,35.141176 126.929271|35.141155 126.929212
13622042866,2007834485,25.06,0,0,100.254,35.141155 126.929212|35.141212 126.929178|35.141362 126.929105
2007834485,13622042866,25.06,0,0,100.254,35.141362 126.929105|35.141212 126.929178|35.141155 126.929212
2007834448,8745101679,39.56,0,6,98.907,35.146355 126.933837|35.146014 126.933962
8745101679,2007834448,39.56,0,6,98.907,35.146014 126.933962|35.146355 126.933837
8745101679,8745101680,16.84,0,6,42.108,35.146014 126.933962|35.146055 126.934140
8745101680,8745101679,16.84,0,6,42.108,35.146055 126.934140|35.146014 126.933962
2007834451,11134046574,8.56,0,0,34.242,35.140204 126.935016|35.140179 126.935104
11134046574,2007834451,8.56,0,0,34.242,35.140179 126.935104|35.140204 126.935016
2007834451,8745101711,188.64,0,0,754.572,35.140204 126.935016|35.140156 126.935007|35.140139 126.935002|35.140108 126.934979|35.140080 126.934956|35.140054 126.934939|35.140031 126.934933|35.139331 126.935091|35.139306 126.934920|35.139300 126.934902|35.139291 126.934887|35.139081 126.934689|35.139073 126.934674|35.139068 126.934653|35.139068 126.934511|35.139066 126.934493|35.139059 126.934479|35.138895 126.934387
8745101711,2007834451,188.64,0,0,754.572,35.138895 126.934387|35.139059 126.934479|35.139066 126.934493|35.139068 126.934511|35.139068 126.934653|35.139073 126.934674|35.139081 126.934689|35.139291 126.934887|35.139300 126.934902|35.139306 126.934920|35.139331 126.935091|35.140031 126.934933|35.140054 126.934939|35.140080 126.934956|35.140108 126.934979|35.140139 126.935002|35.140156 126.935007|35.140204 126.935016
11134046574,11134046248,80.25,0,0,320.989,35.140179 126.935104|35.140172 126.935130|35.140144 126.935204|35.140102 126.935297|35.140093 126.935322|35.140087 126.935367|35.140086 126.935449|35.140098 126.935785|35.140095 126.935839|35.140080 126.935892|35.140048 126.935945
11134046248,11134046574,80.25,0,0,320.989,35.140048 126.935945|35.140080 126.935892|35.140095 126.935839|35.140098 126.935785|35.140086 126.935449|35.140087 126.935367|35.140093 126.935322|35.140102 126.935297|35.140144 126.935204|35.140172 126.935130|35.140179 126.935104
11134046574,11134046576,97.86,0,0,391.422,35.140179 126.935104|35.140124 126.935099|35.139313 126.935280
11134046576,11134046574,97.86,0,0,391.422,35.139313 126.935280|35.140124 126.935099|35.140179 126.935104
11134046574,11133959598,104.47,0,0,417.866,35.140179 126.935104|35.140315 126.935094|35.140462 126.934995|35.140659 126.934944|35.140785 126.934924|35.140860 126.934940|35.141080 126.935027
11133959598,11134046574,104.47,0,0,417.866,35.141080 126.935027|35.140860 126.934940|35.140785 126.934924|35.140659 126.934944|35.140462 126.934995|35.140315 126.935094|35.140179 126.935104
8745101711,8745101712,4.04,0,0,16.160,35.138895 126.934387|35.138881 126.934428
8745101712,8745101711,4.04,0,0,16.160,35.138881 126.934428|35.138895 126.934387
8745101711,8745101671,108.18,0,0,432.703,35.138895 126.934387|35.138646 126.934268|35.138601 126.934228|35.138559 126.934189|35.138521 126.934124|35.138493 126.934054|35.138490 126.934042|35.138469 126.934029|35.138352 126.934026|35.138036 126.934067
8745101671,8745101711,108.18,0,0,432.703,35.138036 126.934067|35.138352 126.934026|35.138469 126.934029|35.138490 126.934042|35.138493 126.934054|35.138521 126.934124|35.138559 126.934189|35.138601 126.934228|35.138646 126.934268|35.138895 126.934387
2007834459,11144448324,42.73,0,0,170.910,35.140830 126.928023|35.140666 126.928449
11144448324,2007834459,42.73,0,0,170.910,35.140666 126.928449|35.140830 126.928023
2007834459,7863602412,11.68,0,0,46.702,35.140830 126.928023|35.140928 126.928070
7863602412,2007834459,11.68,0,0,46.702,35.140928 126.928070|35.140830 126.928023
2007834459,11144448319,24.47,0,0,97.877,35.140830 126.928023|35.140740 126.927961|35.140670 126.927931|35.140628 126.927924
11144448319,2007834459,24.47,0,0,97.877,35.140628 126.927924|35.140670 126.927931|35.140740 126.927961|35.140830 126.928023
11144448324,11144448323,16.84,0,0,67.345,35.140666 126.928449|35.140526 126.928381
11144448323,11144448324,16.84,0,0,67.345,35.140526 126.928381|35.140666 126.928449
11144448324,13622108218,37.93,0,0,151.703,35.140666 126.928449|35.140578 126.928670|35.140522 126.928827
13622108218,11144448324,37.93,0,0,151.703,35.140522 126.928827|35.140578 126.928670|35.140666 126.928449
7863602412,13622108225,53.22,0,0,212.862,35.140928 126.928070|35.141372 126.928287
13622108225,7863602412,53.22,0,0,212.862,35.141372 126.928287|35.140928 126.928070
7863602412,13622108240,6.83,0,0,27.325,35.140928 126.928070|35.140911 126.928142
13622108240,7863602412,6.83,0,0,27.325,35.140911 126.928142|35.140928 126.928070
7863602412,4707562665,9.25,0,0,37.016,35.140928 126.928070|35.140959 126.927976
4707562665,7863602412,9.25,0,0,37.016,35.140959 126.927976|35.140928 126.928070
11144448319,11144448285,52.97,0,0,211.898,35.140628 126.927924|35.140156 126.927845
11144448285,11144448319,52.97,0,0,211.898,35.140156 126.927845|35.140628 126.927924
11144448319,11144448330,18.73,0,0,74.925,35.140628 126.927924|35.140604 126.928048|35.140589 126.928051|35.140575 126.928047|35.140569 126.928088
11144448330,11144448319,18.73,0,0,74.925,35.140569 126.928088|35.140575 126.928047|35.140589 126.928051|35.140604 126.928048|35.140628 126.927924
2007834463,6398390235,12.51,0,0,50.049,35.143796 126.930370|35.143684 126.930386
6398390235,2007834463,12.51,0,0,50.049,35.143684 126.930386|35.143796 126.930370
6398390235,7863602413,15.26,0,0,61.027,35.143684 126.930386|35.143547 126.930395
7863602413,6398390235,15.26,0,0,61.027,35.143547 126.930395|35.143684 126.930386
6398390235,6398390247,74.75,0,0,298.999,35.143684 126.930386|35.143707 126.930580|35.143772 126.930719|35.143855 126.930798|35.143904 126.930829|35.143964 126.930865|35.144037 126.930876|35.144117 126.930873
6398390247,6398390235,74.75,0,0,298.999,35.144117 126.930873|35.144037 126.930876|35.143964 126.930865|35.143904 126.930829|35.143855 126.930798|35.143772 126.930719|35.143707 126.930580|35.143684 126.930386
2007834464,12207959821,25.63,0,0,102.514,35.141589 126.933943|35.141392 126.934089
12207959821,2007834464,25.63,0,0,102.514,35.141392 126.934089|35.141589 126.933943
2007834464,13622042705,122.79,0,0,491.168,35.141589 126.933943|35.142163 126.933447|35.142502 126.933183
13622042705,2007834464,122.79,0,0,491.168,35.142502 126.933183|35.142163 126.933447|35.141589 126.933943
13622042705,3042621394,6.36,0,0,25.443,35.142502 126.933183|35.142492 126.933114
3042621394,13622042705,6.36,0,0,25.443,35.142492 126.933114|35.142502 126.933183
13622042705,4631627853,120.77,0,0,483.070,35.142502 126.933183|35.142531 126.933160|35.143272 126.932592|35.143416 126.932467
4631627853,13622042705,120.77,0,0,483.070,35.143416 126.932467|35.143272 126.932592|35.142531 126.933160|35.142502 126.933183
2007834485,12851177153,8.77,0,0,35.093,35.141362 126.929105|35.141426 126.929048
12851177153,2007834485,8.77,0,0,35.093,35.141426 126.929048|35.141362 126.929105
2007834485,13622108229,8.01,0,0,32.051,35.141362 126.929105|35.141299 126.929064
13622108229,2007834485,8.01,0,0,32.051,35.141299 126.929064|35.141362 126.929105
12851177153,13622108246,5.63,0,0,22.505,35.141426 126.929048|35.141393 126.929001
13622108246,12851177153,5.63,0,0,22.505,35.141393 126.929001|35.141426 126.929048
12851177153,13622042872,5.01,0,0,20.026,35.141426 126.929048|35.141455 126.929090
13622042872,12851177153,5.01,0,0,20.026,35.141455 126.929090|35.141426 126.929048
12851177153,4021011644,63.12,0,0,252.493,35.141426 126.929048|35.141483 126.928985|35.141541 126.928910|35.141601 126.928792|35.141704 126.928588|35.141750 126.928484
4021011644,12851177153,63.12,0,0,252.493,35.141750 126.928484|35.141704 126.928588|35.141601 126.928792|35.141541 126.928910|35.141483 126.928985|35.141426 126.929048
13622108229,8745103327,20.14,0,0,80.570,35.141299 126.929064|35.141139 126.928960
8745103327,13622108229,20.14,0,0,80.570,35.141139 126.928960|35.141299 126.929064
13622108229,13622108246,12.02,0,0,48.072,35.141299 126.929064|35.141369 126.929025|35.141393 126.929001
13622108246,13622108229,12.02,0,0,48.072,35.141393 126.929001|35.141369 126.929025|35.141299 126.929064
13622108229,13622042867,20.07,0,0,80.280,35.141299 126.929064|35.141259 126.929085|35.141133 126.929151
13622042867,13622108229,20.07,0,0,80.280,35.141133 126.929151|35.141259 126.929085|35.141299 126.929064
2007834487,13622042745,131.03,0,0,524.110,35.143487 126.931543|35.143291 126.931593|35.142319 126.931723
13622042745,2007834487,131.03,0,0,524.110,35.142319 126.931723|35.143291 126.931593|35.143487 126.931543
13622042745,13622042993,85.17,0,0,340.678,35.142319 126.931723|35.141557 126.931825
13622042993,13622042745,85.17,0,0,340.678,35.141557 126.931825|35.142319 126.931723
13622042745,13622042746,6.08,0,0,24.337,35.142319 126.931723|35.142326 126.931789
13622042746,13622042745,6.08,0,0,24.337,35.142326 126.931789|35.142319 126.931723
13622042745,13622042747,6.02,0,0,24.084,35.142319 126.931723|35.142314 126.931657
13622042747,13622042745,6.02,0,0,24.084,35.142314 126.931657|35.142319 126.931723
4682911886,11133751074,6.25,0,0,25.017,35.140819 126.934220|35.140770 126.934254
11133751074,4682911886,6.25,0,0,25.017,35.140770 126.934254|35.140819 126.934220
4682911886,11134046232,38.06,0,0,152.247,35.140819 126.934220|35.140735 126.934188|35.140481 126.934198
11134046232,4682911886,38.06,0,0,152.247,35.140481 126.934198|35.140735 126.934188|35.140819 126.934220
2007834514,11122179645,8.09,0,0,32.377,35.144317 126.931522|35.144299 126.931435
11122179645,2007834514,8.09,0,0,32.377,35.144299 126.931435|35.144317 126.931522
2007834514,8726985920,78.78,0,0,315.138,35.144317 126.931522|35.144376 126.931504|35.144424 126.931498|35.144461 126.931499|35.144742 126.931630|35.144975 126.931774
8726985920,2007834514,78.78,0,0,315.138,35.144975 126.931774|35.144742 126.931630|35.144461 126.931499|35.144424 126.931498|35.144376 126.931504|35.144317 126.931522
2007834514,11121991569,48.01,0,0,192.022,35.144317 126.931522|35.144344 126.931662|35.144343 126.931766|35.144320 126.931862|35.144285 126.931958|35.144257 126.932024
11121991569,2007834514,48.01,0,0,192.022,35.144257 126.932024|35.144285 126.931958|35.144320 126.931862|35.144343 126.931766|35.144344 126.931662|35.144317 126.931522
11122179645,11121959634,17.46,0,0,69.830,35.144299 126.931435|35.144293 126.931404|35.144286 126.931361|35.144294 126.931320|35.144316 126.931297|35.144346 126.931283
11121959634,11122179645,17.46,0,0,69.830,35.144346 126.931283|35.144316 126.931297|35.144294 126.931320|35.144286 126.931361|35.144293 126.931404|35.144299 126.931435
11122179645,8745103334,60.39,0,0,241.549,35.144299 126.931435|35.144250 126.931445|35.144166 126.931455|35.144095 126.931484|35.144114 126.931554|35.143875 126.931716
8745103334,11122179645,60.39,0,0,241.549,35.143875 126.931716|35.144114 126.931554|35.144095 126.931484|35.144166 126.931455|35.144250 126.931445|35.144299 126.931435
11122179645,11122179627,129.55,0,6,325.760,35.144299 126.931435|35.144334 126.931428|35.144394 126.931416|35.144462 126.931434|35.144536 126.931476|35.144574 126.931494|35.144609 126.931393|35.144985 126.930546
11122179627,11122179645,129.55,0,6,325.760,35.144985 126.930546|35.144609 126.931393|35.144574 126.931494|35.144536 126.931476|35.144462 126.931434|35.144394 126.931416|35.144334 126.931428|35.144299 126.931435
8726985920,11121991568,4.90,0,0,19.593,35.144975 126.931774|35.144955 126.931822
11121991568,8726985920,4.90,0,0,19.593,35.144955 126.931822|35.144975 126.931774
8726985920,8726985922,63.00,0,0,251.986,35.144975 126.931774|35.145213 126.931922|35.145472 126.932106
8726985922,8726985920,63.00,0,0,251.986,35.145472 126.932106|35.145213 126.931922|35.144975 126.931774
11121991569,11121991554,7.90,0,0,31.590,35.144257 126.932024|35.144316 126.932072
11121991554,11121991569,7.90,0,0,31.590,35.144316 126.932072|35.144257 126.932024
11121991569,8726985918,75.52,0,0,302.093,35.144257 126.932024|35.144223 126.932098|35.144190 126.932147|35.144106 126.932215|35.144058 126.932238|35.143662 126.932346
8726985918,11121991569,75.52,0,0,302.093,35.143662 126.932346|35.144058 126.932238|35.144106 126.932215|35.144190 126.932147|35.144223 126.932098|35.144257 126.932024
11121991569,11121991557,10.03,0,0,40.103,35.144257 126.932024|35.144203 126.931980|35.144180 126.931967
11121991557,11121991569,10.03,0,0,40.103,35.144180 126.931967|35.144203 126.931980|35.144257 126.932024
11133751074,11133959601,30.04,0,0,120.175,35.140770 126.934254|35.140780 126.934584
11133959601,11133751074,30.04,0,0,120.175,35.140780 126.934584|35.140770 126.934254
2382901000,8324548374,26.95,2,0,67.365,35.139410 126.922960|35.139614 126.922799
8324548374,2382901000,26.95,2,0,67.365,35.139614 126.922799|35.139410 126.922960
2382901000,2382901004,10.97,2,0,27.430,35.139410 126.922960|35.139322 126.922906
2382901004,2382901000,10.97,2,0,27.430,35.139322 126.922906|35.139410 126.922960
2382901000,3269959921,224.00,5,1,439.208,35.139410 126.922960|35.139558 126.923031|35.139649 126.923082|35.139707 126.923121|35.139871 126.923230|35.140235 126.923470|35.140503 126.923654|35.140849 126.923886|35.141092 126.924047|35.141202 126.924065
3269959921,2382901000,224.00,5,1,439.208,35.141202 126.924065|35.141092 126.924047|35.140849 126.923886|35.140503 126.923654|35.140235 126.923470|35.139871 126.923230|35.139707 126.923121|35.139649 126.923082|35.139558 126.923031|35.139410 126.922960
2382901000,4723917591,101.49,2,2,122.918,35.139410 126.922960|35.139249 126.923091|35.139076 126.923243|35.138651 126.923579
4723917591,2382901000,101.49,2,2,122.918,35.138651 126.923579|35.139076 126.923243|35.139249 126.923091|35.139410 126.922960
8324548374,10803968310,20.61,2,0,51.517,35.139614 126.922799|35.139783 126.922893
10803968310,8324548374,20.61,2,0,51.517,35.139783 126.922893|35.139614 126.922799
8324548374,2389137054,12.18,2,0,30.445,35.139614 126.922799|35.139513 126.922748
2389137054,8324548374,12.18,2,0,30.445,35.139513 126.922748|35.139614 126.922799
8324548374,8324548373,17.45,2,1,17.533,35.139614 126.922799|35.139665 126.922751|35.139682 126.922737|35.139711 126.922656
8324548373,8324548374,17.45,2,1,17.533,35.139711 126.922656|35.139682 126.922737|35.139665 126.922751|35.139614 126.922799
2382901004,2389137054,25.60,2,0,63.988,35.139322 126.922906|35.139513 126.922748
2389137054,2382901004,25.60,2,0,63.988,35.139513 126.922748|35.139322 126.922906
2382901004,8326379669,43.70,2,0,109.250,35.139322 126.922906|35.139199 126.922989|35.139019 126.923126|35.138985 126.923152
8326379669,2382901004,43.70,2,0,109.250,35.138985 126.923152|35.139019 126.923126|35.139199 126.922989|35.139322 126.922906
2382901004,2921524222,59.51,2,0,148.786,35.139322 126.922906|35.139228 126.922839|35.138878 126.922541
2921524222,2382901004,59.51,2,0,148.786,35.138878 126.922541|35.139228 126.922839|35.139322 126.922906
3269959921,5444342858,48.04,3,1,57.034,35.141202 126.924065|35.141589 126.924300
5444342858,3269959921,48.04,3,1,57.034,35.141589 126.924300|35.141202 126.924065
3269959921,2382901005,782.19,8,1,1853.459,35.141202 126.924065|35.141124 126.923990|35.140855 126.923807|35.140730 126.923728|35.140532 126.923590|35.140334 126.923451|35.140101 126.923295|35.140032 126.923245|35.139856 126.923127|35.139717 126.923030|35.139350 126.922785|35.139271 126.922726|35.139193 126.922673|35.139110 126.922617|35.139002 126.922525|35.138908 126.922437|35.138802 126.922320|35.138705 126.922194|35.138542 126.921959|35.138398 126.921734|35.138245 126.921507|35.138102 126.921284|35.137942 126.921021|35.137853 126.920892|35.137743 126.920738|35.137565 126.920508|35.137332 126.920224|35.137106 126.919925|35.136921 126.919679|35.136692 126.919359|35.136505 126.919109|35.135994 126.918447
2382901005,3269959921,782.19,8,1,1853.459,35.135994 126.918447|35.136505 126.919109|35.136692 126.919359|35.136921 126.919679|35.137106 126.919925|35.137332 126.920224|35.137565 126.920508|35.137743 126.920738|35.137853 126.920892|35.137942 126.921021|35.138102 126.921284|35.138245 126.921507|35.138398 126.921734|35.138542 126.921959|35.138705 126.922194|35.138802 126.922320|35.138908 126.922437|35.139002 126.922525|35.139110 126.922617|35.139193 126.922673|35.139271 126.922726|35.139350 126.922785|35.139717 126.923030|35.139856 126.923127|35.140032 126.923245|35.140101 126.923295|35.140334 126.923451|35.140532 126.923590|35.140730 126.923728|35.140855 126.923807|35.141124 126.923990|35.141202 126.924065
4723917591,12881290471,28.35,2,4,28.346,35.138651 126.923579|35.138806 126.923826
12881290471,4723917591,28.35,2,4,28.346,35.138806 126.923826|35.138651 126.923579
4723917591,12881290469,27.94,0,2,69.890,35.138651 126.923579|35.138496 126.923707|35.138445 126.923754
12881290469,4723917591,27.94,0,2,69.890,35.138445 126.923754|35.138496 126.923707|35.138651 126.923579
2382901003,2389137058,22.10,1,0,55.241,35.137805 126.920985|35.137942 126.920808
2389137058,2382901003,22.10,1,0,55.241,35.137942 126.920808|35.137805 126.920985
2382901003,2382901007,67.51,0,0,270.046,35.137805 126.920985|35.137443 126.920508|35.137392 126.920442
2382901007,2382901003,67.51,0,0,270.046,35.137392 126.920442|35.137443 126.920508|35.137805 126.920985
2382901003,2921524222,185.22,4,0,463.261,35.137805 126.920985|35.138353 126.921810|35.138612 126.922200|35.138744 126.922381|35.138878 126.922541
2921524222,2382901003,185.22,4,0,463.261,35.138878 126.922541|35.138744 126.922381|35.138612 126.922200|35.138353 126.921810|35.137805 126.920985
2382901003,12852795429,122.64,0,0,490.575,35.137805 126.920985|35.137718 126.921084|35.137608 126.921199|35.137493 126.921294|35.137313 126.921421|35.137105 126.921555|35.136872 126.921690
12852795429,2382901003,122.64,0,0,490.575,35.136872 126.921690|35.137105 126.921555|35.137313 126.921421|35.137493 126.921294|35.137608 126.921199|35.137718 126.921084|35.137805 126.920985
2389137058,10941749682,159.24,3,0,398.558,35.137942 126.920808|35.138700 126.922015|35.138761 126.922113|35.138821 126.922190
10941749682,2389137058,159.24,3,0,398.558,35.138821 126.922190|35.138761 126.922113|35.138700 126.922015|35.137942 126.920808
2389137058,10945728302,34.54,1,0,86.358,35.137942 126.920808|35.138101 126.920630|35.138169 126.920549
10945728302,2389137058,34.54,1,0,86.358,35.138169 126.920549|35.138101 126.920630|35.137942 126.920808
2382901007,2382901005,239.36,0,0,957.450,35.137392 126.920442|35.137328 126.920363|35.136079 126.918639|35.135994 126.918447
2382901005,2382901007,239.36,0,0,957.450,35.135994 126.918447|35.136079 126.918639|35.137328 126.920363|35.137392 126.920442
2921524222,8326379669,59.67,2,0,149.181,35.138878 126.922541|35.138965 126.922714|35.139013 126.922902|35.139016 126.922983|35.139008 126.923084|35.138985 126.923152
8326379669,2921524222,59.67,2,0,149.181,35.138985 126.923152|35.139008 126.923084|35.139016 126.922983|35.139013 126.922902|35.138965 126.922714|35.138878 126.922541
12852795429,12852795423,42.85,0,0,171.406,35.136872 126.921690|35.136767 126.921836|35.136720 126.921897|35.136695 126.921941|35.136687 126.921970|35.136684 126.922001|35.136690 126.922078
12852795423,12852795429,42.85,0,0,171.406,35.136690 126.922078|35.136684 126.922001|35.136687 126.921970|35.136695 126.921941|35.136720 126.921897|35.136767 126.921836|35.136872 126.921690
2389137054,10941749667,86.15,2,3,90.182,35.139513 126.922748|35.139446 126.922711|35.139386 126.922674|35.139154 126.922510|35.139009 126.922383|35.138893 126.922283|35.138861 126.922242
10941749667,2389137054,86.15,2,3,90.182,35.138861 126.922242|35.138893 126.922283|35.139009 126.922383|35.139154 126.922510|35.139386 126.922674|35.139446 126.922711|35.139513 126.922748
2389137054,8324548373,25.70,2,1,26.490,35.139513 126.922748|35.139608 126.922661|35.139636 126.922634|35.139711 126.922656
8324548373,2389137054,25.70,2,1,26.490,35.139711 126.922656|35.139636 126.922634|35.139608 126.922661|35.139513 126.922748
8326379669,10804340788,55.92,0,1,153.813,35.138985 126.923152|35.138560 126.923480
10804340788,8326379669,55.92,0,1,153.813,35.138560 126.923480|35.138985 126.923152
12430453910,12430453911,74.62,2,0,186.564,35.131676 126.927300|35.131433 126.926535
12430453911,12430453910,74.62,2,0,186.564,35.131433 126.926535|35.131676 126.927300
12430453910,5236166370,29.02,0,0,116.077,35.131676 126.927300|35.131634 126.927318|35.131434 126.927419
5236166370,12430453910,29.02,0,0,116.077,35.131434 126.927419|35.131634 126.927318|35.131676 126.927300
12851177279,12851177282,48.70,5,3,48.855,35.131888 126.926661|35.131797 126.926704|35.131710 126.926436|35.131787 126.926349
12851177282,12851177279,48.70,5,3,48.855,35.131787 126.926349|35.131710 126.926436|35.131797 126.926704|35.131888 126.926661
10941749667,10941749682,6.52,0,0,26.089,35.138861 126.922242|35.138844 126.922219|35.138821 126.922190
10941749682,10941749667,6.52,0,0,26.089,35.138821 126.922190|35.138844 126.922219|35.138861 126.922242
10941749667,10941749674,50.84,2,4,50.873,35.138861 126.922242|35.138898 126.922195|35.138923 126.922182|35.138953 126.922171|35.139013 126.922133|35.139035 126.922116|35.139077 126.922081|35.139255 126.921967
10941749674,10941749667,50.84,2,4,50.873,35.139255 126.921967|35.139077 126.922081|35.139035 126.922116|35.139013 126.922133|35.138953 126.922171|35.138923 126.922182|35.138898 126.922195|35.138861 126.922242
8324548373,10803968314,10.78,2,1,10.784,35.139711 126.922656|35.139793 126.922593
10803968314,8324548373,10.78,2,1,10.784,35.139793 126.922593|35.139711 126.922656
10941749682,10941749675,51.35,2,4,51.380,35.138821 126.922190|35.138843 126.922185|35.138900 126.922143|35.138924 126.922126|35.138976 126.922101|35.138999 126.922095|35.139079 126.922044|35.139233 126.921939
10941749675,10941749682,51.35,2,4,51.380,35.139233 126.921939|35.139079 126.922044|35.138999 126.922095|35.138976 126.922101|35.138924 126.922126|35.138900 126.922143|35.138843 126.922185|35.138821 126.922190
10945728302,10945738312,28.22,1,1,29.443,35.138169 126.920549|35.138216 126.920488|35.138365 126.920354
10945738312,10945728302,28.22,1,1,29.443,35.138365 126.920354|35.138216 126.920488|35.138169 126.920549
10945728302,10945728298,86.35,3,1,127.029,35.138169 126.920549|35.138226 126.920626|35.138241 126.920654|35.138303 126.920734|35.138698 126.921243
10945728298,10945728302,86.35,3,1,127.029,35.138698 126.921243|35.138303 126.920734|35.138241 126.920654|35.138226 126.920626|35.138169 126.920549
3269959945,10803968310,164.75,0,0,659.012,35.141068 126.923791|35.140964 126.923692|35.140823 126.923607|35.140295 126.923235|35.139797 126.922904|35.139783 126.922893
10803968310,3269959945,164.75,0,0,659.012,35.139783 126.922893|35.139797 126.922904|35.140295 126.923235|35.140823 126.923607|35.140964 126.923692|35.141068 126.923791
3269959945,7863602417,161.16,5,4,181.374,35.141068 126.923791|35.141606 126.924113|35.141946 126.924330|35.142216 126.924489|35.142366 126.924578
7863602417,3269959945,161.16,5,4,181.374,35.142366 126.924578|35.142216 126.924489|35.141946 126.924330|35.141606 126.924113|35.141068 126.923791
2550263250,12819746068,23.21,0,0,92.834,35.148667 126.919799|35.148489 126.919932
12819746068,2550263250,23.21,0,0,92.834,35.148489 126.919932|35.148667 126.919799
12819746068,12819746060,23.80,0,0,95.208,35.148489 126.919932|35.148303 126.920063
12819746060,12819746068,23.80,0,0,95.208,35.148303 126.920063|35.148489 126.919932
12819746068,12819746059,40.47,0,0,161.882,35.148489 126.919932|35.148454 126.919868|35.148415 126.919827|35.148370 126.919793|35.148331 126.919778|35.148288 126.919769|35.148247 126.919765|35.148207 126.919767|35.148178 126.919777
12819746059,12819746068,40.47,0,0,161.882,35.148178 126.919777|35.148207 126.919767|35.148247 126.919765|35.148288 126.919769|35.148331 126.919778|35.148370 126.919793|35.148415 126.919827|35.148454 126.919868|35.148489 126.919932
10959743356,10959743359,76.36,0,6,190.938,35.141374 126.921343|35.141176 126.920925|35.141365 126.920799|35.141402 126.920880
10959743359,10959743356,76.36,0,6,190.938,35.141402 126.920880|35.141365 126.920799|35.141176 126.920925|35.141374 126.921343
10959743356,10959743309,33.11,0,2,82.895,35.141374 126.921343|35.141262 126.921425|35.141123 126.921539
10959743309,10959743356,33.11,0,2,82.895,35.141123 126.921539|35.141262 126.921425|35.141374 126.921343
10959743398,4806750927,13.74,0,6,34.361,35.141565 126.920510|35.141514 126.920372
4806750927,10959743398,13.74,0,6,34.361,35.141514 126.920372|35.141565 126.920510
10959743398,10959743399,22.96,0,7,57.412,35.141565 126.920510|35.141378 126.920617
10959743399,10959743398,22.96,0,7,57.412,35.141378 126.920617|35.141565 126.920510
2624387729,13903377536,70.01,0,0,280.049,35.131180 126.923631|35.131708 126.923214
13903377536,2624387729,70.01,0,0,280.049,35.131708 126.923214|35.131180 126.923631
13903377536,4785413209,35.45,0,0,141.817,35.131708 126.923214|35.131976 126.923002
4785413209,13903377536,35.45,0,0,141.817,35.131976 126.923002|35.131708 126.923214
13903377536,13903377555,19.20,0,0,76.799,35.131708 126.923214|35.131804 126.923390
13903377555,13903377536,19.20,0,0,76.799,35.131804 126.923390|35.131708 126.923214
13050545587,4715129135,62.55,1,1,81.977,35.146747 126.918404|35.146463 126.917810
4715129135,13050545587,62.55,1,1,81.977,35.146463 126.917810|35.146747 126.918404
13050545587,13056471873,8.09,1,0,20.218,35.146747 126.918404|35.146713 126.918425|35.146682 126.918445
13056471873,13050545587,8.09,1,0,20.218,35.146682 126.918445|35.146713 126.918425|35.146747 126.918404
13050545587,13056471872,9.23,1,0,23.082,35.146747 126.918404|35.146814 126.918360|35.146820 126.918356
13056471872,13050545587,9.23,1,0,23.082,35.146820 126.918356|35.146814 126.918360|35.146747 126.918404
2859367808,4475055351,46.27,6,0,115.686,35.147636 126.917339|35.147306 126.917029
4475055351,2859367808,46.27,6,0,115.686,35.147306 126.917029|35.147636 126.917339
2859367808,6768815464,56.73,7,3,57.160,35.147636 126.917339|35.147782 126.917494|35.148016 126.917756
6768815464,2859367808,56.73,7,3,57.160,35.148016 126.917756|35.147782 126.917494|35.147636 126.917339
2859367808,11446558573,87.02,4,6,87.149,35.147636 126.917339|35.147963 126.916751|35.148083 126.916553
11446558573,2859367808,87.02,4,6,87.149,35.148083 126.916553|35.147963 126.916751|35.147636 126.917339
4475055351,4475055369,3.60,6,0,9.011,35.147306 126.917029|35.147280 126.917005
4475055369,4475055351,3.60,6,0,9.011,35.147280 126.917005|35.147306 126.917029
11446558573,13056485382,124.23,4,15,124.233,35.148083 126.916553|35.148253 126.916713|35.148304 126.916761|35.148347 126.916800|35.148357 126.916824|35.148370 126.916860|35.148455 126.916954|35.148433 126.916988|35.148499 126.917050|35.148504 126.917113|35.148544 126.917176|35.148631 126.917182|35.148633 126.917131|35.148681 126.917130|35.148684 126.917140|35.148703 126.917172|35.148683 126.917320|35.148713 126.917352
13056485382,11446558573,124.23,4,15,124.233,35.148713 126.917352|35.148683 126.917320|35.148703 126.917172|35.148684 126.917140|35.148681 126.917130|35.148633 126.917131|35.148631 126.917182|35.148544 126.917176|35.148504 126.917113|35.148499 126.917050|35.148433 126.916988|35.148455 126.916954|35.148370 126.916860|35.148357 126.916824|35.148347 126.916800|35.148304 126.916761|35.148253 126.916713|35.148083 126.916553
2859368480,4500091110,13.05,0,11,32.632,35.146417 126.916056|35.146462 126.916128|35.146493 126.916165
4500091110,2859368480,13.05,0,11,32.632,35.146493 126.916165|35.146462 126.916128|35.146417 126.916056
4500091110,11518823582,57.90,0,12,144.741,35.146493 126.916165|35.146883 126.916587
11518823582,4500091110,57.90,0,12,144.741,35.146883 126.916587|35.146493 126.916165
4500091110,11518823605,78.80,4,16,78.802,35.146493 126.916165|35.146238 126.916505|35.146214 126.916551|35.146150 126.916720|35.146134 126.916806|35.146123 126.916881
11518823605,4500091110,78.80,4,16,78.802,35.146123 126.916881|35.146134 126.916806|35.146150 126.916720|35.146214 126.916551|35.146238 126.916505|35.146493 126.916165
2997117495,10804537981,29.47,3,3,29.468,35.133371 126.936990|35.133491 126.937105|35.133585 126.937181
10804537981,2997117495,29.47,3,3,29.468,35.133585 126.937181|35.133491 126.937105|35.133371 126.936990
2997117495,12430454069,62.25,3,3,63.006,35.133371 126.936990|35.133325 126.936946|35.133270 126.936891|35.133163 126.936784|35.133080 126.936715|35.132962 126.936636|35.132908 126.936614
12430454069,2997117495,62.25,3,3,63.006,35.132908 126.936614|35.132962 126.936636|35.133080 126.936715|35.133163 126.936784|35.133270 126.936891|35.133325 126.936946|35.133371 126.936990
10804537981,5237611734,7.99,3,3,7.992,35.133585 126.937181|35.133635 126.937244
5237611734,10804537981,7.99,3,3,7.992,35.133635 126.937244|35.133585 126.937181
10804537981,10988869789,62.70,3,3,63.490,35.133585 126.937181|35.133558 126.937370|35.133553 126.937867
10988869789,10804537981,62.70,3,3,63.490,35.133553 126.937867|35.133558 126.937370|35.133585 126.937181
12430454069,12430454071,52.34,3,1,63.956,35.132908 126.936614|35.132905 126.936645|35.132900 126.936842|35.132898 126.936880|35.133051 126.937126
12430454071,12430454069,52.34,3,1,63.956,35.133051 126.937126|35.132898 126.936880|35.132900 126.936842|35.132905 126.936645|35.132908 126.936614
13622042993,13622042994,6.93,0,0,27.725,35.141557 126.931825|35.141551 126.931749
13622042994,13622042993,6.93,0,0,27.725,35.141551 126.931749|35.141557 126.931825
13622042993,13622042995,6.92,0,0,27.689,35.141557 126.931825|35.141564 126.931900
13622042995,13622042993,6.92,0,0,27.689,35.141564 126.931900|35.141557 126.931825
13622042991,3042621369,10.65,0,0,42.583,35.141270 126.931941|35.141281 126.932057
3042621369,13622042991,10.65,0,0,42.583,35.141281 126.932057|35.141270 126.931941
13622042991,12765514868,6.29,0,0,25.141,35.141270 126.931941|35.141327 126.931933
12765514868,13622042991,6.29,0,0,25.141,35.141327 126.931933|35.141270 126.931941
13622042991,13622091998,44.63,0,0,178.535,35.141270 126.931941|35.141204 126.931950|35.140870 126.931981
13622091998,13622042991,44.63,0,0,178.535,35.140870 126.931981|35.141204 126.931950|35.141270 126.931941
13621892253,3042621371,56.98,0,0,227.910,35.140838 126.931900|35.140712 126.931917|35.140329 126.931971
3042621371,13621892253,56.98,0,0,227.910,35.140329 126.931971|35.140712 126.931917|35.140838 126.931900
13622091998,3042621370,11.72,0,0,46.898,35.140870 126.931981|35.140882 126.932109
3042621370,13622091998,11.72,0,0,46.898,35.140882 126.932109|35.140870 126.931981
13622091998,12765514877,83.69,0,0,334.758,35.140870 126.931981|35.140720 126.931996|35.140787 126.932726
12765514877,13622091998,83.69,0,0,334.758,35.140787 126.932726|35.140720 126.931996|35.140870 126.931981
3042621369,3042621370,73.32,0,0,293.288,35.141281 126.932057|35.141295 126.932214|35.140896 126.932267|35.140882 126.932109
3042621370,3042621369,73.32,0,0,293.288,35.140882 126.932109|35.140896 126.932267|35.141295 126.932214|35.141281 126.932057
3042621371,13621892261,16.86,0,0,67.422,35.140329 126.931971|35.140178 126.931992
13621892261,3042621371,16.86,0,0,67.422,35.140178 126.931992|35.140329 126.931971
3042621371,3042621375,17.08,0,0,68.315,35.140329 126.931971|35.140337 126.932062|35.140349 126.932157
3042621375,3042621371,17.08,0,0,68.315,35.140349 126.932157|35.140337 126.932062|35.140329 126.931971
13621892261,13621892245,63.68,0,0,254.704,35.140178 126.931992|35.140149 126.931917|35.140056 126.931822|35.140021 126.931755|35.139998 126.931440|35.139944 126.931408
13621892245,13621892261,63.68,0,0,254.704,35.139944 126.931408|35.139998 126.931440|35.140021 126.931755|35.140056 126.931822|35.140149 126.931917|35.140178 126.931992
3042621375,3042621375,104.69,0,0,418.745,35.140349 126.932157|35.140656 126.932122|35.140670 126.932316|35.140376 126.932370|35.140349 126.932157
3042621394,13622042708,7.91,0,0,31.645,35.142492 126.933114|35.142429 126.933156
13622042708,3042621394,7.91,0,0,31.645,35.142429 126.933156|35.142492 126.933114
3042621394,13622042707,8.90,0,0,35.593,35.142492 126.933114|35.142565 126.933075
13622042707,3042621394,8.90,0,0,35.593,35.142565 126.933075|35.142492 126.933114
3042621394,13622042746,122.00,0,0,487.992,35.142492 126.933114|35.142441 126.932862|35.142419 126.932609|35.142383 126.932226|35.142326 126.931789
13622042746,3042621394,122.00,0,0,487.992,35.142326 126.931789|35.142383 126.932226|35.142419 126.932609|35.142441 126.932862|35.142492 126.933114
13622042708,3042623061,39.44,0,0,157.768,35.142429 126.933156|35.142131 126.933391
3042623061,13622042708,39.44,0,0,157.768,35.142131 126.933391|35.142429 126.933156
13622042708,8745103318,40.87,0,0,163.493,35.142429 126.933156|35.142382 126.933109|35.142257 126.933114|35.142084 126.933181
8745103318,13622042708,40.87,0,0,163.493,35.142084 126.933181|35.142257 126.933114|35.142382 126.933109|35.142429 126.933156
13622042746,13622042995,85.35,0,0,341.420,35.142326 126.931789|35.141564 126.931900
13622042995,13622042746,85.35,0,0,341.420,35.141564 126.931900|35.142326 126.931789
13622042746,13622042736,161.24,0,0,644.942,35.142326 126.931789|35.143291 126.931657|35.143355 126.931690|35.143394 126.931746|35.143382 126.932013|35.143401 126.932081|35.143394 126.932169
13622042736,13622042746,161.24,0,0,644.942,35.143394 126.932169|35.143401 126.932081|35.143382 126.932013|35.143394 126.931746|35.143355 126.931690|35.143291 126.931657|35.142326 126.931789
3042623059,12765514894,70.45,0,0,281.813,35.141505 126.933628|35.141485 126.933440|35.141436 126.932873|35.141440 126.932859
12765514894,3042623059,70.45,0,0,281.813,35.141440 126.932859|35.141436 126.932873|35.141485 126.933440|35.141505 126.933628
3042623059,3042623061,72.94,0,0,291.750,35.141505 126.933628|35.142017 126.933435|35.142131 126.933391
3042623061,3042623059,72.94,0,0,291.750,35.142131 126.933391|35.142017 126.933435|35.141505 126.933628
3042623059,11134046232,129.39,0,0,517.548,35.141505 126.933628|35.140728 126.933877|35.140698 126.933923|35.140538 126.934122|35.140481 126.934198
11134046232,3042623059,129.39,0,0,517.548,35.140481 126.934198|35.140538 126.934122|35.140698 126.933923|35.140728 126.933877|35.141505 126.933628
12765514894,12765514896,26.87,0,0,107.462,35.141440 126.932859|35.141452 126.932848|35.141677 126.932819
12765514896,12765514894,26.87,0,0,107.462,35.141677 126.932819|35.141452 126.932848|35.141440 126.932859
12765514894,12765514868,85.51,0,0,342.042,35.141440 126.932859|35.141430 126.932848|35.141417 126.932689|35.141392 126.932515|35.141359 126.932274|35.141327 126.931933
12765514868,12765514894,85.51,0,0,342.042,35.141327 126.931933|35.141359 126.932274|35.141392 126.932515|35.141417 126.932689|35.141430 126.932848|35.141440 126.932859
3042623061,8745101716,17.84,0,0,71.349,35.142131 126.933391|35.142056 126.933352|35.141978 126.933362
8745101716,3042623061,17.84,0,0,71.349,35.141978 126.933362|35.142056 126.933352|35.142131 126.933391
11134046232,4682911885,6.40,0,0,25.617,35.140481 126.934198|35.140438 126.934246
4682911885,11134046232,6.40,0,0,25.617,35.140438 126.934246|35.140481 126.934198
11134046232,11134046237,12.99,0,0,51.963,35.140481 126.934198|35.140364 126.934195
11134046237,11134046232,12.99,0,0,51.963,35.140364 126.934195|35.140481 126.934198
4805609258,4805609257,42.93,0,0,171.706,35.134433 126.921003|35.134112 126.921265
4805609257,4805609258,42.93,0,0,171.706,35.134112 126.921265|35.134433 126.921003
4805609258,5682136857,50.46,0,0,201.826,35.134433 126.921003|35.134205 126.920523
5682136857,4805609258,50.46,0,0,201.826,35.134205 126.920523|35.134433 126.921003
3042647336,9121933082,44.85,0,0,179.410,35.135107 126.920303|35.135000 126.919828
9121933082,3042647336,44.85,0,0,179.410,35.135000 126.919828|35.135107 126.920303
3042647336,9121933080,14.91,0,0,59.622,35.135107 126.920303|35.135241 126.920299
9121933080,3042647336,14.91,0,0,59.622,35.135241 126.920299|35.135107 126.920303
9121933082,9121933083,15.25,0,0,61.017,35.135000 126.919828|35.135131 126.919779
9121933083,9121933082,15.25,0,0,61.017,35.135131 126.919779|35.135000 126.919828
9121933082,13917435255,15.45,0,0,61.798,35.135000 126.919828|35.134868 126.919880
13917435255,9121933082,15.45,0,0,61.798,35.134868 126.919880|35.135000 126.919828
9121933082,3042647337,39.01,0,0,156.035,35.135000 126.919828|35.134940 126.919562|35.134937 126.919481|35.134956 126.919413
3042647337,9121933082,39.01,0,0,156.035,35.134956 126.919413|35.134937 126.919481|35.134940 126.919562|35.135000 126.919828
9121933080,9121933081,82.17,0,0,328.661,35.135241 126.920299|35.135269 126.921202
9121933081,9121933080,82.17,0,0,328.661,35.135269 126.921202|35.135241 126.920299
9121933080,3042647504,108.15,0,0,432.581,35.135241 126.920299|35.135496 126.920291|35.135583 126.920326|35.135609 126.920415|35.135628 126.920943|35.135635 126.921041|35.135670 126.921038
3042647504,9121933080,108.15,0,0,432.581,35.135670 126.921038|35.135635 126.921041|35.135628 126.920943|35.135609 126.920415|35.135583 126.920326|35.135496 126.920291|35.135241 126.920299
3042647337,13903377580,19.01,0,0,76.059,35.134956 126.919413|35.135001 126.919357|35.135043 126.919325|35.135099 126.919307
13903377580,3042647337,19.01,0,0,76.059,35.135099 126.919307|35.135043 126.919325|35.135001 126.919357|35.134956 126.919413
3042647337,9121933067,81.81,0,0,327.246,35.134956 126.919413|35.134901 126.919384|35.134874 126.919376|35.134847 126.919376|35.134616 126.919447|35.134523 126.918993
9121933067,3042647337,81.81,0,0,327.246,35.134523 126.918993|35.134616 126.919447|35.134847 126.919376|35.134874 126.919376|35.134901 126.919384|35.134956 126.919413
13903377580,13903377584,13.13,0,0,52.503,35.135099 126.919307|35.135071 126.919166
13903377584,13903377580,13.13,0,0,52.503,35.135071 126.919166|35.135099 126.919307
13903377580,9125391876,63.31,0,0,253.240,35.135099 126.919307|35.135144 126.919292|35.135379 126.919208|35.135449 126.919173|35.135574 126.919072|35.135622 126.919046
9125391876,13903377580,63.31,0,0,253.240,35.135622 126.919046|35.135574 126.919072|35.135449 126.919173|35.135379 126.919208|35.135144 126.919292|35.135099 126.919307
9125391865,9125391871,15.36,0,0,61.458,35.136322 126.920525|35.136446 126.920451
9125391871,9125391865,15.36,0,0,61.458,35.136446 126.920451|35.136322 126.920525
9125391865,9125391876,183.16,0,0,732.632,35.136322 126.920525|35.136245 126.920329|35.136106 126.919848|35.136008 126.919249|35.135938 126.919005|35.135853 126.918959|35.135829 126.918949|35.135802 126.918954|35.135759 126.918974|35.135622 126.919046
9125391876,9125391865,183.16,0,0,732.632,35.135622 126.919046|35.135759 126.918974|35.135802 126.918954|35.135829 126.918949|35.135853 126.918959|35.135938 126.919005|35.136008 126.919249|35.136106 126.919848|35.136245 126.920329|35.136322 126.920525
3071560222,4806829556,34.29,1,0,85.738,35.131056 126.929258|35.131189 126.929599
4806829556,3071560222,34.29,1,0,85.738,35.131189 126.929599|35.131056 126.929258
3071560222,4806829554,11.93,4,0,29.829,35.131056 126.929258|35.131020 126.929135
4806829554,3071560222,11.93,4,0,29.829,35.131020 126.929135|35.131056 126.929258
3071560222,10729397121,99.81,1,0,254.831,35.131056 126.929258|35.131904 126.928900
10729397121,3071560222,99.81,1,0,254.831,35.131904 126.928900|35.131056 126.929258
4806829556,6789730774,21.10,0,0,84.405,35.131189 126.929599|35.131009 126.929675
6789730774,4806829556,21.10,0,0,84.405,35.131009 126.929675|35.131189 126.929599
4806829556,12543084604,53.59,0,0,214.372,35.131189 126.929599|35.131572 126.929956
12543084604,4806829556,53.59,0,0,214.372,35.131572 126.929956|35.131189 126.929599
10729397121,10729397120,26.30,0,0,105.200,35.131904 126.928900|35.131969 126.929178
10729397120,10729397121,26.30,0,0,105.200,35.131969 126.929178|35.131904 126.928900
10729397121,3071560229,77.71,0,1,226.462,35.131904 126.928900|35.132562 126.928612
3071560229,10729397121,77.71,0,1,226.462,35.132562 126.928612|35.131904 126.928900
3071560229,12851177272,46.62,0,1,124.728,35.132562 126.928612|35.132729 126.929082
12851177272,3071560229,46.62,0,1,124.728,35.132729 126.929082|35.132562 126.928612
4740276148,5227417773,11.48,0,3,28.690,35.134380 126.927525|35.134294 126.927595
5227417773,4740276148,11.48,0,3,28.690,35.134294 126.927595|35.134380 126.927525
4740276148,4723917467,83.32,0,3,211.720,35.134380 126.927525|35.134507 126.927430|35.134738 126.927257|35.134893 126.927109|35.135003 126.927017
4723917467,4740276148,83.32,0,3,211.720,35.135003 126.927017|35.134893 126.927109|35.134738 126.927257|35.134507 126.927430|35.134380 126.927525
4740276152,5666592596,31.84,0,3,79.607,35.133068 126.928934|35.133017 126.929278
5666592596,4740276152,31.84,0,3,79.607,35.133017 126.929278|35.133068 126.928934
4740276152,5227417773,184.29,0,8,464.334,35.133068 126.928934|35.133219 126.928648|35.133421 126.928413|35.134100 126.927795|35.134149 126.927750|35.134294 126.927595
5227417773,4740276152,184.29,0,8,464.334,35.134294 126.927595|35.134149 126.927750|35.134100 126.927795|35.133421 126.928413|35.133219 126.928648|35.133068 126.928934
12851177272,4813456815,136.26,0,7,341.848,35.132729 126.929082|35.132606 126.929142|35.132590 126.929490|35.132535 126.929592|35.132454 126.929823|35.132412 126.929974|35.132336 126.930420
4813456815,12851177272,136.26,0,7,341.848,35.132336 126.930420|35.132412 126.929974|35.132454 126.929823|35.132535 126.929592|35.132590 126.929490|35.132606 126.929142|35.132729 126.929082
5444342858,5444342862,65.38,3,2,69.988,35.141589 126.924300|35.141417 126.924380|35.141160 126.924474|35.141076 126.924489|35.141026 126.924491
5444342862,5444342858,65.38,3,2,69.988,35.141026 126.924491|35.141076 126.924489|35.141160 126.924474|35.141417 126.924380|35.141589 126.924300
5444342858,7863602416,88.63,5,3,93.134,35.141589 126.924300|35.141832 126.924448|35.141998 126.924555|35.142297 126.924747
7863602416,5444342858,88.63,5,3,93.134,35.142297 126.924747|35.141998 126.924555|35.141832 126.924448|35.141589 126.924300
10803968310,10803968314,28.56,0,1,72.687,35.139783 126.922893|35.139758 126.922825|35.139753 126.922774|35.139764 126.922692|35.139793 126.922593
10803968314,10803968310,28.56,0,1,72.687,35.139793 126.922593|35.139764 126.922692|35.139753 126.922774|35.139758 126.922825|35.139783 126.922893
7863602417,7863602416,17.19,2,4,17.190,35.142366 126.924578|35.142297 126.924747
7863602416,7863602417,17.19,2,4,17.190,35.142297 126.924747|35.142366 126.924578
7863602417,4631608581,6.55,0,3,16.376,35.142366 126.924578|35.142393 126.924513
4631608581,7863602417,6.55,0,3,16.376,35.142393 126.924513|35.142366 126.924578
7863602417,4631274928,11.78,0,3,29.446,35.142366 126.924578|35.142462 126.924634
4631274928,7863602417,11.78,0,3,29.446,35.142462 126.924634|35.142366 126.924578
12430453938,4777956787,13.54,0,0,54.163,35.135079 126.918186|35.134969 126.918250
4777956787,12430453938,13.54,0,0,54.163,35.134969 126.918250|35.135079 126.918186
3315758204,4777901350,137.77,2,12,139.443,35.144117 126.925712|35.144141 126.925736|35.145232 126.926371
4777901350,3315758204,137.77,2,12,139.443,35.145232 126.926371|35.144141 126.925736|35.144117 126.925712
3315758204,4631274928,208.65,2,14,221.851,35.144117 126.925712|35.143816 126.925531|35.143761 126.925492|35.143142 126.925053|35.142689 126.924773|35.142462 126.924634
4631274928,3315758204,208.65,2,14,221.851,35.142462 126.924634|35.142689 126.924773|35.143142 126.925053|35.143761 126.925492|35.143816 126.925531|35.144117 126.925712
4777901350,4780265981,30.70,5,10,30.702,35.145232 126.926371|35.145349 126.926066
4780265981,4777901350,30.70,5,10,30.702,35.145349 126.926066|35.145232 126.926371
4631274928,10902012023,22.36,0,4,55.897,35.142462 126.924634|35.142528 126.924493|35.142572 126.924430
10902012023,4631274928,22.36,0,4,55.897,35.142572 126.924430|35.142528 126.924493|35.142462 126.924634
3663907273,4785413211,46.29,0,0,185.153,35.132259 126.921541|35.132492 126.921963
4785413211,3663907273,46.29,0,0,185.153,35.132492 126.921963|35.132259 126.921541
3663907273,9462138309,44.68,0,0,178.706,35.132259 126.921541|35.131932 126.921827
9462138309,3663907273,44.68,0,0,178.706,35.131932 126.921827|35.132259 126.921541
3663907273,9901815095,247.73,0,0,990.939,35.132259 126.921541|35.132766 126.921100|35.133075 126.920814|35.133105 126.920785|35.133201 126.920675|35.133428 126.920311|35.133535 126.920166|35.133647 126.920087|35.133686 126.920022|35.133948 126.919837|35.133964 126.919829
9901815095,3663907273,247.73,0,0,990.939,35.133964 126.919829|35.133948 126.919837|35.133686 126.920022|35.133647 126.920087|35.133535 126.920166|35.133428 126.920311|35.133201 126.920675|35.133105 126.920785|35.133075 126.920814|35.132766 126.921100|35.132259 126.921541
4785413211,4634312099,46.90,0,0,187.619,35.132492 126.921963|35.132729 126.922389
4634312099,4785413211,46.90,0,0,187.619,35.132729 126.922389|35.132492 126.921963
4785413211,4785413210,31.15,0,0,124.610,35.132492 126.921963|35.132723 126.921771
4785413210,4785413211,31.15,0,0,124.610,35.132723 126.921771|35.132492 126.921963
4785413211,4785413212,101.16,0,0,404.639,35.132492 126.921963|35.131730 126.922571
4785413212,4785413211,101.16,0,0,404.639,35.131730 126.922571|35.132492 126.921963
9462138309,4785413208,58.17,0,0,232.669,35.131932 126.921827|35.131493 126.922173
4785413208,9462138309,58.17,0,0,232.669,35.131493 126.922173|35.131932 126.921827
9901815095,9901815098,85.48,0,0,341.905,35.133964 126.919829|35.133834 126.919589|35.133775 126.919438|35.133414 126.919639
9901815098,9901815095,85.48,0,0,341.905,35.133414 126.919639|35.133775 126.919438|35.133834 126.919589|35.133964 126.919829
4789425350,13903377577,21.11,0,0,84.444,35.133071 126.923097|35.132920 126.923237
13903377577,4789425350,21.11,0,0,84.444,35.132920 126.923237|35.133071 126.923097
4789425350,4634312099,75.27,0,0,301.092,35.133071 126.923097|35.132757 126.922520|35.132729 126.922389
4634312099,4789425350,75.27,0,0,301.092,35.132729 126.922389|35.132757 126.922520|35.133071 126.923097
5682136862,5263245977,37.99,0,0,151.952,35.133859 126.923165|35.133797 126.923067|35.133716 126.922987|35.133669 126.922938|35.133622 126.922868
5263245977,5682136862,37.99,0,0,151.952,35.133622 126.922868|35.133669 126.922938|35.133716 126.922987|35.133797 126.923067|35.133859 126.923165
5682136862,4805609255,114.34,0,0,457.373,35.133859 126.923165|35.133900 126.923120|35.134641 126.922349
4805609255,5682136862,114.34,0,0,457.373,35.134641 126.922349|35.133900 126.923120|35.133859 126.923165
4021007329,12851177130,34.39,0,0,137.559,35.138638 126.927909|35.138782 126.927574
12851177130,4021007329,34.39,0,0,137.559,35.138782 126.927574|35.138638 126.927909
4021007329,12851177166,173.91,0,0,695.620,35.138638 126.927909|35.138541 126.927946|35.138451 126.927957|35.138423 126.927952|35.138396 126.927942|35.138148 126.927803|35.138116 126.927793|35.138082 126.927800|35.138043 126.927824|35.137996 126.927878|35.137968 126.927937|35.137957 126.928005|35.137956 126.928054|35.137969 126.928122|35.138075 126.928358|35.138090 126.928403|35.138096 126.928462|35.138112 126.928732|35.138119 126.928888
12851177166,4021007329,173.91,0,0,695.620,35.138119 126.928888|35.138112 126.928732|35.138096 126.928462|35.138090 126.928403|35.138075 126.928358|35.137969 126.928122|35.137956 126.928054|35.137957 126.928005|35.137968 126.927937|35.137996 126.927878|35.138043 126.927824|35.138082 126.927800|35.138116 126.927793|35.138148 126.927803|35.138396 126.927942|35.138423 126.927952|35.138451 126.927957|35.138541 126.927946|35.138638 126.927909
4021007329,4631605215,64.81,0,0,259.226,35.138638 126.927909|35.138650 126.928024|35.138680 126.928288|35.138695 126.928420|35.138713 126.928485|35.138756 126.928602
4631605215,4021007329,64.81,0,0,259.226,35.138756 126.928602|35.138713 126.928485|35.138695 126.928420|35.138680 126.928288|35.138650 126.928024|35.138638 126.927909
12851177130,12851177141,33.62,0,0,134.461,35.138782 126.927574|35.138923 126.927247
12851177141,12851177130,33.62,0,0,134.461,35.138923 126.927247|35.138782 126.927574
12851177130,12851177138,42.93,0,0,171.719,35.138782 126.927574|35.138901 126.927511|35.138930 126.927489|35.138956 126.927460|35.138982 126.927412|35.139017 126.927350|35.139041 126.927318|35.139057 126.927303|35.139079 126.927295
12851177138,12851177130,42.93,0,0,171.719,35.139079 126.927295|35.139057 126.927303|35.139041 126.927318|35.139017 126.927350|35.138982 126.927412|35.138956 126.927460|35.138930 126.927489|35.138901 126.927511|35.138782 126.927574
12851177166,12851177179,93.35,0,0,373.415,35.138119 126.928888|35.138122 126.928969|35.138122 126.929022|35.138117 126.929080|35.138101 126.929148|35.138084 126.929187|35.138050 126.929238|35.138018 126.929273|35.137974 126.929302|35.137786 126.929382|35.137659 126.929437|35.137597 126.929477|35.137567 126.929504
12851177179,12851177166,93.35,0,0,373.415,35.137567 126.929504|35.137597 126.929477|35.137659 126.929437|35.137786 126.929382|35.137974 126.929302|35.138018 126.929273|35.138050 126.929238|35.138084 126.929187|35.138101 126.929148|35.138117 126.929080|35.138122 126.929022|35.138122 126.928969|35.138119 126.928888
12851177166,12851177172,14.42,0,0,57.684,35.138119 126.928888|35.138045 126.928881|35.138020 126.928943
12851177172,12851177166,14.42,0,0,57.684,35.138020 126.928943|35.138045 126.928881|35.138119 126.928888
4631605215,13622042847,123.98,0,0,495.922,35.138756 126.928602|35.138891 126.928764|35.139014 126.928835|35.139148 126.928891|35.139258 126.928919|35.139648 126.928990|35.139789 126.928984
13622042847,4631605215,123.98,0,0,495.922,35.139789 126.928984|35.139648 126.928990|35.139258 126.928919|35.139148 126.928891|35.139014 126.928835|35.138891 126.928764|35.138756 126.928602
4631605215,8745101702,96.00,0,0,383.991,35.138756 126.928602|35.138755 126.928708|35.138827 126.929024|35.138845 126.929094|35.138853 126.929183|35.138854 126.929246|35.138850 126.929313|35.138794 126.929634
8745101702,4631605215,96.00,0,0,383.991,35.138794 126.929634|35.138850 126.929313|35.138854 126.929246|35.138853 126.929183|35.138845 126.929094|35.138827 126.929024|35.138755 126.928708|35.138756 126.928602
4021011628,13622108225,36.81,0,0,147.257,35.141689 126.928396|35.141539 126.928364|35.141493 126.928348|35.141414 126.928308|35.141372 126.928287
13622108225,4021011628,36.81,0,0,147.257,35.141372 126.928287|35.141414 126.928308|35.141493 126.928348|35.141539 126.928364|35.141689 126.928396
4021011628,4021011644,54.89,0,0,219.571,35.141689 126.928396|35.141689 126.928356|35.141700 126.928319|35.141720 126.928288|35.141748 126.928267|35.141780 126.928259|35.141812 126.928265|35.141840 126.928284|35.141862 126.928313|35.141875 126.928348|35.141877 126.928387|35.141868 126.928425|35.141849 126.928457|35.141820 126.928481|35.141785 126.928491|35.141750 126.928484
4021011644,4021011628,54.89,0,0,219.571,35.141750 126.928484|35.141785 126.928491|35.141820 126.928481|35.141849 126.928457|35.141868 126.928425|35.141877 126.928387|35.141875 126.928348|35.141862 126.928313|35.141840 126.928284|35.141812 126.928265|35.141780 126.928259|35.141748 126.928267|35.141720 126.928288|35.141700 126.928319|35.141689 126.928356|35.141689 126.928396
13622108225,13622108226,10.48,0,0,41.909,35.141372 126.928287|35.141404 126.928179
13622108226,13622108225,10.48,0,0,41.909,35.141404 126.928179|35.141372 126.928287
13622108225,13622108227,8.97,0,0,35.862,35.141372 126.928287|35.141344 126.928380
13622108227,13622108225,8.97,0,0,35.862,35.141344 126.928380|35.141372 126.928287
4475055340,4475055341,28.33,2,5,28.331,35.147013 126.916733|35.147180 126.916498
4475055341,4475055340,28.33,2,5,28.331,35.147180 126.916498|35.147013 126.916733
4475055340,4500091108,6.15,2,3,6.150,35.147013 126.916733|35.147057 126.916773
4500091108,4475055340,6.15,2,3,6.150,35.147057 126.916773|35.147013 126.916733
4475055340,11518823582,19.60,2,4,19.597,35.147013 126.916733|35.146883 126.916587
11518823582,4475055340,19.60,2,4,19.597,35.146883 126.916587|35.147013 126.916733
4475055341,4475055342,6.46,2,9,6.456,35.147180 126.916498|35.147218 126.916444
4475055342,4475055341,6.46,2,9,6.456,35.147218 126.916444|35.147180 126.916498
4475055341,5751087323,15.33,2,5,15.331,35.147180 126.916498|35.147289 126.916601
5751087323,4475055341,15.33,2,5,15.331,35.147289 126.916601|35.147180 126.916498
4500091108,4475055369,32.58,6,3,32.581,35.147057 126.916773|35.147280 126.917005
4475055369,4500091108,32.58,6,3,32.581,35.147280 126.917005|35.147057 126.916773
4500091108,4500091109,14.10,2,4,14.101,35.147057 126.916773|35.146979 126.916894
4500091109,4500091108,14.10,2,4,14.101,35.146979 126.916894|35.147057 126.916773
11518823582,11518823586,50.30,0,15,125.743,35.146883 126.916587|35.147065 126.916365|35.147086 126.916315|35.147095 126.916265|35.147058 126.916142
11518823586,11518823582,50.30,0,15,125.743,35.147058 126.916142|35.147095 126.916265|35.147086 126.916315|35.147065 126.916365|35.146883 126.916587
4475055370,4715129135,17.59,0,1,44.068,35.146383 126.917643|35.146463 126.917810
4715129135,4475055370,17.59,0,1,44.068,35.146463 126.917810|35.146383 126.917643
4475055370,13056485459,15.46,0,1,38.679,35.146383 126.917643|35.146312 126.917497
13056485459,4475055370,15.46,0,1,38.679,35.146312 126.917497|35.146383 126.917643
4475055370,13056485460,9.63,0,2,24.078,35.146383 126.917643|35.146458 126.917590
13056485460,4475055370,9.63,0,2,24.078,35.146458 126.917590|35.146383 126.917643
4715129135,13056485461,6.99,0,1,17.474,35.146463 126.917810|35.146409 126.917848
13056485461,4715129135,6.99,0,1,17.474,35.146409 126.917848|35.146463 126.917810
13056485459,4664959378,20.66,4,3,20.662,35.146312 126.917497|35.146217 126.917301
4664959378,13056485459,20.66,4,3,20.662,35.146217 126.917301|35.146312 126.917497
13056485459,13056471840,6.30,0,1,15.748,35.146312 126.917497|35.146264 126.917533
13056471840,13056485459,6.30,0,1,15.748,35.146264 126.917533|35.146312 126.917497
13056485459,13056471839,9.80,0,2,24.499,35.146312 126.917497|35.146387 126.917440
13056471839,13056485459,9.80,0,2,24.499,35.146387 126.917440|35.146312 126.917497
13056485460,13056471839,15.68,0,2,39.189,35.146458 126.917590|35.146387 126.917440
13056471839,13056485460,15.68,0,2,39.189,35.146387 126.917440|35.146458 126.917590
13056485460,13056471872,80.49,1,2,92.467,35.146458 126.917590|35.146820 126.918356
13056471872,13056485460,80.49,1,2,92.467,35.146820 126.918356|35.146458 126.917590
4490705030,13056485454,10.55,4,11,10.555,35.145799 126.916407|35.145876 126.916340
13056485454,4490705030,10.55,4,11,10.555,35.145876 126.916340|35.145799 126.916407
13056485454,13056471837,4.57,4,11,4.574,35.145876 126.916340|35.145896 126.916384
13056471837,13056485454,4.57,4,11,4.574,35.145896 126.916384|35.145876 126.916340
13056485454,4490705031,23.59,2,12,23.594,35.145876 126.916340|35.145971 126.916255|35.146049 126.916189
4490705031,13056485454,23.59,2,12,23.594,35.146049 126.916189|35.145971 126.916255|35.145876 126.916340
4490705031,13056485463,7.59,0,11,18.966,35.146049 126.916189|35.146104 126.916140
13056485463,4490705031,7.59,0,11,18.966,35.146104 126.916140|35.146049 126.916189
4490705031,4490705032,18.81,0,11,47.036,35.146049 126.916189|35.145941 126.916028
4490705032,4490705031,18.81,0,11,47.036,35.145941 126.916028|35.146049 126.916189
13056485463,13056485464,13.96,0,12,34.892,35.146104 126.916140|35.146089 126.916117|35.146027 126.916018
13056485464,13056485463,13.96,0,12,34.892,35.146027 126.916018|35.146089 126.916117|35.146104 126.916140
11518823605,13056471839,58.73,4,8,58.735,35.146123 126.916881|35.146387 126.917440
13056471839,11518823605,58.73,4,8,58.735,35.146387 126.917440|35.146123 126.916881
4664959378,13056485458,6.16,4,2,6.157,35.146217 126.917301|35.146163 126.917314
13056485458,4664959378,6.16,4,2,6.157,35.146163 126.917314|35.146217 126.917301
5258719629,5258719621,91.64,0,4,230.860,35.144463 126.926109|35.144130 126.925904|35.144057 126.925860|35.144000 126.925823|35.143775 126.925676|35.143731 126.925646
5258719621,5258719629,91.64,0,4,230.860,35.143731 126.925646|35.143775 126.925676|35.144000 126.925823|35.144057 126.925860|35.144130 126.925904|35.144463 126.926109
5258719629,13622091912,59.31,0,1,164.749,35.144463 126.926109|35.144196 126.926072|35.144129 126.926094|35.144088 126.926125|35.143973 126.926237
13622091912,5258719629,59.31,0,1,164.749,35.143973 126.926237|35.144088 126.926125|35.144129 126.926094|35.144196 126.926072|35.144463 126.926109
5409319056,4561700363,11.00,0,5,27.503,35.144222 126.928850|35.144177 126.928958
4561700363,5409319056,11.00,0,5,27.503,35.144177 126.928958|35.144222 126.928850
5409319056,6398390252,111.16,0,4,282.456,35.144222 126.928850|35.144142 126.928748|35.144073 126.928722|35.144027 126.928720|35.143999 126.928744|35.143802 126.928922|35.143693 126.929018|35.143554 126.929136|35.143467 126.929215|35.143396 126.929246
6398390252,5409319056,111.16,0,4,282.456,35.143396 126.929246|35.143467 126.929215|35.143554 126.929136|35.143693 126.929018|35.143802 126.928922|35.143999 126.928744|35.144027 126.928720|35.144073 126.928722|35.144142 126.928748|35.144222 126.928850
4561700363,11121959557,29.72,0,6,74.312,35.144177 126.928958|35.144050 126.929245
11121959557,4561700363,29.72,0,6,74.312,35.144050 126.929245|35.144177 126.928958
11121959557,9125409828,26.89,0,6,67.233,35.144050 126.929245|35.143935 126.929505
9125409828,11121959557,26.89,0,6,67.233,35.143935 126.929505|35.144050 126.929245
11121959557,5409319027,63.25,0,6,158.127,35.144050 126.929245|35.143957 126.929245|35.143929 126.929273|35.143883 126.929363|35.143857 126.929403|35.143839 126.929419|35.143766 126.929457|35.143715 126.929481|35.143658 126.929521|35.143600 126.929564|35.143582 126.929578
5409319027,11121959557,63.25,0,6,158.127,35.143582 126.929578|35.143600 126.929564|35.143658 126.929521|35.143715 126.929481|35.143766 126.929457|35.143839 126.929419|35.143857 126.929403|35.143883 126.929363|35.143929 126.929273|35.143957 126.929245|35.144050 126.929245
4561700412,13727281348,92.32,4,9,92.329,35.147637 126.936640|35.147581 126.936581|35.147451 126.936737|35.147330 126.936893|35.147201 126.937038|35.147119 126.937126|35.147100 126.937186|35.147091 126.937237|35.147092 126.937261
13727281348,4561700412,92.32,4,9,92.329,35.147092 126.937261|35.147091 126.937237|35.147100 126.937186|35.147119 126.937126|35.147201 126.937038|35.147330 126.936893|35.147451 126.936737|35.147581 126.936581|35.147637 126.936640
4561700412,4561700407,7.85,2,2,7.850,35.147637 126.936640|35.147652 126.936619|35.147671 126.936601|35.147692 126.936589
4561700407,4561700412,7.85,2,2,7.850,35.147692 126.936589|35.147671 126.936601|35.147652 126.936619|35.147637 126.936640
4806750869,13904146814,32.96,0,12,82.390,35.148645 126.936907|35.148620 126.937268
13904146814,4806750869,32.96,0,12,82.390,35.148620 126.937268|35.148645 126.936907
4806750869,5682109720,33.52,3,12,33.519,35.148645 126.936907|35.148892 126.936928|35.148946 126.936933
5682109720,4806750869,33.52,3,12,33.519,35.148946 126.936933|35.148892 126.936928|35.148645 126.936907
4561700468,4561700436,29.07,3,8,29.070,35.148238 126.937342|35.148317 126.937646
4561700436,4561700468,29.07,3,8,29.070,35.148317 126.937646|35.148238 126.937342
4561700468,4561700467,31.38,0,8,78.438,35.148238 126.937342|35.148501 126.937217
4561700467,4561700468,31.38,0,8,78.438,35.148501 126.937217|35.148238 126.937342
4561700436,4561700466,41.52,3,11,41.524,35.148317 126.937646|35.148670 126.937498
4561700466,4561700436,41.52,3,11,41.524,35.148670 126.937498|35.148317 126.937646
4631253775,4631253779,41.24,5,15,41.241,35.143507 126.924895|35.143672 126.924488
4631253779,4631253775,41.24,5,15,41.241,35.143672 126.924488|35.143507 126.924895
4631253775,4631253776,109.53,2,16,109.908,35.143507 126.924895|35.143024 126.924603|35.142624 126.924362
4631253776,4631253775,109.53,2,16,109.908,35.142624 126.924362|35.143024 126.924603|35.143507 126.924895
4631253779,4631253780,93.48,5,21,93.485,35.143672 126.924488|35.143299 126.924266|35.142943 126.923981
4631253780,4631253779,93.48,5,21,93.485,35.142943 126.923981|35.143299 126.924266|35.143672 126.924488
4631253776,4631253780,49.59,2,8,49.588,35.142624 126.924362|35.142943 126.923981
4631253780,4631253776,49.59,2,8,49.588,35.142943 126.923981|35.142624 126.924362
4631253776,10902012023,8.55,0,5,21.373,35.142624 126.924362|35.142576 126.924421|35.142572 126.924430
10902012023,4631253776,8.55,0,5,21.373,35.142572 126.924430|35.142576 126.924421|35.142624 126.924362
4631253780,4631253783,46.00,2,10,45.996,35.142943 126.923981|35.143240 126.923629
4631253783,4631253780,46.00,2,10,45.996,35.143240 126.923629|35.142943 126.923981
10902012023,10902012002,70.53,0,3,177.842,35.142572 126.924430|35.142525 126.924398|35.142285 126.924230|35.142395 126.923988|35.142447 126.923918
10902012002,10902012023,70.53,0,3,177.842,35.142447 126.923918|35.142395 126.923988|35.142285 126.924230|35.142525 126.924398|35.142572 126.924430
12585138705,4820111501,26.56,0,14,66.404,35.143705 126.923631|35.143594 126.923372
4820111501,12585138705,26.56,0,14,66.404,35.143594 126.923372|35.143705 126.923631
12585138705,12585138706,57.28,4,18,57.282,35.143705 126.923631|35.144166 126.923349
12585138706,12585138705,57.28,4,18,57.282,35.144166 126.923349|35.143705 126.923631
4631253783,4631274931,55.97,5,9,55.972,35.143240 126.923629|35.143276 126.923572|35.143412 126.923269|35.143481 126.923090
4631274931,4631253783,55.97,5,9,55.972,35.143481 126.923090|35.143412 126.923269|35.143276 126.923572|35.143240 126.923629
4631274931,4820111501,28.58,3,10,28.577,35.143481 126.923090|35.143594 126.923372
4820111501,4631274931,28.58,3,10,28.577,35.143594 126.923372|35.143481 126.923090
4631274931,10902041186,23.84,3,6,23.841,35.143481 126.923090|35.143386 126.922855
10902041186,4631274931,23.84,3,6,23.841,35.143386 126.922855|35.143481 126.923090
4631274919,13622091944,8.45,0,0,33.789,35.142144 126.926444|35.142068 126.926440
13622091944,4631274919,8.45,0,0,33.789,35.142068 126.926440|35.142144 126.926444
4631274919,8741554100,39.32,0,0,157.265,35.142144 126.926444|35.142131 126.926012
8741554100,4631274919,39.32,0,0,157.265,35.142131 126.926012|35.142144 126.926444
4631274919,5313522356,7.67,0,0,30.667,35.142144 126.926444|35.142146 126.926528
5313522356,4631274919,7.67,0,0,30.667,35.142146 126.926528|35.142144 126.926444
13622091944,11144412190,15.04,0,0,60.144,35.142068 126.926440|35.141933 126.926433
11144412190,13622091944,15.04,0,0,60.144,35.141933 126.926433|35.142068 126.926440
13622091944,13622091945,27.46,0,0,109.839,35.142068 126.926440|35.142070 126.926371|35.142077 126.926139
13622091945,13622091944,27.46,0,0,109.839,35.142077 126.926139|35.142070 126.926371|35.142068 126.926440
13622091944,13622091989,43.62,0,0,174.485,35.142068 126.926440|35.142065 126.926542|35.142062 126.926667|35.142048 126.926761|35.141963 126.926879
13622091989,13622091944,43.62,0,0,174.485,35.141963 126.926879|35.142048 126.926761|35.142062 126.926667|35.142065 126.926542|35.142068 126.926440
8741554100,4631845903,16.86,0,0,67.430,35.142131 126.926012|35.142283 126.926013
4631845903,8741554100,16.86,0,0,67.430,35.142283 126.926013|35.142131 126.926012
8741554100,4729229227,50.14,0,0,200.568,35.142131 126.926012|35.142118 126.925461
4729229227,8741554100,50.14,0,0,200.568,35.142118 126.925461|35.142131 126.926012
5313522356,13622090999,34.59,0,0,138.344,35.142146 126.926528|35.142152 126.926909
13622090999,5313522356,34.59,0,0,138.344,35.142152 126.926909|35.142146 126.926528
5313522356,13622091988,31.39,0,0,125.574,35.142146 126.926528|35.142236 126.926766|35.142283 126.926826
13622091988,5313522356,31.39,0,0,125.574,35.142283 126.926826|35.142236 126.926766|35.142146 126.926528
4631274920,4631274923,37.04,0,0,148.142,35.141602 126.926416|35.141589 126.926363|35.141522 126.926021
4631274923,4631274920,37.04,0,0,148.142,35.141522 126.926021|35.141589 126.926363|35.141602 126.926416
4631274920,11144412190,36.92,0,0,147.669,35.141602 126.926416|35.141640 126.926418|35.141933 126.926433
11144412190,4631274920,36.92,0,0,147.669,35.141933 126.926433|35.141640 126.926418|35.141602 126.926416
4631274920,4631274925,79.34,0,0,317.373,35.141602 126.926416|35.141594 126.926491|35.141513 126.926490|35.141497 126.926496|35.141491 126.926513|35.141438 126.926720|35.141425 126.926736|35.141166 126.926724|35.141117 126.926697|35.141106 126.926662
4631274925,4631274920,79.34,0,0,317.373,35.141106 126.926662|35.141117 126.926697|35.141166 126.926724|35.141425 126.926736|35.141438 126.926720|35.141491 126.926513|35.141497 126.926496|35.141513 126.926490|35.141594 126.926491|35.141602 126.926416
4631274923,4631274921,12.28,0,0,49.125,35.141522 126.926021|35.141486 126.925893
4631274921,4631274923,12.28,0,0,49.125,35.141486 126.925893|35.141522 126.926021
4631274923,11144412296,48.14,0,0,192.549,35.141522 126.926021|35.141122 126.926016|35.141121 126.926056
11144412296,4631274923,48.14,0,0,192.549,35.141121 126.926056|35.141122 126.926016|35.141522 126.926021
11144412190,11144412191,30.84,0,0,123.368,35.141933 126.926433|35.141924 126.926772
11144412191,11144412190,30.84,0,0,123.368,35.141924 126.926772|35.141933 126.926433
4631274925,11144412296,55.14,0,0,220.548,35.141106 126.926662|35.141121 126.926056
11144412296,4631274925,55.14,0,0,220.548,35.141121 126.926056|35.141106 126.926662
4631274925,4631274926,80.81,0,0,323.252,35.141106 126.926662|35.140845 126.926631|35.140869 126.926063
4631274926,4631274925,80.81,0,0,323.252,35.140869 126.926063|35.140845 126.926631|35.141106 126.926662
4631274921,11144412275,54.51,0,2,138.370,35.141486 126.925893|35.141470 126.925721|35.141455 126.925295
11144412275,4631274921,54.51,0,2,138.370,35.141455 126.925295|35.141470 126.925721|35.141486 126.925893
4631274921,11144412230,75.76,2,1,106.130,35.141486 126.925893|35.141126 126.925905|35.141113 126.925513
11144412230,4631274921,75.76,2,1,106.130,35.141113 126.925513|35.141126 126.925905|35.141486 126.925893
11144412296,4631274926,28.24,0,0,112.944,35.141121 126.926056|35.140881 126.926055|35.140869 126.926063
4631274926,11144412296,28.24,0,0,112.944,35.140869 126.926063|35.140881 126.926055|35.141121 126.926056
4631274926,11144422969,41.75,0,0,166.983,35.140869 126.926063|35.140720 126.926040|35.140635 126.926034|35.140495 126.926034
11144422969,4631274926,41.75,0,0,166.983,35.140495 126.926034|35.140635 126.926034|35.140720 126.926040|35.140869 126.926063
4820111501,4654752864,57.26,4,17,57.257,35.143594 126.923372|35.143957 126.923093|35.144016 126.923015
4654752864,4820111501,57.26,4,17,57.257,35.144016 126.923015|35.143957 126.923093|35.143594 126.923372
10902041186,10902041125,20.08,3,5,20.081,35.143386 126.922855|35.143222 126.922949
10902041125,10902041186,20.08,3,5,20.081,35.143222 126.922949|35.143386 126.922855
4631605210,12851177103,101.30,0,0,405.218,35.139974 126.926125|35.139941 126.926126|35.139918 126.926134|35.139849 126.926182|35.139801 126.926226|35.139741 126.926316|35.139671 126.926451|35.139638 126.926539|35.139609 126.926661|35.139588 126.926842|35.139566 126.926981|35.139553 126.927029
12851177103,4631605210,101.30,0,0,405.218,35.139553 126.927029|35.139566 126.926981|35.139588 126.926842|35.139609 126.926661|35.139638 126.926539|35.139671 126.926451|35.139741 126.926316|35.139801 126.926226|35.139849 126.926182|35.139918 126.926134|35.139941 126.926126|35.139974 126.926125
4631605210,4631605209,37.98,0,0,151.902,35.139974 126.926125|35.140028 126.926135|35.140069 126.926148|35.140128 126.926183|35.140203 126.926242|35.140271 126.926312
4631605209,4631605210,37.98,0,0,151.902,35.140271 126.926312|35.140203 126.926242|35.140128 126.926183|35.140069 126.926148|35.140028 126.926135|35.139974 126.926125
4631604673,12851177141,29.39,0,0,117.566,35.139046 126.926961|35.138923 126.927247
12851177141,4631604673,29.39,0,0,117.566,35.138923 126.927247|35.139046 126.926961
4631604673,8745103344,12.20,0,0,48.792,35.139046 126.926961|35.138947 126.926902
8745103344,4631604673,12.20,0,0,48.792,35.138947 126.926902|35.139046 126.926961
4631604673,12851177149,51.65,0,0,206.597,35.139046 126.926961|35.139321 126.927142|35.139363 126.927160|35.139408 126.927162|35.139451 126.927148|35.139466 126.927137
12851177149,4631604673,51.65,0,0,206.597,35.139466 126.927137|35.139451 126.927148|35.139408 126.927162|35.139363 126.927160|35.139321 126.927142|35.139046 126.926961
4631604673,4631604674,114.41,0,0,457.642,35.139046 126.926961|35.139440 126.925941|35.139462 126.925905|35.139512 126.925845
4631604674,4631604673,114.41,0,0,457.642,35.139512 126.925845|35.139462 126.925905|35.139440 126.925941|35.139046 126.926961
12851177141,12851177138,17.93,0,0,71.711,35.138923 126.927247|35.138955 126.927259|35.139001 126.927275|35.139079 126.927295
12851177138,12851177141,17.93,0,0,71.711,35.139079 126.927295|35.139001 126.927275|35.138955 126.927259|35.138923 126.927247
12851177149,12851177103,14.00,0,0,56.005,35.139466 126.927137|35.139489 126.927120|35.139511 126.927099|35.139530 126.927072|35.139550 126.927037|35.139553 126.927029
12851177103,12851177149,14.00,0,0,56.005,35.139553 126.927029|35.139550 126.927037|35.139530 126.927072|35.139511 126.927099|35.139489 126.927120|35.139466 126.927137
12851177149,12851177138,47.52,0,0,190.093,35.139466 126.927137|35.139424 126.927200|35.139405 126.927220|35.139367 126.927244|35.139310 126.927265|35.139248 126.927281|35.139191 126.927291|35.139158 126.927295|35.139079 126.927295
12851177138,12851177149,47.52,0,0,190.093,35.139079 126.927295|35.139158 126.927295|35.139191 126.927291|35.139248 126.927281|35.139310 126.927265|35.139367 126.927244|35.139405 126.927220|35.139424 126.927200|35.139466 126.927137
4631604674,4631604675,73.71,0,1,212.761,35.139512 126.925845|35.139129 126.925636|35.139040 126.925558|35.138935 126.925455
4631604675,4631604674,73.71,0,1,212.761,35.138935 126.925455|35.139040 126.925558|35.139129 126.925636|35.139512 126.925845
4631604675,8745103347,120.06,0,7,300.677,35.138935 126.925455|35.138803 126.925601|35.138637 126.925846|35.138517 126.926179|35.138323 126.926355|35.138266 126.926459
8745103347,4631604675,120.06,0,7,300.677,35.138266 126.926459|35.138323 126.926355|35.138517 126.926179|35.138637 126.925846|35.138803 126.925601|35.138935 126.925455
8745103347,8745103348,14.62,0,3,36.551,35.138266 126.926459|35.138387 126.926522
8745103348,8745103347,14.62,0,3,36.551,35.138387 126.926522|35.138266 126.926459
8745103347,4740552377,82.50,0,4,207.216,35.138266 126.926459|35.138104 126.926851|35.138078 126.926912|35.138037 126.926972|35.137999 126.927006|35.137916 126.927081|35.137888 126.927116|35.137884 126.927138|35.137884 126.927204
4740552377,8745103347,82.50,0,4,207.216,35.137884 126.927204|35.137884 126.927138|35.137888 126.927116|35.137916 126.927081|35.137999 126.927006|35.138037 126.926972|35.138078 126.926912|35.138104 126.926851|35.138266 126.926459
4631604680,4777923572,31.67,0,4,79.183,35.136517 126.925800|35.136693 126.926073
4777923572,4631604680,31.67,0,4,79.183,35.136693 126.926073|35.136517 126.925800
4631604680,5666592592,67.87,0,3,170.903,35.136517 126.925800|35.136648 126.925674|35.136699 126.925609|35.136792 126.925506|35.136984 126.925321
5666592592,4631604680,67.87,0,3,170.903,35.136984 126.925321|35.136792 126.925506|35.136699 126.925609|35.136648 126.925674|35.136517 126.925800
4631604680,13457517957,197.41,3,1,377.696,35.136517 126.925800|35.136401 126.925888|35.135899 126.926289|35.135370 126.926724|35.135033 126.926993
13457517957,4631604680,197.41,3,1,377.696,35.135033 126.926993|35.135370 126.926724|35.135899 126.926289|35.136401 126.925888|35.136517 126.925800
4777923572,6085758178,74.96,3,5,75.102,35.136693 126.926073|35.136215 126.926430|35.136157 126.926467|35.136109 126.926475
6085758178,4777923572,74.96,3,5,75.102,35.136109 126.926475|35.136157 126.926467|35.136215 126.926430|35.136693 126.926073
4777923572,4723917479,69.16,3,9,69.160,35.136693 126.926073|35.136997 126.926544|35.137039 126.926593|35.137095 126.926651
4723917479,4777923572,69.16,3,9,69.160,35.137095 126.926651|35.137039 126.926593|35.136997 126.926544|35.136693 126.926073
5666592592,5666592586,99.91,3,11,99.918,35.136984 126.925321|35.137019 126.925425|35.137100 126.925613|35.137224 126.925839|35.137259 126.925898|35.137297 126.925979|35.137473 126.926236
5666592586,5666592592,99.91,3,11,99.918,35.137473 126.926236|35.137297 126.925979|35.137259 126.925898|35.137224 126.925839|35.137100 126.925613|35.137019 126.925425|35.136984 126.925321
5666592592,4693716458,20.42,0,4,51.039,35.136984 126.925321|35.137029 126.925271|35.137119 126.925169
4693716458,5666592592,20.42,0,4,51.039,35.137119 126.925169|35.137029 126.925271|35.136984 126.925321
13457517957,4723917467,4.08,0,0,16.306,35.135033 126.926993|35.135003 126.927017
4723917467,13457517957,4.08,0,0,16.306,35.135003 126.927017|35.135033 126.926993
12851177103,12851177104,14.39,0,0,57.560,35.139553 126.927029|35.139449 126.926934
12851177104,12851177103,14.39,0,0,57.560,35.139449 126.926934|35.139553 126.927029
13622042847,8745103332,56.50,0,0,226.008,35.139789 126.928984|35.139891 126.928979|35.140192 126.928970|35.140297 126.928974
8745103332,13622042847,56.50,0,0,226.008,35.140297 126.928974|35.140192 126.928970|35.139891 126.928979|35.139789 126.928984
13622042847,13622042859,116.56,0,0,466.222,35.139789 126.928984|35.139798 126.929171|35.139802 126.929425|35.139740 126.929746|35.139648 126.929988|35.139534 126.930144|35.139511 126.930164
13622042859,13622042847,116.56,0,0,466.222,35.139511 126.930164|35.139534 126.930144|35.139648 126.929988|35.139740 126.929746|35.139802 126.929425|35.139798 126.929171|35.139789 126.928984
8745101702,8745101703,2.63,0,0,10.523,35.138794 126.929634|35.138816 126.929644
8745101703,8745101702,2.63,0,0,10.523,35.138816 126.929644|35.138794 126.929634
8745101702,8745101704,36.52,0,0,146.098,35.138794 126.929634|35.138772 126.929779|35.138779 126.929832|35.138800 126.929887|35.138783 126.930026
8745101704,8745101702,36.52,0,0,146.098,35.138783 126.930026|35.138800 126.929887|35.138779 126.929832|35.138772 126.929779|35.138794 126.929634
4631627850,8726985918,10.30,0,0,41.185,35.143573 126.932376|35.143662 126.932346
8726985918,4631627850,10.30,0,0,41.185,35.143662 126.932346|35.143573 126.932376
4631627850,4631627853,29.60,0,0,118.380,35.143573 126.932376|35.143563 126.932361|35.143544 126.932338|35.143520 126.932323|35.143481 126.932321|35.143466 126.932324|35.143441 126.932341|35.143422 126.932367|35.143411 126.932399|35.143409 126.932434|35.143416 126.932467
4631627853,4631627850,29.60,0,0,118.380,35.143416 126.932467|35.143409 126.932434|35.143411 126.932399|35.143422 126.932367|35.143441 126.932341|35.143466 126.932324|35.143481 126.932321|35.143520 126.932323|35.143544 126.932338|35.143563 126.932361|35.143573 126.932376
8726985918,13622042752,13.83,0,0,55.314,35.143662 126.932346|35.143608 126.932209
13622042752,8726985918,13.83,0,0,55.314,35.143608 126.932209|35.143662 126.932346
8726985918,8726974596,21.63,0,0,86.532,35.143662 126.932346|35.143721 126.932481|35.143738 126.932564
8726974596,8726985918,21.63,0,0,86.532,35.143738 126.932564|35.143721 126.932481|35.143662 126.932346
4631736500,4631736501,136.83,6,7,138.057,35.147121 126.923397|35.146340 126.924560
4631736501,4631736500,136.83,6,7,138.057,35.146340 126.924560|35.147121 126.923397
4631736500,12491726396,10.97,4,6,10.972,35.147121 126.923397|35.147038 126.923333
12491726396,4631736500,10.97,4,6,10.972,35.147038 126.923333|35.147121 126.923397
4631736500,4806750803,11.26,4,4,11.262,35.147121 126.923397|35.147210 126.923455
4806750803,4631736500,11.26,4,4,11.262,35.147210 126.923455|35.147121 126.923397
4631736501,10729020823,8.59,2,2,8.594,35.146340 126.924560|35.146398 126.924622
10729020823,4631736501,8.59,2,2,8.594,35.146398 126.924622|35.146340 126.924560
4631736501,4631736502,27.83,2,4,27.833,35.146340 126.924560|35.146281 126.924549|35.146112 126.924442
4631736502,4631736501,27.83,2,4,27.833,35.146112 126.924442|35.146281 126.924549|35.146340 126.924560
12491726396,4806750809,52.97,2,10,52.966,35.147038 126.923333|35.146658 126.922981
4806750809,12491726396,52.97,2,10,52.966,35.146658 126.922981|35.147038 126.923333
12491726396,13056485377,7.67,2,6,7.667,35.147038 126.923333|35.146993 126.923396
13056485377,12491726396,7.67,2,6,7.667,35.146993 126.923396|35.147038 126.923333
4806750803,4806750805,55.24,4,7,55.242,35.147210 126.923455|35.147591 126.923064
4806750805,4806750803,55.24,4,7,55.242,35.147591 126.923064|35.147210 126.923455
10729020823,10729020822,23.56,2,1,24.071,35.146398 126.924622|35.146558 126.924793
10729020822,10729020823,23.56,2,1,24.071,35.146558 126.924793|35.146398 126.924622
10729020823,10729020829,15.49,2,1,15.529,35.146398 126.924622|35.146486 126.924490
10729020829,10729020823,15.49,2,1,15.529,35.146486 126.924490|35.146398 126.924622
4631736502,4631736504,47.34,2,8,47.335,35.146112 126.924442|35.145867 126.924867
4631736504,4631736502,47.34,2,8,47.335,35.145867 126.924867|35.146112 126.924442
4631736502,4631994444,107.91,2,9,108.280,35.146112 126.924442|35.145815 126.924162|35.145639 126.923606|35.145574 126.923500
4631994444,4631736502,107.91,2,9,108.280,35.145574 126.923500|35.145639 126.923606|35.145815 126.924162|35.146112 126.924442
4631736504,4631736503,45.74,0,10,114.340,35.145867 126.924867|35.145668 126.925308
4631736503,4631736504,45.74,0,10,114.340,35.145668 126.925308|35.145867 126.924867
4631736504,4631989870,84.19,3,10,84.189,35.145867 126.924867|35.145209 126.924409
4631989870,4631736504,84.19,3,10,84.189,35.145209 126.924409|35.145867 126.924867
4631994444,4631994443,33.69,0,5,84.225,35.145574 126.923500|35.145419 126.923819
4631994443,4631994444,33.69,0,5,84.225,35.145419 126.923819|35.145574 126.923500
4631994444,13089335757,46.20,0,5,115.495,35.145574 126.923500|35.145467 126.923273|35.145331 126.923091
13089335757,4631994444,46.20,0,5,115.495,35.145331 126.923091|35.145467 126.923273|35.145574 126.923500
4631736503,4631989871,84.19,3,13,84.190,35.145668 126.925308|35.145009 126.924852
4631989871,4631736503,84.19,3,13,84.190,35.145009 126.924852|35.145668 126.925308
4631736503,11752323719,40.90,5,11,40.901,35.145668 126.925308|35.145500 126.925707
11752323719,4631736503,40.90,5,11,40.901,35.145500 126.925707|35.145668 126.925308
4631989871,4631989870,45.94,3,6,45.936,35.145009 126.924852|35.145209 126.924409
4631989870,4631989871,45.94,3,6,45.936,35.145209 126.924409|35.145009 126.924852
4631989871,4780265983,81.37,3,11,81.373,35.145009 126.924852|35.144953 126.924995|35.144659 126.925637
4780265983,4631989871,81.37,3,11,81.373,35.144659 126.925637|35.144953 126.924995|35.145009 126.924852
11752323719,4780265981,36.63,5,10,36.634,35.145500 126.925707|35.145349 126.926066
4780265981,11752323719,36.63,5,10,36.634,35.145349 126.926066|35.145500 126.925707
11752323719,11752323718,45.57,5,14,45.568,35.145500 126.925707|35.145440 126.925673|35.145141 126.925466
11752323718,11752323719,45.57,5,14,45.568,35.145141 126.925466|35.145440 126.925673|35.145500 126.925707
11752323719,11752323720,69.58,5,16,69.578,35.145500 126.925707|35.145716 126.925833|35.145741 126.925853|35.145786 126.925890|35.145840 126.925924|35.145935 126.925981|35.146001 126.926126
11752323720,11752323719,69.58,5,16,69.578,35.146001 126.926126|35.145935 126.925981|35.145840 126.925924|35.145786 126.925890|35.145741 126.925853|35.145716 126.925833|35.145500 126.925707
4631989870,4631994443,58.55,3,7,58.554,35.145209 126.924409|35.145419 126.923819
4631994443,4631989870,58.55,3,7,58.554,35.145419 126.923819|35.145209 126.924409
4631834862,13622108240,5.78,0,0,23.125,35.140918 126.928205|35.140911 126.928142
13622108240,4631834862,5.78,0,0,23.125,35.140911 126.928142|35.140918 126.928205
13622108240,13622108227,52.81,0,0,211.242,35.140911 126.928142|35.141344 126.928380
13622108227,13622108240,52.81,0,0,211.242,35.141344 126.928380|35.140911 126.928142
13622108240,13622108220,77.34,0,0,309.353,35.140911 126.928142|35.140867 126.928148|35.140781 126.928282|35.140569 126.928852
13622108220,13622108240,77.34,0,0,309.353,35.140569 126.928852|35.140781 126.928282|35.140867 126.928148|35.140911 126.928142
4631834869,8745103332,12.82,0,0,51.268,35.140272 126.929112|35.140297 126.928974
8745103332,4631834869,12.82,0,0,51.268,35.140297 126.928974|35.140272 126.929112
8745103332,13622108218,34.05,0,0,136.187,35.140297 126.928974|35.140442 126.928991|35.140474 126.928962|35.140522 126.928827
13622108218,8745103332,34.05,0,0,136.187,35.140522 126.928827|35.140474 126.928962|35.140442 126.928991|35.140297 126.928974
4631835063,8745101671,133.75,0,0,535.002,35.137919 126.933103|35.137908 126.933177|35.137896 126.933228|35.137875 126.933279|35.137860 126.933315|35.137838 126.933351|35.137689 126.933531|35.137636 126.933602|35.137627 126.933634|35.137623 126.933645|35.137617 126.933693|35.137625 126.933753|35.137639 126.933772|35.137747 126.933923|35.137768 126.933964|35.137780 126.933996|35.137784 126.934071|35.138036 126.934067
8745101671,4631835063,133.75,0,0,535.002,35.138036 126.934067|35.137784 126.934071|35.137780 126.933996|35.137768 126.933964|35.137747 126.933923|35.137639 126.933772|35.137625 126.933753|35.137617 126.933693|35.137623 126.933645|35.137627 126.933634|35.137636 126.933602|35.137689 126.933531|35.137838 126.933351|35.137860 126.933315|35.137875 126.933279|35.137896 126.933228|35.137908 126.933177|35.137919 126.933103
4631835063,8745101710,120.21,0,0,480.857,35.137919 126.933103|35.137867 126.933113|35.137815 126.933131|35.137784 126.933163|35.137714 126.933243|35.137661 126.933290|35.137599 126.933333|35.137579 126.933346|35.137504 126.933380|35.137228 126.933412|35.137172 126.933422|35.137041 126.933437|35.137038 126.933510|35.137034 126.933599
8745101710,4631835063,120.21,0,0,480.857,35.137034 126.933599|35.137038 126.933510|35.137041 126.933437|35.137172 126.933422|35.137228 126.933412|35.137504 126.933380|35.137579 126.933346|35.137599 126.933333|35.137661 126.933290|35.137714 126.933243|35.137784 126.933163|35.137815 126.933131|35.137867 126.933113|35.137919 126.933103
8745101671,8745101672,3.25,0,0,13.009,35.138036 126.934067|35.138041 126.934103
8745101672,8745101671,3.25,0,0,13.009,35.138041 126.934103|35.138036 126.934067
8745101676,8745101675,13.97,0,0,55.895,35.142713 126.934432|35.142733 126.934584
8745101675,8745101676,13.97,0,0,55.895,35.142733 126.934584|35.142713 126.934432
8745101676,8745101677,127.63,0,0,510.535,35.142713 126.934432|35.143449 126.934259|35.143840 126.934168
8745101677,8745101676,127.63,0,0,510.535,35.143840 126.934168|35.143449 126.934259|35.142713 126.934432
4631845903,11144412091,12.92,0,0,51.699,35.142283 126.926013|35.142399 126.926010
11144412091,4631845903,12.92,0,0,51.699,35.142399 126.926010|35.142283 126.926013
4631845903,11144412059,62.39,0,2,159.763,35.142283 126.926013|35.142278 126.925959|35.142237 126.925329
11144412059,4631845903,62.39,0,2,159.763,35.142237 126.925329|35.142278 126.925959|35.142283 126.926013
4631845903,13622091987,77.48,0,0,309.916,35.142283 126.926013|35.142285 126.926072|35.142253 126.926086|35.142235 126.926132|35.142230 126.926613|35.142238 126.926701|35.142293 126.926814
13622091987,4631845903,77.48,0,0,309.916,35.142293 126.926814|35.142238 126.926701|35.142230 126.926613|35.142235 126.926132|35.142253 126.926086|35.142285 126.926072|35.142283 126.926013
11144412091,11144412088,38.66,0,0,154.651,35.142399 126.926010|35.142747 126.925999
11144412088,11144412091,38.66,0,0,154.651,35.142747 126.925999|35.142399 126.926010
11144412091,11144412097,9.66,0,0,38.639,35.142399 126.926010|35.142395 126.925904
11144412097,11144412091,9.66,0,0,38.639,35.142395 126.925904|35.142399 126.926010
11144412059,4729229227,24.50,0,2,61.269,35.142237 126.925329|35.142112 126.925345|35.142118 126.925461
4729229227,11144412059,24.50,0,2,61.269,35.142118 126.925461|35.142112 126.925345|35.142237 126.925329
11144412059,7863602416,64.30,2,2,68.606,35.142237 126.925329|35.142307 126.925316|35.142310 126.925262|35.142345 126.925257|35.142328 126.924982|35.142285 126.924825|35.142297 126.924747
7863602416,11144412059,64.30,2,2,68.606,35.142297 126.924747|35.142285 126.924825|35.142328 126.924982|35.142345 126.925257|35.142310 126.925262|35.142307 126.925316|35.142237 126.925329
13622091987,13622091988,1.58,0,0,6.329,35.142293 126.926814|35.142283 126.926826
13622091988,13622091987,1.58,0,0,6.329,35.142283 126.926826|35.142293 126.926814
13622091987,13622091961,29.31,0,0,117.254,35.142293 126.926814|35.142336 126.926853|35.142379 126.926872|35.142421 126.926879|35.142543 126.926878
13622091961,13622091987,29.31,0,0,117.254,35.142543 126.926878|35.142421 126.926879|35.142379 126.926872|35.142336 126.926853|35.142293 126.926814
4631849326,13622108219,17.41,0,0,69.659,35.140516 126.928614|35.140452 126.928789
13622108219,4631849326,17.41,0,0,69.659,35.140452 126.928789|35.140516 126.928614
4631849326,13622108224,14.98,0,0,59.925,35.140516 126.928614|35.140575 126.928467
13622108224,4631849326,14.98,0,0,59.925,35.140575 126.928467|35.140516 126.928614
4631849326,8745101699,93.06,0,0,372.245,35.140516 126.928614|35.139986 126.928452|35.139867 126.928408|35.139705 126.928358
8745101699,4631849326,93.06,0,0,372.245,35.139705 126.928358|35.139867 126.928408|35.139986 126.928452|35.140516 126.928614
13622108219,13622108218,8.58,0,0,34.306,35.140452 126.928789|35.140522 126.928827
13622108218,13622108219,8.58,0,0,34.306,35.140522 126.928827|35.140452 126.928789
13622108219,13622108221,51.21,0,0,204.851,35.140452 126.928789|35.140423 126.928868|35.140377 126.928911|35.140045 126.928886
13622108221,13622108219,51.21,0,0,204.851,35.140045 126.928886|35.140377 126.928911|35.140423 126.928868|35.140452 126.928789
4631849329,4707562645,71.20,0,0,284.789,35.143684 126.926303|35.143143 126.925999|35.143098 126.925998
4707562645,4631849329,71.20,0,0,284.789,35.143098 126.925998|35.143143 126.925999|35.143684 126.926303
4631849329,13622091936,40.83,0,0,163.315,35.143684 126.926303|35.143609 126.926426|35.143520 126.926536|35.143431 126.926626
13622091936,4631849329,40.83,0,0,163.315,35.143431 126.926626|35.143520 126.926536|35.143609 126.926426|35.143684 126.926303
4631849329,11144403893,110.39,0,1,342.912,35.143684 126.926303|35.143772 126.926148|35.143829 126.925986|35.143842 126.925917|35.143801 126.925821|35.143388 126.925565|35.143336 126.925482
11144403893,4631849329,110.39,0,1,342.912,35.143336 126.925482|35.143388 126.925565|35.143801 126.925821|35.143842 126.925917|35.143829 126.925986|35.143772 126.926148|35.143684 126.926303
4707562645,4631849331,25.07,0,0,100.289,35.143098 126.925998|35.142873 126.925990
4631849331,4707562645,25.07,0,0,100.289,35.142873 126.925990|35.143098 126.925998
4707562645,4707562647,43.44,0,0,173.761,35.143098 126.925998|35.143067 126.926061|35.143043 126.926127|35.143026 126.926193|35.143012 126.926262|35.142855 126.926263
4707562647,4707562645,43.44,0,0,173.761,35.142855 126.926263|35.143012 126.926262|35.143026 126.926193|35.143043 126.926127|35.143067 126.926061|35.143098 126.925998
13622091936,4631849335,65.10,0,0,260.406,35.143431 126.926626|35.143407 126.926650|35.143280 126.926720|35.143174 126.926752|35.143078 126.926769|35.142870 126.926787
4631849335,13622091936,65.10,0,0,260.406,35.142870 126.926787|35.143078 126.926769|35.143174 126.926752|35.143280 126.926720|35.143407 126.926650|35.143431 126.926626
13622091936,11118354411,37.88,0,0,151.518,35.143431 126.926626|35.143481 126.926719|35.143559 126.926865|35.143617 126.926975
11118354411,13622091936,37.88,0,0,151.518,35.143617 126.926975|35.143559 126.926865|35.143481 126.926719|35.143431 126.926626
4631994443,13089335760,39.65,0,6,99.113,35.145419 126.923819|35.145104 126.923613
13089335760,4631994443,39.65,0,6,99.113,35.145104 126.923613|35.145419 126.923819
4780265983,13089335750,42.80,0,7,107.000,35.144659 126.925637|35.144325 126.925404
13089335750,4780265983,42.80,0,7,107.000,35.144325 126.925404|35.144659 126.925637
4780265983,4780265981,86.03,5,13,86.028,35.144659 126.925637|35.144787 126.925714|35.145349 126.926066
4780265981,4780265983,86.03,5,13,86.028,35.145349 126.926066|35.144787 126.925714|35.144659 126.925637
4631994441,13089335757,7.39,0,3,18.465,35.145287 126.923031|35.145331 126.923091
13089335757,4631994441,7.39,0,3,18.465,35.145331 126.923091|35.145287 126.923031
4631994441,4654752862,42.03,0,5,105.064,35.145287 126.923031|35.145462 126.922621
4654752862,4631994441,42.03,0,5,105.064,35.145462 126.922621|35.145287 126.923031
4631994441,4631994442,56.26,0,5,140.659,35.145287 126.923031|35.145047 126.923576
4631994442,4631994441,56.26,0,5,140.659,35.145047 126.923576|35.145287 126.923031
13089335757,13089335760,53.77,0,5,134.425,35.145331 126.923091|35.145325 126.923107|35.145104 126.923613
13089335760,13089335757,53.77,0,5,134.425,35.145104 126.923613|35.145325 126.923107|35.145331 126.923091
13089335757,13089335758,44.19,0,5,110.481,35.145331 126.923091|35.145343 126.923064|35.145498 126.922709|35.145518 126.922662
13089335758,13089335757,44.19,0,5,110.481,35.145518 126.922662|35.145498 126.922709|35.145343 126.923064|35.145331 126.923091
4654752862,13089335752,10.58,0,4,26.444,35.145462 126.922621|35.145375 126.922574
13089335752,4654752862,10.58,0,4,26.444,35.145375 126.922574|35.145462 126.922621
4654752862,13089335758,7.31,0,4,18.287,35.145462 126.922621|35.145518 126.922662
13089335758,4654752862,7.31,0,4,18.287,35.145518 126.922662|35.145462 126.922621
4631994442,13089335753,9.86,0,3,24.655,35.145047 126.923576|35.144971 126.923520
13089335753,4631994442,9.86,0,3,24.655,35.144971 126.923520|35.145047 126.923576
4631994442,13089335760,7.20,0,3,17.996,35.145047 126.923576|35.145104 126.923613
13089335760,4631994442,7.20,0,3,17.996,35.145104 126.923613|35.145047 126.923576
13089335753,4631994447,40.83,0,8,102.070,35.144971 126.923520|35.144655 126.923290
4631994447,13089335753,40.83,0,8,102.070,35.144655 126.923290|35.144971 126.923520
13089335753,13089335754,64.62,0,2,165.951,35.144971 126.923520|35.144702 126.924151
13089335754,13089335753,64.62,0,2,165.951,35.144702 126.924151|35.144971 126.923520
13089335753,13089335752,97.10,0,6,243.046,35.144971 126.923520|35.145075 126.923276|35.145375 126.922574
13089335752,13089335753,97.10,0,6,243.046,35.145375 126.922574|35.145075 126.923276|35.144971 126.923520
13089335760,13089335737,103.44,3,8,103.519,35.145104 126.923613|35.144726 126.924483|35.144728 126.924511|35.144734 126.924538|35.144750 126.924576|35.144761 126.924598|35.144781 126.924610
13089335737,13089335760,103.44,3,8,103.519,35.144781 126.924610|35.144761 126.924598|35.144750 126.924576|35.144734 126.924538|35.144728 126.924511|35.144726 126.924483|35.145104 126.923613
4631994447,4654752859,79.58,0,17,198.938,35.144655 126.923290|35.145001 126.922524
4654752859,4631994447,79.58,0,17,198.938,35.145001 126.922524|35.144655 126.923290
4654752859,4654752866,36.88,0,16,92.208,35.145001 126.922524|35.144763 126.922241
4654752866,4654752859,36.88,0,16,92.208,35.144763 126.922241|35.145001 126.922524
4654752859,13089335752,48.78,0,10,121.941,35.145001 126.922524|35.145163 126.922634|35.145279 126.922521|35.145375 126.922574
13089335752,4654752859,48.78,0,10,121.941,35.145375 126.922574|35.145279 126.922521|35.145163 126.922634|35.145001 126.922524
4634312099,13903377605,35.47,0,0,141.896,35.132729 126.922389|35.132464 126.922605
13903377605,4634312099,35.47,0,0,141.896,35.132464 126.922605|35.132729 126.922389
4634312099,5263245974,43.72,0,0,174.896,35.132729 126.922389|35.133057 126.922123
5263245974,4634312099,43.72,0,0,174.896,35.133057 126.922123|35.132729 126.922389
13903377605,4785413209,65.11,0,0,260.437,35.132464 126.922605|35.131976 126.923002
4785413209,13903377605,65.11,0,0,260.437,35.131976 126.923002|35.132464 126.922605
13903377605,13903377602,66.11,0,0,264.432,35.132464 126.922605|35.132504 126.922696|35.132468 126.923238|35.132439 126.923310
13903377602,13903377605,66.11,0,0,264.432,35.132439 126.923310|35.132468 126.923238|35.132504 126.922696|35.132464 126.922605
5263245974,5263245979,41.19,0,0,164.777,35.133057 126.922123|35.133365 126.921872
5263245979,5263245974,41.19,0,0,164.777,35.133365 126.921872|35.133057 126.922123
5263245974,5263245977,99.99,0,0,399.944,35.133057 126.922123|35.133507 126.922894|35.133584 126.922852|35.133622 126.922868
5263245977,5263245974,99.99,0,0,399.944,35.133622 126.922868|35.133584 126.922852|35.133507 126.922894|35.133057 126.922123
4634312158,4634312165,53.83,0,0,215.326,35.136215 126.916360|35.136472 126.916861
4634312165,4634312158,53.83,0,0,215.326,35.136472 126.916861|35.136215 126.916360
4634312158,5746992365,14.26,0,0,57.040,35.136215 126.916360|35.136097 126.916421
5746992365,4634312158,14.26,0,0,57.040,35.136097 126.916421|35.136215 126.916360
4634312165,4634312167,8.63,0,0,34.528,35.136472 126.916861|35.136498 126.916951
4634312167,4634312165,8.63,0,0,34.528,35.136498 126.916951|35.136472 126.916861
4634312165,5746992424,91.91,0,0,367.655,35.136472 126.916861|35.136798 126.916743|35.136960 126.917304
5746992424,4634312165,91.91,0,0,367.655,35.136960 126.917304|35.136798 126.916743|35.136472 126.916861
5746992365,5746992357,23.03,0,0,92.117,35.136097 126.916421|35.135909 126.916314
5746992357,5746992365,23.03,0,0,92.117,35.135909 126.916314|35.136097 126.916421
5746992365,5746992397,42.78,0,0,171.114,35.136097 126.916421|35.136049 126.916511|35.136020 126.916581|35.136016 126.916656|35.136056 126.916796|35.136035 126.916852
5746992397,5746992365,42.78,0,0,171.114,35.136035 126.916852|35.136056 126.916796|35.136016 126.916656|35.136020 126.916581|35.136049 126.916511|35.136097 126.916421
4634312167,4634312170,25.08,0,0,100.324,35.136498 126.916951|35.136288 126.917053
4634312170,4634312167,25.08,0,0,100.324,35.136288 126.917053|35.136498 126.916951
5160931398,5160931402,76.39,0,0,305.551,35.136846 126.918341|35.136893 126.918318|35.137257 126.918192|35.137429 126.918189|35.137512 126.918160
5160931402,5160931398,76.39,0,0,305.551,35.137512 126.918160|35.137429 126.918189|35.137257 126.918192|35.136893 126.918318|35.136846 126.918341
5160931398,12382454531,37.78,0,0,151.128,35.136846 126.918341|35.136884 126.918440|35.136930 126.918530|35.137021 126.918696
12382454531,5160931398,37.78,0,0,151.128,35.137021 126.918696|35.136930 126.918530|35.136884 126.918440|35.136846 126.918341
4634312170,5746992398,19.99,0,0,79.960,35.136288 126.917053|35.136117 126.917119
5746992398,4634312170,19.99,0,0,79.960,35.136117 126.917119|35.136288 126.917053
4634312170,5746992417,42.20,0,0,168.810,35.136288 126.917053|35.136333 126.917223|35.136373 126.917339|35.136392 126.917395|35.136392 126.917455|35.136382 126.917492
5746992417,4634312170,42.20,0,0,168.810,35.136382 126.917492|35.136392 126.917455|35.136392 126.917395|35.136373 126.917339|35.136333 126.917223|35.136288 126.917053
5746992398,5746992397,25.96,0,0,103.836,35.136117 126.917119|35.136035 126.916852
5746992397,5746992398,25.96,0,0,103.836,35.136035 126.916852|35.136117 126.917119
5746992398,5746992416,20.23,0,0,80.900,35.136117 126.917119|35.136038 126.917150|35.135949 126.917203
5746992416,5746992398,20.23,0,0,80.900,35.135949 126.917203|35.136038 126.917150|35.136117 126.917119
10945738312,10945738309,85.84,3,2,98.368,35.138365 126.920354|35.138454 126.920505|35.138510 126.920590|35.138876 126.921058
10945738309,10945738312,85.84,3,2,98.368,35.138876 126.921058|35.138510 126.920590|35.138454 126.920505|35.138365 126.920354
10945738307,10945738309,24.52,2,1,25.144,35.139051 126.920893|35.138876 126.921058
10945738309,10945738307,24.52,2,1,25.144,35.138876 126.921058|35.139051 126.920893
10945738307,10945738318,9.72,0,3,24.306,35.139051 126.920893|35.139120 126.920828
10945738318,10945738307,9.72,0,3,24.306,35.139120 126.920828|35.139051 126.920893
10945738307,10945728296,42.10,0,2,105.807,35.139051 126.920893|35.139290 126.921185|35.139318 126.921222
10945728296,10945738307,42.10,0,2,105.807,35.139318 126.921222|35.139290 126.921185|35.139051 126.920893
10902011905,10902011907,18.27,1,0,45.667,35.140476 126.922055|35.140533 126.922164|35.140564 126.922224
10902011907,10902011905,18.27,1,0,45.667,35.140564 126.922224|35.140533 126.922164|35.140476 126.922055
10902011905,10959743406,36.21,1,2,36.428,35.140476 126.922055|35.140279 126.922207|35.140201 126.922268
10959743406,10902011905,36.21,1,2,36.428,35.140201 126.922268|35.140279 126.922207|35.140476 126.922055
10945710330,10945710285,30.97,0,4,77.431,35.140034 126.921808|35.139899 126.922106
10945710285,10945710330,30.97,0,4,77.431,35.139899 126.922106|35.140034 126.921808
10945710330,10950814782,13.69,0,4,34.222,35.140034 126.921808|35.140017 126.921800|35.139917 126.921762
10950814782,10945710330,13.69,0,4,34.222,35.139917 126.921762|35.140017 126.921800|35.140034 126.921808
4634340448,10941749690,16.36,0,5,40.912,35.139482 126.921445|35.139367 126.921557
10941749690,4634340448,16.36,0,5,40.912,35.139367 126.921557|35.139482 126.921445
4634340448,10945707393,38.67,0,9,96.685,35.139482 126.921445|35.139590 126.921590|35.139610 126.921613|35.139692 126.921662|35.139757 126.921691
10945707393,4634340448,38.67,0,9,96.685,35.139757 126.921691|35.139692 126.921662|35.139610 126.921613|35.139590 126.921590|35.139482 126.921445
4634340448,10945728296,27.34,0,2,68.389,35.139482 126.921445|35.139405 126.921341|35.139348 126.921263|35.139318 126.921222
10945728296,4634340448,27.34,0,2,68.389,35.139318 126.921222|35.139348 126.921263|35.139405 126.921341|35.139482 126.921445
10941749690,10941749689,74.29,0,5,185.858,35.139367 126.921557|35.139273 126.921456|35.139033 126.921730|35.139036 126.921823|35.139090 126.921885|35.139135 126.921828
10941749689,10941749690,74.29,0,5,185.858,35.139135 126.921828|35.139090 126.921885|35.139036 126.921823|35.139033 126.921730|35.139273 126.921456|35.139367 126.921557
10941749690,10941749674,52.56,0,5,131.397,35.139367 126.921557|35.139476 126.921673|35.139357 126.921865|35.139255 126.921967
10941749674,10941749690,52.56,0,5,131.397,35.139255 126.921967|35.139357 126.921865|35.139476 126.921673|35.139367 126.921557
10945707393,10945710281,14.75,0,4,36.872,35.139757 126.921691|35.139881 126.921748
10945710281,10945707393,14.75,0,4,36.872,35.139881 126.921748|35.139757 126.921691
10945707393,10945707395,34.61,0,7,86.532,35.139757 126.921691|35.139670 126.921981|35.139727 126.922001
10945707395,10945707393,34.61,0,7,86.532,35.139727 126.922001|35.139670 126.921981|35.139757 126.921691
10945728296,10945728298,97.44,2,2,116.361,35.139318 126.921222|35.139003 126.921611|35.138698 126.921243
10945728298,10945728296,97.44,2,2,116.361,35.138698 126.921243|35.139003 126.921611|35.139318 126.921222
10945728296,10945738323,38.72,0,4,96.806,35.139318 126.921222|35.139530 126.920926|35.139556 126.920925
10945738323,10945728296,38.72,0,4,96.806,35.139556 126.920925|35.139530 126.920926|35.139318 126.921222
12851177179,12851177182,39.81,0,0,159.246,35.137567 126.929504|35.137424 126.929347|35.137336 126.929287|35.137279 126.929247
12851177182,12851177179,39.81,0,0,159.246,35.137279 126.929247|35.137336 126.929287|35.137424 126.929347|35.137567 126.929504
4650512485,4650512487,126.98,0,0,507.922,35.137869 126.930783|35.138070 126.930800|35.139009 126.930753
4650512487,4650512485,126.98,0,0,507.922,35.139009 126.930753|35.138070 126.930800|35.137869 126.930783
4650512485,8745101706,40.62,0,0,162.475,35.137869 126.930783|35.137713 126.930833|35.137771 126.931073
8745101706,4650512485,40.62,0,0,162.475,35.137771 126.931073|35.137713 126.930833|35.137869 126.930783
4650512487,8726974606,44.59,0,0,178.347,35.139009 126.930753|35.139408 126.930701
8726974606,4650512487,44.59,0,0,178.347,35.139408 126.930701|35.139009 126.930753
8745101706,8745101708,64.92,0,0,259.682,35.137771 126.931073|35.137935 126.931759
8745101708,8745101706,64.92,0,0,259.682,35.137935 126.931759|35.137771 126.931073
8745101706,8745101707,4.89,0,0,19.577,35.137771 126.931073|35.137729 126.931090
8745101707,8745101706,4.89,0,0,19.577,35.137729 126.931090|35.137771 126.931073
8726974606,13621892250,45.87,0,0,183.471,35.139408 126.930701|35.139454 126.931202
13621892250,8726974606,45.87,0,0,183.471,35.139454 126.931202|35.139408 126.930701
8726974606,13621892236,55.36,0,0,221.437,35.139408 126.930701|35.139429 126.930697|35.139882 126.930518
13621892236,8726974606,55.36,0,0,221.437,35.139882 126.930518|35.139429 126.930697|35.139408 126.930701
4650512689,13621892236,7.75,0,0,30.990,35.139949 126.930492|35.139882 126.930518
13621892236,4650512689,7.75,0,0,30.990,35.139882 126.930518|35.139949 126.930492
4650512689,13622042899,2.93,0,0,11.739,35.139949 126.930492|35.139975 126.930487
13622042899,4650512689,2.93,0,0,11.739,35.139975 126.930487|35.139949 126.930492
4650512689,13621892246,68.48,0,0,273.925,35.139949 126.930492|35.139872 126.930734|35.139877 126.930778|35.139925 126.931223
13621892246,4650512689,68.48,0,0,273.925,35.139925 126.931223|35.139877 126.930778|35.139872 126.930734|35.139949 126.930492
13621892236,4659337850,113.67,0,0,454.669,35.139882 126.930518|35.139877 126.930340|35.139853 126.930243|35.139824 126.930216|35.139796 126.930201|35.139771 126.930203|35.139746 126.930216|35.139716 126.930243|35.139639 126.930365|35.139590 126.930435|35.139542 126.930470|35.139438 126.930501|35.139371 126.930508|35.139332 126.930495|35.139301 126.930458|35.139282 126.930394|35.139273 126.930313
4659337850,13621892236,113.67,0,0,454.669,35.139273 126.930313|35.139282 126.930394|35.139301 126.930458|35.139332 126.930495|35.139371 126.930508|35.139438 126.930501|35.139542 126.930470|35.139590 126.930435|35.139639 126.930365|35.139716 126.930243|35.139746 126.930216|35.139771 126.930203|35.139796 126.930201|35.139824 126.930216|35.139853 126.930243|35.139877 126.930340|35.139882 126.930518
13622042899,13622042892,130.60,0,0,522.412,35.139975 126.930487|35.139963 126.930330|35.140094 126.930018|35.140150 126.929983|35.140217 126.929995|35.140367 126.930082|35.140407 126.930064|35.140602 126.929609
13622042892,13622042899,130.60,0,0,522.412,35.140602 126.929609|35.140407 126.930064|35.140367 126.930082|35.140217 126.929995|35.140150 126.929983|35.140094 126.930018|35.139963 126.930330|35.139975 126.930487
13621892246,13621892251,33.90,0,0,135.604,35.139925 126.931223|35.139622 126.931265
13621892251,13621892246,33.90,0,0,135.604,35.139622 126.931265|35.139925 126.931223
13621892246,8745103341,13.52,0,0,54.092,35.139925 126.931223|35.140046 126.931205
8745103341,13621892246,13.52,0,0,54.092,35.140046 126.931205|35.139925 126.931223
13621892246,13621892245,16.92,0,0,67.664,35.139925 126.931223|35.139944 126.931408
13621892245,13621892246,16.92,0,0,67.664,35.139944 126.931408|35.139925 126.931223
4650513066,8745101708,21.14,0,0,84.552,35.137988 126.931982|35.137935 126.931759
8745101708,4650513066,21.14,0,0,84.552,35.137935 126.931759|35.137988 126.931982
8745101708,8745101709,4.88,0,0,19.531,35.137935 126.931759|35.137896 126.931783
8745101709,8745101708,4.88,0,0,19.531,35.137896 126.931783|35.137935 126.931759
4650775319,10142960906,21.06,0,3,52.654,35.135583 126.932087|35.135610 126.931857
10142960906,4650775319,21.06,0,3,52.654,35.135610 126.931857|35.135583 126.932087
4650775319,10142960917,62.98,0,3,158.253,35.135583 126.932087|35.135591 126.932779
10142960917,4650775319,62.98,0,3,158.253,35.135591 126.932779|35.135583 126.932087
4650775319,9462145420,134.90,0,9,337.509,35.135583 126.932087|35.135390 126.932049|35.135070 126.931986|35.134384 126.931855
9462145420,4650775319,134.90,0,9,337.509,35.134384 126.931855|35.135070 126.931986|35.135390 126.932049|35.135583 126.932087
4650775319,10142960911,72.63,0,4,182.011,35.135583 126.932087|35.135783 126.932145|35.136036 126.932178|35.136082 126.932188|35.136151 126.932212|35.136219 126.932249
10142960911,4650775319,72.63,0,4,182.011,35.136219 126.932249|35.136151 126.932212|35.136082 126.932188|35.136036 126.932178|35.135783 126.932145|35.135583 126.932087
10142960906,10142960927,64.35,0,4,161.061,35.135610 126.931857|35.135037 126.931757
10142960927,10142960906,64.35,0,4,161.061,35.135037 126.931757|35.135610 126.931857
10142960917,10142960918,39.71,0,0,158.825,35.135591 126.932779|35.135234 126.932797
10142960918,10142960917,39.71,0,0,158.825,35.135234 126.932797|35.135591 126.932779
10142960917,10142960922,75.97,0,3,192.117,35.135591 126.932779|35.135797 126.932779|35.135824 126.932757|35.135836 126.932723|35.135826 126.932216
10142960922,10142960917,75.97,0,3,192.117,35.135826 126.932216|35.135836 126.932723|35.135824 126.932757|35.135797 126.932779|35.135591 126.932779
9462145420,5160931408,20.72,0,7,51.796,35.134384 126.931855|35.134346 126.931850|35.134201 126.931814
5160931408,9462145420,20.72,0,7,51.796,35.134201 126.931814|35.134346 126.931850|35.134384 126.931855
9462145420,9462145418,84.64,3,7,84.677,35.134384 126.931855|35.134316 126.932317|35.134249 126.932771
9462145418,9462145420,84.64,3,7,84.677,35.134249 126.932771|35.134316 126.932317|35.134384 126.931855
10142960911,10142960915,31.01,0,3,77.523,35.136219 126.932249|35.136263 126.932285|35.136289 126.932322|35.136323 126.932385|35.136388 126.932515
10142960915,10142960911,31.01,0,3,77.523,35.136388 126.932515|35.136323 126.932385|35.136289 126.932322|35.136263 126.932285|35.136219 126.932249
10142960911,10248473609,617.13,0,10,1725.953,35.136219 126.932249|35.136399 126.932039|35.136589 126.932087|35.136776 126.932071|35.136921 126.932033|35.137022 126.931958|35.137079 126.932055|35.136918 126.933259|35.136831 126.933560|35.136787 126.933796|35.136835 126.933889|35.136896 126.934276|35.137046 126.934683|35.137230 126.934973|35.137454 126.935252|35.137673 126.935499|35.138019 126.935847|35.138160 126.936040|35.138327 126.936464|35.138605 126.936742
10248473609,10142960911,617.13,0,10,1725.953,35.138605 126.936742|35.138327 126.936464|35.138160 126.936040|35.138019 126.935847|35.137673 126.935499|35.137454 126.935252|35.137230 126.934973|35.137046 126.934683|35.136896 126.934276|35.136835 126.933889|35.136787 126.933796|35.136831 126.933560|35.136918 126.933259|35.137079 126.932055|35.137022 126.931958|35.136921 126.932033|35.136776 126.932071|35.136589 126.932087|35.136399 126.932039|35.136219 126.932249
4650775321,5684922693,47.11,3,9,47.110,35.132672 126.931446|35.133088 126.931546
5684922693,4650775321,47.11,3,9,47.110,35.133088 126.931546|35.132672 126.931446
4650775321,4813456814,82.98,3,10,82.978,35.132672 126.931446|35.132750 126.930980|35.132813 126.930550
4813456814,4650775321,82.98,3,10,82.978,35.132813 126.930550|35.132750 126.930980|35.132672 126.931446
4650775321,10167810605,21.30,6,5,21.301,35.132672 126.931446|35.132649 126.931577|35.132632 126.931675
10167810605,4650775321,21.30,6,5,21.301,35.132632 126.931675|35.132649 126.931577|35.132672 126.931446
5684922693,12430453919,21.72,0,8,54.311,35.133088 126.931546|35.133280 126.931592
12430453919,5684922693,21.72,0,8,54.311,35.133280 126.931592|35.133088 126.931546
5684922693,5684922697,82.22,2,8,82.267,35.133088 126.931546|35.133142 126.931280|35.133211 126.931151|35.133237 126.931063|35.133516 126.931236
5684922697,5684922693,82.22,2,8,82.267,35.133516 126.931236|35.133237 126.931063|35.133211 126.931151|35.133142 126.931280|35.133088 126.931546
4813456814,5660918678,48.59,0,7,121.472,35.132813 126.930550|35.132387 126.930433
5660918678,4813456814,48.59,0,7,121.472,35.132387 126.930433|35.132813 126.930550
4813456814,5684922697,112.83,2,8,113.429,35.132813 126.930550|35.132936 126.930589|35.133192 126.930751|35.133510 126.930973|35.133537 126.930993|35.133544 126.931018|35.133516 126.931236
5684922697,4813456814,112.83,2,8,113.429,35.133516 126.931236|35.133544 126.931018|35.133537 126.930993|35.133510 126.930973|35.133192 126.930751|35.132936 126.930589|35.132813 126.930550
10167810605,10167820920,59.55,9,11,59.547,35.132632 126.931675|35.132990 126.931772|35.133065 126.931822|35.133049 126.931923
10167820920,10167810605,59.55,9,11,59.547,35.133049 126.931923|35.133065 126.931822|35.132990 126.931772|35.132632 126.931675
4654752866,4902023303,47.01,0,16,117.531,35.144763 126.922241|35.144442 126.922579
4902023303,4654752866,47.01,0,16,117.531,35.144442 126.922579|35.144763 126.922241
4654752866,4654752869,74.59,4,17,74.593,35.144763 126.922241|35.144587 126.921926|35.144547 126.921830|35.144513 126.921725|35.144463 126.921515
4654752869,4654752866,74.59,4,17,74.593,35.144463 126.921515|35.144513 126.921725|35.144547 126.921830|35.144587 126.921926|35.144763 126.922241
13089335752,13056485342,45.70,0,4,114.272,35.145375 126.922574|35.145404 126.922504|35.145558 126.922123
13056485342,13089335752,45.70,0,4,114.272,35.145558 126.922123|35.145404 126.922504|35.145375 126.922574
13089335758,12491726386,7.69,0,4,19.224,35.145518 126.922662|35.145578 126.922705
12491726386,13089335758,7.69,0,4,19.224,35.145578 126.922705|35.145518 126.922662
13089335758,13056485345,45.42,0,6,113.548,35.145518 126.922662|35.145557 126.922573|35.145689 126.922246|35.145707 126.922220
13056485345,13089335758,45.42,0,6,113.548,35.145707 126.922220|35.145689 126.922246|35.145557 126.922573|35.145518 126.922662
12585138706,4654752864,34.57,4,17,34.565,35.144166 126.923349|35.144016 126.923015
4654752864,12585138706,34.57,4,17,34.565,35.144016 126.923015|35.144166 126.923349
12585138706,12585138707,20.35,4,15,20.350,35.144166 126.923349|35.144334 126.923259
12585138707,12585138706,20.35,4,15,20.350,35.144334 126.923259|35.144166 126.923349
4654752864,12585138708,38.96,4,16,38.960,35.144016 126.923015|35.143861 126.922631
12585138708,4654752864,38.96,4,16,38.960,35.143861 126.922631|35.144016 126.923015
4654752864,4902023303,61.87,4,23,61.872,35.144016 126.923015|35.144118 126.922920|35.144442 126.922579
4902023303,4654752864,61.87,4,23,61.872,35.144442 126.922579|35.144118 126.922920|35.144016 126.923015
12585138708,6821621100,59.95,4,21,59.952,35.143861 126.922631|35.143980 126.922507|35.143973 126.922408|35.144168 126.922203|35.144205 126.922172
6821621100,12585138708,59.95,4,21,59.952,35.144205 126.922172|35.144168 126.922203|35.143973 126.922408|35.143980 126.922507|35.143861 126.922631
4902023303,6821621100,45.44,0,20,113.591,35.144442 126.922579|35.144205 126.922172
6821621100,4902023303,45.44,0,20,113.591,35.144205 126.922172|35.144442 126.922579
13089326498,13089335707,115.32,4,14,115.322,35.143358 126.920970|35.144330 126.921412
13089335707,13089326498,115.32,4,14,115.322,35.144330 126.921412|35.143358 126.920970
13089326498,13089326497,64.91,3,10,64.911,35.143358 126.920970|35.142814 126.920710
13089326497,13089326498,64.91,3,10,64.911,35.142814 126.920710|35.143358 126.920970
8690512587,10804342829,16.13,4,7,16.134,35.144222 126.921257|35.144358 126.921319
10804342829,8690512587,16.13,4,7,16.134,35.144358 126.921319|35.144222 126.921257
8690512587,13089335708,13.26,4,5,13.260,35.144222 126.921257|35.144250 126.921154|35.144235 126.921122
13089335708,8690512587,13.26,4,5,13.260,35.144235 126.921122|35.144250 126.921154|35.144222 126.921257
4654752869,13089326499,3.44,4,5,3.441,35.144463 126.921515|35.144469 126.921478
13089326499,4654752869,3.44,4,5,3.441,35.144469 126.921478|35.144463 126.921515
4654752869,4902023301,50.44,4,12,50.437,35.144463 126.921515|35.144035 126.921698
4902023301,4654752869,50.44,4,12,50.437,35.144035 126.921698|35.144463 126.921515
4654752868,13089326499,9.36,4,6,9.360,35.144486 126.921377|35.144469 126.921478
13089326499,4654752868,9.36,4,6,9.360,35.144469 126.921478|35.144486 126.921377
4654752868,12585138732,7.91,4,6,7.909,35.144486 126.921377|35.144552 126.921409
12585138732,4654752868,7.91,4,6,7.909,35.144552 126.921409|35.144486 126.921377
4654752868,10804342829,15.19,4,6,15.194,35.144486 126.921377|35.144358 126.921319
10804342829,4654752868,15.19,4,6,15.194,35.144358 126.921319|35.144486 126.921377
13089326499,13056485341,122.89,4,9,123.014,35.144469 126.921478|35.144486 126.921486|35.144509 126.921496|35.145512 126.921928
13056485341,13089326499,122.89,4,9,123.014,35.145512 126.921928|35.144509 126.921496|35.144486 126.921486|35.144469 126.921478
13089326499,13089335707,16.66,4,7,16.662,35.144469 126.921478|35.144414 126.921450|35.144330 126.921412
13089335707,13089326499,16.66,4,7,16.662,35.144330 126.921412|35.144414 126.921450|35.144469 126.921478
12585138732,13089335710,11.98,4,5,11.981,35.144552 126.921409|35.144586 126.921284
13089335710,12585138732,11.98,4,5,11.981,35.144586 126.921284|35.144552 126.921409
12585138732,4780266017,4.71,4,5,4.713,35.144552 126.921409|35.144592 126.921428
4780266017,12585138732,4.71,4,5,4.713,35.144592 126.921428|35.144552 126.921409
10804342829,13089335707,9.01,4,7,9.014,35.144358 126.921319|35.144338 126.921384|35.144330 126.921412
13089335707,10804342829,9.01,4,7,9.014,35.144330 126.921412|35.144338 126.921384|35.144358 126.921319
10804342829,13089335704,11.94,4,6,11.937,35.144358 126.921319|35.144384 126.921235|35.144396 126.921196
13089335704,10804342829,11.94,4,6,11.937,35.144396 126.921196|35.144384 126.921235|35.144358 126.921319
4902023301,6821621100,47.23,0,15,118.068,35.144035 126.921698|35.144130 126.922021|35.144205 126.922172
6821621100,4902023301,47.23,0,15,118.068,35.144205 126.922172|35.144130 126.922021|35.144035 126.921698
4659157432,11134046248,64.91,0,0,259.620,35.139473 126.936067|35.140048 126.935945
11134046248,4659157432,64.91,0,0,259.620,35.140048 126.935945|35.139473 126.936067
11134046248,11134046480,68.38,0,0,273.529,35.140048 126.935945|35.140043 126.936001|35.140043 126.936050|35.139525 126.936179
11134046480,11134046248,68.38,0,0,273.529,35.139525 126.936179|35.140043 126.936050|35.140043 126.936001|35.140048 126.935945
5409319038,5409319027,10.56,0,0,42.244,35.143556 126.929671|35.143569 126.929665|35.143583 126.929650|35.143591 126.929632|35.143593 126.929612|35.143590 126.929594|35.143582 126.929578
5409319027,5409319038,10.56,0,0,42.244,35.143582 126.929578|35.143590 126.929594|35.143593 126.929612|35.143591 126.929632|35.143583 126.929650|35.143569 126.929665|35.143556 126.929671
5409319038,13622108217,7.65,0,0,30.619,35.143556 126.929671|35.143540 126.929672|35.143524 126.929667|35.143511 126.929655|35.143502 126.929639|35.143501 126.929634
13622108217,5409319038,7.65,0,0,30.619,35.143501 126.929634|35.143502 126.929639|35.143511 126.929655|35.143524 126.929667|35.143540 126.929672|35.143556 126.929671
4659337850,13622042856,25.30,0,0,101.209,35.139273 126.930313|35.139328 126.930043
13622042856,4659337850,25.30,0,0,101.209,35.139328 126.930043|35.139273 126.930313
4659337850,8745101704,77.21,0,0,308.847,35.139273 126.930313|35.139075 126.930324|35.138932 126.930292|35.138758 126.930231|35.138783 126.930026
8745101704,4659337850,77.21,0,0,308.847,35.138783 126.930026|35.138758 126.930231|35.138932 126.930292|35.139075 126.930324|35.139273 126.930313
4659337850,13622042859,29.89,0,0,119.575,35.139273 126.930313|35.139328 126.930287|35.139409 126.930243|35.139471 126.930199|35.139511 126.930164
13622042859,4659337850,29.89,0,0,119.575,35.139511 126.930164|35.139471 126.930199|35.139409 126.930243|35.139328 126.930287|35.139273 126.930313
13622042856,13622042850,13.97,0,0,55.882,35.139328 126.930043|35.139371 126.929941|35.139379 126.929903
13622042850,13622042856,13.97,0,0,55.882,35.139379 126.929903|35.139371 126.929941|35.139328 126.930043
13622042856,13622042859,23.69,0,0,94.752,35.139328 126.930043|35.139401 126.930063|35.139462 126.930111|35.139511 126.930164
13622042859,13622042856,23.69,0,0,94.752,35.139511 126.930164|35.139462 126.930111|35.139401 126.930063|35.139328 126.930043
8745101704,8745101705,1.08,0,0,4.325,35.138783 126.930026|35.138776 126.930019
8745101705,8745101704,1.08,0,0,4.325,35.138776 126.930019|35.138783 126.930026
4664959373,13074276910,108.00,7,18,108.000,35.144538 126.919019|35.144801 126.918984|35.144962 126.918939|35.145139 126.918828|35.145247 126.918778|35.145464 126.918696
13074276910,4664959373,108.00,7,18,108.000,35.145464 126.918696|35.145247 126.918778|35.145139 126.918828|35.144962 126.918939|35.144801 126.918984|35.144538 126.919019
4664959373,4813264906,131.35,12,29,131.349,35.144538 126.919019|35.144298 126.919050|35.144234 126.919079|35.143538 126.919721
4813264906,4664959373,131.35,12,29,131.349,35.143538 126.919721|35.144234 126.919079|35.144298 126.919050|35.144538 126.919019
13074276910,4664959376,18.91,3,5,18.907,35.145464 126.918696|35.145626 126.918635
4664959376,13074276910,18.91,3,5,18.907,35.145626 126.918635|35.145464 126.918696
13074276910,13074276913,33.62,3,6,33.616,35.145464 126.918696|35.145385 126.918339
13074276913,13074276910,33.62,3,6,33.616,35.145385 126.918339|35.145464 126.918696
4664959376,13074276912,33.16,3,7,33.162,35.145626 126.918635|35.145552 126.918282
13074276912,4664959376,33.16,3,7,33.162,35.145552 126.918282|35.145626 126.918635
13074276912,4715129131,5.26,3,6,5.258,35.145552 126.918282|35.145540 126.918226
4715129131,13074276912,5.26,3,6,5.258,35.145540 126.918226|35.145552 126.918282
13074276912,13074276913,19.26,3,7,19.257,35.145552 126.918282|35.145385 126.918339
13074276913,13074276912,19.26,3,7,19.257,35.145385 126.918339|35.145552 126.918282
4664959377,4715129131,68.56,9,9,68.564,35.145364 126.917503|35.145540 126.918226
4715129131,4664959377,68.56,9,9,68.564,35.145540 126.918226|35.145364 126.917503
4664959377,13056485458,90.45,10,6,90.627,35.145364 126.917503|35.145751 126.917409|35.146163 126.917314
13056485458,4664959377,90.45,10,6,90.627,35.146163 126.917314|35.145751 126.917409|35.145364 126.917503
4715129131,13056485461,103.12,3,6,103.593,35.145540 126.918226|35.145928 126.918114|35.146027 126.918069|35.146124 126.918024|35.146344 126.917893|35.146348 126.917891|35.146409 126.917848
13056485461,4715129131,103.12,3,6,103.593,35.146409 126.917848|35.146348 126.917891|35.146344 126.917893|35.146124 126.918024|35.146027 126.918069|35.145928 126.918114|35.145540 126.918226
13056485458,13056471840,22.86,4,1,23.292,35.146163 126.917314|35.146264 126.917533
13056471840,13056485458,22.86,4,1,23.292,35.146264 126.917533|35.146163 126.917314
8979403178,11134046323,2.97,0,0,11.860,35.139379 126.933677|35.139378 126.933709
11134046323,8979403178,2.97,0,0,11.860,35.139378 126.933709|35.139379 126.933677
8979403178,11134046360,15.44,0,0,61.748,35.139379 126.933677|35.139383 126.933507
11134046360,8979403178,15.44,0,0,61.748,35.139383 126.933507|35.139379 126.933677
4693716442,5269021237,98.28,3,13,98.291,35.131809 126.933228|35.131829 126.934309
5269021237,4693716442,98.28,3,13,98.291,35.131829 126.934309|35.131809 126.933228
4693716442,4819101978,46.19,0,10,115.464,35.131809 126.933228|35.131795 126.932720
4819101978,4693716442,46.19,0,10,115.464,35.131795 126.932720|35.131809 126.933228
4693716442,12585138757,47.47,4,12,47.472,35.131809 126.933228|35.131382 126.933241
12585138757,4693716442,47.47,4,12,47.472,35.131382 126.933241|35.131809 126.933228
4693716442,4693716444,63.25,0,12,158.137,35.131809 126.933228|35.131915 126.933232|35.132370 126.933336
4693716444,4693716442,63.25,0,12,158.137,35.132370 126.933336|35.131915 126.933232|35.131809 126.933228
5269021237,4693716455,87.57,3,10,87.568,35.131829 126.934309|35.131740 126.934298|35.131524 126.934298|35.131451 126.934301|35.131042 126.934319
4693716455,5269021237,87.57,3,10,87.568,35.131042 126.934319|35.131451 126.934301|35.131524 126.934298|35.131740 126.934298|35.131829 126.934309
4819101978,12585138761,58.88,0,14,147.207,35.131795 126.932720|35.131304 126.932727|35.131266 126.932729
12585138761,4819101978,58.88,0,14,147.207,35.131266 126.932729|35.131304 126.932727|35.131795 126.932720
12585138757,12585138761,48.35,4,18,48.355,35.131382 126.933241|35.131364 126.933146|35.131341 126.933049|35.131289 126.932845|35.131266 126.932729
12585138761,12585138757,48.35,4,18,48.355,35.131266 126.932729|35.131289 126.932845|35.131341 126.933049|35.131364 126.933146|35.131382 126.933241
4693716444,5684922680,23.34,0,7,58.359,35.132370 126.933336|35.132576 126.933387
5684922680,4693716444,23.34,0,7,58.359,35.132576 126.933387|35.132370 126.933336
4693716444,4935463437,51.39,3,10,51.394,35.132370 126.933336|35.132274 126.933889
4935463437,4693716444,51.39,3,10,51.394,35.132274 126.933889|35.132370 126.933336
5684922680,10142960886,22.30,0,6,55.750,35.132576 126.933387|35.132772 126.933437
10142960886,5684922680,22.30,0,6,55.750,35.132772 126.933437|35.132576 126.933387
5684922680,5684922687,47.65,0,9,119.116,35.132576 126.933387|35.132649 126.932909|35.132658 126.932873
5684922687,5684922680,47.65,0,9,119.116,35.132658 126.932873|35.132649 126.932909|35.132576 126.933387
4935463437,4935463439,51.27,7,13,51.271,35.132274 126.933889|35.132450 126.934080|35.132551 126.934162|35.132590 126.934189|35.132646 126.934215
4935463439,4935463437,51.27,7,13,51.271,35.132646 126.934215|35.132590 126.934189|35.132551 126.934162|35.132450 126.934080|35.132274 126.933889
4693716446,4693716447,15.56,0,6,38.909,35.133453 126.933623|35.133492 126.933557|35.133526 126.933478
4693716447,4693716446,15.56,0,6,38.909,35.133526 126.933478|35.133492 126.933557|35.133453 126.933623
4693716446,5234301360,41.33,0,8,103.324,35.133453 126.933623|35.133324 126.933566|35.133198 126.933534|35.133094 126.933508
5234301360,4693716446,41.33,0,8,103.324,35.133094 126.933508|35.133198 126.933534|35.133324 126.933566|35.133453 126.933623
4693716446,13917435200,103.72,4,11,103.727,35.133453 126.933623|35.133408 126.933730|35.133349 126.933838|35.133315 126.933892|35.133038 126.934365|35.132986 126.934451|35.132920 126.934533|35.132910 126.934547
13917435200,4693716446,103.72,4,11,103.727,35.132910 126.934547|35.132920 126.934533|35.132986 126.934451|35.133038 126.934365|35.133315 126.933892|35.133349 126.933838|35.133408 126.933730|35.133453 126.933623
4693716447,9462145422,68.94,0,10,172.350,35.133526 126.933478|35.133826 126.933605|35.133930 126.933698|35.134101 126.933734
9462145422,4693716447,68.94,0,10,172.350,35.134101 126.933734|35.133930 126.933698|35.133826 126.933605|35.133526 126.933478
4693716447,5686519470,80.94,3,10,80.946,35.133526 126.933478|35.133603 126.933362|35.133688 126.933252|35.133710 126.933202|35.133714 126.933057|35.133737 126.932898|35.133749 126.932852|35.133768 126.932807|35.133786 126.932682
5686519470,4693716447,80.94,3,10,80.946,35.133786 126.932682|35.133768 126.932807|35.133749 126.932852|35.133737 126.932898|35.133714 126.933057|35.133710 126.933202|35.133688 126.933252|35.133603 126.933362|35.133526 126.933478
5234301360,4806013527,14.88,0,5,37.191,35.133094 126.933508|35.133028 126.933651
4806013527,5234301360,14.88,0,5,37.191,35.133028 126.933651|35.133094 126.933508
5234301360,10142960886,36.37,0,8,90.925,35.133094 126.933508|35.132874 126.933461|35.132772 126.933437
10142960886,5234301360,36.37,0,8,90.925,35.132772 126.933437|35.132874 126.933461|35.133094 126.933508
5234301360,4785413192,89.15,3,13,89.155,35.133094 126.933508|35.133170 126.933191|35.133291 126.932763|35.133322 126.932631|35.133332 126.932573
4785413192,5234301360,89.15,3,13,89.155,35.133332 126.932573|35.133322 126.932631|35.133291 126.932763|35.133170 126.933191|35.133094 126.933508
13917435200,11799348565,12.81,4,5,12.811,35.132910 126.934547|35.132889 126.934578|35.132855 126.934669
11799348565,13917435200,12.81,4,5,12.811,35.132855 126.934669|35.132889 126.934578|35.132910 126.934547
13917435200,13917435203,40.75,4,9,40.747,35.132910 126.934547|35.132730 126.934394|35.132740 126.934327|35.132765 126.934220
13917435203,13917435200,40.75,4,9,40.747,35.132765 126.934220|35.132740 126.934327|35.132730 126.934394|35.132910 126.934547
9462145422,5237611832,140.20,0,7,351.922,35.134101 126.933734|35.134172 126.933735|35.134301 126.933727|35.134385 126.933631|35.134469 126.933582|35.134545 126.933573|35.134614 126.933606|35.134675 126.933659|35.134693 126.933698|35.134720 126.934420
5237611832,9462145422,140.20,0,7,351.922,35.134720 126.934420|35.134693 126.933698|35.134675 126.933659|35.134614 126.933606|35.134545 126.933573|35.134469 126.933582|35.134385 126.933631|35.134301 126.933727|35.134172 126.933735|35.134101 126.933734
9462145422,9462145418,89.09,3,9,89.097,35.134101 126.933734|35.134144 126.933490|35.134191 126.933180|35.134249 126.932771
9462145418,9462145422,89.09,3,9,89.097,35.134249 126.932771|35.134191 126.933180|35.134144 126.933490|35.134101 126.933734
5686519470,9462145418,52.16,3,7,52.157,35.133786 126.932682|35.134249 126.932771
9462145418,5686519470,52.16,3,7,52.157,35.134249 126.932771|35.133786 126.932682
5686519470,5660918694,47.47,3,11,47.466,35.133786 126.932682|35.133866 126.932169
5660918694,5686519470,47.47,3,11,47.466,35.133866 126.932169|35.133786 126.932682
5686519470,4785413192,51.46,6,12,51.457,35.133786 126.932682|35.133674 126.932656|35.133332 126.932573
4785413192,5686519470,51.46,6,12,51.457,35.133332 126.932573|35.133674 126.932656|35.133786 126.932682
4723917625,4935463439,27.69,7,9,27.689,35.132552 126.934492|35.132580 126.934454|35.132597 126.934417|35.132609 126.934376|35.132646 126.934215
4935463439,4723917625,27.69,7,9,27.689,35.132646 126.934215|35.132609 126.934376|35.132597 126.934417|35.132580 126.934454|35.132552 126.934492
4723917625,11799348565,37.31,7,8,37.313,35.132552 126.934492|35.132642 126.934543|35.132750 126.934602|35.132855 126.934669
11799348565,4723917625,37.31,7,8,37.313,35.132855 126.934669|35.132750 126.934602|35.132642 126.934543|35.132552 126.934492
4693716457,4693716458,13.71,0,4,34.272,35.137037 126.925056|35.137119 126.925169
4693716458,4693716457,13.71,0,4,34.272,35.137119 126.925169|35.137037 126.925056
4693716457,10804340788,222.23,0,4,610.681,35.137037 126.925056|35.138144 126.923830|35.138343 126.923646|35.138364 126.923632|35.138560 126.923480
10804340788,4693716457,222.23,0,4,610.681,35.138560 126.923480|35.138364 126.923632|35.138343 126.923646|35.138144 126.923830|35.137037 126.925056
4693716458,4723917593,18.58,0,4,46.459,35.137119 126.925169|35.137225 126.925328
4723917593,4693716458,18.58,0,4,46.459,35.137225 126.925328|35.137119 126.925169
4693716458,4789425326,151.99,0,8,381.158,35.137119 126.925169|35.137143 126.925148|35.137693 126.924547|35.137838 126.924372|35.138135 126.924052
4789425326,4693716458,151.99,0,8,381.158,35.138135 126.924052|35.137838 126.924372|35.137693 126.924547|35.137143 126.925148|35.137119 126.925169
10804340788,12852795367,65.16,0,0,260.631,35.138560 126.923480|35.138498 126.923385|35.138217 126.922899
12852795367,10804340788,65.16,0,0,260.631,35.138217 126.922899|35.138498 126.923385|35.138560 126.923480
4723917593,4723917466,79.81,0,10,199.530,35.137225 126.925328|35.137712 126.925972
4723917466,4723917593,79.81,0,10,199.530,35.137712 126.925972|35.137225 126.925328
4723917593,5682136865,91.08,3,11,91.085,35.137225 126.925328|35.137713 126.925132|35.138008 126.925034
5682136865,4723917593,91.08,3,11,91.085,35.138008 126.925034|35.137713 126.925132|35.137225 126.925328
4789425326,12851175989,45.57,0,3,114.020,35.138135 126.924052|35.138399 126.924434
12851175989,4789425326,45.57,0,3,114.020,35.138399 126.924434|35.138135 126.924052
4789425326,12881290469,43.84,0,2,110.280,35.138135 126.924052|35.138241 126.923938|35.138331 126.923856|35.138445 126.923754
12881290469,4789425326,43.84,0,2,110.280,35.138445 126.923754|35.138331 126.923856|35.138241 126.923938|35.138135 126.924052
4707555104,13622108261,4.72,0,0,18.890,35.141220 126.929302|35.141201 126.929255
13622108261,4707555104,4.72,0,0,18.890,35.141201 126.929255|35.141220 126.929302
4707555104,4707555116,22.16,0,0,88.624,35.141220 126.929302|35.141248 126.929285|35.141279 126.929281|35.141309 126.929288|35.141336 126.929308|35.141355 126.929337|35.141367 126.929372|35.141367 126.929389
4707555116,4707555104,22.16,0,0,88.624,35.141367 126.929389|35.141367 126.929372|35.141355 126.929337|35.141336 126.929308|35.141309 126.929288|35.141279 126.929281|35.141248 126.929285|35.141220 126.929302
13622108261,13622042874,3.08,0,0,12.322,35.141201 126.929255|35.141176 126.929271
13622042874,13622108261,3.08,0,0,12.322,35.141176 126.929271|35.141201 126.929255
13622108261,13622042872,32.11,0,0,128.435,35.141201 126.929255|35.141331 126.929175|35.141455 126.929090
13622042872,13622108261,32.11,0,0,128.435,35.141455 126.929090|35.141331 126.929175|35.141201 126.929255
4707555116,4707555120,5.84,0,0,23.369,35.141367 126.929389|35.141419 126.929380
4707555120,4707555116,5.84,0,0,23.369,35.141419 126.929380|35.141367 126.929389
4707555115,7863602418,12.25,0,0,48.996,35.141485 126.929369|35.141473 126.929235
7863602418,4707555115,12.25,0,0,48.996,35.141473 126.929235|35.141485 126.929369
7863602418,7863602410,7.55,0,0,30.185,35.141473 126.929235|35.141541 126.929226
7863602410,7863602418,7.55,0,0,30.185,35.141541 126.929226|35.141473 126.929235
7863602418,4707555123,19.37,0,0,77.463,35.141473 126.929235|35.141462 126.929103|35.141528 126.929094
4707555123,7863602418,19.37,0,0,77.463,35.141528 126.929094|35.141462 126.929103|35.141473 126.929235
7863602418,4707555120,19.74,0,0,78.950,35.141473 126.929235|35.141409 126.929243|35.141419 126.929380
4707555120,7863602418,19.74,0,0,78.950,35.141419 126.929380|35.141409 126.929243|35.141473 126.929235
4707555120,4707555124,15.07,0,0,60.288,35.141419 126.929380|35.141554 126.929359
4707555124,4707555120,15.07,0,0,60.288,35.141554 126.929359|35.141419 126.929380
4707555124,4707555122,7.82,0,0,31.263,35.141554 126.929359|35.141623 126.929348
4707555122,4707555124,7.82,0,0,31.263,35.141623 126.929348|35.141554 126.929359
4707555124,7863602410,12.15,0,0,48.599,35.141554 126.929359|35.141541 126.929226
7863602410,4707555124,12.15,0,0,48.599,35.141541 126.929226|35.141554 126.929359
4707555121,4707555125,1.52,0,0,6.084,35.141610 126.929217|35.141597 126.929219
4707555125,4707555121,1.52,0,0,6.084,35.141597 126.929219|35.141610 126.929217
4707555121,4707555122,11.96,0,0,47.846,35.141610 126.929217|35.141623 126.929348
4707555122,4707555121,11.96,0,0,47.846,35.141623 126.929348|35.141610 126.929217
4707555121,13622108286,30.14,0,0,120.568,35.141610 126.929217|35.141827 126.929189|35.141880 126.929181
13622108286,4707555121,30.14,0,0,120.568,35.141880 126.929181|35.141827 126.929189|35.141610 126.929217
4707555125,7863602410,6.26,0,0,25.045,35.141597 126.929219|35.141541 126.929226
7863602410,4707555125,6.26,0,0,25.045,35.141541 126.929226|35.141597 126.929219
4707555125,4707555123,18.37,0,0,73.472,35.141597 126.929219|35.141583 126.929086|35.141528 126.929094
4707555123,4707555125,18.37,0,0,73.472,35.141528 126.929094|35.141583 126.929086|35.141597 126.929219
4707555122,6398390249,27.29,0,0,109.160,35.141623 126.929348|35.141819 126.929317|35.141867 126.929313
6398390249,4707555122,27.29,0,0,109.160,35.141867 126.929313|35.141819 126.929317|35.141623 126.929348
13622108286,6398390249,12.07,0,0,48.279,35.141880 126.929181|35.141867 126.929313
6398390249,13622108286,12.07,0,0,48.279,35.141867 126.929313|35.141880 126.929181
13622108286,13622108285,4.07,0,0,16.267,35.141880 126.929181|35.141884 126.929137
13622108285,13622108286,4.07,0,0,16.267,35.141884 126.929137|35.141880 126.929181
6398390249,6398390250,13.28,0,0,53.135,35.141867 126.929313|35.141986 126.929302
6398390250,6398390249,13.28,0,0,53.135,35.141986 126.929302|35.141867 126.929313
4707555123,7863602410,12.10,0,0,48.419,35.141528 126.929094|35.141541 126.929226
7863602410,4707555123,12.10,0,0,48.419,35.141541 126.929226|35.141528 126.929094
4707562653,13622108226,36.47,0,0,145.891,35.141096 126.928042|35.141404 126.928179
13622108226,4707562653,36.47,0,0,145.891,35.141404 126.928179|35.141096 126.928042
4707562653,4707562665,16.36,0,0,65.435,35.141096 126.928042|35.140959 126.927976
4707562665,4707562653,16.36,0,0,65.435,35.140959 126.927976|35.141096 126.928042
4707562653,8745101695,49.28,0,0,197.123,35.141096 126.928042|35.141188 126.927923|35.141207 126.927546
8745101695,4707562653,49.28,0,0,197.123,35.141207 126.927546|35.141188 126.927923|35.141096 126.928042
13622108226,4707562668,45.11,0,0,180.421,35.141404 126.928179|35.141495 126.928219|35.141557 126.928234|35.141627 126.928213|35.141691 126.928169|35.141744 126.928107|35.141754 126.928076
4707562668,13622108226,45.11,0,0,180.421,35.141754 126.928076|35.141744 126.928107|35.141691 126.928169|35.141627 126.928213|35.141557 126.928234|35.141495 126.928219|35.141404 126.928179
4707562665,7860665914,26.34,0,0,105.346,35.140959 126.927976|35.140740 126.927868
7860665914,4707562665,26.34,0,0,105.346,35.140740 126.927868|35.140959 126.927976
8745101695,8745101696,20.94,0,0,83.754,35.141207 126.927546|35.141019 126.927544
8745101696,8745101695,20.94,0,0,83.754,35.141019 126.927544|35.141207 126.927546
8745101695,13622091941,51.80,0,0,207.206,35.141207 126.927546|35.141225 126.927205|35.141411 126.927217
13622091941,8745101695,51.80,0,0,207.206,35.141411 126.927217|35.141225 126.927205|35.141207 126.927546
4707562656,4707562668,68.74,0,0,274.979,35.141890 126.927362|35.141919 126.927442|35.141917 126.927526|35.141754 126.928076
4707562668,4707562656,68.74,0,0,274.979,35.141754 126.928076|35.141917 126.927526|35.141919 126.927442|35.141890 126.927362
4707562656,13622091941,57.90,0,0,231.581,35.141890 126.927362|35.141843 126.927284|35.141777 126.927241|35.141411 126.927217
13622091941,4707562656,57.90,0,0,231.581,35.141411 126.927217|35.141777 126.927241|35.141843 126.927284|35.141890 126.927362
4707562668,6112050763,32.76,0,0,131.052,35.141754 126.928076|35.141869 126.928123|35.141980 126.928168|35.142033 126.928191
6112050763,4707562668,32.76,0,0,131.052,35.142033 126.928191|35.141980 126.928168|35.141869 126.928123|35.141754 126.928076
6112050763,11121959516,17.87,0,0,71.482,35.142033 126.928191|35.142015 126.928257|35.142021 126.928347|35.142036 126.928378
11121959516,6112050763,17.87,0,0,71.482,35.142036 126.928378|35.142021 126.928347|35.142015 126.928257|35.142033 126.928191
6112050763,13622091995,86.66,0,0,346.621,35.142033 126.928191|35.142262 126.927460|35.142321 126.927350|35.142345 126.927324
13622091995,6112050763,86.66,0,0,346.621,35.142345 126.927324|35.142321 126.927350|35.142262 126.927460|35.142033 126.928191
4707562670,13622121521,70.40,0,0,281.606,35.141932 126.928654|35.142532 126.928901
13622121521,4707562670,70.40,0,0,281.606,35.142532 126.928901|35.141932 126.928654
4707562670,13622108285,44.21,0,0,176.855,35.141932 126.928654|35.141884 126.929137
13622108285,4707562670,44.21,0,0,176.855,35.141884 126.929137|35.141932 126.928654
4707562670,11121959516,28.27,0,0,113.093,35.141932 126.928654|35.141966 126.928540|35.142006 126.928405|35.142036 126.928378
11121959516,4707562670,28.27,0,0,113.093,35.142036 126.928378|35.142006 126.928405|35.141966 126.928540|35.141932 126.928654
4707562670,13622042872,75.09,0,0,300.355,35.141932 126.928654|35.141788 126.928603|35.141728 126.928646|35.141645 126.928809|35.141545 126.928982|35.141455 126.929090
13622042872,4707562670,75.09,0,0,300.355,35.141455 126.929090|35.141545 126.928982|35.141645 126.928809|35.141728 126.928646|35.141788 126.928603|35.141932 126.928654
13622121521,13622042766,10.40,0,0,41.588,35.142532 126.928901|35.142621 126.928935
13622042766,13622121521,10.40,0,0,41.588,35.142621 126.928935|35.142532 126.928901
13622121521,13622121519,31.57,0,0,126.291,35.142532 126.928901|35.142500 126.929016|35.142497 126.929243
13622121519,13622121521,31.57,0,0,126.291,35.142497 126.929243|35.142500 126.929016|35.142532 126.928901
13622108285,13622108282,44.63,0,0,178.517,35.141884 126.929137|35.142237 126.929100|35.142240 126.929158
13622108282,13622108285,44.63,0,0,178.517,35.142240 126.929158|35.142237 126.929100|35.141884 126.929137
11121959516,7863602411,79.65,0,0,318.600,35.142036 126.928378|35.142059 126.928424|35.142119 126.928477|35.142691 126.928692
7863602411,11121959516,79.65,0,0,318.600,35.142691 126.928692|35.142119 126.928477|35.142059 126.928424|35.142036 126.928378
13622090994,13622091916,56.11,0,0,224.434,35.142281 126.927238|35.142340 126.927190|35.142431 126.927150|35.142585 126.927127|35.142690 126.927125|35.142755 126.927075
13622091916,13622090994,56.11,0,0,224.434,35.142755 126.927075|35.142690 126.927125|35.142585 126.927127|35.142431 126.927150|35.142340 126.927190|35.142281 126.927238
13622090994,13622091996,10.79,0,0,43.179,35.142281 126.927238|35.142252 126.927199|35.142235 126.927175|35.142208 126.927165
13622091996,13622090994,10.79,0,0,43.179,35.142208 126.927165|35.142235 126.927175|35.142252 126.927199|35.142281 126.927238
13622090994,13622091995,10.53,0,0,42.119,35.142281 126.927238|35.142306 126.927274|35.142345 126.927324
13622091995,13622090994,10.53,0,0,42.119,35.142345 126.927324|35.142306 126.927274|35.142281 126.927238
13622091997,13622091996,24.36,0,0,97.456,35.141989 126.927179|35.142017 126.927178|35.142131 126.927170|35.142178 126.927167|35.142208 126.927165
13622091996,13622091997,24.36,0,0,97.456,35.142208 126.927165|35.142178 126.927167|35.142131 126.927170|35.142017 126.927178|35.141989 126.927179
4707562890,13622042761,48.57,0,0,194.265,35.143342 126.929861|35.143364 126.929950|35.143372 126.930012|35.143411 126.930387
13622042761,4707562890,48.57,0,0,194.265,35.143411 126.930387|35.143372 126.930012|35.143364 126.929950|35.143342 126.929861
4707562890,8726974594,40.61,0,0,162.450,35.143342 126.929861|35.143205 126.929963|35.143056 126.930134
8726974594,4707562890,40.61,0,0,162.450,35.143056 126.930134|35.143205 126.929963|35.143342 126.929861
4707562890,13622042764,17.45,0,0,69.817,35.143342 126.929861|35.143311 126.929732|35.143300 126.929676
13622042764,4707562890,17.45,0,0,69.817,35.143300 126.929676|35.143311 126.929732|35.143342 126.929861
13622042761,13622042758,89.88,0,0,359.532,35.143411 126.930387|35.143436 126.930646|35.143447 126.930920|35.143420 126.931075|35.143406 126.931370
13622042758,13622042761,89.88,0,0,359.532,35.143406 126.931370|35.143420 126.931075|35.143447 126.930920|35.143436 126.930646|35.143411 126.930387
13622042761,13622042762,14.89,0,0,59.562,35.143411 126.930387|35.143469 126.930378|35.143543 126.930367
13622042762,13622042761,14.89,0,0,59.562,35.143543 126.930367|35.143469 126.930378|35.143411 126.930387
8726974594,8772370020,106.77,0,0,427.069,35.143056 126.930134|35.142108 126.930323
8772370020,8726974594,106.77,0,0,427.069,35.142108 126.930323|35.143056 126.930134
8726974594,8772370017,200.09,0,0,800.365,35.143056 126.930134|35.143118 126.930241|35.143204 126.931040|35.142177 126.931184
8772370017,8726974594,200.09,0,0,800.365,35.142177 126.931184|35.143204 126.931040|35.143118 126.930241|35.143056 126.930134
8726974594,13622121518,124.77,0,0,499.060,35.143056 126.930134|35.142975 126.929333|35.142516 126.929395
13622121518,8726974594,124.77,0,0,499.060,35.142516 126.929395|35.142975 126.929333|35.143056 126.930134
13622042764,13622042766,111.21,0,0,444.829,35.143300 126.929676|35.143276 126.929548|35.143237 126.929381|35.143176 126.929233|35.143112 126.929155|35.143029 126.929093|35.142621 126.928935
13622042766,13622042764,111.21,0,0,444.829,35.142621 126.928935|35.143029 126.929093|35.143112 126.929155|35.143176 126.929233|35.143237 126.929381|35.143276 126.929548|35.143300 126.929676
13622042764,13622042765,17.45,0,0,69.805,35.143300 126.929676|35.143383 126.929659|35.143455 126.929644
13622042765,13622042764,17.45,0,0,69.805,35.143455 126.929644|35.143383 126.929659|35.143300 126.929676
13056485461,13056471840,32.87,0,1,84.527,35.146409 126.917848|35.146264 126.917533
13056471840,13056485461,32.87,0,1,84.527,35.146264 126.917533|35.146409 126.917848
13056485461,13056471873,62.22,1,1,81.375,35.146409 126.917848|35.146674 126.918425|35.146682 126.918445
13056471873,13056485461,62.22,1,1,81.375,35.146682 126.918445|35.146674 126.918425|35.146409 126.917848
4723917466,5672035118,17.56,0,8,43.901,35.137712 126.925972|35.137592 126.926097
5672035118,4723917466,17.56,0,8,43.901,35.137592 126.926097|35.137712 126.925972
4723917466,5682136866,75.26,0,12,188.140,35.137712 126.925972|35.137814 126.925892|35.138120 126.925644|35.138277 126.925515
5682136866,4723917466,75.26,0,12,188.140,35.138277 126.925515|35.138120 126.925644|35.137814 126.925892|35.137712 126.925972
5672035118,5666592586,18.32,3,10,18.323,35.137592 126.926097|35.137473 126.926236
5666592586,5672035118,18.32,3,10,18.323,35.137473 126.926236|35.137592 126.926097
5672035118,12430342693,67.71,0,10,169.265,35.137592 126.926097|35.137637 126.926137|35.137734 126.926165|35.137828 126.926192|35.137844 126.926193|35.137883 126.926192|35.137949 126.926174|35.137988 126.926165|35.138015 126.926167|35.138061 126.926189|35.138158 126.926273
12430342693,5672035118,67.71,0,10,169.265,35.138158 126.926273|35.138061 126.926189|35.138015 126.926167|35.137988 126.926165|35.137949 126.926174|35.137883 126.926192|35.137844 126.926193|35.137828 126.926192|35.137734 126.926165|35.137637 126.926137|35.137592 126.926097
5682136866,4723917592,107.27,0,11,268.171,35.138277 126.925515|35.138428 126.925391|35.138512 126.925318|35.138577 126.925263|35.138615 126.925226|35.138688 126.925119|35.138930 126.924767|35.138965 126.924705
4723917592,5682136866,107.27,0,11,268.171,35.138965 126.924705|35.138930 126.924767|35.138688 126.925119|35.138615 126.925226|35.138577 126.925263|35.138512 126.925318|35.138428 126.925391|35.138277 126.925515
5682136866,5682136865,53.12,3,10,53.120,35.138277 126.925515|35.138184 126.925378|35.138008 126.925034
5682136865,5682136866,53.12,3,10,53.120,35.138008 126.925034|35.138184 126.925378|35.138277 126.925515
4723917467,4777923565,24.00,0,0,96.008,35.135003 126.927017|35.135096 126.927255
4777923565,4723917467,24.00,0,0,96.008,35.135096 126.927255|35.135003 126.927017
4777923565,4830113500,121.33,0,5,306.278,35.135096 126.927255|35.135420 126.928077|35.135485 126.928051|35.135569 126.928014|35.135623 126.927986|35.135682 126.927939|35.135727 126.927893
4830113500,4777923565,121.33,0,5,306.278,35.135727 126.927893|35.135682 126.927939|35.135623 126.927986|35.135569 126.928014|35.135485 126.928051|35.135420 126.928077|35.135096 126.927255
4777923565,13917435264,76.97,7,0,192.427,35.135096 126.927255|35.135377 126.927055|35.135526 126.926985|35.135684 126.926820
13917435264,4777923565,76.97,7,0,192.427,35.135684 126.926820|35.135526 126.926985|35.135377 126.927055|35.135096 126.927255
4723917479,5666592586,56.40,3,12,56.403,35.137095 126.926651|35.137455 126.926255|35.137473 126.926236
5666592586,4723917479,56.40,3,12,56.403,35.137473 126.926236|35.137455 126.926255|35.137095 126.926651
4723917479,4830113500,199.45,8,14,199.716,35.137095 126.926651|35.137032 126.926718|35.136968 126.926771|35.136872 126.926841|35.136763 126.926895|35.136655 126.926932|35.136243 126.927079|35.136202 126.927105|35.136118 126.927170|35.136077 126.927212|35.136025 126.927274|35.135984 126.927345|35.135948 126.927420|35.135914 126.927498|35.135835 126.927701|35.135803 126.927772|35.135774 126.927826|35.135727 126.927893
4830113500,4723917479,199.45,8,14,199.716,35.135727 126.927893|35.135774 126.927826|35.135803 126.927772|35.135835 126.927701|35.135914 126.927498|35.135948 126.927420|35.135984 126.927345|35.136025 126.927274|35.136077 126.927212|35.136118 126.927170|35.136202 126.927105|35.136243 126.927079|35.136655 126.926932|35.136763 126.926895|35.136872 126.926841|35.136968 126.926771|35.137032 126.926718|35.137095 126.926651
4723917479,6821621102,64.14,3,11,64.136,35.137095 126.926651|35.137190 126.926702|35.137290 126.926770|35.137387 126.926819|35.137420 126.926839|35.137470 126.926875|35.137523 126.926924|35.137592 126.926999
6821621102,4723917479,64.14,3,11,64.136,35.137592 126.926999|35.137523 126.926924|35.137470 126.926875|35.137420 126.926839|35.137387 126.926819|35.137290 126.926770|35.137190 126.926702|35.137095 126.926651
4830113500,4830113504,62.11,0,2,159.002,35.135727 126.927893|35.135919 126.927917|35.135989 126.927930|35.136062 126.927959|35.136087 126.927976|35.136217 126.928144
4830113504,4830113500,62.11,0,2,159.002,35.136217 126.928144|35.136087 126.927976|35.136062 126.927959|35.135989 126.927930|35.135919 126.927917|35.135727 126.927893
6821621102,10142960932,40.44,0,6,101.095,35.137592 126.926999|35.137846 126.926681
10142960932,6821621102,40.44,0,6,101.095,35.137846 126.926681|35.137592 126.926999
6821621102,4740552377,39.39,0,3,98.492,35.137592 126.926999|35.137678 126.927103|35.137709 126.927139|35.137724 126.927157|35.137741 126.927177|35.137775 126.927194|35.137790 126.927198|35.137884 126.927204
4740552377,6821621102,39.39,0,3,98.492,35.137884 126.927204|35.137790 126.927198|35.137775 126.927194|35.137741 126.927177|35.137724 126.927157|35.137709 126.927139|35.137678 126.927103|35.137592 126.926999
12881290471,4723917592,89.01,2,6,89.243,35.138806 126.923826|35.138830 126.923864|35.138935 126.924005|35.138979 126.924083|35.138995 126.924111|35.139024 126.924211|35.139033 126.924260|35.139033 126.924306|35.139030 126.924385|35.139012 126.924498|35.138981 126.924639|35.138965 126.924705
4723917592,12881290471,89.01,2,6,89.243,35.138965 126.924705|35.138981 126.924639|35.139012 126.924498|35.139030 126.924385|35.139033 126.924306|35.139033 126.924260|35.139024 126.924211|35.138995 126.924111|35.138979 126.924083|35.138935 126.924005|35.138830 126.923864|35.138806 126.923826
12881290471,12881290469,54.98,2,4,55.034,35.138806 126.923826|35.138619 126.923994|35.138445 126.923754
12881290469,12881290471,54.98,2,4,55.034,35.138445 126.923754|35.138619 126.923994|35.138806 126.923826
4723917592,4789425327,35.99,0,6,89.964,35.138965 126.924705|35.138897 126.924711|35.138652 126.924800
4789425327,4723917592,35.99,0,6,89.964,35.138652 126.924800|35.138897 126.924711|35.138965 126.924705
4789425327,5682136865,74.77,3,10,74.769,35.138652 126.924800|35.138008 126.925034
5682136865,4789425327,74.77,3,10,74.769,35.138008 126.925034|35.138652 126.924800
4789425327,12851175989,43.56,0,6,108.892,35.138652 126.924800|35.138399 126.924434
12851175989,4789425327,43.56,0,6,108.892,35.138399 126.924434|35.138652 126.924800
5682136865,12430342689,44.44,3,7,44.442,35.138008 126.925034|35.137981 126.924946|35.137965 126.924904|35.137943 126.924870|35.137793 126.924626
12430342689,5682136865,44.44,3,7,44.442,35.137793 126.924626|35.137943 126.924870|35.137965 126.924904|35.137981 126.924946|35.138008 126.925034
4935463439,13917435205,8.09,7,7,8.093,35.132646 126.934215|35.132668 126.934208|35.132697 126.934177|35.132704 126.934166
13917435205,4935463439,8.09,7,7,8.093,35.132704 126.934166|35.132697 126.934177|35.132668 126.934208|35.132646 126.934215
4935463439,10142960886,72.07,7,12,72.074,35.132646 126.934215|35.132700 126.933915|35.132772 126.933437
10142960886,4935463439,72.07,7,12,72.074,35.132772 126.933437|35.132700 126.933915|35.132646 126.934215
11799348565,13917435187,79.05,4,6,79.109,35.132855 126.934669|35.132747 126.934846|35.132643 126.934969|35.132594 126.935069|35.132622 126.935118|35.132724 126.935125|35.132828 126.935012
13917435187,11799348565,79.05,4,6,79.109,35.132828 126.935012|35.132724 126.935125|35.132622 126.935118|35.132594 126.935069|35.132643 126.934969|35.132747 126.934846|35.132855 126.934669
4729229227,8745101691,19.83,0,0,79.305,35.142118 126.925461|35.141941 126.925487
8745101691,4729229227,19.83,0,0,79.305,35.141941 126.925487|35.142118 126.925461
5227417773,5227417774,63.68,0,6,159.210,35.134294 126.927595|35.134600 126.928186
5227417774,5227417773,63.68,0,6,159.210,35.134600 126.928186|35.134294 126.927595
5666592596,5666592593,41.31,0,3,103.321,35.133017 126.929278|35.133087 126.929288|35.133134 126.929280|35.133379 126.929198
5666592593,5666592596,41.31,0,3,103.321,35.133379 126.929198|35.133134 126.929280|35.133087 126.929288|35.133017 126.929278
4740552377,12851175977,66.33,0,1,187.873,35.137884 126.927204|35.137889 126.927277|35.137888 126.927301|35.137861 126.927375|35.137849 126.927401|35.137832 126.927420|35.137813 126.927434|35.137792 126.927438|35.137757 126.927451|35.137711 126.927475|35.137637 126.927537|35.137573 126.927602|35.137561 126.927623|35.137540 126.927651|35.137512 126.927698
12851175977,4740552377,66.33,0,1,187.873,35.137512 126.927698|35.137540 126.927651|35.137561 126.927623|35.137573 126.927602|35.137637 126.927537|35.137711 126.927475|35.137757 126.927451|35.137792 126.927438|35.137813 126.927434|35.137832 126.927420|35.137849 126.927401|35.137861 126.927375|35.137888 126.927301|35.137889 126.927277|35.137884 126.927204
5746992813,5746992802,84.46,0,0,337.848,35.138675 126.916373|35.138646 126.916364|35.138594 126.916364|35.138545 126.916380|35.138543 126.916493|35.138505 126.916492|35.138508 126.916528|35.138440 126.916528|35.138440 126.916476|35.138214 126.916479|35.138226 126.916542|35.138148 126.916567
5746992802,5746992813,84.46,0,0,337.848,35.138148 126.916567|35.138226 126.916542|35.138214 126.916479|35.138440 126.916476|35.138440 126.916528|35.138508 126.916528|35.138505 126.916492|35.138543 126.916493|35.138545 126.916380|35.138594 126.916364|35.138646 126.916364|35.138675 126.916373
4936282891,5746992922,57.04,0,0,228.141,35.138846 126.916702|35.139308 126.916429
5746992922,4936282891,57.04,0,0,228.141,35.139308 126.916429|35.138846 126.916702
4936282891,4936282899,103.50,0,0,414.000,35.138846 126.916702|35.138919 126.916856|35.138969 126.916951|35.139036 126.917040|35.139065 126.917072|35.139091 126.917090|35.139137 126.917186|35.139171 126.917260|35.139170 126.917449|35.139196 126.917493|35.139310 126.917641
4936282899,4936282891,103.50,0,0,414.000,35.139310 126.917641|35.139196 126.917493|35.139170 126.917449|35.139171 126.917260|35.139137 126.917186|35.139091 126.917090|35.139065 126.917072|35.139036 126.917040|35.138969 126.916951|35.138919 126.916856|35.138846 126.916702
4764282356,5227330438,5.53,0,0,22.100,35.136787 126.916085|35.136791 126.916145
5227330438,4764282356,5.53,0,0,22.100,35.136791 126.916145|35.136787 126.916085
5227330438,5227330439,26.32,0,0,105.269,35.136791 126.916145|35.136683 126.916168|35.136646 126.916184|35.136558 126.916172
5227330439,5227330438,26.32,0,0,105.269,35.136558 126.916172|35.136646 126.916184|35.136683 126.916168|35.136791 126.916145
13917435264,6085758178,58.64,7,1,74.628,35.135684 126.926820|35.135744 126.926757|35.135884 126.926603|35.136020 126.926482|35.136040 126.926470|35.136109 126.926475
6085758178,13917435264,58.64,7,1,74.628,35.136109 126.926475|35.136040 126.926470|35.136020 126.926482|35.135884 126.926603|35.135744 126.926757|35.135684 126.926820
13917435264,13917435260,36.36,7,2,36.585,35.135684 126.926820|35.135787 126.927013|35.135778 126.927182
13917435260,13917435264,36.36,7,2,36.585,35.135778 126.927182|35.135787 126.927013|35.135684 126.926820
6085758178,12585138747,74.02,7,9,74.020,35.136109 126.926475|35.136094 126.926591|35.136078 126.926736|35.136080 126.926783|35.136089 126.926818|35.136104 126.926848|35.136129 126.926873|35.136168 126.926884|35.136233 126.926902|35.136276 126.926903|35.136312 126.926895|35.136423 126.926803
12585138747,6085758178,74.02,7,9,74.020,35.136423 126.926803|35.136312 126.926895|35.136276 126.926903|35.136233 126.926902|35.136168 126.926884|35.136129 126.926873|35.136104 126.926848|35.136089 126.926818|35.136080 126.926783|35.136078 126.926736|35.136094 126.926591|35.136109 126.926475
4777923592,9901815103,28.77,0,9,71.933,35.133541 126.930400|35.133287 126.930337
9901815103,4777923592,28.77,0,9,71.933,35.133287 126.930337|35.133541 126.930400
4777923592,13917435231,34.75,2,8,34.748,35.133541 126.930400|35.133561 126.930410|35.133815 126.930583
13917435231,4777923592,34.75,2,8,34.748,35.133815 126.930583|35.133561 126.930410|35.133541 126.930400
4777923592,13917435232,97.98,0,9,244.970,35.133541 126.930400|35.133752 126.930110|35.134252 126.930429
13917435232,4777923592,97.98,0,9,244.970,35.134252 126.930429|35.133752 126.930110|35.133541 126.930400
4777923592,4777923595,114.95,2,9,115.545,35.133541 126.930400|35.133349 126.930687|35.133340 126.930743|35.133632 126.930907|35.133604 126.930971|35.133878 126.931129
4777923595,4777923592,114.95,2,9,115.545,35.133878 126.931129|35.133604 126.930971|35.133632 126.930907|35.133340 126.930743|35.133349 126.930687|35.133541 126.930400
9901815103,9901815104,35.63,0,9,89.063,35.133287 126.930337|35.133338 126.929951
9901815104,9901815103,35.63,0,9,89.063,35.133338 126.929951|35.133287 126.930337
13917435231,13917435231,87.91,2,4,89.374,35.133815 126.930583|35.134035 126.930728|35.133967 126.930885|35.133746 126.930736|35.133815 126.930583
4777933447,5201138646,52.96,0,0,211.856,35.132167 126.917419|35.132131 126.916990|35.132008 126.917007
5201138646,4777933447,52.96,0,0,211.856,35.132008 126.917007|35.132131 126.916990|35.132167 126.917419
5201138646,4777956791,66.26,0,0,265.042,35.132008 126.917007|35.131416 126.917089
4777956791,5201138646,66.26,0,0,265.042,35.131416 126.917089|35.132008 126.917007
4777956787,12430453952,75.07,0,0,300.276,35.134969 126.918250|35.134742 126.918212|35.134300 126.918139
12430453952,4777956787,75.07,0,0,300.276,35.134300 126.918139|35.134742 126.918212|35.134969 126.918250
4785406906,4777956791,43.48,0,0,173.902,35.131454 126.917565|35.131416 126.917089
4777956791,4785406906,43.48,0,0,173.902,35.131416 126.917089|35.131454 126.917565
9125391834,9125391838,52.75,0,0,210.988,35.131029 126.918073|35.131035 126.918353|35.131047 126.918482|35.131061 126.918562|35.131085 126.918645
9125391838,9125391834,52.75,0,0,210.988,35.131085 126.918645|35.131061 126.918562|35.131047 126.918482|35.131035 126.918353|35.131029 126.918073
4777956791,4785406904,403.76,0,0,1615.039,35.131416 126.917089|35.130863 126.917166|35.130323 126.917241|35.130254 126.916292|35.131998 126.916070
4785406904,4777956791,403.76,0,0,1615.039,35.131998 126.916070|35.130254 126.916292|35.130323 126.917241|35.130863 126.917166|35.131416 126.917089
4778113214,11149884106,35.70,3,4,35.700,35.142620 126.920161|35.142636 126.920139|35.142863 126.919905
11149884106,4778113214,35.70,3,4,35.700,35.142863 126.919905|35.142636 126.920139|35.142620 126.920161
11149884106,4778113216,78.05,10,13,78.045,35.142863 126.919905|35.143245 126.919622|35.143394 126.919431|35.143415 126.919390
4778113216,11149884106,78.05,10,13,78.045,35.143415 126.919390|35.143394 126.919431|35.143245 126.919622|35.142863 126.919905
11149884106,11149884142,25.63,3,5,25.632,35.142863 126.919905|35.142779 126.919764|35.142727 126.919740|35.142700 126.919719
11149884142,11149884106,25.63,3,5,25.632,35.142700 126.919719|35.142727 126.919740|35.142779 126.919764|35.142863 126.919905
4778113216,11149884174,46.62,7,14,46.619,35.143415 126.919390|35.143374 126.919343|35.143337 126.919300|35.143301 126.919292|35.143231 126.919174|35.143138 126.919020
11149884174,4778113216,46.62,7,14,46.619,35.143138 126.919020|35.143231 126.919174|35.143301 126.919292|35.143337 126.919300|35.143374 126.919343|35.143415 126.919390
11149884174,11149884187,2.35,4,7,2.348,35.143138 126.919020|35.143127 126.918998
11149884187,11149884174,2.35,4,7,2.348,35.143127 126.918998|35.143138 126.919020
11149884174,11149884196,26.65,4,9,26.654,35.143138 126.919020|35.142937 126.919180
11149884196,11149884174,26.65,4,9,26.654,35.142937 126.919180|35.143138 126.919020
11115899620,11118149502,52.08,0,14,130.193,35.141704 126.918547|35.141785 126.918495|35.141908 126.918396|35.141981 126.918320|35.142093 126.918232
11118149502,11115899620,52.08,0,14,130.193,35.142093 126.918232|35.141981 126.918320|35.141908 126.918396|35.141785 126.918495|35.141704 126.918547
10959645155,10959645154,16.99,0,9,42.487,35.140969 126.918754|35.141076 126.918888
10959645154,10959645155,16.99,0,9,42.487,35.141076 126.918888|35.140969 126.918754
10959645155,10959645242,34.79,3,9,34.793,35.140969 126.918754|35.140800 126.918966|35.140751 126.919029
10959645242,10959645155,34.79,3,9,34.793,35.140751 126.919029|35.140800 126.918966|35.140969 126.918754
11012101389,11115899676,9.16,6,13,9.156,35.142268 126.917866|35.142332 126.917803
11115899676,11012101389,9.16,6,13,9.156,35.142332 126.917803|35.142268 126.917866
11012101389,11012101390,26.38,6,13,26.376,35.142268 126.917866|35.142136 126.917625
11012101390,11012101389,26.38,6,13,26.376,35.142136 126.917625|35.142268 126.917866
4778114329,10950826719,64.24,0,11,160.593,35.139808 126.920601|35.139483 126.920016
10950826719,4778114329,64.24,0,11,160.593,35.139483 126.920016|35.139808 126.920601
4778114329,10958477213,77.05,0,16,192.634,35.139808 126.920601|35.139860 126.920545|35.139900 126.920481|35.139934 126.920424|35.140043 126.920251|35.140109 126.920171|35.140146 126.920113|35.140167 126.920067|35.140190 126.919993|35.140216 126.919926
10958477213,4778114329,77.05,0,16,192.634,35.140216 126.919926|35.140190 126.919993|35.140167 126.920067|35.140146 126.920113|35.140109 126.920171|35.140043 126.920251|35.139934 126.920424|35.139900 126.920481|35.139860 126.920545|35.139808 126.920601
10950826719,10950826728,82.75,0,8,206.879,35.139483 126.920016|35.139261 126.920188|35.139236 126.920209|35.139219 126.920240|35.139212 126.920283|35.139218 126.920331|35.139236 126.920381|35.139346 126.920559|35.139396 126.920633|35.139424 126.920665
10950826728,10950826719,82.75,0,8,206.879,35.139424 126.920665|35.139396 126.920633|35.139346 126.920559|35.139236 126.920381|35.139218 126.920331|35.139212 126.920283|35.139219 126.920240|35.139236 126.920209|35.139261 126.920188|35.139483 126.920016
10958477213,4806750940,6.23,0,13,15.578,35.140216 126.919926|35.140229 126.919860
4806750940,10958477213,6.23,0,13,15.578,35.140229 126.919860|35.140216 126.919926
10958477213,10959626141,35.08,0,14,87.707,35.140216 126.919926|35.140235 126.919924|35.140344 126.919883|35.140386 126.919868|35.140487 126.919844|35.140512 126.919840|35.140522 126.919844
10959626141,10958477213,35.08,0,14,87.707,35.140522 126.919844|35.140512 126.919840|35.140487 126.919844|35.140386 126.919868|35.140344 126.919883|35.140235 126.919924|35.140216 126.919926
9575019115,9575019116,15.01,0,0,60.056,35.139563 126.917932|35.139682 126.918011
9575019116,9575019115,15.01,0,0,60.056,35.139682 126.918011|35.139563 126.917932
13904146808,13904146807,47.95,0,4,119.904,35.147414 126.936046|35.147405 126.936574
13904146807,13904146808,47.95,0,4,119.904,35.147405 126.936574|35.147414 126.936046
13904146808,13904146806,74.41,0,7,186.038,35.147414 126.936046|35.147398 126.936049|35.147217 126.936068|35.147206 126.936644
13904146806,13904146808,74.41,0,7,186.038,35.147206 126.936644|35.147217 126.936068|35.147398 126.936049|35.147414 126.936046
4780265924,6821621117,107.96,2,9,108.331,35.146799 126.936194|35.146967 126.936135|35.147011 126.936066|35.147028 126.936046|35.147153 126.936013|35.147051 126.935399|35.147027 126.935332
6821621117,4780265924,107.96,2,9,108.331,35.147027 126.935332|35.147051 126.935399|35.147153 126.936013|35.147028 126.936046|35.147011 126.936066|35.146967 126.936135|35.146799 126.936194
6821621117,4806750899,35.74,2,10,35.741,35.147027 126.935332|35.146757 126.935545
4806750899,6821621117,35.74,2,10,35.741,35.146757 126.935545|35.147027 126.935332
13089335750,13089335720,15.84,0,4,39.612,35.144325 126.925404|35.144258 126.925558
13089335720,13089335750,15.84,0,4,39.612,35.144258 126.925558|35.144325 126.925404
13089335750,13089335738,84.93,0,8,212.327,35.144325 126.925404|35.144627 126.924710|35.144636 126.924700|35.144649 126.924691|35.144662 126.924687|35.144682 126.924695|35.144734 126.924728
13089335738,13089335750,84.93,0,8,212.327,35.144734 126.924728|35.144682 126.924695|35.144662 126.924687|35.144649 126.924691|35.144636 126.924700|35.144627 126.924710|35.144325 126.925404
13056485369,13056485349,16.42,0,1,41.115,35.145219 126.920690|35.145284 126.920852
13056485349,13056485369,16.42,0,1,41.115,35.145284 126.920852|35.145219 126.920690
13056485369,13089335711,83.45,4,4,84.482,35.145219 126.920690|35.145066 126.920913|35.144835 126.921173|35.144683 126.921328
13089335711,13056485369,83.45,4,4,84.482,35.144683 126.921328|35.144835 126.921173|35.145066 126.920913|35.145219 126.920690
13056485369,13089335718,187.05,5,12,187.542,35.145219 126.920690|35.144801 126.919646|35.144767 126.919596|35.144734 126.919576|35.144703 126.919574|35.144664 126.919586|35.144610 126.919608|35.144145 126.919802|35.144124 126.919810
13089335718,13056485369,187.05,5,12,187.542,35.144124 126.919810|35.144145 126.919802|35.144610 126.919608|35.144664 126.919586|35.144703 126.919574|35.144734 126.919576|35.144767 126.919596|35.144801 126.919646|35.145219 126.920690
13056485348,13056485350,13.02,0,1,32.560,35.145368 126.920799|35.145431 126.920758|35.145472 126.920731
13056485350,13056485348,13.02,0,1,32.560,35.145472 126.920731|35.145431 126.920758|35.145368 126.920799
13056485348,13056485349,10.52,0,1,26.297,35.145368 126.920799|35.145305 126.920839|35.145284 126.920852
13056485349,13056485348,10.52,0,1,26.297,35.145284 126.920852|35.145305 126.920839|35.145368 126.920799
13056485348,5192601877,60.28,0,2,153.966,35.145368 126.920799|35.145513 126.921148|35.145613 126.921390
5192601877,13056485348,60.28,0,2,153.966,35.145613 126.921390|35.145513 126.921148|35.145368 126.920799
4780266017,13089335711,13.55,4,5,13.547,35.144592 126.921428|35.144664 126.921347|35.144683 126.921328
13089335711,4780266017,13.55,4,5,13.547,35.144683 126.921328|35.144664 126.921347|35.144592 126.921428
4780266017,5192601883,92.60,4,8,92.620,35.144592 126.921428|35.145078 126.921645|35.145374 126.921777
5192601883,4780266017,92.60,4,8,92.620,35.145374 126.921777|35.145078 126.921645|35.144592 126.921428
13089335711,13089335710,11.44,4,3,11.437,35.144683 126.921328|35.144612 126.921296|35.144586 126.921284
13089335710,13089335711,11.44,4,3,11.437,35.144586 126.921284|35.144612 126.921296|35.144683 126.921328
13089335711,13056485315,98.74,4,6,99.079,35.144683 126.921328|35.145273 126.921602|35.145339 126.921631|35.145383 126.921637|35.145430 126.921623|35.145476 126.921599|35.145513 126.921569
13056485315,13089335711,98.74,4,6,99.079,35.145513 126.921569|35.145476 126.921599|35.145430 126.921623|35.145383 126.921637|35.145339 126.921631|35.145273 126.921602|35.144683 126.921328
5192601883,13056485314,25.11,0,3,62.787,35.145374 126.921777|35.145460 126.921733|35.145503 126.921698|35.145552 126.921633|35.145556 126.921623
13056485314,5192601883,25.11,0,3,62.787,35.145556 126.921623|35.145552 126.921633|35.145503 126.921698|35.145460 126.921733|35.145374 126.921777
4806013532,4800954597,79.23,7,7,79.250,35.132063 126.936512|35.131441 126.936088
4800954597,4806013532,79.23,7,7,79.250,35.131441 126.936088|35.132063 126.936512
4806013532,4806013533,30.69,7,4,30.687,35.132063 126.936512|35.132070 126.936621|35.132084 126.936848
4806013533,4806013532,30.69,7,4,30.687,35.132084 126.936848|35.132070 126.936621|35.132063 126.936512
10167810608,10167810602,3.93,3,8,3.934,35.132926 126.932486|35.132961 126.932493
10167810602,10167810608,3.93,3,8,3.934,35.132961 126.932493|35.132926 126.932486
10167810608,10167810609,12.80,3,8,12.797,35.132926 126.932486|35.132904 126.932624
10167810609,10167810608,12.80,3,8,12.797,35.132904 126.932624|35.132926 126.932486
4785413192,10167810602,41.90,3,9,41.899,35.133332 126.932573|35.132961 126.932493
10167810602,4785413192,41.90,3,9,41.899,35.132961 126.932493|35.133332 126.932573
4785413192,5660918703,35.63,3,12,35.628,35.133332 126.932573|35.133388 126.932187
5660918703,4785413192,35.63,3,12,35.628,35.133388 126.932187|35.133332 126.932573
10167810602,10167810615,16.25,3,9,16.255,35.132961 126.932493|35.132988 126.932318
10167810615,10167810602,16.25,3,9,16.255,35.132988 126.932318|35.132961 126.932493
5660918703,9010143010,50.77,0,14,126.935,35.133388 126.932187|35.133465 126.931637
9010143010,5660918703,50.77,0,14,126.935,35.133465 126.931637|35.133388 126.932187
5660918703,5660918694,54.17,0,16,135.425,35.133388 126.932187|35.133496 126.932205|35.133523 126.932212|35.133546 126.932215|35.133585 126.932208|35.133722 126.932162|35.133758 126.932158|35.133821 126.932170|35.133851 126.932173|35.133866 126.932169
5660918694,5660918703,54.17,0,16,135.425,35.133866 126.932169|35.133851 126.932173|35.133821 126.932170|35.133758 126.932158|35.133722 126.932162|35.133585 126.932208|35.133546 126.932215|35.133523 126.932212|35.133496 126.932205|35.133388 126.932187
5660918703,5660918690,68.63,0,19,171.582,35.133388 126.932187|35.133489 126.932113|35.133541 126.932067|35.133662 126.931985|35.133719 126.931954|35.133768 126.931910|35.133800 126.931869|35.133820 126.931836|35.133839 126.931791|35.133857 126.931731
5660918690,5660918703,68.63,0,19,171.582,35.133857 126.931731|35.133839 126.931791|35.133820 126.931836|35.133800 126.931869|35.133768 126.931910|35.133719 126.931954|35.133662 126.931985|35.133541 126.932067|35.133489 126.932113|35.133388 126.932187
4785413208,4785413212,44.72,0,0,178.886,35.131493 126.922173|35.131730 126.922571
4785413212,4785413208,44.72,0,0,178.886,35.131730 126.922571|35.131493 126.922173
4785413212,4785413209,47.84,0,0,191.367,35.131730 126.922571|35.131976 126.923002
4785413209,4785413212,47.84,0,0,191.367,35.131976 126.923002|35.131730 126.922571
4785413212,4785413213,76.77,0,0,307.069,35.131730 126.922571|35.131144 126.923018
4785413213,4785413212,76.77,0,0,307.069,35.131144 126.923018|35.131730 126.922571
12851175989,12851175990,24.19,0,5,60.478,35.138399 126.924434|35.138562 126.924257
12851175990,12851175989,24.19,0,5,60.478,35.138562 126.924257|35.138399 126.924434
13903377577,13903377578,47.09,0,0,188.373,35.132920 126.923237|35.132694 126.922799
13903377578,13903377577,47.09,0,0,188.373,35.132694 126.922799|35.132920 126.923237
13903377577,13903377579,28.95,0,0,115.789,35.132920 126.923237|35.133059 126.923506
13903377579,13903377577,28.95,0,0,115.789,35.133059 126.923506|35.132920 126.923237
13903377577,13903377576,18.91,0,0,75.637,35.132920 126.923237|35.132871 126.923283|35.132782 126.923359
13903377576,13903377577,18.91,0,0,75.637,35.132782 126.923359|35.132871 126.923283|35.132920 126.923237
9171675861,9171675876,16.66,0,0,66.622,35.132186 126.918309|35.132037 126.918293
9171675876,9171675861,16.66,0,0,66.622,35.132037 126.918293|35.132186 126.918309
10245840035,10245840029,28.63,0,0,114.534,35.131403 126.919169|35.131344 126.919168|35.131202 126.919170|35.131146 126.919176
10245840029,10245840035,28.63,0,0,114.534,35.131146 126.919176|35.131202 126.919170|35.131344 126.919168|35.131403 126.919169
10245840035,10245840032,25.34,0,0,101.356,35.131403 126.919169|35.131348 126.919228|35.131314 126.919274|35.131256 126.919379
10245840032,10245840035,25.34,0,0,101.356,35.131256 126.919379|35.131314 126.919274|35.131348 126.919228|35.131403 126.919169
4800954578,10245840024,21.09,4,2,21.092,35.132092 126.936962|35.132102 126.937194
10245840024,4800954578,21.09,4,2,21.092,35.132102 126.937194|35.132092 126.936962
4800954578,4806013533,10.37,4,2,10.374,35.132092 126.936962|35.132084 126.936848
4806013533,4800954578,10.37,4,2,10.374,35.132084 126.936848|35.132092 126.936962
4800954578,10142960862,45.33,4,2,46.154,35.132092 126.936962|35.132247 126.936962|35.132280 126.936915|35.132471 126.936994
10142960862,4800954578,45.33,4,2,46.154,35.132471 126.936994|35.132280 126.936915|35.132247 126.936962|35.132092 126.936962
10245840024,4800954580,61.39,2,1,79.449,35.132102 126.937194|35.132126 126.937868
4800954580,10245840024,61.39,2,1,79.449,35.132126 126.937868|35.132102 126.937194
10245840024,10245840027,106.61,0,7,266.759,35.132102 126.937194|35.131977 126.937272|35.131408 126.937792|35.131363 126.937837|35.131347 126.937894
10245840027,10245840024,106.61,0,7,266.759,35.131347 126.937894|35.131363 126.937837|35.131408 126.937792|35.131977 126.937272|35.132102 126.937194
4806013533,10142960838,47.11,7,10,47.112,35.132084 126.936848|35.131892 126.936777|35.131689 126.936663
10142960838,4806013533,47.11,7,10,47.112,35.131689 126.936663|35.131892 126.936777|35.132084 126.936848
4800954580,13478524624,21.53,2,1,21.844,35.132126 126.937868|35.132042 126.937869|35.131933 126.937873
13478524624,4800954580,21.53,2,1,21.844,35.131933 126.937873|35.132042 126.937869|35.132126 126.937868
13478524624,13478524626,4.90,2,2,4.904,35.131933 126.937873|35.131888 126.937873
13478524626,13478524624,4.90,2,2,4.904,35.131888 126.937873|35.131933 126.937873
4800954595,4806013535,36.12,6,11,36.115,35.131169 126.936802|35.131291 126.936434
4806013535,4800954595,36.12,6,11,36.115,35.131291 126.936434|35.131169 126.936802
4800954595,10142960840,9.91,3,10,9.907,35.131169 126.936802|35.131136 126.936903
10142960840,4800954595,9.91,3,10,9.907,35.131136 126.936903|35.131169 126.936802
4806013535,10245803095,4.83,6,10,4.827,35.131291 126.936434|35.131330 126.936457
10245803095,4806013535,4.83,6,10,4.827,35.131330 126.936457|35.131291 126.936434
4806013535,4800954597,35.63,6,10,35.632,35.131291 126.936434|35.131441 126.936088
4800954597,4806013535,35.63,6,10,35.632,35.131441 126.936088|35.131291 126.936434
10142960840,10142960836,28.71,3,13,28.712,35.131136 126.936903|35.131038 126.937196
10142960836,10142960840,28.71,3,13,28.712,35.131038 126.937196|35.131136 126.936903
10142960840,10142960838,92.41,6,15,92.410,35.131136 126.936903|35.131548 126.937104|35.131689 126.936663
10142960838,10142960840,92.41,6,15,92.410,35.131689 126.936663|35.131548 126.937104|35.131136 126.936903
4800954597,10245803106,24.41,0,5,61.037,35.131441 126.936088|35.131263 126.935929
10245803106,4800954597,24.41,0,5,61.037,35.131263 126.935929|35.131441 126.936088
10245803106,10245803107,26.29,0,5,65.716,35.131263 126.935929|35.131112 126.936152
10245803107,10245803106,26.29,0,5,65.716,35.131112 126.936152|35.131263 126.935929
11149884186,11118155956,4.06,3,11,4.062,35.142904 126.918624|35.142871 126.918643
11118155956,11149884186,4.06,3,11,4.062,35.142871 126.918643|35.142904 126.918624
11149884186,11149884187,42.36,7,14,42.356,35.142904 126.918624|35.143015 126.918767|35.143127 126.918998
11149884187,11149884186,42.36,7,14,42.356,35.143127 126.918998|35.143015 126.918767|35.142904 126.918624
4805079370,9121933023,28.81,0,0,115.258,35.140076 126.916874|35.140149 126.916711|35.140186 126.916644|35.140193 126.916594
9121933023,4805079370,28.81,0,0,115.258,35.140193 126.916594|35.140186 126.916644|35.140149 126.916711|35.140076 126.916874
5746992922,5746993010,21.97,0,0,87.876,35.139308 126.916429|35.139485 126.916322
5746993010,5746992922,21.97,0,0,87.876,35.139485 126.916322|35.139308 126.916429
9121933023,9121933019,27.10,0,0,108.406,35.140193 126.916594|35.140126 126.916556|35.140048 126.916513|35.139993 126.916483|35.139983 126.916456
9121933019,9121933023,27.10,0,0,108.406,35.139983 126.916456|35.139993 126.916483|35.140048 126.916513|35.140126 126.916556|35.140193 126.916594
4805079386,5746992996,38.99,0,0,155.954,35.140563 126.916087|35.140756 126.916444
5746992996,4805079386,38.99,0,0,155.954,35.140756 126.916444|35.140563 126.916087
4805079386,5746992998,70.28,0,0,281.100,35.140563 126.916087|35.140525 126.916133|35.140423 126.916265|35.140377 126.916320|35.140337 126.916385|35.140322 126.916452|35.140333 126.916505|35.140357 126.916563|35.140458 126.916689
5746992998,4805079386,70.28,0,0,281.100,35.140458 126.916689|35.140357 126.916563|35.140333 126.916505|35.140322 126.916452|35.140337 126.916385|35.140377 126.916320|35.140423 126.916265|35.140525 126.916133|35.140563 126.916087
5746992996,5746992998,39.99,0,0,159.973,35.140756 126.916444|35.140714 126.916478|35.140458 126.916689
5746992998,5746992996,39.99,0,0,159.973,35.140458 126.916689|35.140714 126.916478|35.140756 126.916444
5746992998,13744651088,19.42,0,0,77.662,35.140458 126.916689|35.140315 126.916812
13744651088,5746992998,19.42,0,0,77.662,35.140315 126.916812|35.140458 126.916689
4805609255,4805609257,114.84,0,0,459.340,35.134641 126.922349|35.134112 126.921265
4805609257,4805609255,114.84,0,0,459.340,35.134112 126.921265|35.134641 126.922349
4805609257,12430453924,41.20,0,0,164.814,35.134112 126.921265|35.133803 126.921516
12430453924,4805609257,41.20,0,0,164.814,35.133803 126.921516|35.134112 126.921265
12430453924,13105994954,7.21,0,0,28.842,35.133803 126.921516|35.133749 126.921560
13105994954,12430453924,7.21,0,0,28.842,35.133749 126.921560|35.133803 126.921516
12430453924,12430453927,106.23,0,0,424.925,35.133803 126.921516|35.133718 126.921356|35.133287 126.921696|35.133123 126.921407
12430453927,12430453924,106.23,0,0,424.925,35.133123 126.921407|35.133287 126.921696|35.133718 126.921356|35.133803 126.921516
6789742087,6789742096,12.79,0,6,31.966,35.131287 126.932153|35.131278 126.932013
6789742096,6789742087,12.79,0,6,31.966,35.131278 126.932013|35.131287 126.932153
6789742098,6789742099,25.81,3,7,25.815,35.131802 126.931966|35.131570 126.931972
6789742099,6789742098,25.81,3,7,25.815,35.131570 126.931972|35.131802 126.931966
6789742098,6789742106,56.26,3,5,56.270,35.131802 126.931966|35.131811 126.931906|35.131782 126.931349
6789742106,6789742098,56.26,3,5,56.270,35.131782 126.931349|35.131811 126.931906|35.131802 126.931966
4806013527,5660918704,19.34,4,6,19.344,35.133028 126.933651|35.132978 126.933721|35.132914 126.933812
5660918704,4806013527,19.34,4,6,19.344,35.132914 126.933812|35.132978 126.933721|35.133028 126.933651
4806013527,10988363856,34.99,0,6,87.467,35.133028 126.933651|35.133101 126.933725|35.133150 126.933731|35.133185 126.933723|35.133250 126.933730|35.133317 126.933707
10988363856,4806013527,34.99,0,6,87.467,35.133317 126.933707|35.133250 126.933730|35.133185 126.933723|35.133150 126.933731|35.133101 126.933725|35.133028 126.933651
5660918704,5660918705,25.19,4,5,25.187,35.132914 126.933812|35.133089 126.933988
5660918705,5660918704,25.19,4,5,25.187,35.133089 126.933988|35.132914 126.933812
5660918704,13917435205,39.88,4,8,39.883,35.132914 126.933812|35.132876 126.933877|35.132792 126.934036|35.132704 126.934166
13917435205,5660918704,39.88,4,8,39.883,35.132704 126.934166|35.132792 126.934036|35.132876 126.933877|35.132914 126.933812
10142960838,10245803092,20.78,6,10,20.782,35.131689 126.936663|35.131561 126.936591|35.131519 126.936567
10245803092,10142960838,20.78,6,10,20.782,35.131519 126.936567|35.131561 126.936591|35.131689 126.936663
10245803095,10245803092,23.31,6,12,23.305,35.131330 126.936457|35.131519 126.936567
10245803092,10245803095,23.31,6,12,23.305,35.131519 126.936567|35.131330 126.936457
10245803095,10245803094,40.91,6,14,40.913,35.131330 126.936457|35.131189 126.936872
10245803094,10245803095,40.91,6,14,40.913,35.131189 126.936872|35.131330 126.936457
4806750805,4806750806,71.52,0,12,178.811,35.147591 126.923064|35.147155 126.922486
4806750806,4806750805,71.52,0,12,178.811,35.147155 126.922486|35.147591 126.923064
4806750805,13052447283,104.57,0,11,261.422,35.147591 126.923064|35.148296 126.922303
13052447283,4806750805,104.57,0,11,261.422,35.148296 126.922303|35.147591 126.923064
4806750804,13052475510,21.09,0,6,52.737,35.148346 126.922250|35.148261 126.922042
13052475510,4806750804,21.09,0,6,52.737,35.148261 126.922042|35.148346 126.922250
4806750804,12820361014,29.93,0,8,74.817,35.148346 126.922250|35.148471 126.922541
12820361014,4806750804,29.93,0,8,74.817,35.148471 126.922541|35.148346 126.922250
4806750804,13052447283,7.43,0,6,18.564,35.148346 126.922250|35.148296 126.922303
13052447283,4806750804,7.43,0,6,18.564,35.148296 126.922303|35.148346 126.922250
13052475510,13052447268,8.89,0,6,22.226,35.148261 126.922042|35.148191 126.922033|35.148181 126.922032
13052447268,13052475510,8.89,0,6,22.226,35.148181 126.922032|35.148191 126.922033|35.148261 126.922042
13052475510,13052447266,12.50,0,6,31.253,35.148261 126.922042|35.148346 126.922054|35.148373 126.922057
13052447266,13052475510,12.50,0,6,31.253,35.148373 126.922057|35.148346 126.922054|35.148261 126.922042
12820361014,13052475509,7.25,0,8,18.120,35.148471 126.922541|35.148423 126.922595
13052475509,12820361014,7.25,0,8,18.120,35.148423 126.922595|35.148471 126.922541
12820361014,13052447300,18.68,0,10,46.696,35.148471 126.922541|35.148484 126.922568|35.148554 126.922720
13052447300,12820361014,18.68,0,10,46.696,35.148554 126.922720|35.148484 126.922568|35.148471 126.922541
13052447283,13052475509,30.15,0,8,75.366,35.148296 126.922303|35.148308 126.922330|35.148322 126.922360|35.148401 126.922542|35.148423 126.922595
13052475509,13052447283,30.15,0,8,75.366,35.148423 126.922595|35.148401 126.922542|35.148322 126.922360|35.148308 126.922330|35.148296 126.922303
13052447283,13052447267,27.68,0,6,69.206,35.148296 126.922303|35.148281 126.922271|35.148182 126.922043|35.148178 126.922035
13052447267,13052447283,27.68,0,6,69.206,35.148178 126.922035|35.148182 126.922043|35.148281 126.922271|35.148296 126.922303
4806750806,13052447275,42.51,0,7,106.280,35.147155 126.922486|35.147142 126.922018
13052447275,4806750806,42.51,0,7,106.280,35.147142 126.922018|35.147155 126.922486
4806750806,4806750809,71.48,0,12,178.711,35.147155 126.922486|35.147070 126.922542|35.146658 126.922981
4806750809,4806750806,71.48,0,12,178.711,35.146658 126.922981|35.147070 126.922542|35.147155 126.922486
13052447275,4806750807,11.19,0,2,27.974,35.147142 126.922018|35.147139 126.921896
4806750807,13052447275,11.19,0,2,27.974,35.147139 126.921896|35.147142 126.922018
13052447275,13056485303,14.29,0,3,35.722,35.147142 126.922018|35.147270 126.922018
13056485303,13052447275,14.29,0,3,35.722,35.147270 126.922018|35.147142 126.922018
13052447275,13052447280,129.69,0,5,328.340,35.147142 126.922018|35.146018 126.922026|35.145976 126.922027
13052447280,13052447275,129.69,0,5,328.340,35.145976 126.922027|35.146018 126.922026|35.147142 126.922018
4806750809,12491726389,63.12,0,8,157.799,35.146658 126.922981|35.146217 126.922543
12491726389,4806750809,63.12,0,8,157.799,35.146217 126.922543|35.146658 126.922981
4806750807,13056485375,15.85,0,1,39.657,35.147139 126.921896|35.147281 126.921895
13056485375,4806750807,15.85,0,1,39.657,35.147281 126.921895|35.147139 126.921896
13056485375,13056485303,11.24,0,3,28.091,35.147281 126.921895|35.147273 126.921986|35.147270 126.922018
13056485303,13056485375,11.24,0,3,28.091,35.147270 126.922018|35.147273 126.921986|35.147281 126.921895
13056485375,13056485302,14.63,0,0,58.532,35.147281 126.921895|35.147292 126.921775|35.147294 126.921735
13056485302,13056485375,14.63,0,0,58.532,35.147294 126.921735|35.147292 126.921775|35.147281 126.921895
12491726389,12820294183,7.07,0,4,17.682,35.146217 126.922543|35.146168 126.922494
12820294183,12491726389,7.07,0,4,17.682,35.146168 126.922494|35.146217 126.922543
12491726389,13056485372,5.49,0,4,13.728,35.146217 126.922543|35.146187 126.922591
13056485372,12491726389,5.49,0,4,13.728,35.146187 126.922591|35.146217 126.922543
4806750845,7863602414,8.52,0,0,34.083,35.143396 126.926971|35.143412 126.927063
7863602414,4806750845,8.52,0,0,34.083,35.143412 126.927063|35.143396 126.926971
7863602414,4806750847,57.50,0,0,229.986,35.143412 126.927063|35.143434 126.927316|35.143449 126.927340|35.143480 126.927348|35.143667 126.927396|35.143700 126.927404|35.143726 126.927395
4806750847,7863602414,57.50,0,0,229.986,35.143726 126.927395|35.143700 126.927404|35.143667 126.927396|35.143480 126.927348|35.143449 126.927340|35.143434 126.927316|35.143412 126.927063
7863602414,7863602415,51.02,0,0,204.076,35.143412 126.927063|35.143077 126.927155|35.142963 126.927179
7863602415,7863602414,51.02,0,0,204.076,35.142963 126.927179|35.143077 126.927155|35.143412 126.927063
7863602414,11118354411,24.60,0,0,98.415,35.143412 126.927063|35.143481 126.927048|35.143581 126.927010|35.143617 126.926975
11118354411,7863602414,24.60,0,0,98.415,35.143617 126.926975|35.143581 126.927010|35.143481 126.927048|35.143412 126.927063
4806750847,4806750853,28.52,0,0,114.094,35.143726 126.927395|35.143732 126.927365|35.143745 126.927339|35.143765 126.927319|35.143788 126.927308|35.143814 126.927308|35.143838 126.927317|35.143858 126.927335|35.143873 126.927360|35.143880 126.927390|35.143877 126.927426
4806750853,4806750847,28.52,0,0,114.094,35.143877 126.927426|35.143880 126.927390|35.143873 126.927360|35.143858 126.927335|35.143838 126.927317|35.143814 126.927308|35.143788 126.927308|35.143765 126.927319|35.143745 126.927339|35.143732 126.927365|35.143726 126.927395
4806750853,4806750868,117.81,0,2,326.897,35.143877 126.927426|35.143935 126.927447|35.144001 126.927489|35.144061 126.927560|35.144070 126.927599|35.143971 126.928580
4806750868,4806750853,117.81,0,2,326.897,35.143971 126.928580|35.144070 126.927599|35.144061 126.927560|35.144001 126.927489|35.143935 126.927447|35.143877 126.927426
12881290398,12881290402,6.85,2,8,6.851,35.148532 126.932726|35.148508 126.932795
12881290402,12881290398,6.85,2,8,6.851,35.148508 126.932795|35.148532 126.932726
4806750923,10974260388,36.17,0,12,90.429,35.141137 126.919908|35.141289 126.920260
10974260388,4806750923,36.17,0,12,90.429,35.141289 126.920260|35.141137 126.919908
4806750923,10959645144,5.44,0,8,13.604,35.141137 126.919908|35.141176 126.919871
10959645144,4806750923,5.44,0,8,13.604,35.141176 126.919871|35.141137 126.919908
4806750923,10959626133,54.74,3,10,54.738,35.141137 126.919908|35.140741 126.920266
10959626133,4806750923,54.74,3,10,54.738,35.140741 126.920266|35.141137 126.919908
10974260388,4806750927,29.05,0,9,72.613,35.141289 126.920260|35.141311 126.920314|35.141352 126.920337|35.141432 126.920337|35.141514 126.920372
4806750927,10974260388,29.05,0,9,72.613,35.141514 126.920372|35.141432 126.920337|35.141352 126.920337|35.141311 126.920314|35.141289 126.920260
10974260388,11007484280,21.85,0,9,54.618,35.141289 126.920260|35.141379 126.920158|35.141442 126.920112
11007484280,10974260388,21.85,0,9,54.618,35.141442 126.920112|35.141379 126.920158|35.141289 126.920260
10959645144,10959645201,45.33,0,13,113.319,35.141176 126.919871|35.141022 126.919595|35.141071 126.919474|35.141081 126.919447
10959645201,10959645144,45.33,0,13,113.319,35.141081 126.919447|35.141071 126.919474|35.141022 126.919595|35.141176 126.919871
10959626133,5227330107,33.71,3,6,33.705,35.140741 126.920266|35.140499 126.920488
5227330107,10959626133,33.71,3,6,33.705,35.140499 126.920488|35.140741 126.920266
10959626133,10959626141,46.01,3,10,46.006,35.140741 126.920266|35.140554 126.919867|35.140537 126.919849|35.140522 126.919844
10959626141,10959626133,46.01,3,10,46.006,35.140522 126.919844|35.140537 126.919849|35.140554 126.919867|35.140741 126.920266
11149884116,11149884117,37.03,3,6,37.029,35.142193 126.919811|35.142485 126.919613
11149884117,11149884116,37.03,3,6,37.029,35.142485 126.919613|35.142193 126.919811
4806750940,10958477368,4.34,0,11,10.851,35.140229 126.919860|35.140241 126.919814
10958477368,4806750940,4.34,0,11,10.851,35.140241 126.919814|35.140229 126.919860
4806750940,4806750946,42.83,0,15,107.065,35.140229 126.919860|35.140166 126.919852|35.140134 126.919833|35.140098 126.919806|35.140063 126.919795|35.139917 126.919792|35.139855 126.919796
4806750946,4806750940,42.83,0,15,107.065,35.139855 126.919796|35.139917 126.919792|35.140063 126.919795|35.140098 126.919806|35.140134 126.919833|35.140166 126.919852|35.140229 126.919860
10958477368,10959645027,90.81,3,18,90.815,35.140241 126.919814|35.140264 126.919731|35.140384 126.919548|35.140525 126.919367|35.140632 126.919183|35.140744 126.919037
10959645027,10958477368,90.81,3,18,90.815,35.140744 126.919037|35.140632 126.919183|35.140525 126.919367|35.140384 126.919548|35.140264 126.919731|35.140241 126.919814
4806750946,10958477325,43.38,0,10,108.446,35.139855 126.919796|35.139820 126.919817|35.139848 126.919894|35.139856 126.919968|35.139841 126.920019|35.139796 126.920084|35.139781 126.920108|35.139741 126.920195
10958477325,4806750946,43.38,0,10,108.446,35.139741 126.920195|35.139781 126.920108|35.139796 126.920084|35.139841 126.920019|35.139856 126.919968|35.139848 126.919894|35.139820 126.919817|35.139855 126.919796
6789730774,6789730779,42.15,0,0,168.596,35.131009 126.929675|35.131125 126.930117
6789730779,6789730774,42.15,0,0,168.596,35.131125 126.930117|35.131009 126.929675
12543084604,13917435228,14.23,0,0,56.932,35.131572 126.929956|35.131620 126.930075|35.131627 126.930098
13917435228,12543084604,14.23,0,0,56.932,35.131627 126.930098|35.131620 126.930075|35.131572 126.929956
12543084604,13917435221,32.53,0,0,130.121,35.131572 126.929956|35.131727 126.929886|35.131772 126.929837|35.131835 126.929811
13917435221,12543084604,32.53,0,0,130.121,35.131835 126.929811|35.131772 126.929837|35.131727 126.929886|35.131572 126.929956
5660918678,4813456815,5.73,0,4,14.316,35.132387 126.930433|35.132336 126.930420
4813456815,5660918678,5.73,0,4,14.316,35.132336 126.930420|35.132387 126.930433
5660918678,5660918682,100.63,0,9,251.595,35.132387 126.930433|35.132452 126.930309|35.132488 126.930221|35.132533 126.930090|35.132619 126.929831|35.132763 126.929429
5660918682,5660918678,100.63,0,9,251.595,35.132763 126.929429|35.132619 126.929831|35.132533 126.930090|35.132488 126.930221|35.132452 126.930309|35.132387 126.930433
5684922697,9010143010,36.90,2,8,36.899,35.133516 126.931236|35.133465 126.931637
9010143010,5684922697,36.90,2,8,36.899,35.133465 126.931637|35.133516 126.931236
4813456815,4813456816,71.12,3,8,71.118,35.132336 126.930420|35.132171 126.931175
4813456816,4813456815,71.12,3,8,71.118,35.132171 126.931175|35.132336 126.930420
13056471875,13056471877,100.64,7,4,103.481,35.146649 126.918569|35.145799 126.918950
13056471877,13056471875,100.64,7,4,103.481,35.145799 126.918950|35.146649 126.918569
13056471875,13056471873,13.43,1,0,33.579,35.146649 126.918569|35.146662 126.918562|35.146673 126.918551|35.146683 126.918534|35.146691 126.918502|35.146689 126.918470|35.146682 126.918445
13056471873,13056471875,13.43,1,0,33.579,35.146682 126.918445|35.146689 126.918470|35.146691 126.918502|35.146683 126.918534|35.146673 126.918551|35.146662 126.918562|35.146649 126.918569
13056471880,13050595945,25.20,3,3,25.198,35.145871 126.919200|35.146084 126.919105
13050595945,13056471880,25.20,3,3,25.198,35.146084 126.919105|35.145871 126.919200
13056471880,13050595964,159.15,4,3,195.456,35.145871 126.919200|35.145110 126.919538|35.145077 126.919562|35.145056 126.919597|35.145047 126.919645|35.145061 126.919712|35.145260 126.920207
13050595964,13056471880,159.15,4,3,195.456,35.145260 126.920207|35.145061 126.919712|35.145047 126.919645|35.145056 126.919597|35.145077 126.919562|35.145110 126.919538|35.145871 126.919200
4818188218,10902041125,22.09,3,2,22.092,35.143134 126.922732|35.143222 126.922949
10902041125,4818188218,22.09,3,2,22.092,35.143222 126.922949|35.143134 126.922732
4818188218,10902041124,25.90,5,2,25.919,35.143134 126.922732|35.143031 126.922476
10902041124,4818188218,25.90,5,2,25.919,35.143031 126.922476|35.143134 126.922732
10902041125,10902041126,28.98,3,2,29.021,35.143222 126.922949|35.142989 126.923090
10902041126,10902041125,28.98,3,2,29.021,35.142989 126.923090|35.143222 126.922949
10902041124,5215276479,28.43,2,1,29.700,35.143031 126.922476|35.142804 126.922623
5215276479,10902041124,28.43,2,1,29.700,35.142804 126.922623|35.143031 126.922476
10902041124,10902041127,21.94,2,1,22.284,35.143031 126.922476|35.142943 126.922260
10902041127,10902041124,21.94,2,1,22.284,35.142943 126.922260|35.143031 126.922476
13074248483,13074248486,34.80,9,7,34.805,35.145161 126.917035|35.144969 126.916732
13074248486,13074248483,34.80,9,7,34.805,35.144969 126.916732|35.145161 126.917035
13074248483,13074248484,23.84,9,8,23.836,35.145161 126.917035|35.145333 126.916879
13074248484,13074248483,23.84,9,8,23.836,35.145333 126.916879|35.145161 126.917035
5160932741,5160932742,11.66,2,6,11.661,35.148409 126.926727|35.148402 126.926856
5160932742,5160932741,11.66,2,6,11.661,35.148402 126.926856|35.148409 126.926727
4854697794,4854697801,31.51,3,13,31.508,35.147783 126.926854|35.147851 126.927191
4854697801,4854697794,31.51,3,13,31.508,35.147851 126.927191|35.147783 126.926854
4854697794,4854697803,37.46,6,15,37.461,35.147783 126.926854|35.147459 126.926969
4854697803,4854697794,37.46,6,15,37.461,35.147459 126.926969|35.147783 126.926854
4854697801,4854697798,29.27,3,10,29.269,35.147851 126.927191|35.147910 126.927504
4854697798,4854697801,29.27,3,10,29.269,35.147910 126.927504|35.147851 126.927191
4854697801,4854697800,40.50,3,14,40.501,35.147851 126.927191|35.147501 126.927312
4854697800,4854697801,40.50,3,14,40.501,35.147501 126.927312|35.147851 126.927191
4854697798,4854697799,39.23,0,10,98.073,35.147910 126.927504|35.147569 126.927613
4854697799,4854697798,39.23,0,10,98.073,35.147569 126.927613|35.147910 126.927504
4854697798,10228409164,104.21,0,10,260.526,35.147910 126.927504|35.147935 126.927633|35.147928 126.927738|35.147894 126.927862|35.147991 126.927919|35.148069 126.927929|35.148520 126.927919
10228409164,4854697798,104.21,0,10,260.526,35.148520 126.927919|35.148069 126.927929|35.147991 126.927919|35.147894 126.927862|35.147928 126.927738|35.147935 126.927633|35.147910 126.927504
10228409164,5160932752,17.63,0,2,44.065,35.148520 126.927919|35.148511 126.928113
5160932752,10228409164,17.63,0,2,44.065,35.148511 126.928113|35.148520 126.927919
10228409164,5160932749,15.24,0,2,38.097,35.148520 126.927919|35.148528 126.927752
5160932749,10228409164,15.24,0,2,38.097,35.148528 126.927752|35.148520 126.927919
4902023305,5746594314,65.54,8,21,65.540,35.142515 126.917925|35.142991 126.917501
5746594314,4902023305,65.54,8,21,65.540,35.142991 126.917501|35.142515 126.917925
4902023305,11115899628,5.82,6,14,5.820,35.142515 126.917925|35.142478 126.917879
11115899628,4902023305,5.82,6,14,5.820,35.142478 126.917879|35.142515 126.917925
4902023305,5746594312,37.06,9,17,37.056,35.142515 126.917925|35.142594 126.918049|35.142652 126.918179|35.142693 126.918268
5746594312,4902023305,37.06,9,17,37.056,35.142693 126.918268|35.142652 126.918179|35.142594 126.918049|35.142515 126.917925
11115899628,11118149502,53.91,6,21,53.911,35.142478 126.917879|35.142437 126.917928|35.142314 126.918046|35.142219 126.918156|35.142108 126.918221|35.142093 126.918232
11118149502,11115899628,53.91,6,21,53.911,35.142093 126.918232|35.142108 126.918221|35.142219 126.918156|35.142314 126.918046|35.142437 126.917928|35.142478 126.917879
11115899628,11115899676,17.69,6,16,17.688,35.142478 126.917879|35.142430 126.917851|35.142370 126.917819|35.142332 126.917803
11115899676,11115899628,17.69,6,16,17.688,35.142332 126.917803|35.142370 126.917819|35.142430 126.917851|35.142478 126.917879
5746594312,11118155956,39.42,6,16,39.420,35.142693 126.918268|35.142754 126.918393|35.142871 126.918643
11118155956,5746594312,39.42,6,16,39.420,35.142871 126.918643|35.142754 126.918393|35.142693 126.918268
5746594312,11118156046,37.20,6,13,37.203,35.142693 126.918268|35.142816 126.918189|35.142881 126.918155|35.142938 126.918132|35.143002 126.918121
11118156046,5746594312,37.20,6,13,37.203,35.143002 126.918121|35.142938 126.918132|35.142881 126.918155|35.142816 126.918189|35.142693 126.918268
13917435205,13917435203,8.34,4,7,8.344,35.132704 126.934166|35.132765 126.934220
13917435203,13917435205,8.34,4,7,8.344,35.132765 126.934220|35.132704 126.934166
10142960886,10167810609,75.43,3,13,75.426,35.132772 126.933437|35.132904 126.932624
10167810609,10142960886,75.43,3,13,75.426,35.132904 126.932624|35.132772 126.933437
5160931402,8690512268,6.23,0,0,24.931,35.137512 126.918160|35.137537 126.918221
8690512268,5160931402,6.23,0,0,24.931,35.137537 126.918221|35.137512 126.918160
12382454531,8690512268,71.86,0,0,287.431,35.137021 126.918696|35.137509 126.918249|35.137537 126.918221
8690512268,12382454531,71.86,0,0,287.431,35.137537 126.918221|35.137509 126.918249|35.137021 126.918696
5160931408,9462145419,29.63,0,10,74.074,35.134201 126.931814|35.133940 126.931753
9462145419,5160931408,29.63,0,10,74.074,35.133940 126.931753|35.134201 126.931814
5160931408,5660918694,50.90,0,12,127.239,35.134201 126.931814|35.134110 126.931956|35.134048 126.932050|35.134020 126.932085|35.133976 126.932124|35.133928 126.932152|35.133866 126.932169
5660918694,5160931408,50.90,0,12,127.239,35.133866 126.932169|35.133928 126.932152|35.133976 126.932124|35.134020 126.932085|35.134048 126.932050|35.134110 126.931956|35.134201 126.931814
9462145419,5660918690,9.46,0,10,23.651,35.133940 126.931753|35.133857 126.931731
5660918690,9462145419,9.46,0,10,23.651,35.133857 126.931731|35.133940 126.931753
9462145419,5660918694,38.68,0,11,96.711,35.133940 126.931753|35.133919 126.931869|35.133866 126.932169
5660918694,9462145419,38.68,0,11,96.711,35.133866 126.932169|35.133919 126.931869|35.133940 126.931753
5160932742,5160932746,27.29,2,9,27.286,35.148402 126.926856|35.148157 126.926841
5160932746,5160932742,27.29,2,9,27.286,35.148157 126.926841|35.148402 126.926856
5160932742,5160932743,34.12,6,5,34.115,35.148402 126.926856|35.148523 126.926835|35.148707 126.926842
5160932743,5160932742,34.12,6,5,34.115,35.148707 126.926842|35.148523 126.926835|35.148402 126.926856
5160932746,5160932745,15.71,5,8,15.708,35.148157 126.926841|35.148016 126.926833
5160932745,5160932746,15.71,5,8,15.708,35.148016 126.926833|35.148157 126.926841
5160932746,5160932750,66.48,2,9,66.481,35.148157 126.926841|35.148125 126.927571
5160932750,5160932746,66.48,2,9,66.481,35.148125 126.927571|35.148157 126.926841
5160932750,5160932749,59.76,0,5,149.412,35.148125 126.927571|35.148531 126.927591|35.148528 126.927752
5160932749,5160932750,59.76,0,5,149.412,35.148528 126.927752|35.148531 126.927591|35.148125 126.927571
5160932752,10228409167,30.35,0,3,75.887,35.148511 126.928113|35.148241 126.928063
10228409167,5160932752,30.35,0,3,75.887,35.148241 126.928063|35.148511 126.928113
5192601877,13056485314,22.20,0,1,55.857,35.145613 126.921390|35.145580 126.921547|35.145568 126.921593|35.145556 126.921623
13056485314,5192601877,22.20,0,1,55.857,35.145556 126.921623|35.145568 126.921593|35.145580 126.921547|35.145613 126.921390
13056485314,13056485466,7.76,0,1,19.407,35.145556 126.921623|35.145569 126.921639|35.145600 126.921689
13056485466,13056485314,7.76,0,1,19.407,35.145600 126.921689|35.145569 126.921639|35.145556 126.921623
13056485314,13056485315,6.87,0,1,17.176,35.145556 126.921623|35.145527 126.921588|35.145513 126.921569
13056485315,13056485314,6.87,0,1,17.176,35.145513 126.921569|35.145527 126.921588|35.145556 126.921623
5215276479,10902041126,47.18,3,1,55.679,35.142804 126.922623|35.142989 126.923090
10902041126,5215276479,47.18,3,1,55.679,35.142989 126.923090|35.142804 126.922623
5215276479,10902041149,51.67,0,0,206.671,35.142804 126.922623|35.142757 126.922636|35.142691 126.922582|35.142629 126.922495|35.142571 126.922364|35.142545 126.922338|35.142526 126.922338|35.142471 126.922388
10902041149,5215276479,51.67,0,0,206.671,35.142471 126.922388|35.142526 126.922338|35.142545 126.922338|35.142571 126.922364|35.142629 126.922495|35.142691 126.922582|35.142757 126.922636|35.142804 126.922623
10902041126,10902012002,122.33,5,6,123.694,35.142989 126.923090|35.142996 126.923108|35.142958 126.923175|35.142939 126.923256|35.142931 126.923306|35.143040 126.923590|35.142447 126.923918
10902012002,10902041126,122.33,5,6,123.694,35.142447 126.923918|35.143040 126.923590|35.142931 126.923306|35.142939 126.923256|35.142958 126.923175|35.142996 126.923108|35.142989 126.923090
10902041149,10902011989,26.38,0,0,105.501,35.142471 126.922388|35.142497 126.922457|35.142491 126.922476|35.142399 126.922529|35.142381 126.922536|35.142343 126.922534
10902011989,10902041149,26.38,0,0,105.501,35.142343 126.922534|35.142381 126.922536|35.142399 126.922529|35.142491 126.922476|35.142497 126.922457|35.142471 126.922388
5227330097,13074248486,71.17,6,10,71.166,35.144577 126.916114|35.144969 126.916732
13074248486,5227330097,71.17,6,10,71.166,35.144969 126.916732|35.144577 126.916114
5227330097,5227330102,34.16,0,8,85.405,35.144577 126.916114|35.144541 126.916142|35.144414 126.916240|35.144301 126.916261
5227330102,5227330097,34.16,0,8,85.405,35.144301 126.916261|35.144414 126.916240|35.144541 126.916142|35.144577 126.916114
13074248486,13074248484,62.27,9,7,62.276,35.144969 126.916732|35.145222 126.916572|35.145333 126.916879
13074248484,13074248486,62.27,9,7,62.276,35.145333 126.916879|35.145222 126.916572|35.144969 126.916732
5227330102,5227330103,16.79,0,7,41.987,35.144301 126.916261|35.144294 126.916445
5227330103,5227330102,16.79,0,7,41.987,35.144294 126.916445|35.144301 126.916261
5227330102,5227330100,21.28,0,10,53.190,35.144301 126.916261|35.144222 126.916276|35.144112 126.916293
5227330100,5227330102,21.28,0,10,53.190,35.144112 126.916293|35.144222 126.916276|35.144301 126.916261
5227330100,5227330105,16.21,0,11,40.515,35.144112 126.916293|35.143970 126.916333
5227330105,5227330100,16.21,0,11,40.515,35.143970 126.916333|35.144112 126.916293
5227330105,5227330106,20.34,3,13,20.344,35.143970 126.916333|35.143921 126.916117
5227330106,5227330105,20.34,3,13,20.344,35.143921 126.916117|35.143970 126.916333
5227330107,5227330108,18.73,3,4,18.729,35.140499 126.920488|35.140516 126.920515|35.140598 126.920655
5227330108,5227330107,18.73,3,4,18.729,35.140598 126.920655|35.140516 126.920515|35.140499 126.920488
5227330108,5227330114,55.88,3,4,55.944,35.140598 126.920655|35.140432 126.920807|35.140610 126.921096
5227330114,5227330108,55.88,3,4,55.944,35.140610 126.921096|35.140432 126.920807|35.140598 126.920655
5227330114,5227330115,13.40,0,1,33.523,35.140610 126.921096|35.140671 126.921222
5227330115,5227330114,13.40,0,1,33.523,35.140671 126.921222|35.140610 126.921096
5227330114,10959175210,15.01,0,1,37.557,35.140610 126.921096|35.140594 126.921101|35.140493 126.921178
10959175210,5227330114,15.01,0,1,37.557,35.140493 126.921178|35.140594 126.921101|35.140610 126.921096
5227330115,5227330116,16.37,0,1,40.972,35.140671 126.921222|35.140558 126.921337
5227330116,5227330115,16.37,0,1,40.972,35.140558 126.921337|35.140671 126.921222
5227330115,5227330118,7.93,0,1,19.833,35.140671 126.921222|35.140688 126.921229|35.140721 126.921281
5227330118,5227330115,7.93,0,1,19.833,35.140721 126.921281|35.140688 126.921229|35.140671 126.921222
5227330434,5227330439,17.76,0,0,71.023,35.136400 126.916150|35.136558 126.916172
5227330439,5227330434,17.76,0,0,71.023,35.136558 126.916172|35.136400 126.916150
5227330434,5227330435,15.04,0,0,60.157,35.136400 126.916150|35.136403 126.916160|35.136384 126.916313
5227330435,5227330434,15.04,0,0,60.157,35.136384 126.916313|35.136403 126.916160|35.136400 126.916150
5227330439,5227330440,14.05,0,0,56.193,35.136558 126.916172|35.136541 126.916325
5227330440,5227330439,14.05,0,0,56.193,35.136541 126.916325|35.136558 126.916172
5227418062,10142960841,13.59,0,5,33.986,35.131279 126.937899|35.131157 126.937903
10142960841,5227418062,13.59,0,5,33.986,35.131157 126.937903|35.131279 126.937899
5227418062,10245840027,7.54,0,5,18.848,35.131279 126.937899|35.131347 126.937894
10245840027,5227418062,7.54,0,5,18.848,35.131347 126.937894|35.131279 126.937899
10245840027,13478524626,60.25,2,5,60.278,35.131347 126.937894|35.131888 126.937873
13478524626,10245840027,60.25,2,5,60.278,35.131888 126.937873|35.131347 126.937894
5236166370,5236166371,77.04,0,0,308.148,35.131434 126.927419|35.131682 126.928209
5236166371,5236166370,77.04,0,0,308.148,35.131682 126.928209|35.131434 126.927419
5236166370,5236166374,20.81,0,0,83.224,35.131434 126.927419|35.131318 126.927476|35.131259 126.927502
5236166374,5236166370,20.81,0,0,83.224,35.131259 126.927502|35.131318 126.927476|35.131434 126.927419
5236166371,5236166372,26.44,0,0,105.766,35.131682 126.928209|35.131460 126.928314
5236166372,5236166371,26.44,0,0,105.766,35.131460 126.928314|35.131682 126.928209
5236166371,13909926797,104.26,0,4,264.029,35.131682 126.928209|35.131943 126.928083|35.131959 126.928071|35.131972 126.928048|35.131977 126.928021|35.131977 126.927971|35.131970 126.927911|35.132126 126.927835|35.132059 126.927621|35.131921 126.927688
13909926797,5236166371,104.26,0,4,264.029,35.131921 126.927688|35.132059 126.927621|35.132126 126.927835|35.131970 126.927911|35.131977 126.927971|35.131977 126.928021|35.131972 126.928048|35.131959 126.928071|35.131943 126.928083|35.131682 126.928209
5236166374,5236166378,15.71,0,0,62.831,35.131259 126.927502|35.131209 126.927340
5236166378,5236166374,15.71,0,0,62.831,35.131209 126.927340|35.131259 126.927502
5236166372,5236166373,37.48,0,0,149.916,35.131460 126.928314|35.131339 126.927929
5236166373,5236166372,37.48,0,0,149.916,35.131339 126.927929|35.131460 126.928314
5236166372,5236166382,46.21,3,0,115.524,35.131460 126.928314|35.131422 126.928330|35.131157 126.928465|35.131122 126.928456|35.131087 126.928408
5236166382,5236166372,46.21,3,0,115.524,35.131087 126.928408|35.131122 126.928456|35.131157 126.928465|35.131422 126.928330|35.131460 126.928314
5236166382,5236166382,94.36,3,0,235.892,35.131087 126.928408|35.130939 126.928469|35.130853 126.928159|35.131001 126.928097|35.131087 126.928408
5236166378,5236166378,101.99,0,0,407.975,35.131209 126.927340|35.131063 126.927416|35.130957 126.927071|35.131103 126.926998|35.131209 126.927340
5237611732,5237611764,7.54,0,4,18.852,35.134309 126.937737|35.134241 126.937731
5237611764,5237611732,7.54,0,4,18.852,35.134241 126.937731|35.134309 126.937737
5237611732,10245803062,62.44,0,4,156.263,35.134309 126.937737|35.134322 126.937697|35.134848 126.937660
10245803062,5237611732,62.44,0,4,156.263,35.134848 126.937660|35.134322 126.937697|35.134309 126.937737
5237611764,5237611734,90.07,3,7,90.133,35.134241 126.937731|35.134097 126.937732|35.133935 126.937739|35.133635 126.937244
5237611734,5237611764,90.07,3,7,90.133,35.133635 126.937244|35.133935 126.937739|35.134097 126.937732|35.134241 126.937731
5237611764,10988863493,44.35,0,7,110.885,35.134241 126.937731|35.134237 126.937418|35.134209 126.937246
10988863493,5237611764,44.35,0,7,110.885,35.134209 126.937246|35.134237 126.937418|35.134241 126.937731
10245803062,10245803075,14.05,0,0,56.199,35.134848 126.937660|35.134807 126.937514
10245803075,10245803062,14.05,0,0,56.199,35.134807 126.937514|35.134848 126.937660
10245803062,10248473609,461.59,0,7,1305.925,35.134848 126.937660|35.134990 126.937666|35.135085 126.937671|35.135317 126.937677|35.135398 126.937636|35.135521 126.937540|35.135655 126.937467|35.135861 126.937416|35.136008 126.937304|35.136124 126.937215|35.136199 126.937240|35.136350 126.937299|35.136412 126.937304|35.136592 126.937266|35.136984 126.937121|35.137193 126.936966|35.137271 126.936918|35.137377 126.937006|35.137454 126.937017|35.137690 126.937006|35.137796 126.937033|35.137903 126.937103|35.137998 126.937132|35.138063 126.937014|35.138151 126.936899|35.138267 126.936947|35.138399 126.936979|35.138502 126.936899|35.138605 126.936742
10248473609,10245803062,461.59,0,7,1305.925,35.138605 126.936742|35.138502 126.936899|35.138399 126.936979|35.138267 126.936947|35.138151 126.936899|35.138063 126.937014|35.137998 126.937132|35.137903 126.937103|35.137796 126.937033|35.137690 126.937006|35.137454 126.937017|35.137377 126.937006|35.137271 126.936918|35.137193 126.936966|35.136984 126.937121|35.136592 126.937266|35.136412 126.937304|35.136350 126.937299|35.136199 126.937240|35.136124 126.937215|35.136008 126.937304|35.135861 126.937416|35.135655 126.937467|35.135521 126.937540|35.135398 126.937636|35.135317 126.937677|35.135085 126.937671|35.134990 126.937666|35.134848 126.937660
5237611734,10245803068,189.73,3,8,195.394,35.133635 126.937244|35.133787 126.937189|35.133863 126.937174|35.133988 126.937142|35.134070 126.937109|35.134126 126.937071|35.134197 126.937011|35.134234 126.936966|35.134259 126.936928|35.134283 126.936880|35.134318 126.936781|35.134357 126.936632|35.134408 126.936437|35.134427 126.936273|35.134445 126.936148|35.134457 126.936082|35.134473 126.936035|35.134503 126.935998|35.134535 126.935979|35.134705 126.935959
10245803068,5237611734,189.73,3,8,195.394,35.134705 126.935959|35.134535 126.935979|35.134503 126.935998|35.134473 126.936035|35.134457 126.936082|35.134445 126.936148|35.134427 126.936273|35.134408 126.936437|35.134357 126.936632|35.134318 126.936781|35.134283 126.936880|35.134259 126.936928|35.134234 126.936966|35.134197 126.937011|35.134126 126.937071|35.134070 126.937109|35.133988 126.937142|35.133863 126.937174|35.133787 126.937189|35.133635 126.937244
10245803068,10245803091,54.46,0,3,136.489,35.134705 126.935959|35.134686 126.936440|35.134669 126.936555
10245803091,10245803068,54.46,0,3,136.489,35.134669 126.936555|35.134686 126.936440|35.134705 126.935959
10245803068,9121933092,150.54,0,2,436.172,35.134705 126.935959|35.134837 126.935917|35.134871 126.935896|35.134901 126.935872|35.134914 126.935838|35.134926 126.935774|35.134928 126.935698|35.134898 126.935276|35.134818 126.934656|35.134681 126.934672
9121933092,10245803068,150.54,0,2,436.172,35.134681 126.934672|35.134818 126.934656|35.134898 126.935276|35.134928 126.935698|35.134926 126.935774|35.134914 126.935838|35.134901 126.935872|35.134871 126.935896|35.134837 126.935917|35.134705 126.935959
5258719621,13622091911,51.44,0,2,130.181,35.143731 126.925646|35.143831 126.925799|35.143862 126.925948|35.143869 126.926025|35.143861 126.926164
13622091911,5258719621,51.44,0,2,130.181,35.143861 126.926164|35.143869 126.926025|35.143862 126.925948|35.143831 126.925799|35.143731 126.925646
5258719621,7863602416,179.25,4,9,181.186,35.143731 126.925646|35.143597 126.925553|35.143381 126.925404|35.142432 126.924835|35.142297 126.924747
7863602416,5258719621,179.25,4,9,181.186,35.142297 126.924747|35.142432 126.924835|35.143381 126.925404|35.143597 126.925553|35.143731 126.925646
5263245979,13105994954,51.30,0,0,205.201,35.133365 126.921872|35.133749 126.921560
13105994954,5263245979,51.30,0,0,205.201,35.133749 126.921560|35.133365 126.921872
5263245979,5263245977,107.10,0,0,428.403,35.133365 126.921872|35.133750 126.922601|35.133622 126.922868
5263245977,5263245979,107.10,0,0,428.403,35.133622 126.922868|35.133750 126.922601|35.133365 126.921872
13105994954,13105994956,16.96,0,0,67.833,35.133749 126.921560|35.133831 126.921717
13105994956,13105994954,16.96,0,0,67.833,35.133831 126.921717|35.133749 126.921560
11230698364,11230698369,25.34,3,4,25.342,35.148512 126.925140|35.148386 126.924990|35.148349 126.925036
11230698369,11230698364,25.34,3,4,25.342,35.148349 126.925036|35.148386 126.924990|35.148512 126.925140
11230698364,11230698365,56.73,3,1,71.333,35.148512 126.925140|35.148645 126.925298|35.148660 126.925559|35.148557 126.925607
11230698365,11230698364,56.73,3,1,71.333,35.148557 126.925607|35.148660 126.925559|35.148645 126.925298|35.148512 126.925140
13622090999,13622091991,14.05,0,0,56.216,35.142152 126.926909|35.142104 126.926914|35.142026 126.926922
13622091991,13622090999,14.05,0,0,56.216,35.142026 126.926922|35.142104 126.926914|35.142152 126.926909
13622090999,13622091992,8.28,0,0,33.128,35.142152 126.926909|35.142197 126.926904|35.142226 126.926901
13622091992,13622090999,8.28,0,0,33.128,35.142226 126.926901|35.142197 126.926904|35.142152 126.926909
13622091988,13622091919,27.44,0,0,109.761,35.142283 126.926826|35.142289 126.926834|35.142370 126.926906|35.142457 126.926931|35.142503 126.926951
13622091919,13622091988,27.44,0,0,109.761,35.142503 126.926951|35.142457 126.926931|35.142370 126.926906|35.142289 126.926834|35.142283 126.926826
13622091988,13622091992,9.31,0,0,37.252,35.142283 126.926826|35.142264 126.926852|35.142226 126.926901
13622091992,13622091988,9.31,0,0,37.252,35.142226 126.926901|35.142264 126.926852|35.142283 126.926826
5409319027,13622108217,14.73,0,0,58.936,35.143582 126.929578|35.143571 126.929566|35.143557 126.929559|35.143542 126.929557|35.143528 126.929561|35.143515 126.929570|35.143505 126.929584|35.143499 126.929601|35.143498 126.929619|35.143501 126.929634
13622108217,5409319027,14.73,0,0,58.936,35.143501 126.929634|35.143498 126.929619|35.143499 126.929601|35.143505 126.929584|35.143515 126.929570|35.143528 126.929561|35.143542 126.929557|35.143557 126.929559|35.143571 126.929566|35.143582 126.929578
13622108217,13622042765,5.21,0,0,20.824,35.143501 126.929634|35.143455 126.929644
13622042765,13622108217,5.21,0,0,20.824,35.143455 126.929644|35.143501 126.929634
6398390252,13622042765,36.81,0,0,147.250,35.143396 126.929246|35.143411 126.929345|35.143455 126.929644
13622042765,6398390252,36.81,0,0,147.250,35.143455 126.929644|35.143411 126.929345|35.143396 126.929246
6398390252,7863602411,97.31,0,0,389.260,35.143396 126.929246|35.143358 126.929125|35.143255 126.928996|35.143155 126.928899|35.142919 126.928785|35.142691 126.928692
7863602411,6398390252,97.31,0,0,389.260,35.142691 126.928692|35.142919 126.928785|35.143155 126.928899|35.143255 126.928996|35.143358 126.929125|35.143396 126.929246
5660918690,9010143010,44.32,0,14,110.806,35.133857 126.931731|35.133465 126.931637
9010143010,5660918690,44.32,0,14,110.806,35.133465 126.931637|35.133857 126.931731
5660918690,5684922705,89.12,0,11,222.796,35.133857 126.931731|35.133971 126.931371|35.134071 126.931282|35.134087 126.931281|35.134425 126.931374
5684922705,5660918690,89.12,0,11,222.796,35.134425 126.931374|35.134087 126.931281|35.134071 126.931282|35.133971 126.931371|35.133857 126.931731
9010143010,12430453919,21.03,0,7,52.581,35.133465 126.931637|35.133280 126.931592
12430453919,9010143010,21.03,0,7,52.581,35.133280 126.931592|35.133465 126.931637
5672035116,5938871730,43.94,0,0,175.759,35.137753 126.916680|35.137616 126.916227
5938871730,5672035116,43.94,0,0,175.759,35.137616 126.916227|35.137753 126.916680
5672035116,5938871732,94.14,0,0,376.565,35.137753 126.916680|35.137328 126.916870|35.137182 126.916421
5938871732,5672035116,94.14,0,0,376.565,35.137182 126.916421|35.137328 126.916870|35.137753 126.916680
5938871730,12585080474,4.40,0,0,17.599,35.137616 126.916227|35.137602 126.916181
12585080474,5938871730,4.40,0,0,17.599,35.137602 126.916181|35.137616 126.916227
5938871730,5938871732,51.39,0,0,205.556,35.137616 126.916227|35.137361 126.916345|35.137182 126.916421
5938871732,5938871730,51.39,0,0,205.556,35.137182 126.916421|35.137361 126.916345|35.137616 126.916227
5684922687,5684922688,54.37,3,10,54.371,35.132658 126.932873|35.132677 126.932798|35.132708 126.932696|35.132717 126.932666|35.132842 126.932696|35.132806 126.932916
5684922688,5684922687,54.37,3,10,54.371,35.132806 126.932916|35.132842 126.932696|35.132717 126.932666|35.132708 126.932696|35.132677 126.932798|35.132658 126.932873
5684922686,5684922688,38.98,3,7,38.980,35.132738 126.933336|35.132806 126.932916
5684922688,5684922686,38.98,3,7,38.980,35.132806 126.932916|35.132738 126.933336
12430453919,12430453921,42.86,2,9,42.861,35.133280 126.931592|35.133328 126.931236|35.133249 126.931184
12430453921,12430453919,42.86,2,9,42.861,35.133249 126.931184|35.133328 126.931236|35.133280 126.931592
5746594299,5746594301,10.46,6,8,10.457,35.142535 126.917335|35.142540 126.917396|35.142533 126.917449
5746594301,5746594299,10.46,6,8,10.457,35.142533 126.917449|35.142540 126.917396|35.142535 126.917335
5746594299,11115919515,50.56,5,18,50.562,35.142535 126.917335|35.142582 126.917288|35.142619 126.917241|35.142653 126.917199|35.142703 126.917112|35.142720 126.917117|35.142837 126.917201|35.142885 126.917226
11115919515,5746594299,50.56,5,18,50.562,35.142885 126.917226|35.142837 126.917201|35.142720 126.917117|35.142703 126.917112|35.142653 126.917199|35.142619 126.917241|35.142582 126.917288|35.142535 126.917335
5746594301,11115899676,39.34,6,15,39.336,35.142533 126.917449|35.142464 126.917559|35.142410 126.917684|35.142342 126.917793|35.142332 126.917803
11115899676,5746594301,39.34,6,15,39.336,35.142332 126.917803|35.142342 126.917793|35.142410 126.917684|35.142464 126.917559|35.142533 126.917449
5746594301,11115919515,44.61,8,16,44.611,35.142533 126.917449|35.142764 126.917264|35.142847 126.917238|35.142885 126.917226
11115919515,5746594301,44.61,8,16,44.611,35.142885 126.917226|35.142847 126.917238|35.142764 126.917264|35.142533 126.917449
11115919515,11261854036,68.69,5,22,68.686,35.142885 126.917226|35.142898 126.917233|35.142940 126.917247|35.143005 126.917245|35.143023 126.917243|35.143046 126.917221|35.143180 126.917025|35.143336 126.916803
11261854036,11115919515,68.69,5,22,68.686,35.143336 126.916803|35.143180 126.917025|35.143046 126.917221|35.143023 126.917243|35.143005 126.917245|35.142940 126.917247|35.142898 126.917233|35.142885 126.917226
11118155956,11149884197,21.77,3,12,21.767,35.142871 126.918643|35.142756 126.918710|35.142695 126.918747
11149884197,11118155956,21.77,3,12,21.767,35.142695 126.918747|35.142756 126.918710|35.142871 126.918643
5746992357,5746992409,29.34,0,0,117.372,35.135909 126.916314|35.135670 126.916177
5746992409,5746992357,29.34,0,0,117.372,35.135670 126.916177|35.135909 126.916314
5746992357,5746992369,51.74,0,0,206.965,35.135909 126.916314|35.135782 126.916430|35.135803 126.916526|35.135705 126.916577|35.135604 126.916654
5746992369,5746992357,51.74,0,0,206.965,35.135604 126.916654|35.135705 126.916577|35.135803 126.916526|35.135782 126.916430|35.135909 126.916314
5746992409,5746992410,24.36,0,0,97.442,35.135670 126.916177|35.135467 126.916276
5746992410,5746992409,24.36,0,0,97.442,35.135467 126.916276|35.135670 126.916177
5746992409,5746992407,42.81,0,0,171.227,35.135670 126.916177|35.135629 126.915994|35.135411 126.916082
5746992407,5746992409,42.81,0,0,171.227,35.135411 126.916082|35.135629 126.915994|35.135670 126.916177
5746992369,5746992396,33.57,0,0,134.286,35.135604 126.916654|35.135788 126.916947
5746992396,5746992369,33.57,0,0,134.286,35.135788 126.916947|35.135604 126.916654
5746992369,5746992370,9.64,0,0,38.552,35.135604 126.916654|35.135522 126.916689
5746992370,5746992369,9.64,0,0,38.552,35.135522 126.916689|35.135604 126.916654
5746992369,5746992410,37.99,0,0,151.969,35.135604 126.916654|35.135550 126.916568|35.135467 126.916276
5746992410,5746992369,37.99,0,0,151.969,35.135467 126.916276|35.135550 126.916568|35.135604 126.916654
5746992397,5746992396,28.83,0,0,115.326,35.136035 126.916852|35.135788 126.916947
5746992396,5746992397,28.83,0,0,115.326,35.135788 126.916947|35.136035 126.916852
5746992370,5746992384,84.07,0,0,336.274,35.135522 126.916689|35.135248 126.916524|35.135188 126.916390|35.135193 126.916363|35.135221 126.916354|35.135204 126.916275|35.135167 126.916122|35.135160 126.916029
5746992384,5746992370,84.07,0,0,336.274,35.135160 126.916029|35.135167 126.916122|35.135204 126.916275|35.135221 126.916354|35.135193 126.916363|35.135188 126.916390|35.135248 126.916524|35.135522 126.916689
5746992396,5746992416,29.40,0,0,117.616,35.135788 126.916947|35.135818 126.916995|35.135882 126.917096|35.135915 126.917150|35.135949 126.917203
5746992416,5746992396,29.40,0,0,117.616,35.135949 126.917203|35.135915 126.917150|35.135882 126.917096|35.135818 126.916995|35.135788 126.916947
5746992410,5746992407,18.66,0,0,74.626,35.135467 126.916276|35.135411 126.916082
5746992407,5746992410,18.66,0,0,74.626,35.135411 126.916082|35.135467 126.916276
5746992798,5746992802,28.30,0,0,113.215,35.137982 126.916706|35.138162 126.916650|35.138148 126.916567
5746992802,5746992798,28.30,0,0,113.215,35.138148 126.916567|35.138162 126.916650|35.137982 126.916706
5746992798,5746992800,31.18,0,0,124.701,35.137982 126.916706|35.137959 126.916599|35.138142 126.916537
5746992800,5746992798,31.18,0,0,124.701,35.138142 126.916537|35.137959 126.916599|35.137982 126.916706
5746992802,5746992800,2.86,0,0,11.453,35.138148 126.916567|35.138142 126.916537
5746992800,5746992802,2.86,0,0,11.453,35.138142 126.916537|35.138148 126.916567
5746992800,5746992801,20.92,0,0,83.667,35.138142 126.916537|35.138094 126.916314
5746992801,5746992800,20.92,0,0,83.667,35.138094 126.916314|35.138142 126.916537
12585138747,12585138747,79.70,0,8,199.245,35.136423 126.926803|35.136387 126.926741|35.136556 126.926593|35.136644 126.926742|35.136475 126.926890|35.136423 126.926803
13622091995,7863602415,71.14,0,0,284.578,35.142345 126.927324|35.142383 126.927280|35.142425 126.927264|35.142577 126.927224|35.142697 126.927201|35.142963 126.927179
7863602415,13622091995,71.14,0,0,284.578,35.142963 126.927179|35.142697 126.927201|35.142577 126.927224|35.142425 126.927264|35.142383 126.927280|35.142345 126.927324
6175977287,12819746060,86.03,0,0,344.103,35.147751 126.919920|35.147813 126.920078|35.147865 126.920200|35.147899 126.920264|35.147935 126.920286|35.147971 126.920282|35.148004 126.920273|35.148303 126.920063
12819746060,6175977287,86.03,0,0,344.103,35.148303 126.920063|35.148004 126.920273|35.147971 126.920282|35.147935 126.920286|35.147899 126.920264|35.147865 126.920200|35.147813 126.920078|35.147751 126.919920
12819746060,12819746059,29.44,0,0,117.777,35.148303 126.920063|35.148178 126.919777
12819746059,12819746060,29.44,0,0,117.777,35.148178 126.919777|35.148303 126.920063
6356535039,10901961347,6.43,3,3,6.431,35.142659 126.921069|35.142606 126.921098
10901961347,6356535039,6.43,3,3,6.431,35.142606 126.921098|35.142659 126.921069
10901961346,10901961361,7.01,3,2,7.010,35.142530 126.920912|35.142473 126.920946
10901961361,10901961346,7.01,3,2,7.010,35.142473 126.920946|35.142530 126.920912
10901961346,10901961347,18.95,3,2,18.953,35.142530 126.920912|35.142606 126.921098
10901961347,10901961346,18.95,3,2,18.953,35.142606 126.921098|35.142530 126.920912
10901961346,10901961369,11.35,3,3,11.352,35.142530 126.920912|35.142492 126.920820|35.142475 126.920814
10901961369,10901961346,11.35,3,3,11.352,35.142475 126.920814|35.142492 126.920820|35.142530 126.920912
6356535038,10901961367,10.77,3,2,10.766,35.142423 126.921200|35.142511 126.921151
10901961367,6356535038,10.77,3,2,10.766,35.142511 126.921151|35.142423 126.921200
6356535038,6356535051,19.87,3,1,20.069,35.142423 126.921200|35.142404 126.921189|35.142389 126.921179|35.142381 126.921173|35.142370 126.921159|35.142351 126.921108|35.142343 126.921087|35.142341 126.921064|35.142339 126.921025
6356535051,6356535038,19.87,3,1,20.069,35.142339 126.921025|35.142341 126.921064|35.142343 126.921087|35.142351 126.921108|35.142370 126.921159|35.142381 126.921173|35.142389 126.921179|35.142404 126.921189|35.142423 126.921200
10901961367,10901961362,3.78,3,2,3.775,35.142511 126.921151|35.142542 126.921134
10901961362,10901961367,3.78,3,2,3.775,35.142542 126.921134|35.142511 126.921151
10901961367,10901961366,3.83,3,2,3.827,35.142511 126.921151|35.142526 126.921189
10901961366,10901961367,3.83,3,2,3.827,35.142526 126.921189|35.142511 126.921151
10901961367,10901961365,3.88,3,2,3.878,35.142511 126.921151|35.142496 126.921113
10901961365,10901961367,3.88,3,2,3.878,35.142496 126.921113|35.142511 126.921151
6356535051,10901961361,16.58,3,1,16.639,35.142339 126.921025|35.142473 126.920946
10901961361,6356535051,16.58,3,1,16.639,35.142473 126.920946|35.142339 126.921025
10901961347,10901961362,7.90,3,2,7.898,35.142606 126.921098|35.142542 126.921134
10901961362,10901961347,7.90,3,2,7.898,35.142542 126.921134|35.142606 126.921098
10901961347,10901961387,3.64,3,3,3.643,35.142606 126.921098|35.142621 126.921134
10901961387,10901961347,3.64,3,3,3.643,35.142621 126.921134|35.142606 126.921098
10901961361,10901961362,18.77,3,2,18.774,35.142473 126.920946|35.142506 126.921035|35.142542 126.921134
10901961362,10901961361,18.77,3,2,18.774,35.142542 126.921134|35.142506 126.921035|35.142473 126.920946
7863602413,13622042762,2.56,0,0,10.253,35.143547 126.930395|35.143543 126.930367
13622042762,7863602413,2.56,0,0,10.253,35.143543 126.930367|35.143547 126.930395
7863602413,13622042754,89.25,0,0,357.015,35.143547 126.930395|35.143583 126.930740|35.143561 126.931373
13622042754,7863602413,89.25,0,0,357.015,35.143561 126.931373|35.143583 126.930740|35.143547 126.930395
6398390247,11121959653,54.56,0,0,218.259,35.144117 126.930873|35.144452 126.931139|35.144401 126.931232
11121959653,6398390247,54.56,0,0,218.259,35.144401 126.931232|35.144452 126.931139|35.144117 126.930873
6398390247,11121959634,58.72,0,0,234.875,35.144117 126.930873|35.144032 126.931022|35.144346 126.931283
11121959634,6398390247,58.72,0,0,234.875,35.144346 126.931283|35.144032 126.931022|35.144117 126.930873
6398390247,11121959638,55.93,0,3,140.218,35.144117 126.930873|35.144147 126.930836|35.144194 126.930805|35.144315 126.930696|35.144349 126.930645|35.144528 126.930763
11121959638,6398390247,55.93,0,3,140.218,35.144528 126.930763|35.144349 126.930645|35.144315 126.930696|35.144194 126.930805|35.144147 126.930836|35.144117 126.930873
11121959653,11121959654,18.51,0,0,74.029,35.144401 126.931232|35.144544 126.931335
11121959654,11121959653,18.51,0,0,74.029,35.144544 126.931335|35.144401 126.931232
11121959653,11121959634,7.98,0,0,31.933,35.144401 126.931232|35.144384 126.931261|35.144364 126.931275|35.144346 126.931283
11121959634,11121959653,7.98,0,0,31.933,35.144346 126.931283|35.144364 126.931275|35.144384 126.931261|35.144401 126.931232
6398390250,13622108283,28.94,0,0,115.761,35.141986 126.929302|35.142245 126.929272
13622108283,6398390250,28.94,0,0,115.761,35.142245 126.929272|35.141986 126.929302
6398390250,8772370019,15.84,0,0,63.345,35.141986 126.929302|35.142018 126.929343|35.142029 126.929460
8772370019,6398390250,15.84,0,0,63.345,35.142029 126.929460|35.142018 126.929343|35.141986 126.929302
13622108283,13622108282,10.37,0,0,41.493,35.142245 126.929272|35.142240 126.929158
13622108282,13622108283,10.37,0,0,41.493,35.142240 126.929158|35.142245 126.929272
13622108283,13622108278,16.59,0,0,66.349,35.142245 126.929272|35.142394 126.929255
13622108278,13622108283,16.59,0,0,66.349,35.142394 126.929255|35.142245 126.929272
8772370019,8772370020,78.97,0,0,315.888,35.142029 126.929460|35.142108 126.930323
8772370020,8772370019,78.97,0,0,315.888,35.142108 126.930323|35.142029 126.929460
8772370019,13622121518,54.49,0,0,217.954,35.142029 126.929460|35.142516 126.929395
13622121518,8772370019,54.49,0,0,217.954,35.142516 126.929395|35.142029 126.929460
13622042765,13622042762,66.46,0,0,265.858,35.143455 126.929644|35.143468 126.929730|35.143543 126.930367
13622042762,13622042765,66.46,0,0,265.858,35.143543 126.930367|35.143468 126.929730|35.143455 126.929644
7863602411,13622042766,23.41,0,0,93.650,35.142691 126.928692|35.142653 126.928819|35.142621 126.928935
13622042766,7863602411,23.41,0,0,93.650,35.142621 126.928935|35.142653 126.928819|35.142691 126.928692
7863602411,7863602415,142.20,0,0,568.780,35.142691 126.928692|35.142836 126.927501|35.142875 126.927357|35.142963 126.927179
7863602415,7863602411,142.20,0,0,568.780,35.142963 126.927179|35.142875 126.927357|35.142836 126.927501|35.142691 126.928692
6789730779,6789730778,81.81,0,0,327.248,35.131125 126.930117|35.131280 126.930713|35.131298 126.930744|35.131324 126.930754|35.131480 126.930685
6789730778,6789730779,81.81,0,0,327.248,35.131480 126.930685|35.131324 126.930754|35.131298 126.930744|35.131280 126.930713|35.131125 126.930117
6789730779,6789730782,26.01,0,0,104.030,35.131125 126.930117|35.131170 126.930091|35.131190 126.930045|35.131152 126.929879
6789730782,6789730779,26.01,0,0,104.030,35.131152 126.929879|35.131190 126.930045|35.131170 126.930091|35.131125 126.930117
6789742096,6789742095,52.51,0,4,131.302,35.131278 126.932013|35.131264 126.931436
6789742095,6789742096,52.51,0,4,131.302,35.131264 126.931436|35.131278 126.932013
6789742095,6789742095,93.90,0,0,375.602,35.131264 126.931436|35.131310 126.931436|35.131347 126.931402|35.131359 126.931360|35.131342 126.931017|35.131319 126.930998|35.131272 126.931002|35.131254 126.931031|35.131264 126.931436
6789742106,6789742107,20.79,0,3,51.973,35.131782 126.931349|35.131968 126.931332
6789742107,6789742106,20.79,0,3,51.973,35.131968 126.931332|35.131782 126.931349
6789742106,6789742105,57.10,0,2,145.341,35.131782 126.931349|35.131780 126.931319|35.131766 126.931106|35.131780 126.931055|35.131815 126.931025|35.132041 126.931000
6789742105,6789742106,57.10,0,2,145.341,35.132041 126.931000|35.131815 126.931025|35.131780 126.931055|35.131766 126.931106|35.131780 126.931319|35.131782 126.931349
6821621111,6821621113,38.12,0,9,95.297,35.144819 126.928530|35.145062 126.928825
6821621113,6821621111,38.12,0,9,95.297,35.145062 126.928825|35.144819 126.928530
7179003401,13050595963,29.97,0,0,119.866,35.145745 126.919947|35.145532 126.920055|35.145516 126.920066|35.145498 126.920077
13050595963,7179003401,29.97,0,0,119.866,35.145498 126.920077|35.145516 126.920066|35.145532 126.920055|35.145745 126.919947
13050595963,13050595964,28.92,0,0,115.693,35.145498 126.920077|35.145260 126.920207
13050595964,13050595963,28.92,0,0,115.693,35.145260 126.920207|35.145498 126.920077
13050595963,13050595965,96.45,0,0,385.797,35.145498 126.920077|35.145478 126.920021|35.146227 126.919616
13050595965,13050595963,96.45,0,0,385.797,35.146227 126.919616|35.145478 126.920021|35.145498 126.920077
13622042754,8745103335,50.59,0,0,202.343,35.143561 126.931373|35.143541 126.931929
8745103335,13622042754,50.59,0,0,202.343,35.143541 126.931929|35.143561 126.931373
13622042754,13622042758,17.16,0,0,68.641,35.143561 126.931373|35.143487 126.931371|35.143406 126.931370
13622042758,13622042754,17.16,0,0,68.641,35.143406 126.931370|35.143487 126.931371|35.143561 126.931373
11118354411,11118354446,8.82,0,0,35.295,35.143617 126.926975|35.143681 126.926916
11118354446,11118354411,8.82,0,0,35.295,35.143681 126.926916|35.143617 126.926975
10803968314,10959743406,54.16,1,2,56.355,35.139793 126.922593|35.139978 126.922442|35.140201 126.922268
10959743406,10803968314,54.16,1,2,56.355,35.140201 126.922268|35.139978 126.922442|35.139793 126.922593
8690512270,9125409835,100.98,0,0,403.928,35.137976 126.919215|35.137857 126.918516|35.137806 126.918416|35.137614 126.918566
9125409835,8690512270,100.98,0,0,403.928,35.137614 126.918566|35.137806 126.918416|35.137857 126.918516|35.137976 126.919215
8690512270,12382454545,128.64,0,0,514.542,35.137976 126.919215|35.138192 126.919058|35.138284 126.919028|35.138304 126.919107|35.138622 126.919036|35.138634 126.919019|35.138664 126.918988|35.138713 126.918948|35.138543 126.918643
12382454545,8690512270,128.64,0,0,514.542,35.138543 126.918643|35.138713 126.918948|35.138664 126.918988|35.138634 126.919019|35.138622 126.919036|35.138304 126.919107|35.138284 126.919028|35.138192 126.919058|35.137976 126.919215
12382454545,12382454544,50.86,0,0,203.450,35.138543 126.918643|35.138285 126.918181
12382454544,12382454545,50.86,0,0,203.450,35.138285 126.918181|35.138543 126.918643
13089335718,8690512574,61.59,4,13,61.593,35.144124 126.919810|35.144135 126.919882|35.144181 126.920034|35.144217 126.920135|35.144271 126.920241|35.144338 126.920356|35.144378 126.920400
8690512574,13089335718,61.59,4,13,61.593,35.144378 126.920400|35.144338 126.920356|35.144271 126.920241|35.144217 126.920135|35.144181 126.920034|35.144135 126.919882|35.144124 126.919810
13089335718,13089335715,146.27,6,18,146.276,35.144124 126.919810|35.144114 126.919815|35.142888 126.920362
13089335715,13089335718,146.27,6,18,146.276,35.142888 126.920362|35.144114 126.919815|35.144124 126.919810
8690512574,13089335708,80.10,3,10,80.099,35.144378 126.920400|35.144319 126.920484|35.144246 126.920542|35.144161 126.920614|35.144159 126.920642|35.144187 126.920760|35.144170 126.920826|35.144160 126.920864|35.144163 126.920908|35.144177 126.920983|35.144221 126.921097|35.144235 126.921122
13089335708,8690512574,80.10,3,10,80.099,35.144235 126.921122|35.144221 126.921097|35.144177 126.920983|35.144163 126.920908|35.144160 126.920864|35.144170 126.920826|35.144187 126.920760|35.144159 126.920642|35.144161 126.920614|35.144246 126.920542|35.144319 126.920484|35.144378 126.920400
8690512574,8690512578,10.54,3,8,10.544,35.144378 126.920400|35.144417 126.920366|35.144463 126.920356
8690512578,8690512574,10.54,3,8,10.544,35.144463 126.920356|35.144417 126.920366|35.144378 126.920400
13089335708,13089335702,160.21,5,13,160.292,35.144235 126.921122|35.142888 126.920498
13089335702,13089335708,160.21,5,13,160.292,35.142888 126.920498|35.144235 126.921122
13089335708,13089335704,19.16,4,4,19.162,35.144235 126.921122|35.144396 126.921196
13089335704,13089335708,19.16,4,4,19.162,35.144396 126.921196|35.144235 126.921122
8690512578,8690512575,25.71,3,8,25.711,35.144463 126.920356|35.144530 126.920413|35.144555 126.920464|35.144595 126.920578
8690512575,8690512578,25.71,3,8,25.711,35.144595 126.920578|35.144555 126.920464|35.144530 126.920413|35.144463 126.920356
8690512578,13089335714,35.44,3,8,35.445,35.144463 126.920356|35.144525 126.920194|35.144677 126.920094
13089335714,8690512578,35.44,3,8,35.445,35.144677 126.920094|35.144525 126.920194|35.144463 126.920356
8772370020,8772370021,113.15,0,0,452.600,35.142108 126.930323|35.141098 126.930472
8772370021,8772370020,113.15,0,0,452.600,35.141098 126.930472|35.142108 126.930323
8772370020,8772370017,78.66,0,0,314.632,35.142108 126.930323|35.142113 126.930377|35.142177 126.931184
8772370017,8772370020,78.66,0,0,314.632,35.142177 126.931184|35.142113 126.930377|35.142108 126.930323
8772370017,12765514867,44.88,0,0,179.537,35.142177 126.931184|35.142178 126.931197|35.142250 126.931482|35.142274 126.931662
12765514867,8772370017,44.88,0,0,179.537,35.142274 126.931662|35.142250 126.931482|35.142178 126.931197|35.142177 126.931184
8772370017,8772370021,189.10,0,0,756.420,35.142177 126.931184|35.141185 126.931323|35.141098 126.930472
8772370021,8772370017,189.10,0,0,756.420,35.141098 126.930472|35.141185 126.931323|35.142177 126.931184
13622121518,13622121519,13.97,0,0,55.886,35.142516 126.929395|35.142497 126.929243
13622121519,13622121518,13.97,0,0,55.886,35.142497 126.929243|35.142516 126.929395
8726974596,8726974613,50.26,0,0,201.044,35.143738 126.932564|35.144174 126.932420
8726974613,8726974596,50.26,0,0,201.044,35.144174 126.932420|35.143738 126.932564
8726974596,8726985919,34.89,0,0,139.551,35.143738 126.932564|35.143760 126.932946
8726985919,8726974596,34.89,0,0,139.551,35.143760 126.932946|35.143738 126.932564
8726974613,11121991554,35.36,0,0,141.438,35.144174 126.932420|35.144316 126.932072
11121991554,8726974613,35.36,0,0,141.438,35.144316 126.932072|35.144174 126.932420
8726974613,8726974614,52.08,0,0,208.324,35.144174 126.932420|35.144642 126.932397
8726974614,8726974613,52.08,0,0,208.324,35.144642 126.932397|35.144174 126.932420
8726974613,8745101686,9.72,0,0,38.888,35.144174 126.932420|35.144170 126.932526
8745101686,8726974613,9.72,0,0,38.888,35.144170 126.932526|35.144174 126.932420
8726985919,8745101687,55.58,0,0,222.307,35.143760 126.932946|35.144258 126.932894
8745101687,8726985919,55.58,0,0,222.307,35.144258 126.932894|35.143760 126.932946
8726985919,8745101689,8.39,0,0,33.557,35.143760 126.932946|35.143770 126.933038
8745101689,8726985919,8.39,0,0,33.557,35.143770 126.933038|35.143760 126.932946
13621892250,8745103342,7.84,0,0,31.373,35.139454 126.931202|35.139463 126.931288
8745103342,13621892250,7.84,0,0,31.373,35.139463 126.931288|35.139454 126.931202
13621892250,13621892251,25.54,0,0,102.163,35.139454 126.931202|35.139615 126.931183|35.139622 126.931265
13621892251,13621892250,25.54,0,0,102.163,35.139622 126.931265|35.139615 126.931183|35.139454 126.931202
8726974608,8745103342,32.21,0,0,128.823,35.139572 126.931527|35.139485 126.931535|35.139463 126.931288
8745103342,8726974608,32.21,0,0,128.823,35.139463 126.931288|35.139485 126.931535|35.139572 126.931527
8726974608,13621892248,10.32,0,0,41.266,35.139572 126.931527|35.139618 126.931457|35.139637 126.931454
13621892248,8726974608,10.32,0,0,41.266,35.139637 126.931454|35.139618 126.931457|35.139572 126.931527
8745103342,13621892251,17.84,0,0,71.356,35.139463 126.931288|35.139622 126.931265
13621892251,8745103342,17.84,0,0,71.356,35.139622 126.931265|35.139463 126.931288
13621892248,13621892245,34.42,0,0,137.675,35.139637 126.931454|35.139944 126.931408
13621892245,13621892248,34.42,0,0,137.675,35.139944 126.931408|35.139637 126.931454
13621892248,13621892251,17.22,0,0,68.894,35.139637 126.931454|35.139622 126.931265
13621892251,13621892248,17.22,0,0,68.894,35.139622 126.931265|35.139637 126.931454
11121991554,11121991589,78.86,0,0,315.421,35.144316 126.932072|35.144393 126.931879|35.144409 126.931779|35.144406 126.931650|35.144406 126.931594|35.144416 126.931573|35.144436 126.931557|35.144475 126.931559|35.144678 126.931652
11121991589,11121991554,78.86,0,0,315.421,35.144678 126.931652|35.144475 126.931559|35.144436 126.931557|35.144416 126.931573|35.144406 126.931594|35.144406 126.931650|35.144409 126.931779|35.144393 126.931879|35.144316 126.932072
8726974614,11121998346,16.79,0,0,67.144,35.144642 126.932397|35.144644 126.932581
11121998346,8726974614,16.79,0,0,67.144,35.144644 126.932581|35.144642 126.932397
8726974614,11121991568,71.20,0,0,284.816,35.144642 126.932397|35.144735 126.932162|35.144803 126.932207|35.144848 126.932108|35.144955 126.931822
11121991568,8726974614,71.20,0,0,284.816,35.144955 126.931822|35.144848 126.932108|35.144803 126.932207|35.144735 126.932162|35.144642 126.932397
11121998346,8745101685,35.42,0,0,141.687,35.144644 126.932581|35.144698 126.932569|35.144733 126.932538|35.144769 126.932460|35.144790 126.932396|35.144877 126.932424
8745101685,11121998346,35.42,0,0,141.687,35.144877 126.932424|35.144790 126.932396|35.144769 126.932460|35.144733 126.932538|35.144698 126.932569|35.144644 126.932581
11121998346,8726985921,26.75,0,0,106.993,35.144644 126.932581|35.144645 126.932676|35.144658 126.932875
8726985921,11121998346,26.75,0,0,106.993,35.144658 126.932875|35.144645 126.932676|35.144644 126.932581
11121991568,11121991589,34.54,0,0,138.155,35.144955 126.931822|35.144786 126.931708|35.144715 126.931669|35.144678 126.931652
11121991589,11121991568,34.54,0,0,138.155,35.144678 126.931652|35.144715 126.931669|35.144786 126.931708|35.144955 126.931822
13622042752,13622042734,6.88,0,0,27.511,35.143608 126.932209|35.143568 126.932151
13622042734,13622042752,6.88,0,0,27.511,35.143568 126.932151|35.143608 126.932209
13622042752,11121991557,68.95,0,0,275.790,35.143608 126.932209|35.143749 126.932190|35.144033 126.932107|35.144180 126.931967
11121991557,13622042752,68.95,0,0,275.790,35.144180 126.931967|35.144033 126.932107|35.143749 126.932190|35.143608 126.932209
8745101687,8726985921,44.54,0,0,178.142,35.144258 126.932894|35.144658 126.932875
8726985921,8745101687,44.54,0,0,178.142,35.144658 126.932875|35.144258 126.932894
8745101687,8745101688,9.87,0,0,39.486,35.144258 126.932894|35.144265 126.933002
8745101688,8745101687,9.87,0,0,39.486,35.144265 126.933002|35.144258 126.932894
8726985922,8745101683,63.88,0,0,255.522,35.145472 126.932106|35.145216 126.932735
8745101683,8726985922,63.88,0,0,255.522,35.145216 126.932735|35.145472 126.932106
8726985922,11133303238,67.19,0,0,268.772,35.145472 126.932106|35.145680 126.932239|35.145719 126.932275|35.145761 126.932348|35.145784 126.932427|35.145799 126.932493|35.145792 126.932547|35.145756 126.932632
11133303238,8726985922,67.19,0,0,268.772,35.145756 126.932632|35.145792 126.932547|35.145799 126.932493|35.145784 126.932427|35.145761 126.932348|35.145719 126.932275|35.145680 126.932239|35.145472 126.932106
8726985921,8745101690,9.21,0,0,36.842,35.144658 126.932875|35.144678 126.932973
8745101690,8726985921,9.21,0,0,36.842,35.144678 126.932973|35.144658 126.932875
8726985921,8745101683,67.72,0,0,270.898,35.144658 126.932875|35.145114 126.932862|35.145166 126.932837|35.145216 126.932735
8745101683,8726985921,67.72,0,0,270.898,35.145216 126.932735|35.145166 126.932837|35.145114 126.932862|35.144658 126.932875
8745101683,8745101684,28.35,0,0,113.403,35.145216 126.932735|35.145252 126.932757|35.145320 126.932782|35.145457 126.932726
8745101684,8745101683,28.35,0,0,113.403,35.145457 126.932726|35.145320 126.932782|35.145252 126.932757|35.145216 126.932735
11133303238,13622040396,37.63,0,0,150.509,35.145756 126.932632|35.145600 126.933000
13622040396,11133303238,37.63,0,0,150.509,35.145600 126.933000|35.145756 126.932632
11133303238,8745101681,29.09,0,0,116.366,35.145756 126.932632|35.145820 126.932667|35.145732 126.932875
8745101681,11133303238,29.09,0,0,116.366,35.145732 126.932875|35.145820 126.932667|35.145756 126.932632
8745101677,8745101678,12.32,0,0,49.263,35.143840 126.934168|35.143855 126.934302
8745101678,8745101677,12.32,0,0,49.263,35.143855 126.934302|35.143840 126.934168
8745101677,12765565630,43.95,0,0,175.813,35.143840 126.934168|35.143829 126.934062|35.143968 126.933726
12765565630,8745101677,43.95,0,0,175.813,35.143968 126.933726|35.143829 126.934062|35.143840 126.934168
8745101681,13622040397,16.24,0,0,64.949,35.145732 126.932875|35.145666 126.933035
13622040397,8745101681,16.24,0,0,64.949,35.145666 126.933035|35.145732 126.932875
8745101681,8745101682,5.91,0,0,23.630,35.145732 126.932875|35.145778 126.932907
8745101682,8745101681,5.91,0,0,23.630,35.145778 126.932907|35.145732 126.932875
13622040397,11133303239,8.88,0,0,35.515,35.145666 126.933035|35.145630 126.933122
11133303239,13622040397,8.88,0,0,35.515,35.145630 126.933122|35.145666 126.933035
13622040397,13622040396,8.00,0,0,31.982,35.145666 126.933035|35.145600 126.933000
13622040396,13622040397,8.00,0,0,31.982,35.145600 126.933000|35.145666 126.933035
8745101701,13622042849,8.10,0,0,32.386,35.139229 126.929768|35.139301 126.929783
13622042849,8745101701,8.10,0,0,32.386,35.139301 126.929783|35.139229 126.929768
13622042849,13622042850,19.66,0,0,78.639,35.139301 126.929783|35.139284 126.929878|35.139379 126.929903
13622042850,13622042849,19.66,0,0,78.639,35.139379 126.929903|35.139284 126.929878|35.139301 126.929783
13622042849,13622042853,28.90,0,0,115.599,35.139301 126.929783|35.139334 126.929601|35.139439 126.929629
13622042853,13622042849,28.90,0,0,115.599,35.139439 126.929629|35.139334 126.929601|35.139301 126.929783
8745103327,8979403197,23.16,0,0,92.642,35.141139 126.928960|35.140954 126.928842
8979403197,8745103327,23.16,0,0,92.642,35.140954 126.928842|35.141139 126.928960
8745103327,8979403198,31.56,0,0,126.225,35.141139 126.928960|35.141222 126.928728|35.141250 126.928641
8979403198,8745103327,31.56,0,0,126.225,35.141250 126.928641|35.141222 126.928728|35.141139 126.928960
8745103329,13622042892,8.22,0,0,32.877,35.140536 126.929568|35.140602 126.929609
13622042892,8745103329,8.22,0,0,32.877,35.140602 126.929609|35.140536 126.929568
13622042892,13622042889,54.52,0,0,218.066,35.140602 126.929609|35.140668 126.929438|35.140634 126.929413|35.140762 126.929088
13622042889,13622042892,54.52,0,0,218.066,35.140762 126.929088|35.140634 126.929413|35.140668 126.929438|35.140602 126.929609
13622108218,13622108220,5.69,0,0,22.756,35.140522 126.928827|35.140569 126.928852
13622108220,13622108218,5.69,0,0,22.756,35.140569 126.928852|35.140522 126.928827
8745103334,8745103335,41.87,0,0,167.464,35.143875 126.931716|35.143541 126.931929
8745103335,8745103334,41.87,0,0,167.464,35.143541 126.931929|35.143875 126.931716
8745103334,11121991557,58.33,0,0,233.307,35.143875 126.931716|35.143957 126.932046|35.144112 126.931949|35.144180 126.931967
11121991557,8745103334,58.33,0,0,233.307,35.144180 126.931967|35.144112 126.931949|35.143957 126.932046|35.143875 126.931716
8745103335,13622042734,20.95,0,0,83.806,35.143541 126.931929|35.143541 126.932061|35.143547 126.932107|35.143560 126.932140|35.143568 126.932151
13622042734,8745103335,20.95,0,0,83.806,35.143568 126.932151|35.143560 126.932140|35.143547 126.932107|35.143541 126.932061|35.143541 126.931929
11121991557,13622042748,23.92,0,0,95.680,35.144180 126.931967|35.144235 126.931854|35.144266 126.931727
13622042748,11121991557,23.92,0,0,95.680,35.144266 126.931727|35.144235 126.931854|35.144180 126.931967
13622042734,13622042736,20.21,0,0,80.840,35.143568 126.932151|35.143528 126.932181|35.143474 126.932176|35.143394 126.932169
13622042736,13622042734,20.21,0,0,80.840,35.143394 126.932169|35.143474 126.932176|35.143528 126.932181|35.143568 126.932151
13622042886,13622092002,45.93,0,0,183.708,35.140745 126.930507|35.140783 126.931010
13622092002,13622042886,45.93,0,0,183.708,35.140783 126.931010|35.140745 126.930507
13622042886,13622092003,4.67,0,0,18.674,35.140745 126.930507|35.140739 126.930456
13622092003,13622042886,4.67,0,0,18.674,35.140739 126.930456|35.140745 126.930507
11109649899,13622042994,178.92,0,0,715.683,35.140844 126.930497|35.140863 126.930755|35.140898 126.931101|35.140942 126.931473|35.140986 126.931673|35.141016 126.931760|35.141049 126.931812|35.141551 126.931749
13622042994,11109649899,178.92,0,0,715.683,35.141551 126.931749|35.141049 126.931812|35.141016 126.931760|35.140986 126.931673|35.140942 126.931473|35.140898 126.931101|35.140863 126.930755|35.140844 126.930497
11109649899,13622042962,14.24,0,0,56.971,35.140844 126.930497|35.140913 126.930489|35.140966 126.930458
13622042962,11109649899,14.24,0,0,56.971,35.140966 126.930458|35.140913 126.930489|35.140844 126.930497
11052889745,11052889746,53.33,0,0,213.330,35.140842 126.931083|35.140366 126.931155
11052889746,11052889745,53.33,0,0,213.330,35.140366 126.931155|35.140842 126.931083
12765514867,13622042747,4.47,0,0,17.884,35.142274 126.931662|35.142314 126.931657
13622042747,12765514867,4.47,0,0,17.884,35.142314 126.931657|35.142274 126.931662
12765514867,13622042994,80.75,0,0,322.997,35.142274 126.931662|35.142210 126.931670|35.141551 126.931749
13622042994,12765514867,80.75,0,0,322.997,35.141551 126.931749|35.142210 126.931670|35.142274 126.931662
8772370021,13622042963,6.11,0,0,24.436,35.141098 126.930472|35.141046 126.930448
13622042963,8772370021,6.11,0,0,24.436,35.141046 126.930448|35.141098 126.930472
13622042963,13622042962,8.93,0,0,35.702,35.141046 126.930448|35.140966 126.930458
13622042962,13622042963,8.93,0,0,35.702,35.140966 126.930458|35.141046 126.930448
13622042963,13622042953,13.49,0,0,53.957,35.141046 126.930448|35.141060 126.930596
13622042953,13622042963,13.49,0,0,53.957,35.141060 126.930596|35.141046 126.930448
13622042963,13622042965,31.06,0,0,124.232,35.141046 126.930448|35.141015 126.930109
13622042965,13622042963,31.06,0,0,124.232,35.141015 126.930109|35.141046 126.930448
11134046323,8979403180,16.48,0,0,65.924,35.139378 126.933709|35.139372 126.933890
8979403180,11134046323,16.48,0,0,65.924,35.139372 126.933890|35.139378 126.933709
11134046323,11134046358,42.08,0,0,168.316,35.139378 126.933709|35.139757 126.933704
11134046358,11134046323,42.08,0,0,168.316,35.139757 126.933704|35.139378 126.933709
11134046360,11134046314,15.62,0,0,62.474,35.139383 126.933507|35.139387 126.933335
11134046314,11134046360,15.62,0,0,62.474,35.139387 126.933335|35.139383 126.933507
11134046360,11134046358,59.47,0,0,237.883,35.139383 126.933507|35.139757 126.933507|35.139757 126.933704
11134046358,11134046360,59.47,0,0,237.883,35.139757 126.933704|35.139757 126.933507|35.139383 126.933507
8979403179,8979403180,60.28,0,0,241.135,35.139915 126.933882|35.139372 126.933890
8979403180,8979403179,60.28,0,0,241.135,35.139372 126.933890|35.139915 126.933882
8979403179,8979403181,17.86,0,0,71.436,35.139915 126.933882|35.139916 126.934078
8979403181,8979403179,17.86,0,0,71.436,35.139916 126.934078|35.139915 126.933882
8979403179,11134046352,16.40,0,0,65.615,35.139915 126.933882|35.139914 126.933702
11134046352,8979403179,16.40,0,0,65.615,35.139914 126.933702|35.139915 126.933882
8979403180,11134046322,116.77,0,0,467.096,35.139372 126.933890|35.139359 126.934372|35.139367 126.934414|35.139391 126.934438|35.139415 126.934456|35.139441 126.934462|35.139870 126.934449|35.139939 126.934449|35.139975 126.934462
11134046322,8979403180,116.77,0,0,467.096,35.139975 126.934462|35.139939 126.934449|35.139870 126.934449|35.139441 126.934462|35.139415 126.934456|35.139391 126.934438|35.139367 126.934414|35.139359 126.934372|35.139372 126.933890
11134046352,11134046358,17.49,0,0,69.969,35.139914 126.933702|35.139757 126.933704
11134046358,11134046352,17.49,0,0,69.969,35.139757 126.933704|35.139914 126.933702
11134046352,11134046333,13.70,0,0,54.780,35.139914 126.933702|35.139936 126.933701|35.139976 126.933708|35.140011 126.933724|35.140032 126.933737
11134046333,11134046352,13.70,0,0,54.780,35.140032 126.933737|35.140011 126.933724|35.139976 126.933708|35.139936 126.933701|35.139914 126.933702
9121916015,9121933028,11.20,0,0,44.794,35.140084 126.916141|35.140009 126.916223
9121933028,9121916015,11.20,0,0,44.794,35.140009 126.916223|35.140084 126.916141
9121933028,9121933019,21.82,0,0,87.263,35.140009 126.916223|35.140013 126.916304|35.140003 126.916407|35.139983 126.916456
9121933019,9121933028,21.82,0,0,87.263,35.139983 126.916456|35.140003 126.916407|35.140013 126.916304|35.140009 126.916223
9121933083,9121933085,32.04,0,0,128.157,35.135131 126.919779|35.135058 126.919438
9121933085,9121933083,32.04,0,0,128.157,35.135058 126.919438|35.135131 126.919779
9121933083,9121933084,33.85,0,0,135.399,35.135131 126.919779|35.135208 126.920139
9121933084,9121933083,33.85,0,0,135.399,35.135208 126.920139|35.135131 126.919779
13917435255,13917435254,15.35,0,0,61.414,35.134868 126.919880|35.134831 126.919717
13917435254,13917435255,15.35,0,0,61.414,35.134831 126.919717|35.134868 126.919880
13917435255,13917435253,27.00,0,0,108.018,35.134868 126.919880|35.134932 126.920166
13917435253,13917435255,27.00,0,0,108.018,35.134932 126.920166|35.134868 126.919880
9125391871,9125391872,32.60,0,0,130.410,35.136446 126.920451|35.136603 126.920754
9125391872,9125391871,32.60,0,0,130.410,35.136603 126.920754|35.136446 126.920451
9125391871,9125391870,46.77,0,0,187.065,35.136446 126.920451|35.136480 126.920431|35.136505 126.920403|35.136522 126.920335|35.136523 126.920284|35.136459 126.919989
9125391870,9125391871,46.77,0,0,187.065,35.136459 126.919989|35.136523 126.920284|35.136522 126.920335|35.136505 126.920403|35.136480 126.920431|35.136446 126.920451
9125391876,9125391875,43.34,0,0,173.372,35.135622 126.919046|35.135724 126.919506
9125391875,9125391876,43.34,0,0,173.372,35.135724 126.919506|35.135622 126.919046
9125391880,9125391878,14.73,0,0,58.935,35.136632 126.923582|35.136743 126.923492
9125391878,9125391880,14.73,0,0,58.935,35.136743 126.923492|35.136632 126.923582
9125391880,9125391881,25.29,0,0,101.175,35.136632 126.923582|35.136512 126.923346
9125391881,9125391880,25.29,0,0,101.175,35.136512 126.923346|35.136632 126.923582
9125391880,12852795372,11.96,0,0,47.827,35.136632 126.923582|35.136692 126.923691
12852795372,9125391880,11.96,0,0,47.827,35.136692 126.923691|35.136632 126.923582
9125391879,12852795372,29.49,0,0,117.973,35.136840 126.923961|35.136692 126.923691
12852795372,9125391879,29.49,0,0,117.973,35.136692 126.923691|35.136840 126.923961
12852795372,12852795376,49.89,0,0,199.555,35.136692 126.923691|35.136820 126.923582|35.136890 126.923507|35.136936 126.923459|35.137044 126.923351
12852795376,12852795372,49.89,0,0,199.555,35.137044 126.923351|35.136936 126.923459|35.136890 126.923507|35.136820 126.923582|35.136692 126.923691
9171675876,9171675876,304.68,0,0,1218.715,35.132037 126.918293|35.131867 126.918275|35.131789 126.918328|35.131767 126.918638|35.131263 126.918589|35.131244 126.918660|35.131235 126.918898|35.131267 126.918968|35.131993 126.919029|35.132024 126.919006|35.132044 126.918957|35.132051 126.918816|35.132001 126.918810|35.132037 126.918293
9528718155,9528718230,6.59,3,0,16.474,35.146243 126.919335|35.146230 126.919406
9528718230,9528718155,6.59,3,0,16.474,35.146230 126.919406|35.146243 126.919335
9528718155,12823841587,20.30,3,1,20.516,35.146243 126.919335|35.146203 126.919292|35.146157 126.919236|35.146132 126.919199|35.146124 126.919171
12823841587,9528718155,20.30,3,1,20.516,35.146124 126.919171|35.146132 126.919199|35.146157 126.919236|35.146203 126.919292|35.146243 126.919335
9528718155,13050595967,8.49,3,0,21.213,35.146243 126.919335|35.146306 126.919303|35.146314 126.919299
13050595967,9528718155,8.49,3,0,21.213,35.146314 126.919299|35.146306 126.919303|35.146243 126.919335
9528718230,9528718227,6.78,3,0,16.947,35.146230 126.919406|35.146221 126.919480
9528718227,9528718230,6.78,3,0,16.947,35.146221 126.919480|35.146230 126.919406
9528718230,9528718165,19.88,3,0,49.690,35.146230 126.919406|35.146208 126.919402|35.146180 126.919389|35.146157 126.919411|35.146117 126.919448|35.146076 126.919477
9528718165,9528718230,19.88,3,0,49.690,35.146076 126.919477|35.146117 126.919448|35.146157 126.919411|35.146180 126.919389|35.146208 126.919402|35.146230 126.919406
9528718158,9528718227,7.28,3,0,18.204,35.146214 126.919559|35.146221 126.919480
9528718227,9528718158,7.28,3,0,18.204,35.146221 126.919480|35.146214 126.919559
9528718158,9528718229,7.46,0,0,29.849,35.146214 126.919559|35.146147 126.919564
9528718229,9528718158,7.46,0,0,29.849,35.146147 126.919564|35.146214 126.919559
9528718158,13050595965,5.47,0,0,21.861,35.146214 126.919559|35.146215 126.919581|35.146227 126.919616
13050595965,9528718158,5.47,0,0,21.861,35.146227 126.919616|35.146215 126.919581|35.146214 126.919559
9528718227,9528718229,11.49,3,0,28.717,35.146221 126.919480|35.146179 126.919510|35.146147 126.919564
9528718229,9528718227,11.49,3,0,28.717,35.146147 126.919564|35.146179 126.919510|35.146221 126.919480
9528718229,9528718160,3.16,0,0,12.631,35.146147 126.919564|35.146119 126.919570
9528718160,9528718229,3.16,0,0,12.631,35.146119 126.919570|35.146147 126.919564
13050595965,13050595961,19.84,0,0,79.375,35.146227 126.919616|35.146390 126.919528
13050595961,13050595965,19.84,0,0,79.375,35.146390 126.919528|35.146227 126.919616
9528718160,9528718165,34.47,0,0,137.872,35.146119 126.919570|35.146100 126.919604|35.146043 126.919650|35.146013 126.919647|35.145998 126.919612|35.146004 126.919548|35.146076 126.919477
9528718165,9528718160,34.47,0,0,137.872,35.146076 126.919477|35.146004 126.919548|35.145998 126.919612|35.146013 126.919647|35.146043 126.919650|35.146100 126.919604|35.146119 126.919570
9528718165,9528718204,7.41,3,0,18.533,35.146076 126.919477|35.146068 126.919429|35.146044 126.919413
9528718204,9528718165,7.41,3,0,18.533,35.146044 126.919413|35.146068 126.919429|35.146076 126.919477
9528718204,9528718167,9.25,3,0,23.126,35.146044 126.919413|35.145984 126.919342
9528718167,9528718204,9.25,3,0,23.126,35.145984 126.919342|35.146044 126.919413
9528718204,9528718170,21.46,3,0,53.652,35.146044 126.919413|35.145988 126.919453|35.145959 126.919498|35.145936 126.919532|35.145893 126.919515
9528718170,9528718204,21.46,3,0,53.652,35.145893 126.919515|35.145936 126.919532|35.145959 126.919498|35.145988 126.919453|35.146044 126.919413
9528718167,9528718169,13.95,3,0,34.885,35.145984 126.919342|35.145912 126.919354|35.145873 126.919397
9528718169,9528718167,13.95,3,0,34.885,35.145873 126.919397|35.145912 126.919354|35.145984 126.919342
9528718167,9528718225,5.84,3,0,14.597,35.145984 126.919342|35.145977 126.919318|35.145968 126.919281
9528718225,9528718167,5.84,3,0,14.597,35.145968 126.919281|35.145977 126.919318|35.145984 126.919342
9528718169,9528718170,10.99,0,0,43.954,35.145873 126.919397|35.145893 126.919515
9528718170,9528718169,10.99,0,0,43.954,35.145893 126.919515|35.145873 126.919397
9528718169,9528718203,6.00,0,0,23.982,35.145873 126.919397|35.145855 126.919378|35.145841 126.919345
9528718203,9528718169,6.00,0,0,23.982,35.145841 126.919345|35.145855 126.919378|35.145873 126.919397
9528718170,9528718171,2.81,0,0,11.252,35.145893 126.919515|35.145871 126.919529
9528718171,9528718170,2.81,0,0,11.252,35.145871 126.919529|35.145893 126.919515
9528718171,9528718175,21.89,0,0,87.541,35.145871 126.919529|35.145831 126.919529|35.145803 126.919540|35.145779 126.919579|35.145696 126.919611
9528718175,9528718171,21.89,0,0,87.541,35.145696 126.919611|35.145779 126.919579|35.145803 126.919540|35.145831 126.919529|35.145871 126.919529
9528718171,9528718187,21.76,0,0,87.057,35.145871 126.919529|35.145865 126.919580|35.145811 126.919631|35.145803 126.919683|35.145765 126.919704
9528718187,9528718171,21.76,0,0,87.057,35.145765 126.919704|35.145803 126.919683|35.145811 126.919631|35.145865 126.919580|35.145871 126.919529
9528718175,9528718190,7.47,0,0,29.899,35.145696 126.919611|35.145679 126.919691
9528718190,9528718175,7.47,0,0,29.899,35.145679 126.919691|35.145696 126.919611
9528718175,9528718193,12.95,0,0,51.781,35.145696 126.919611|35.145716 126.919555|35.145712 126.919506|35.145696 126.919481
9528718193,9528718175,12.95,0,0,51.781,35.145696 126.919481|35.145712 126.919506|35.145716 126.919555|35.145696 126.919611
9528718187,9528718213,6.49,0,0,25.956,35.145765 126.919704|35.145814 126.919742
9528718213,9528718187,6.49,0,0,25.956,35.145814 126.919742|35.145765 126.919704
9528718187,9528718190,13.13,0,0,52.540,35.145765 126.919704|35.145749 126.919727|35.145704 126.919740|35.145679 126.919691
9528718190,9528718187,13.13,0,0,52.540,35.145679 126.919691|35.145704 126.919740|35.145749 126.919727|35.145765 126.919704
9528718190,9528718215,7.33,0,0,29.305,35.145679 126.919691|35.145662 126.919691|35.145619 126.919720
9528718215,9528718190,7.33,0,0,29.305,35.145619 126.919720|35.145662 126.919691|35.145679 126.919691
9528718193,9528718201,5.38,0,0,21.512,35.145696 126.919481|35.145673 126.919429
9528718201,9528718193,5.38,0,0,21.512,35.145673 126.919429|35.145696 126.919481
9528718193,9528718197,23.44,0,0,93.772,35.145696 126.919481|35.145668 126.919471|35.145621 126.919528|35.145623 126.919599|35.145610 126.919604|35.145568 126.919620
9528718197,9528718193,23.44,0,0,93.772,35.145568 126.919620|35.145610 126.919604|35.145623 126.919599|35.145621 126.919528|35.145668 126.919471|35.145696 126.919481
9528718197,9528718239,6.99,0,0,27.941,35.145568 126.919620|35.145576 126.919544
9528718239,9528718197,6.99,0,0,27.941,35.145576 126.919544|35.145568 126.919620
9528718197,9528718244,7.99,0,0,31.951,35.145568 126.919620|35.145547 126.919622|35.145527 126.919618|35.145499 126.919604
9528718244,9528718197,7.99,0,0,31.951,35.145499 126.919604|35.145527 126.919618|35.145547 126.919622|35.145568 126.919620
9528718239,9528718237,6.91,0,0,27.647,35.145576 126.919544|35.145591 126.919470
9528718237,9528718239,6.91,0,0,27.647,35.145591 126.919470|35.145576 126.919544
9528718239,9528718242,5.81,0,0,23.233,35.145576 126.919544|35.145524 126.919541
9528718242,9528718239,5.81,0,0,23.233,35.145524 126.919541|35.145576 126.919544
9528718244,12818479625,6.00,0,0,24.014,35.145499 126.919604|35.145468 126.919658
12818479625,9528718244,6.00,0,0,24.014,35.145468 126.919658|35.145499 126.919604
9528718244,9528718242,6.38,0,0,25.507,35.145499 126.919604|35.145524 126.919541
9528718242,9528718244,6.38,0,0,25.507,35.145524 126.919541|35.145499 126.919604
9528718244,9528718200,3.84,0,0,15.344,35.145499 126.919604|35.145478 126.919592|35.145470 126.919582
9528718200,9528718244,3.84,0,0,15.344,35.145470 126.919582|35.145478 126.919592|35.145499 126.919604
9528718200,9528718272,7.90,4,0,19.738,35.145470 126.919582|35.145400 126.919593
9528718272,9528718200,7.90,4,0,19.738,35.145400 126.919593|35.145470 126.919582
9528718200,9528718242,9.05,0,0,36.197,35.145470 126.919582|35.145470 126.919563|35.145477 126.919545|35.145486 126.919536|35.145524 126.919541
9528718242,9528718200,9.05,0,0,36.197,35.145524 126.919541|35.145486 126.919536|35.145477 126.919545|35.145470 126.919563|35.145470 126.919582
9528718272,9528718257,2.44,4,0,6.103,35.145400 126.919593|35.145395 126.919619
9528718257,9528718272,2.44,4,0,6.103,35.145395 126.919619|35.145400 126.919593
9528718272,12818479624,2.31,4,0,5.776,35.145400 126.919593|35.145392 126.919569
12818479624,9528718272,2.31,4,0,5.776,35.145392 126.919569|35.145400 126.919593
9528718242,12818479623,3.20,0,0,12.785,35.145524 126.919541|35.145512 126.919509
12818479623,9528718242,3.20,0,0,12.785,35.145512 126.919509|35.145524 126.919541
10245803092,10245803093,40.61,6,12,40.606,35.131519 126.936567|35.131383 126.936981
10245803093,10245803092,40.61,6,12,40.606,35.131383 126.936981|35.131519 126.936567
10167810609,10167810614,11.17,3,8,11.166,35.132904 126.932624|35.132996 126.932644|35.132997 126.932653
10167810614,10167810609,11.17,3,8,11.166,35.132997 126.932653|35.132996 126.932644|35.132904 126.932624
10248473609,10248473622,105.86,0,6,265.190,35.138605 126.936742|35.138660 126.936797|35.138919 126.936969|35.139134 126.936974|35.139463 126.936963|35.139502 126.936942
10248473622,10248473609,105.86,0,6,265.190,35.139502 126.936942|35.139463 126.936963|35.139134 126.936974|35.138919 126.936969|35.138660 126.936797|35.138605 126.936742
10142960918,10142960923,54.06,0,2,137.165,35.135234 126.932797|35.135239 126.932202
10142960923,10142960918,54.06,0,2,137.165,35.135239 126.932202|35.135234 126.932797
10142960918,10142960925,17.45,0,0,69.807,35.135234 126.932797|35.135215 126.932848|35.135105 126.932841
10142960925,10142960918,17.45,0,0,69.807,35.135105 126.932841|35.135215 126.932848|35.135234 126.932797
10167810615,10167820920,90.16,3,16,90.165,35.132988 126.932318|35.133161 126.932361|35.133274 126.932305|35.133312 126.932017|35.133125 126.931944|35.133049 126.931923
10167820920,10167810615,90.16,3,16,90.165,35.133049 126.931923|35.133125 126.931944|35.133312 126.932017|35.133274 126.932305|35.133161 126.932361|35.132988 126.932318
10167810614,10167810614,153.55,3,12,153.981,35.132997 126.932653|35.133168 126.932695|35.133066 126.933314|35.132894 126.933270|35.132997 126.932653
10245803075,10245803091,89.26,0,3,227.805,35.134807 126.937514|35.134754 126.937289|35.134686 126.937001|35.134687 126.936797|35.134683 126.936681|35.134681 126.936619|35.134676 126.936576|35.134669 126.936555
10245803091,10245803075,89.26,0,3,227.805,35.134669 126.936555|35.134676 126.936576|35.134681 126.936619|35.134683 126.936681|35.134687 126.936797|35.134686 126.937001|35.134754 126.937289|35.134807 126.937514
10245803075,10245803083,48.68,0,4,121.726,35.134807 126.937514|35.134516 126.937629|35.134476 126.937475
10245803083,10245803075,48.68,0,4,121.726,35.134476 126.937475|35.134516 126.937629|35.134807 126.937514
10245803091,10245803078,77.44,0,5,193.784,35.134669 126.936555|35.134664 126.936635|35.134650 126.936727|35.134634 126.936792|35.134615 126.936832|35.134584 126.936856|35.134340 126.936942|35.134390 126.937141
10245803078,10245803091,77.44,0,5,193.784,35.134390 126.937141|35.134340 126.936942|35.134584 126.936856|35.134615 126.936832|35.134634 126.936792|35.134650 126.936727|35.134664 126.936635|35.134669 126.936555
10245803083,10245803081,15.34,0,1,38.394,35.134476 126.937475|35.134435 126.937314
10245803081,10245803083,15.34,0,1,38.394,35.134435 126.937314|35.134476 126.937475
10245803083,10245803082,12.20,0,4,30.499,35.134476 126.937475|35.134372 126.937517
10245803082,10245803083,12.20,0,4,30.499,35.134372 126.937517|35.134476 126.937475
10245803078,10245803081,16.55,0,3,41.381,35.134390 126.937141|35.134435 126.937314
10245803081,10245803078,16.55,0,3,41.381,35.134435 126.937314|35.134390 126.937141
10245803078,10245803079,12.21,0,4,30.519,35.134390 126.937141|35.134285 126.937180
10245803079,10245803078,12.21,0,4,30.519,35.134285 126.937180|35.134390 126.937141
10245803081,10245803080,12.31,0,2,30.787,35.134435 126.937314|35.134329 126.937352
10245803080,10245803081,12.31,0,2,30.787,35.134329 126.937352|35.134435 126.937314
10245840029,10245840032,22.29,0,0,89.162,35.131146 126.919176|35.131220 126.919300|35.131247 126.919348|35.131256 126.919379
10245840032,10245840029,22.29,0,0,89.162,35.131256 126.919379|35.131247 126.919348|35.131220 126.919300|35.131146 126.919176
10245840032,10245840036,13.99,0,0,55.978,35.131256 126.919379|35.131224 126.919528
10245840036,10245840032,13.99,0,0,55.978,35.131224 126.919528|35.131256 126.919379
10308876890,11122179619,56.42,0,8,141.054,35.145487 126.931007|35.145463 126.931006|35.145410 126.931027|35.145392 126.931021|35.145033 126.930780
11122179619,10308876890,56.42,0,8,141.054,35.145033 126.930780|35.145392 126.931021|35.145410 126.931027|35.145463 126.931006|35.145487 126.931007
10308876890,10308876891,67.60,0,7,168.991,35.145487 126.931007|35.145507 126.931020|35.145529 126.931070|35.145537 126.931101|35.145981 126.931413
10308876891,10308876890,67.60,0,7,168.991,35.145981 126.931413|35.145537 126.931101|35.145529 126.931070|35.145507 126.931020|35.145487 126.931007
11122179619,10308876892,11.52,0,4,28.794,35.145033 126.930780|35.144943 126.930719
10308876892,11122179619,11.52,0,4,28.794,35.144943 126.930719|35.145033 126.930780
11122179619,11122179616,121.27,0,5,306.134,35.145033 126.930780|35.144854 126.931163|35.145486 126.931611
11122179616,11122179619,121.27,0,5,306.134,35.145486 126.931611|35.144854 126.931163|35.145033 126.930780
10729020829,10729020828,19.01,2,0,47.518,35.146486 126.924490|35.146621 126.924619
10729020828,10729020829,19.01,2,0,47.518,35.146621 126.924619|35.146486 126.924490
10729020829,10729020827,240.76,6,7,260.568,35.146486 126.924490|35.146797 126.924024|35.146841 126.924068|35.147086 126.923705|35.148023 126.924681
10729020827,10729020829,240.76,6,7,260.568,35.148023 126.924681|35.147086 126.923705|35.146841 126.924068|35.146797 126.924024|35.146486 126.924490
10729397119,10729397120,41.75,0,0,167.001,35.131987 126.929637|35.131969 126.929178
10729397120,10729397119,41.75,0,0,167.001,35.131969 126.929178|35.131987 126.929637
10729397120,10729397123,54.01,0,2,137.025,35.131969 126.929178|35.132337 126.929160|35.132362 126.929301
10729397123,10729397120,54.01,0,2,137.025,35.132362 126.929301|35.132337 126.929160|35.131969 126.929178
10959743406,10959743410,33.38,1,2,33.511,35.140201 126.922268|35.140317 126.922532|35.140286 126.922588
10959743410,10959743406,33.38,1,2,33.511,35.140286 126.922588|35.140317 126.922532|35.140201 126.922268
12852795367,12852795339,91.39,0,0,365.555,35.138217 126.922899|35.137975 126.922426|35.137828 126.922144|35.137759 126.922069
12852795339,12852795367,91.39,0,0,365.555,35.137759 126.922069|35.137828 126.922144|35.137975 126.922426|35.138217 126.922899
12852795367,13904111617,35.34,0,0,141.376,35.138217 126.922899|35.138256 126.922867|35.138284 126.922858|35.138431 126.922835|35.138523 126.922814
13904111617,12852795367,35.34,0,0,141.376,35.138523 126.922814|35.138431 126.922835|35.138284 126.922858|35.138256 126.922867|35.138217 126.922899
12852795367,12852795362,33.75,0,0,135.003,35.138217 126.922899|35.138043 126.923033|35.138024 126.923150
12852795362,12852795367,33.75,0,0,135.003,35.138024 126.923150|35.138043 126.923033|35.138217 126.922899
13089335704,13089335710,22.58,4,5,22.578,35.144396 126.921196|35.144586 126.921284
13089335710,13089335704,22.58,4,5,22.578,35.144586 126.921284|35.144396 126.921196
10988869789,10988869799,10.60,0,0,42.415,35.133553 126.937867|35.133552 126.937984
10988869799,10988869789,10.60,0,0,42.415,35.133552 126.937984|35.133553 126.937867
10988869789,10988869793,34.31,0,4,85.769,35.133553 126.937867|35.133862 126.937862
10988869793,10988869789,34.31,0,4,85.769,35.133862 126.937862|35.133553 126.937867
10901961345,10901961387,1.25,3,3,1.249,35.142626 126.921146|35.142621 126.921134
10901961387,10901961345,1.25,3,3,1.249,35.142621 126.921134|35.142626 126.921146
10901961387,10901961366,11.75,3,3,11.747,35.142621 126.921134|35.142526 126.921189
10901961366,10901961387,11.75,3,3,11.747,35.142526 126.921189|35.142621 126.921134
10901961369,10901961368,3.53,3,2,3.532,35.142475 126.920814|35.142476 126.920775
10901961368,10901961369,3.53,3,2,3.532,35.142476 126.920775|35.142475 126.920814
10901961369,10901961366,146.46,3,3,175.029,35.142475 126.920814|35.142469 126.920855|35.142456 126.920875|35.142189 126.921019|35.142178 126.921033|35.142164 126.921059|35.142152 126.921084|35.142136 126.921096|35.142124 126.921113|35.142112 126.921143|35.142115 126.921194|35.142253 126.921531|35.142271 126.921548|35.142287 126.921555|35.142308 126.921557|35.142418 126.921497|35.142435 126.921462|35.142445 126.921438|35.142453 126.921415|35.142452 126.921389|35.142439 126.921310|35.142436 126.921281|35.142443 126.921254|35.142460 126.921226|35.142526 126.921189
10901961366,10901961369,146.46,3,3,175.029,35.142526 126.921189|35.142460 126.921226|35.142443 126.921254|35.142436 126.921281|35.142439 126.921310|35.142452 126.921389|35.142453 126.921415|35.142445 126.921438|35.142435 126.921462|35.142418 126.921497|35.142308 126.921557|35.142287 126.921555|35.142271 126.921548|35.142253 126.921531|35.142115 126.921194|35.142112 126.921143|35.142124 126.921113|35.142136 126.921096|35.142152 126.921084|35.142164 126.921059|35.142178 126.921033|35.142189 126.921019|35.142456 126.920875|35.142469 126.920855|35.142475 126.920814
10902011884,10902011916,126.89,0,1,403.779,35.141738 126.922686|35.141690 126.922612|35.141642 126.922485|35.141581 126.922325|35.141563 126.922304|35.141546 126.922303|35.141299 126.922301|35.141230 126.922305|35.141197 126.922277|35.141100 126.922012|35.141093 126.921979|35.141114 126.921821|35.141115 126.921808
10902011916,10902011884,126.89,0,1,403.779,35.141115 126.921808|35.141114 126.921821|35.141093 126.921979|35.141100 126.922012|35.141197 126.922277|35.141230 126.922305|35.141299 126.922301|35.141546 126.922303|35.141563 126.922304|35.141581 126.922325|35.141642 126.922485|35.141690 126.922612|35.141738 126.922686
10902011884,10902011897,67.90,0,0,271.606,35.141738 126.922686|35.141685 126.922671|35.141666 126.922673|35.141634 126.922677|35.141592 126.922696|35.141380 126.922875|35.141325 126.922931|35.141230 126.923041
10902011897,10902011884,67.90,0,0,271.606,35.141230 126.923041|35.141325 126.922931|35.141380 126.922875|35.141592 126.922696|35.141634 126.922677|35.141666 126.922673|35.141685 126.922671|35.141738 126.922686
10902011916,10902011907,74.69,1,1,105.344,35.141115 126.921808|35.141080 126.921828|35.141050 126.921847|35.141005 126.921844|35.140829 126.921953|35.140814 126.921994|35.140800 126.922043|35.140770 126.922067|35.140641 126.922168|35.140582 126.922210|35.140564 126.922224
10902011907,10902011916,74.69,1,1,105.344,35.140564 126.922224|35.140582 126.922210|35.140641 126.922168|35.140770 126.922067|35.140800 126.922043|35.140814 126.921994|35.140829 126.921953|35.141005 126.921844|35.141050 126.921847|35.141080 126.921828|35.141115 126.921808
10959743309,10959743310,36.70,0,2,91.985,35.141123 126.921539|35.140942 126.921201
10959743310,10959743309,36.70,0,2,91.985,35.140942 126.921201|35.141123 126.921539
10902011907,10902011923,27.97,1,0,69.920,35.140564 126.922224|35.140588 126.922249|35.140625 126.922263|35.140655 126.922246|35.140730 126.922186|35.140758 126.922178|35.140784 126.922196
10902011923,10902011907,27.97,1,0,69.920,35.140784 126.922196|35.140758 126.922178|35.140730 126.922186|35.140655 126.922246|35.140625 126.922263|35.140588 126.922249|35.140564 126.922224
10902011907,10902011928,35.23,1,0,88.085,35.140564 126.922224|35.140411 126.922331|35.140359 126.922377|35.140346 126.922391|35.140336 126.922403|35.140321 126.922439|35.140322 126.922453
10902011928,10902011907,35.23,1,0,88.085,35.140322 126.922453|35.140321 126.922439|35.140336 126.922403|35.140346 126.922391|35.140359 126.922377|35.140411 126.922331|35.140564 126.922224
10902011974,10902011985,61.26,0,0,245.040,35.141967 126.922864|35.141932 126.922860|35.141893 126.922876|35.141863 126.922899|35.141831 126.922939|35.141800 126.923032|35.141808 126.923071|35.141825 126.923113|35.141981 126.923125|35.142019 126.923121|35.142059 126.923095
10902011985,10902011974,61.26,0,0,245.040,35.142059 126.923095|35.142019 126.923121|35.141981 126.923125|35.141825 126.923113|35.141808 126.923071|35.141800 126.923032|35.141831 126.922939|35.141863 126.922899|35.141893 126.922876|35.141932 126.922860|35.141967 126.922864
10902011974,10902011989,51.57,0,0,206.284,35.141967 126.922864|35.142018 126.922833|35.142081 126.922779|35.142221 126.922646|35.142343 126.922534
10902011989,10902011974,51.57,0,0,206.284,35.142343 126.922534|35.142221 126.922646|35.142081 126.922779|35.142018 126.922833|35.141967 126.922864
10902011985,10902012002,87.42,0,1,260.333,35.142059 126.923095|35.142370 126.923849|35.142447 126.923918
10902012002,10902011985,87.42,0,1,260.333,35.142447 126.923918|35.142370 126.923849|35.142059 126.923095
10941749674,10941749675,3.55,0,4,8.883,35.139255 126.921967|35.139233 126.921939
10941749675,10941749674,3.55,0,4,8.883,35.139233 126.921939|35.139255 126.921967
10941749675,10941749689,14.85,0,4,37.134,35.139233 126.921939|35.139135 126.921828
10941749689,10941749675,14.85,0,4,37.134,35.139135 126.921828|35.139233 126.921939
10945710281,10950814782,4.21,0,4,10.513,35.139881 126.921748|35.139897 126.921755|35.139917 126.921762
10950814782,10945710281,4.21,0,4,10.513,35.139917 126.921762|35.139897 126.921755|35.139881 126.921748
10945710281,10945710285,41.41,0,7,103.528,35.139881 126.921748|35.139874 126.921777|35.139793 126.922038|35.139833 126.922057|35.139846 126.922069|35.139899 126.922106
10945710285,10945710281,41.41,0,7,103.528,35.139899 126.922106|35.139846 126.922069|35.139833 126.922057|35.139793 126.922038|35.139874 126.921777|35.139881 126.921748
10950814782,10950814783,15.17,0,4,37.919,35.139917 126.921762|35.139950 126.921655|35.139965 126.921606
10950814783,10950814782,15.17,0,4,37.919,35.139965 126.921606|35.139950 126.921655|35.139917 126.921762
10945710285,10945710332,21.06,1,4,21.055,35.139899 126.922106|35.139935 126.922134|35.139943 126.922136|35.140029 126.922269
10945710332,10945710285,21.06,1,4,21.055,35.140029 126.922269|35.139943 126.922136|35.139935 126.922134|35.139899 126.922106
10945728298,10945738309,25.97,2,1,26.797,35.138698 126.921243|35.138876 126.921058
10945738309,10945728298,25.97,2,1,26.797,35.138876 126.921058|35.138698 126.921243
10945738318,10945738316,82.30,0,6,205.843,35.139120 126.920828|35.139300 126.920665|35.139008 126.920145
10945738316,10945738318,82.30,0,6,205.843,35.139008 126.920145|35.139300 126.920665|35.139120 126.920828
10945738318,10945738321,31.20,0,5,77.997,35.139120 126.920828|35.139025 126.920673|35.139063 126.920636|35.139019 126.920565
10945738321,10945738318,31.20,0,5,77.997,35.139019 126.920565|35.139063 126.920636|35.139025 126.920673|35.139120 126.920828
10945738315,10945738316,16.41,0,3,41.013,35.138924 126.919996|35.139008 126.920145
10945738316,10945738315,16.41,0,3,41.013,35.139008 126.920145|35.138924 126.919996
10945738316,10945738317,13.51,0,4,33.784,35.139008 126.920145|35.139110 126.920064
10945738317,10945738316,13.51,0,4,33.784,35.139110 126.920064|35.139008 126.920145
10959626141,10959645016,32.03,0,13,80.069,35.140522 126.919844|35.140549 126.919815|35.140596 126.919786|35.140637 126.919753|35.140736 126.919709|35.140779 126.919691
10959645016,10959626141,32.03,0,13,80.069,35.140779 126.919691|35.140736 126.919709|35.140637 126.919753|35.140596 126.919786|35.140549 126.919815|35.140522 126.919844
10959645027,10959645242,1.10,3,7,1.102,35.140744 126.919037|35.140751 126.919029
10959645242,10959645027,1.10,3,7,1.102,35.140751 126.919029|35.140744 126.919037
10959645242,10959645245,27.65,3,10,27.646,35.140751 126.919029|35.140807 126.919098|35.140824 126.919104|35.140946 126.918993
10959645245,10959645242,27.65,3,10,27.646,35.140946 126.918993|35.140824 126.919104|35.140807 126.919098|35.140751 126.919029
10959645201,10959645202,11.08,0,10,27.696,35.141081 126.919447|35.140994 126.919385
10959645202,10959645201,11.08,0,10,27.696,35.140994 126.919385|35.141081 126.919447
10959645201,10959645154,65.35,0,14,163.378,35.141081 126.919447|35.141105 126.919378|35.141105 126.919353|35.141078 126.919292|35.141082 126.919258|35.141219 126.919124|35.141206 126.919076|35.141182 126.919014|35.141076 126.918888
10959645154,10959645201,65.35,0,14,163.378,35.141076 126.918888|35.141182 126.919014|35.141206 126.919076|35.141219 126.919124|35.141082 126.919258|35.141078 126.919292|35.141105 126.919353|35.141105 126.919378|35.141081 126.919447
10959645202,10959645203,10.73,0,10,26.818,35.140994 126.919385|35.140909 126.919439
10959645203,10959645202,10.73,0,10,26.818,35.140909 126.919439|35.140994 126.919385
10959645202,10959645205,14.94,0,8,37.361,35.140994 126.919385|35.140961 126.919308|35.141015 126.919268
10959645205,10959645202,14.94,0,8,37.361,35.141015 126.919268|35.140961 126.919308|35.140994 126.919385
10959743410,10959743411,37.88,1,0,94.702,35.140286 126.922588|35.140466 126.922941
10959743411,10959743410,37.88,1,0,94.702,35.140466 126.922941|35.140286 126.922588
10959743410,10959743409,60.36,1,0,151.273,35.140286 126.922588|35.140150 126.922828|35.140399 126.923042
10959743409,10959743410,60.36,1,0,151.273,35.140399 126.923042|35.140150 126.922828|35.140286 126.922588
10974260527,10974260526,13.31,0,7,33.270,35.141654 126.919701|35.141727 126.919817
10974260526,10974260527,13.31,0,7,33.270,35.141727 126.919817|35.141654 126.919701
10974260527,10974260528,14.44,0,8,36.091,35.141654 126.919701|35.141547 126.919792
10974260528,10974260527,14.44,0,8,36.091,35.141547 126.919792|35.141654 126.919701
10988869799,10988869798,35.51,0,4,88.770,35.133552 126.937984|35.133872 126.937989
10988869798,10988869799,35.51,0,4,88.770,35.133872 126.937989|35.133552 126.937984
10988869793,10988869798,11.64,0,4,29.091,35.133862 126.937862|35.133872 126.937989
10988869798,10988869793,11.64,0,4,29.091,35.133872 126.937989|35.133862 126.937862
10988869793,10988869790,17.82,0,5,44.561,35.133862 126.937862|35.133858 126.937828|35.133850 126.937757|35.133819 126.937728|35.133785 126.937718
10988869790,10988869793,17.82,0,5,44.561,35.133785 126.937718|35.133819 126.937728|35.133850 126.937757|35.133858 126.937828|35.133862 126.937862
11115919563,11261854032,43.03,0,8,107.581,35.142653 126.916681|35.142791 126.916519|35.142933 126.916354
11261854032,11115919563,43.03,0,8,107.581,35.142933 126.916354|35.142791 126.916519|35.142653 126.916681
11115919563,11115919566,40.15,5,12,40.146,35.142653 126.916681|35.142817 126.916896|35.142812 126.916943|35.142770 126.917029
11115919566,11115919563,40.15,5,12,40.146,35.142770 126.917029|35.142812 126.916943|35.142817 126.916896|35.142653 126.916681
11052889746,11052889748,84.92,0,0,339.695,35.140366 126.931155|35.140391 126.931474|35.140424 126.931634|35.140789 126.931581
11052889748,11052889746,84.92,0,0,339.695,35.140789 126.931581|35.140424 126.931634|35.140391 126.931474|35.140366 126.931155
11052889746,11052889750,45.29,0,0,181.173,35.140366 126.931155|35.140344 126.930725|35.140398 126.930715
11052889750,11052889746,45.29,0,0,181.173,35.140398 126.930715|35.140344 126.930725|35.140366 126.931155
11052889750,11052889752,32.94,0,0,131.760,35.140398 126.930715|35.140590 126.930684|35.140579 126.930559
11052889752,11052889750,32.94,0,0,131.760,35.140579 126.930559|35.140590 126.930684|35.140398 126.930715
13622042962,13622042961,12.96,0,0,51.825,35.140966 126.930458|35.140957 126.930600
13622042961,13622042962,12.96,0,0,51.825,35.140957 126.930600|35.140966 126.930458
11118149502,11118155806,25.58,0,15,63.938,35.142093 126.918232|35.142119 126.918293|35.142131 126.918366|35.142162 126.918419|35.142200 126.918476
11118155806,11118149502,25.58,0,15,63.938,35.142200 126.918476|35.142162 126.918419|35.142131 126.918366|35.142119 126.918293|35.142093 126.918232
11261854036,11261897237,40.92,2,16,40.923,35.143336 126.916803|35.143221 126.916683|35.143127 126.916590|35.143094 126.916579|35.143054 126.916523
11261897237,11261854036,40.92,2,16,40.923,35.143054 126.916523|35.143094 126.916579|35.143127 126.916590|35.143221 126.916683|35.143336 126.916803
11261854032,11261897237,20.37,0,12,50.919,35.142933 126.916354|35.143026 126.916484|35.143054 126.916523
11261897237,11261854032,20.37,0,12,50.919,35.143054 126.916523|35.143026 126.916484|35.142933 126.916354
11118155806,11118155823,25.72,3,17,25.719,35.142200 126.918476|35.142216 126.918487|35.142237 126.918490|35.142255 126.918485|35.142331 126.918427|35.142394 126.918360
11118155823,11118155806,25.72,3,17,25.719,35.142394 126.918360|35.142331 126.918427|35.142255 126.918485|35.142237 126.918490|35.142216 126.918487|35.142200 126.918476
11149884197,11149884198,38.56,3,11,38.557,35.142695 126.918747|35.142833 126.919135
11149884198,11149884197,38.56,3,11,38.557,35.142833 126.919135|35.142695 126.918747
11118354409,11118354426,44.91,0,4,112.275,35.144434 126.928084|35.144246 126.928521
11118354426,11118354409,44.91,0,4,112.275,35.144246 126.928521|35.144434 126.928084
11118354409,11118354413,125.01,0,3,329.544,35.144434 126.928084|35.144387 126.928048|35.144356 126.928014|35.144140 126.927498|35.144112 126.927453|35.143920 126.927215|35.143854 126.927133|35.143756 126.927012
11118354413,11118354409,125.01,0,3,329.544,35.143756 126.927012|35.143854 126.927133|35.143920 126.927215|35.144112 126.927453|35.144140 126.927498|35.144356 126.928014|35.144387 126.928048|35.144434 126.928084
11118354409,11118354419,254.71,0,15,637.833,35.144434 126.928084|35.144478 126.927991|35.144520 126.927965|35.144722 126.927508|35.144711 126.927441|35.144992 126.926790|35.144182 126.926275|35.144101 126.926443
11118354419,11118354409,254.71,0,15,637.833,35.144101 126.926443|35.144182 126.926275|35.144992 126.926790|35.144711 126.927441|35.144722 126.927508|35.144520 126.927965|35.144478 126.927991|35.144434 126.928084
11118354413,11118354417,48.09,0,0,192.357,35.143756 126.927012|35.143916 126.926800|35.143975 126.926708|35.144026 126.926601
11118354417,11118354413,48.09,0,0,192.357,35.144026 126.926601|35.143975 126.926708|35.143916 126.926800|35.143756 126.927012
11118354413,11118354446,12.04,0,0,48.176,35.143756 126.927012|35.143699 126.926941|35.143687 126.926926|35.143681 126.926916
11118354446,11118354413,12.04,0,0,48.176,35.143681 126.926916|35.143687 126.926926|35.143699 126.926941|35.143756 126.927012
11118354419,11118354417,16.63,0,0,66.526,35.144101 126.926443|35.144026 126.926601
11118354417,11118354419,16.63,0,0,66.526,35.144026 126.926601|35.144101 126.926443
11118354419,11118354420,15.16,0,0,60.642,35.144101 126.926443|35.144224 126.926516
11118354420,11118354419,15.16,0,0,60.642,35.144224 126.926516|35.144101 126.926443
11118354446,11118354458,93.79,0,0,375.158,35.143681 126.926916|35.143735 126.926852|35.143840 126.926723|35.144035 126.926306|35.144067 126.926252|35.144099 126.926200|35.144145 126.926168|35.144166 126.926159|35.144207 126.926143
11118354458,11118354446,93.79,0,0,375.158,35.144207 126.926143|35.144166 126.926159|35.144145 126.926168|35.144099 126.926200|35.144067 126.926252|35.144035 126.926306|35.143840 126.926723|35.143735 126.926852|35.143681 126.926916
11118354446,13622091913,27.85,0,0,111.409,35.143681 126.926916|35.143622 126.926810|35.143533 126.926669
13622091913,11118354446,27.85,0,0,111.409,35.143533 126.926669|35.143622 126.926810|35.143681 126.926916
11118354417,11118354418,15.77,0,0,63.066,35.144026 126.926601|35.144153 126.926679
11118354418,11118354417,15.77,0,0,63.066,35.144153 126.926679|35.144026 126.926601
11121991589,11121991593,21.06,0,0,84.259,35.144678 126.931652|35.144649 126.931779|35.144620 126.931872
11121991593,11121991589,21.06,0,0,84.259,35.144620 126.931872|35.144649 126.931779|35.144678 126.931652
11133750917,11133750894,6.95,0,0,27.788,35.145474 126.934727|35.145486 126.934802
11133750894,11133750917,6.95,0,0,27.788,35.145486 126.934802|35.145474 126.934727
11121991593,11121991594,15.29,0,0,61.155,35.144620 126.931872|35.144743 126.931947
11121991594,11121991593,15.29,0,0,61.155,35.144743 126.931947|35.144620 126.931872
11121991593,11121991592,20.23,0,0,80.937,35.144620 126.931872|35.144610 126.931895|35.144529 126.932065
11121991592,11121991593,20.23,0,0,80.937,35.144529 126.932065|35.144610 126.931895|35.144620 126.931872
11122179615,11122179616,33.56,0,3,83.918,35.145651 126.931303|35.145486 126.931611
11122179616,11122179615,33.56,0,3,83.918,35.145486 126.931611|35.145651 126.931303
11122179616,11122179617,24.04,0,1,60.652,35.145486 126.931611|35.145673 126.931744
11122179617,11122179616,24.04,0,1,60.652,35.145673 126.931744|35.145486 126.931611
11122179698,13622040396,12.55,0,0,50.198,35.145548 126.933122|35.145600 126.933000
13622040396,11122179698,12.55,0,0,50.198,35.145600 126.933000|35.145548 126.933122
11133303278,11133303277,48.62,4,5,48.624,35.147019 126.932047|35.146834 126.932532
11133303277,11133303278,48.62,4,5,48.624,35.146834 126.932532|35.147019 126.932047
11133303278,11133303282,52.81,4,7,52.811,35.147019 126.932047|35.147060 126.932132|35.146998 126.932608
11133303282,11133303278,52.81,4,7,52.811,35.146998 126.932608|35.147060 126.932132|35.147019 126.932047
11133303277,11133303285,21.77,0,4,54.420,35.146834 126.932532|35.146673 126.932396
11133303285,11133303277,21.77,0,4,54.420,35.146673 126.932396|35.146834 126.932532
11133303277,11133303282,19.64,0,7,49.096,35.146834 126.932532|35.146921 126.932589|35.146998 126.932608
11133303282,11133303277,19.64,0,7,49.096,35.146998 126.932608|35.146921 126.932589|35.146834 126.932532
11133303285,11133303284,19.15,0,3,47.887,35.146673 126.932396|35.146532 126.932276
11133303284,11133303285,19.15,0,3,47.887,35.146532 126.932276|35.146673 126.932396
11133303285,11133303286,42.10,4,5,42.100,35.146673 126.932396|35.146858 126.931992
11133303286,11133303285,42.10,4,5,42.100,35.146858 126.931992|35.146673 126.932396
11133303282,11133303281,22.82,0,6,57.040,35.146998 126.932608|35.146980 126.932744|35.147073 126.932754
11133303281,11133303282,22.82,0,6,57.040,35.147073 126.932754|35.146980 126.932744|35.146998 126.932608
11134046332,11134046333,66.34,0,0,265.371,35.140584 126.933937|35.140501 126.933858|35.140458 126.933835|35.140185 126.933830|35.140160 126.933819|35.140110 126.933787|35.140032 126.933737
11134046333,11134046332,66.34,0,0,265.371,35.140032 126.933737|35.140110 126.933787|35.140160 126.933819|35.140185 126.933830|35.140458 126.933835|35.140501 126.933858|35.140584 126.933937
11134046333,11134046334,13.63,0,0,54.525,35.140032 126.933737|35.140033 126.933887
11134046334,11134046333,13.63,0,0,54.525,35.140033 126.933887|35.140032 126.933737
11144412057,11144412065,9.22,0,0,36.884,35.142422 126.926683|35.142423 126.926581
11144412065,11144412057,9.22,0,0,36.884,35.142423 126.926581|35.142422 126.926683
11144412065,11144412063,16.27,0,0,65.073,35.142423 126.926581|35.142425 126.926403
11144412063,11144412065,16.27,0,0,65.073,35.142425 126.926403|35.142423 126.926581
11144412065,11144412064,40.64,0,0,162.578,35.142423 126.926581|35.142788 126.926586
11144412064,11144412065,40.64,0,0,162.578,35.142788 126.926586|35.142423 126.926581
11144412060,11144412062,16.23,0,0,64.933,35.142794 126.926233|35.142791 126.926412
11144412062,11144412060,16.23,0,0,64.933,35.142791 126.926412|35.142794 126.926233
11144412060,11144412066,44.04,0,0,176.173,35.142794 126.926233|35.142782 126.926239|35.142427 126.926230|35.142426 126.926264
11144412066,11144412060,44.04,0,0,176.173,35.142426 126.926264|35.142427 126.926230|35.142782 126.926239|35.142794 126.926233
11144412060,11144412088,29.74,0,0,118.966,35.142794 126.926233|35.142821 126.926219|35.142845 126.926156|35.142837 126.926076|35.142799 126.926027|35.142764 126.925999|35.142747 126.925999
11144412088,11144412060,29.74,0,0,118.966,35.142747 126.925999|35.142764 126.925999|35.142799 126.926027|35.142837 126.926076|35.142845 126.926156|35.142821 126.926219|35.142794 126.926233
11144412062,11144412064,15.90,0,0,63.585,35.142791 126.926412|35.142788 126.926586
11144412064,11144412062,15.90,0,0,63.585,35.142788 126.926586|35.142791 126.926412
11144412062,11144412063,40.72,0,0,162.868,35.142791 126.926412|35.142425 126.926403
11144412063,11144412062,40.72,0,0,162.868,35.142425 126.926403|35.142791 126.926412
11144412066,11144412063,12.56,0,0,50.233,35.142426 126.926264|35.142425 126.926403
11144412063,11144412066,12.56,0,0,50.233,35.142425 126.926403|35.142426 126.926264
11144412066,11144412067,13.16,0,0,52.623,35.142426 126.926264|35.142308 126.926262
11144412067,11144412066,13.16,0,0,52.623,35.142308 126.926262|35.142426 126.926264
11144412088,11144412096,10.56,0,0,42.246,35.142747 126.925999|35.142742 126.925883
11144412096,11144412088,10.56,0,0,42.246,35.142742 126.925883|35.142747 126.925999
11144412061,11144412064,9.80,0,0,39.214,35.142787 126.926694|35.142788 126.926586
11144412064,11144412061,9.80,0,0,39.214,35.142788 126.926586|35.142787 126.926694
11144412096,11144412094,15.72,0,0,62.894,35.142742 126.925883|35.142735 126.925711
11144412094,11144412096,15.72,0,0,62.894,35.142735 126.925711|35.142742 126.925883
11144412096,11144412097,38.64,0,0,154.558,35.142742 126.925883|35.142395 126.925904
11144412097,11144412096,38.64,0,0,154.558,35.142395 126.925904|35.142742 126.925883
11144412097,11144412095,15.96,0,0,63.838,35.142395 126.925904|35.142387 126.925728
11144412095,11144412097,15.96,0,0,63.838,35.142387 126.925728|35.142395 126.925904
11144412092,11144412094,16.48,0,0,65.918,35.142727 126.925530|35.142735 126.925711
11144412094,11144412092,16.48,0,0,65.918,35.142735 126.925711|35.142727 126.925530
11144412092,11144412093,69.52,0,1,198.539,35.142727 126.925530|35.142720 126.925358|35.142373 126.925385|35.142380 126.925553
11144412093,11144412092,69.52,0,1,198.539,35.142380 126.925553|35.142373 126.925385|35.142720 126.925358|35.142727 126.925530
11144412094,11144412095,38.63,0,0,154.516,35.142735 126.925711|35.142387 126.925728
11144412095,11144412094,38.63,0,0,154.516,35.142387 126.925728|35.142735 126.925711
11144412093,11144412095,15.94,0,0,63.766,35.142380 126.925553|35.142387 126.925728
11144412095,11144412093,15.94,0,0,63.766,35.142387 126.925728|35.142380 126.925553
11144422978,11144422991,33.82,0,0,135.286,35.140704 126.926868|35.140738 126.926887|35.140941 126.927023|35.140972 126.927043
11144422991,11144422978,33.82,0,0,135.286,35.140972 126.927043|35.140941 126.927023|35.140738 126.926887|35.140704 126.926868
11144422991,11144422995,8.90,0,0,35.610,35.140972 126.927043|35.140945 126.927067|35.140935 126.927123
11144422995,11144422991,8.90,0,0,35.610,35.140935 126.927123|35.140945 126.927067|35.140972 126.927043
11144422991,11144422996,17.50,0,0,70.016,35.140972 126.927043|35.141013 126.927047|35.141053 126.927056|35.141086 126.927092|35.141088 126.927130
11144422996,11144422991,17.50,0,0,70.016,35.141088 126.927130|35.141086 126.927092|35.141053 126.927056|35.141013 126.927047|35.140972 126.927043
11144422995,11144422996,16.96,0,0,67.828,35.140935 126.927123|35.141088 126.927130
11144422996,11144422995,16.96,0,0,67.828,35.141088 126.927130|35.140935 126.927123
11144422995,13622043037,199.79,0,0,799.156,35.140935 126.927123|35.139813 126.927075|35.139777 126.927115|35.139764 126.927375|35.139741 126.927444|35.139532 126.927738|35.139511 126.927768
13622043037,11144422995,199.79,0,0,799.156,35.139511 126.927768|35.139532 126.927738|35.139741 126.927444|35.139764 126.927375|35.139777 126.927115|35.139813 126.927075|35.140935 126.927123
11144448330,11144448327,14.88,0,0,59.523,35.140569 126.928088|35.140545 126.928249
11144448327,11144448330,14.88,0,0,59.523,35.140545 126.928249|35.140569 126.928088
11144448330,11144448328,51.57,0,0,206.290,35.140569 126.928088|35.140246 126.928007|35.140213 126.928166
11144448328,11144448330,51.57,0,0,206.290,35.140213 126.928166|35.140246 126.928007|35.140569 126.928088
11144448323,11144448327,12.16,0,0,48.644,35.140526 126.928381|35.140545 126.928249
11144448327,11144448323,12.16,0,0,48.644,35.140545 126.928249|35.140526 126.928381
11144448323,11144448328,53.12,0,0,212.498,35.140526 126.928381|35.140503 126.928399|35.140183 126.928312|35.140213 126.928166
11144448328,11144448323,53.12,0,0,212.498,35.140213 126.928166|35.140183 126.928312|35.140503 126.928399|35.140526 126.928381
11144448327,11144448328,37.65,0,0,150.605,35.140545 126.928249|35.140213 126.928166
11144448328,11144448327,37.65,0,0,150.605,35.140213 126.928166|35.140545 126.928249
11149884142,11149884143,24.50,3,7,24.504,35.142700 126.919719|35.142888 126.919577
11149884143,11149884142,24.50,3,7,24.504,35.142888 126.919577|35.142700 126.919719
11149884142,11149884124,42.56,3,9,42.560,35.142700 126.919719|35.142689 126.919710|35.142640 126.919664|35.142546 126.919471|35.142586 126.919425|35.142646 126.919381
11149884124,11149884142,42.56,3,9,42.560,35.142646 126.919381|35.142586 126.919425|35.142546 126.919471|35.142640 126.919664|35.142689 126.919710|35.142700 126.919719
11149884187,11304060691,22.42,4,9,22.424,35.143127 126.918998|35.143241 126.918925|35.143275 126.919004
11304060691,11149884187,22.42,4,9,22.424,35.143275 126.919004|35.143241 126.918925|35.143127 126.918998
11261897237,11261897260,33.09,2,16,33.094,35.143054 126.916523|35.142945 126.916765|35.142909 126.916841
11261897260,11261897237,33.09,2,16,33.094,35.142909 126.916841|35.142945 126.916765|35.143054 126.916523
12382454542,12382454544,36.80,0,0,147.214,35.138098 126.917847|35.138285 126.918181
12382454544,12382454542,36.80,0,0,147.214,35.138285 126.918181|35.138098 126.917847
12430342698,12430453902,15.44,0,1,38.635,35.132766 126.927681|35.132652 126.927777
12430453902,12430342698,15.44,0,1,38.635,35.132652 126.927777|35.132766 126.927681
12430342698,12430453904,39.39,0,4,98.473,35.132766 126.927681|35.132617 126.927374|35.132558 126.927400
12430453904,12430342698,39.39,0,4,98.473,35.132558 126.927400|35.132617 126.927374|35.132766 126.927681
12430342697,12430453909,21.48,0,1,54.013,35.132387 126.927905|35.132569 126.927826
12430453909,12430342697,21.48,0,1,54.013,35.132569 126.927826|35.132387 126.927905
12430453909,12430453902,59.35,0,1,164.889,35.132569 126.927826|35.132603 126.928093|35.132662 126.928082|35.132674 126.927879|35.132652 126.927777
12430453902,12430453909,59.35,0,1,164.889,35.132652 126.927777|35.132674 126.927879|35.132662 126.928082|35.132603 126.928093|35.132569 126.927826
12430453902,12430453903,15.81,0,3,39.516,35.132652 126.927777|35.132579 126.927628
12430453903,12430453902,15.81,0,3,39.516,35.132579 126.927628|35.132652 126.927777
12430453904,12430453903,20.82,0,4,52.043,35.132558 126.927400|35.132579 126.927628
12430453903,12430453904,20.82,0,4,52.043,35.132579 126.927628|35.132558 126.927400
12430453904,12430453901,21.49,0,4,53.713,35.132558 126.927400|35.132548 126.927405|35.132368 126.927444
12430453901,12430453904,21.49,0,4,53.713,35.132368 126.927444|35.132548 126.927405|35.132558 126.927400
12430453903,12430453905,27.46,0,3,68.656,35.132579 126.927628|35.132349 126.927737
12430453905,12430453903,27.46,0,3,68.656,35.132349 126.927737|35.132579 126.927628
12430690936,12430453964,7.49,0,0,29.948,35.132789 126.918237|35.132803 126.918317
12430453964,12430690936,7.49,0,0,29.948,35.132803 126.918317|35.132789 126.918237
12430690936,12430690949,58.68,0,0,234.737,35.132789 126.918237|35.132856 126.918238|35.132895 126.918243|35.132937 126.918252|35.132996 126.918270|35.133024 126.918286|35.133054 126.918310|35.133072 126.918326|35.133091 126.918354|35.133102 126.918391|35.133106 126.918421|35.133096 126.918594
12430690949,12430690936,58.68,0,0,234.737,35.133096 126.918594|35.133106 126.918421|35.133102 126.918391|35.133091 126.918354|35.133072 126.918326|35.133054 126.918310|35.133024 126.918286|35.132996 126.918270|35.132937 126.918252|35.132895 126.918243|35.132856 126.918238|35.132789 126.918237
12430690936,12430690929,87.00,0,0,348.005,35.132789 126.918237|35.132749 126.918238|35.132722 126.918243|35.132685 126.918263|35.132604 126.918348|35.132595 126.918373|35.132590 126.918393|35.132570 126.918757|35.132801 126.918775
12430690929,12430690936,87.00,0,0,348.005,35.132801 126.918775|35.132570 126.918757|35.132590 126.918393|35.132595 126.918373|35.132604 126.918348|35.132685 126.918263|35.132722 126.918243|35.132749 126.918238|35.132789 126.918237
12430690949,12430690951,30.32,0,0,121.281,35.133096 126.918594|35.133078 126.918927
12430690951,12430690949,30.32,0,0,121.281,35.133078 126.918927|35.133096 126.918594
12430690949,12430690950,24.40,0,0,97.606,35.133096 126.918594|35.133315 126.918615
12430690950,12430690949,24.40,0,0,97.606,35.133315 126.918615|35.133096 126.918594
12430690948,12430690951,11.40,0,0,45.602,35.133072 126.919052|35.133078 126.918927
12430690951,12430690948,11.40,0,0,45.602,35.133078 126.918927|35.133072 126.919052
12430690951,12430690952,24.28,0,0,97.135,35.133078 126.918927|35.133297 126.918940
12430690952,12430690951,24.28,0,0,97.135,35.133297 126.918940|35.133078 126.918927
12491726385,12491726386,7.38,0,3,18.440,35.145635 126.922745|35.145578 126.922705
12491726386,12491726385,7.38,0,3,18.440,35.145578 126.922705|35.145635 126.922745
12491726385,12491726393,66.01,0,2,169.821,35.145635 126.922745|35.145579 126.922834|35.145858 126.923102|35.145948 126.922962
12491726393,12491726385,66.01,0,2,169.821,35.145948 126.922962|35.145858 126.923102|35.145579 126.922834|35.145635 126.922745
12491726386,12491726394,23.19,0,4,57.976,35.145578 126.922705|35.145680 126.922483
12491726394,12491726386,23.19,0,4,57.976,35.145680 126.922483|35.145578 126.922705
12491726393,12491726395,14.64,0,3,36.591,35.145948 126.922962|35.146030 126.922835
12491726395,12491726393,14.64,0,3,36.591,35.146030 126.922835|35.145948 126.922962
12491726394,12491726395,50.38,0,6,125.949,35.145680 126.922483|35.146030 126.922835
12491726395,12491726394,50.38,0,6,125.949,35.146030 126.922835|35.145680 126.922483
12491726394,12491726388,69.39,0,6,173.501,35.145680 126.922483|35.145752 126.922325|35.146124 126.922688
12491726388,12491726394,69.39,0,6,173.501,35.146124 126.922688|35.145752 126.922325|35.145680 126.922483
12491726388,12491726395,16.95,0,4,42.381,35.146124 126.922688|35.146030 126.922835
12491726395,12491726388,16.95,0,4,42.381,35.146030 126.922835|35.146124 126.922688
12491726388,13056485372,11.29,0,4,28.213,35.146124 126.922688|35.146187 126.922591
13056485372,12491726388,11.29,0,4,28.213,35.146187 126.922591|35.146124 126.922688
13056485372,13056485333,48.99,0,4,122.491,35.146187 126.922591|35.145849 126.922254|35.145845 126.922251
13056485333,13056485372,48.99,0,4,122.491,35.145845 126.922251|35.145849 126.922254|35.146187 126.922591
13056485372,13056485377,115.76,2,11,116.320,35.146187 126.922591|35.146934 126.923337|35.146993 126.923396
13056485377,13056485372,115.76,2,11,116.320,35.146993 126.923396|35.146934 126.923337|35.146187 126.922591
12820294183,13056485373,9.39,0,4,23.471,35.146168 126.922494|35.146223 126.922417
13056485373,12820294183,9.39,0,4,23.471,35.146223 126.922417|35.146168 126.922494
13056485377,13056485324,4.29,4,4,4.295,35.146993 126.923396|35.147022 126.923427
13056485324,13056485377,4.29,4,4,4.295,35.147022 126.923427|35.146993 126.923396
13056485377,12491726402,103.13,4,6,103.591,35.146993 126.923396|35.146530 126.924055|35.146413 126.924073|35.146349 126.924166
12491726402,13056485377,103.13,4,6,103.591,35.146349 126.924166|35.146413 126.924073|35.146530 126.924055|35.146993 126.923396
12491726402,12491726402,129.49,2,6,132.512,35.146349 126.924166|35.146039 126.923849|35.145925 126.924016|35.146235 126.924333|35.146349 126.924166
13917435228,13917435226,21.03,0,0,84.124,35.131627 126.930098|35.131692 126.930315
13917435226,13917435228,21.03,0,0,84.124,35.131692 126.930315|35.131627 126.930098
13917435228,13917435227,21.62,0,0,86.477,35.131627 126.930098|35.131810 126.930017
13917435227,13917435228,21.62,0,0,86.477,35.131810 126.930017|35.131627 126.930098
13917435221,13917435222,40.66,1,0,101.670,35.131835 126.929811|35.131720 126.929387
13917435222,13917435221,40.66,1,0,101.670,35.131720 126.929387|35.131835 126.929811
13917435221,13917435224,165.96,0,5,427.128,35.131835 126.929811|35.131997 126.929746|35.132217 126.930486|35.132188 126.930598|35.131825 126.930754|35.131756 126.930528
13917435224,13917435221,165.96,0,5,427.128,35.131756 126.930528|35.131825 126.930754|35.132188 126.930598|35.132217 126.930486|35.131997 126.929746|35.131835 126.929811
13089335710,12585138736,67.56,7,11,67.560,35.144586 126.921284|35.144592 126.921265|35.144592 126.921233|35.144579 126.921169|35.144366 126.920601
12585138736,13089335710,67.56,7,11,67.560,35.144366 126.920601|35.144579 126.921169|35.144592 126.921233|35.144592 126.921265|35.144586 126.921284
12655482629,12655482625,22.17,0,2,55.425,35.134950 126.930351|35.134757 126.930294
12655482625,12655482629,22.17,0,2,55.425,35.134757 126.930294|35.134950 126.930351
12655482629,12655482630,16.97,0,2,42.421,35.134950 126.930351|35.134923 126.930535
12655482630,12655482629,16.97,0,2,42.421,35.134923 126.930535|35.134950 126.930351
12655482625,12655482631,39.68,0,0,158.700,35.134757 126.930294|35.134803 126.930018|35.134926 126.930049
12655482631,12655482625,39.68,0,0,158.700,35.134926 126.930049|35.134803 126.930018|35.134757 126.930294
12655482625,12655482630,40.22,0,2,100.960,35.134757 126.930294|35.134725 126.930485|35.134923 126.930535
12655482630,12655482625,40.22,0,2,100.960,35.134923 126.930535|35.134725 126.930485|35.134757 126.930294
12655482630,12655482626,9.56,0,2,23.888,35.134923 126.930535|35.135007 126.930556
12655482626,12655482630,9.56,0,2,23.888,35.135007 126.930556|35.134923 126.930535
13622042747,13622042758,131.12,0,0,524.469,35.142314 126.931657|35.143291 126.931536|35.143384 126.931480|35.143406 126.931370
13622042758,13622042747,131.12,0,0,524.469,35.143406 126.931370|35.143384 126.931480|35.143291 126.931536|35.142314 126.931657
12765514868,13622042995,26.55,0,0,106.218,35.141327 126.931933|35.141564 126.931900
13622042995,12765514868,26.55,0,0,106.218,35.141564 126.931900|35.141327 126.931933
12819746050,12819746059,41.94,0,0,167.768,35.147820 126.919730|35.147896 126.919727|35.147973 126.919764|35.148006 126.919779|35.148028 126.919773|35.148064 126.919752|35.148098 126.919744|35.148131 126.919748|35.148158 126.919759|35.148178 126.919777
12819746059,12819746050,41.94,0,0,167.768,35.148178 126.919777|35.148158 126.919759|35.148131 126.919748|35.148098 126.919744|35.148064 126.919752|35.148028 126.919773|35.148006 126.919779|35.147973 126.919764|35.147896 126.919727|35.147820 126.919730
12820294182,13056485334,9.40,0,4,23.511,35.146207 126.922268|35.146152 126.922347
13056485334,12820294182,9.40,0,4,23.511,35.146152 126.922347|35.146207 126.922268
13056485334,13056485373,10.10,0,4,25.260,35.146152 126.922347|35.146223 126.922417
13056485373,13056485334,10.10,0,4,25.260,35.146223 126.922417|35.146152 126.922347
13056485334,13056485332,32.33,0,4,80.836,35.146152 126.922347|35.146138 126.922333|35.145929 126.922148|35.145923 126.922142|35.145918 126.922137
13056485332,13056485334,32.33,0,4,80.836,35.145918 126.922137|35.145923 126.922142|35.145929 126.922148|35.146138 126.922333|35.146152 126.922347
13056485373,12820294184,8.35,0,4,20.883,35.146223 126.922417|35.146273 126.922348
12820294184,13056485373,8.35,0,4,20.883,35.146273 126.922348|35.146223 126.922417
13056485373,13056485327,33.37,0,6,83.437,35.146223 126.922417|35.146458 126.922645
13056485327,13056485373,33.37,0,6,83.437,35.146458 126.922645|35.146223 126.922417
13052475509,12820361018,32.70,0,9,81.761,35.148423 126.922595|35.148208 126.922840
12820361018,13052475509,32.70,0,9,81.761,35.148208 126.922840|35.148423 126.922595
13052475509,13052447298,17.58,0,9,43.961,35.148423 126.922595|35.148496 126.922767
13052447298,13052475509,17.58,0,9,43.961,35.148496 126.922767|35.148423 126.922595
13052447300,12820361019,42.25,4,9,42.248,35.148554 126.922720|35.148741 126.923125
12820361019,13052447300,42.25,4,9,42.248,35.148741 126.923125|35.148554 126.922720
13052447300,13052447299,9.00,2,7,8.995,35.148554 126.922720|35.148621 126.922665
13052447299,13052447300,9.00,2,7,8.995,35.148621 126.922665|35.148554 126.922720
13052447300,13052447298,7.71,0,10,19.285,35.148554 126.922720|35.148496 126.922767
13052447298,13052447300,7.71,0,10,19.285,35.148496 126.922767|35.148554 126.922720
12820361017,12820361018,133.35,4,15,133.361,35.148514 126.923251|35.148227 126.923556|35.147932 126.923142|35.148208 126.922840
12820361018,12820361017,133.35,4,15,133.361,35.148208 126.922840|35.147932 126.923142|35.148227 126.923556|35.148514 126.923251
12820361017,12820361020,8.93,4,7,8.929,35.148514 126.923251|35.148594 126.923256
12820361020,12820361017,8.93,4,7,8.929,35.148594 126.923256|35.148514 126.923251
12820361020,12820361021,19.26,4,9,19.260,35.148594 126.923256|35.148530 126.923453
12820361021,12820361020,19.26,4,9,19.260,35.148530 126.923453|35.148594 126.923256
12820361020,13052475508,13.15,4,8,13.148,35.148594 126.923256|35.148690 126.923170
13052475508,12820361020,13.15,4,8,13.148,35.148690 126.923170|35.148594 126.923256
12820361019,13052475508,7.06,4,7,7.059,35.148741 126.923125|35.148690 126.923170
13052475508,12820361019,7.06,4,7,7.059,35.148690 126.923170|35.148741 126.923125
13052475508,13052475518,19.48,4,10,19.480,35.148690 126.923170|35.148710 126.923213|35.148740 126.923278|35.148750 126.923308|35.148754 126.923349|35.148754 126.923366
13052475518,13052475508,19.48,4,10,19.480,35.148754 126.923366|35.148754 126.923349|35.148750 126.923308|35.148740 126.923278|35.148710 126.923213|35.148690 126.923170
13052475508,13052447298,42.52,4,13,42.516,35.148690 126.923170|35.148681 126.923152|35.148658 126.923104|35.148507 126.922791|35.148496 126.922767
13052447298,13052475508,42.52,4,13,42.516,35.148496 126.922767|35.148507 126.922791|35.148658 126.923104|35.148681 126.923152|35.148690 126.923170
12851177104,12851177104,167.54,0,0,670.152,35.139449 126.926934|35.139462 126.926847|35.139494 126.926688|35.139529 126.926547|35.139544 126.926507|35.139585 126.926418|35.139706 126.926204|35.139615 126.926154|35.139521 126.926298|35.139456 126.926427|35.139397 126.926595|35.139368 126.926717|35.139357 126.926806|35.139359 126.926841|35.139449 126.926934
13622108246,13622108227,84.04,0,0,336.175,35.141393 126.929001|35.141472 126.928911|35.141580 126.928706|35.141623 126.928569|35.141607 126.928524|35.141344 126.928380
13622108227,13622108246,84.04,0,0,336.175,35.141344 126.928380|35.141607 126.928524|35.141623 126.928569|35.141580 126.928706|35.141472 126.928911|35.141393 126.929001
12851177172,12851177171,57.97,0,0,231.870,35.138020 126.928943|35.137923 126.929176|35.137840 126.929124|35.137937 126.928891
12851177171,12851177172,57.97,0,0,231.870,35.137937 126.928891|35.137840 126.929124|35.137923 126.929176|35.138020 126.928943
12851177170,12851177171,15.10,0,0,60.403,35.137999 126.928743|35.137937 126.928891
12851177171,12851177170,15.10,0,0,60.403,35.137937 126.928891|35.137999 126.928743
12851177182,13550907735,28.02,0,0,112.071,35.137279 126.929247|35.137150 126.929168|35.137052 126.929115
13550907735,12851177182,28.02,0,0,112.071,35.137052 126.929115|35.137150 126.929168|35.137279 126.929247
12851177182,12851177186,15.13,0,0,60.506,35.137279 126.929247|35.137251 126.929281|35.137227 126.929298|35.137183 126.929362
12851177186,12851177182,15.13,0,0,60.506,35.137183 126.929362|35.137227 126.929298|35.137251 126.929281|35.137279 126.929247
13550907735,12851177201,20.08,0,0,80.315,35.137052 126.929115|35.136906 126.929246
12851177201,13550907735,20.08,0,0,80.315,35.136906 126.929246|35.137052 126.929115
13550907735,12851177212,30.18,0,0,120.738,35.137052 126.929115|35.137059 126.929109|35.137077 126.929084|35.137093 126.929054|35.137113 126.929022|35.137125 126.929012|35.137148 126.928999|35.137164 126.928993|35.137181 126.928993|35.137203 126.929000|35.137274 126.929034
12851177212,13550907735,30.18,0,0,120.738,35.137274 126.929034|35.137203 126.929000|35.137181 126.928993|35.137164 126.928993|35.137148 126.928999|35.137125 126.929012|35.137113 126.929022|35.137093 126.929054|35.137077 126.929084|35.137059 126.929109|35.137052 126.929115
13550907735,13550907678,122.45,0,0,489.781,35.137052 126.929115|35.136838 126.929001|35.136735 126.928948|35.136686 126.928920|35.136640 126.928879|35.136591 126.928827|35.136557 126.928756|35.136560 126.928562|35.136579 126.928475|35.136618 126.928392|35.136718 126.928177
13550907678,13550907735,122.45,0,0,489.781,35.136718 126.928177|35.136618 126.928392|35.136579 126.928475|35.136560 126.928562|35.136557 126.928756|35.136591 126.928827|35.136640 126.928879|35.136686 126.928920|35.136735 126.928948|35.136838 126.929001|35.137052 126.929115
12851177186,12851177197,7.81,0,0,31.227,35.137183 126.929362|35.137113 126.929361
12851177197,12851177186,7.81,0,0,31.227,35.137113 126.929361|35.137183 126.929362
12851177186,13550907704,180.28,0,0,721.129,35.137183 126.929362|35.137259 126.929455|35.137233 126.929553|35.137178 126.929651|35.137005 126.929843|35.136779 126.929894|35.136621 126.929867|35.136447 126.929811|35.136344 126.929662|35.136272 126.929485|35.136232 126.929235
13550907704,12851177186,180.28,0,0,721.129,35.136232 126.929235|35.136272 126.929485|35.136344 126.929662|35.136447 126.929811|35.136621 126.929867|35.136779 126.929894|35.137005 126.929843|35.137178 126.929651|35.137233 126.929553|35.137259 126.929455|35.137183 126.929362
12851177197,12851177201,25.26,0,0,101.030,35.137113 126.929361|35.136906 126.929246
12851177201,12851177197,25.26,0,0,101.030,35.136906 126.929246|35.137113 126.929361
12851177197,12851177198,16.60,0,0,66.415,35.137113 126.929361|35.137067 126.929467|35.137020 126.929490
12851177198,12851177197,16.60,0,0,66.415,35.137020 126.929490|35.137067 126.929467|35.137113 126.929361
12851177187,12851177201,43.53,0,0,174.127,35.136550 126.929047|35.136906 126.929246
12851177201,12851177187,43.53,0,0,174.127,35.136906 126.929246|35.136550 126.929047
12851177187,12851177199,16.54,0,0,66.162,35.136550 126.929047|35.136488 126.929213
12851177199,12851177187,16.54,0,0,66.162,35.136488 126.929213|35.136550 126.929047
12851177187,12851177188,6.13,0,0,24.516,35.136550 126.929047|35.136576 126.928988
12851177188,12851177187,6.13,0,0,24.516,35.136576 126.928988|35.136550 126.929047
12851177201,12851177202,17.13,0,0,68.516,35.136906 126.929246|35.136897 126.929254|35.136832 126.929410
12851177202,12851177201,17.13,0,0,68.516,35.136832 126.929410|35.136897 126.929254|35.136906 126.929246
12851177199,12851177202,42.30,0,0,169.206,35.136488 126.929213|35.136832 126.929410
12851177202,12851177199,42.30,0,0,169.206,35.136832 126.929410|35.136488 126.929213
12851177199,12851177200,51.28,0,0,205.129,35.136488 126.929213|35.136495 126.929262|35.136519 126.929404|35.136555 126.929462|35.136577 126.929495|35.136646 126.929543|35.136773 126.929552
12851177200,12851177199,51.28,0,0,205.129,35.136773 126.929552|35.136646 126.929543|35.136577 126.929495|35.136555 126.929462|35.136519 126.929404|35.136495 126.929262|35.136488 126.929213
12851177198,12851177200,28.11,0,0,112.458,35.137020 126.929490|35.136996 126.929505|35.136865 126.929541|35.136788 126.929553|35.136773 126.929552
12851177200,12851177198,28.11,0,0,112.458,35.136773 126.929552|35.136788 126.929553|35.136865 126.929541|35.136996 126.929505|35.137020 126.929490
12851177198,12851177202,22.04,0,0,88.164,35.137020 126.929490|35.136845 126.929418|35.136832 126.929410
12851177202,12851177198,22.04,0,0,88.164,35.136832 126.929410|35.136845 126.929418|35.137020 126.929490
12851177200,12851177202,14.47,0,0,57.890,35.136773 126.929552|35.136832 126.929410
12851177202,12851177200,14.47,0,0,57.890,35.136832 126.929410|35.136773 126.929552
12852795339,12852795341,18.91,0,0,75.643,35.137759 126.922069|35.137711 126.921990|35.137662 126.921899
12852795341,12852795339,18.91,0,0,75.643,35.137662 126.921899|35.137711 126.921990|35.137759 126.922069
12852795339,12852795351,52.05,0,0,208.184,35.137759 126.922069|35.137578 126.922211|35.137384 126.922372|35.137368 126.922384
12852795351,12852795339,52.05,0,0,208.184,35.137368 126.922384|35.137384 126.922372|35.137578 126.922211|35.137759 126.922069
12852795351,12852795352,10.05,0,0,40.184,35.137368 126.922384|35.137417 126.922477
12852795352,12852795351,10.05,0,0,40.184,35.137417 126.922477|35.137368 126.922384
12852795351,12852795385,78.83,0,0,315.316,35.137368 126.922384|35.136926 126.922733|35.136840 126.922799|35.136796 126.922821|35.136763 126.922828
12852795385,12852795351,78.83,0,0,315.316,35.136763 126.922828|35.136796 126.922821|35.136840 126.922799|35.136926 126.922733|35.137368 126.922384
12852795352,12852795415,28.93,0,0,115.737,35.137417 126.922477|35.137400 126.922487|35.137384 126.922519|35.137382 126.922554|35.137385 126.922590|35.137386 126.922635|35.137382 126.922676|35.137372 126.922734|35.137364 126.922773
12852795415,12852795352,28.93,0,0,115.737,35.137364 126.922773|35.137372 126.922734|35.137382 126.922676|35.137386 126.922635|35.137385 126.922590|35.137382 126.922554|35.137384 126.922519|35.137400 126.922487|35.137417 126.922477
12852795352,12852795399,84.49,0,0,337.972,35.137417 126.922477|35.137484 126.922477|35.137532 126.922485|35.137563 126.922494|35.137582 126.922504|35.137609 126.922527|35.137637 126.922574|35.137648 126.922613|35.137654 126.922653|35.137662 126.922827|35.137671 126.923197
12852795399,12852795352,84.49,0,0,337.972,35.137671 126.923197|35.137662 126.922827|35.137654 126.922653|35.137648 126.922613|35.137637 126.922574|35.137609 126.922527|35.137582 126.922504|35.137563 126.922494|35.137532 126.922485|35.137484 126.922477|35.137417 126.922477
12852795385,12852795398,23.15,0,0,92.611,35.136763 126.922828|35.136741 126.922832|35.136705 126.922850|35.136682 126.922870|35.136563 126.922865
12852795398,12852795385,23.15,0,0,92.611,35.136563 126.922865|35.136682 126.922870|35.136705 126.922850|35.136741 126.922832|35.136763 126.922828
12852795385,12852795397,49.50,0,0,197.985,35.136763 126.922828|35.136715 126.922740|35.136689 126.922702|35.136667 126.922663|35.136656 126.922625|35.136657 126.922580|35.136659 126.922540|35.136655 126.922514|35.136647 126.922487|35.136634 126.922457|35.136609 126.922418|35.136581 126.922394|35.136558 126.922371
12852795397,12852795385,49.50,0,0,197.985,35.136558 126.922371|35.136581 126.922394|35.136609 126.922418|35.136634 126.922457|35.136647 126.922487|35.136655 126.922514|35.136659 126.922540|35.136657 126.922580|35.136656 126.922625|35.136667 126.922663|35.136689 126.922702|35.136715 126.922740|35.136763 126.922828
12852795385,12852795376,56.93,0,0,227.705,35.136763 126.922828|35.136825 126.922950|35.137044 126.923351
12852795376,12852795385,56.93,0,0,227.705,35.137044 126.923351|35.136825 126.922950|35.136763 126.922828
12852795399,12852795362,41.70,0,0,166.799,35.137671 126.923197|35.137739 126.923137|35.137764 126.923123|35.137792 126.923115|35.137819 126.923113|35.137867 126.923114|35.137886 126.923117|35.138024 126.923150
12852795362,12852795399,41.70,0,0,166.799,35.138024 126.923150|35.137886 126.923117|35.137867 126.923114|35.137819 126.923113|35.137792 126.923115|35.137764 126.923123|35.137739 126.923137|35.137671 126.923197
12852795399,12852795371,89.69,0,0,358.762,35.137671 126.923197|35.137598 126.923260|35.137490 126.923359|35.137447 126.923395|35.137433 126.923418|35.137389 126.923697|35.137272 126.923810|35.137147 126.923802
12852795371,12852795399,89.69,0,0,358.762,35.137147 126.923802|35.137272 126.923810|35.137389 126.923697|35.137433 126.923418|35.137447 126.923395|35.137490 126.923359|35.137598 126.923260|35.137671 126.923197
12852795362,12852795363,51.14,0,0,204.561,35.138024 126.923150|35.137989 126.923589|35.137978 126.923665|35.137966 126.923707
12852795363,12852795362,51.14,0,0,204.561,35.137966 126.923707|35.137978 126.923665|35.137989 126.923589|35.138024 126.923150
12852795371,12852795376,43.86,0,0,175.442,35.137147 126.923802|35.137154 126.923754|35.137155 126.923695|35.137142 126.923602|35.137125 126.923529|35.137089 126.923435|35.137044 126.923351
12852795376,12852795371,43.86,0,0,175.442,35.137044 126.923351|35.137089 126.923435|35.137125 126.923529|35.137142 126.923602|35.137155 126.923695|35.137154 126.923754|35.137147 126.923802
12852795371,12852795377,22.31,0,0,89.233,35.137147 126.923802|35.137111 126.923942|35.137094 126.924038
12852795377,12852795371,22.31,0,0,89.233,35.137094 126.924038|35.137111 126.923942|35.137147 126.923802
12852795423,12852795430,21.68,0,0,86.718,35.136690 126.922078|35.136787 126.922285
12852795430,12852795423,21.68,0,0,86.718,35.136787 126.922285|35.136690 126.922078
13052475507,12872460840,52.55,0,5,131.379,35.148252 126.924051|35.147925 126.923634
12872460840,13052475507,52.55,0,5,131.379,35.147925 126.923634|35.148252 126.924051
13052475507,13052475518,84.09,4,15,84.091,35.148252 126.924051|35.148295 126.923992|35.148314 126.923985|35.148332 126.923966|35.148745 126.923388|35.148754 126.923366
13052475518,13052475507,84.09,4,15,84.091,35.148754 126.923366|35.148745 126.923388|35.148332 126.923966|35.148314 126.923985|35.148295 126.923992|35.148252 126.924051
12881290402,12881290402,61.80,2,12,61.805,35.148508 126.932795|35.148603 126.932845|35.148535 126.933042|35.148440 126.932992|35.148508 126.932795
13050595951,13056485350,86.53,0,2,229.194,35.145815 126.921585|35.145472 126.920731
13056485350,13050595951,86.53,0,2,229.194,35.145472 126.920731|35.145815 126.921585
13050595951,13050595968,12.54,0,0,50.149,35.145815 126.921585|35.145878 126.921668|35.145895 126.921682
13050595968,13050595951,12.54,0,0,50.149,35.145895 126.921682|35.145878 126.921668|35.145815 126.921585
13056485350,13050595964,53.18,0,1,145.126,35.145472 126.920731|35.145260 126.920207
13050595964,13056485350,53.18,0,1,145.126,35.145260 126.920207|35.145472 126.920731
13050595968,13050595969,23.65,0,0,94.618,35.145895 126.921682|35.145988 126.921448
13050595969,13050595968,23.65,0,0,94.618,35.145988 126.921448|35.145895 126.921682
13050595968,13052447279,10.28,0,1,25.695,35.145895 126.921682|35.145949 126.921726|35.145976 126.921732
13052447279,13050595968,10.28,0,1,25.695,35.145976 126.921732|35.145949 126.921726|35.145895 126.921682
13050595956,13056485302,96.36,0,0,385.429,35.148161 126.921747|35.147294 126.921735
13056485302,13050595956,96.36,0,0,385.429,35.147294 126.921735|35.148161 126.921747
13050595956,13050595973,14.91,0,0,59.657,35.148161 126.921747|35.148264 126.921750|35.148270 126.921712
13050595973,13050595956,14.91,0,0,59.657,35.148270 126.921712|35.148264 126.921750|35.148161 126.921747
13056485302,13052447279,146.76,0,2,423.259,35.147294 126.921735|35.147155 126.921746|35.146086 126.921750|35.146016 126.921742|35.145976 126.921732
13052447279,13056485302,146.76,0,2,423.259,35.145976 126.921732|35.146016 126.921742|35.146086 126.921750|35.147155 126.921746|35.147294 126.921735
13050595973,13050595957,4.43,0,0,17.712,35.148270 126.921712|35.148277 126.921664
13050595957,13050595973,4.43,0,0,17.712,35.148277 126.921664|35.148270 126.921712
13050595973,13052447265,16.07,0,0,64.267,35.148270 126.921712|35.148412 126.921741
13052447265,13050595973,16.07,0,0,64.267,35.148412 126.921741|35.148270 126.921712
13050595969,13050595970,3.77,0,0,15.078,35.145988 126.921448|35.145973 126.921410
13050595970,13050595969,3.77,0,0,15.078,35.145973 126.921410|35.145988 126.921448
13050595969,13050595971,7.89,0,0,31.575,35.145988 126.921448|35.146051 126.921408
13050595971,13050595969,7.89,0,0,31.575,35.146051 126.921408|35.145988 126.921448
13052447265,13052447269,4.30,0,0,17.195,35.148412 126.921741|35.148407 126.921787
13052447269,13052447265,4.30,0,0,17.195,35.148407 126.921787|35.148412 126.921741
13052447256,13052447271,0.61,0,2,1.531,35.148381 126.922045|35.148377 126.922050
13052447271,13052447256,0.61,0,2,1.531,35.148377 126.922050|35.148381 126.922045
13052447256,13052475513,11.06,0,2,27.658,35.148381 126.922045|35.148383 126.922018|35.148393 126.921924
13052475513,13052447256,11.06,0,2,27.658,35.148393 126.921924|35.148383 126.922018|35.148381 126.922045
13052447271,13052447266,0.79,0,2,1.971,35.148377 126.922050|35.148373 126.922057
13052447266,13052447271,0.79,0,2,1.971,35.148373 126.922057|35.148377 126.922050
13052475513,13052447269,12.52,0,0,50.084,35.148393 126.921924|35.148407 126.921787
13052447269,13052475513,12.52,0,0,50.084,35.148407 126.921787|35.148393 126.921924
13052447262,13052447299,57.58,6,12,57.583,35.148887 126.923195|35.148878 126.923196|35.148865 126.923191|35.148858 126.923183|35.148621 126.922665
13052447299,13052447262,57.58,6,12,57.583,35.148621 126.922665|35.148858 126.923183|35.148865 126.923191|35.148878 126.923196|35.148887 126.923195
13052447299,13052447266,62.92,2,11,62.918,35.148621 126.922665|35.148374 126.922122|35.148363 126.922092|35.148368 126.922064|35.148373 126.922057
13052447266,13052447299,62.92,2,11,62.918,35.148373 126.922057|35.148368 126.922064|35.148363 126.922092|35.148374 126.922122|35.148621 126.922665
13052447267,13052447268,0.48,0,5,1.210,35.148178 126.922035|35.148181 126.922032
13052447268,13052447267,0.48,0,5,1.210,35.148181 126.922032|35.148178 126.922035
13052447267,13056485303,101.32,0,9,253.332,35.148178 126.922035|35.148169 126.922025|35.148156 126.922019|35.148123 126.922015|35.147270 126.922018
13056485303,13052447267,101.32,0,9,253.332,35.147270 126.922018|35.148123 126.922015|35.148156 126.922019|35.148169 126.922025|35.148178 126.922035
13052447268,13052447270,1.31,0,5,3.285,35.148181 126.922032|35.148180 126.922018
13052447270,13052447268,1.31,0,5,3.285,35.148180 126.922018|35.148181 126.922032
13052447280,13056485332,16.30,0,2,40.752,35.145976 126.922027|35.145947 126.922027|35.145910 126.922053|35.145901 126.922089|35.145902 126.922109|35.145907 126.922123|35.145915 126.922133|35.145918 126.922137
13056485332,13052447280,16.30,0,2,40.752,35.145918 126.922137|35.145915 126.922133|35.145907 126.922123|35.145902 126.922109|35.145901 126.922089|35.145910 126.922053|35.145947 126.922027|35.145976 126.922027
13056485315,13056485349,72.76,0,2,188.892,35.145513 126.921569|35.145523 126.921561|35.145539 126.921522|35.145539 126.921488|35.145284 126.920852
13056485349,13056485315,72.76,0,2,188.892,35.145284 126.920852|35.145539 126.921488|35.145539 126.921522|35.145523 126.921561|35.145513 126.921569
13056485333,13056485345,18.35,0,3,45.875,35.145845 126.922251|35.145799 126.922212|35.145764 126.922189|35.145739 126.922184|35.145716 126.922205|35.145707 126.922220
13056485345,13056485333,18.35,0,3,45.875,35.145707 126.922220|35.145716 126.922205|35.145739 126.922184|35.145764 126.922189|35.145799 126.922212|35.145845 126.922251
13056485341,13056485342,22.31,0,2,55.771,35.145512 126.921928|35.145534 126.921937|35.145566 126.921968|35.145585 126.922024|35.145577 126.922076|35.145558 126.922123
13056485342,13056485341,22.31,0,2,55.771,35.145558 126.922123|35.145577 126.922076|35.145585 126.922024|35.145566 126.921968|35.145534 126.921937|35.145512 126.921928
13074248482,13074248484,58.52,13,9,58.524,35.145756 126.916497|35.145333 126.916879
13074248484,13074248482,58.52,13,9,58.524,35.145333 126.916879|35.145756 126.916497
13074276909,13074276913,28.24,6,9,28.238,35.145319 126.918039|35.145385 126.918339
13074276913,13074276909,28.24,6,9,28.238,35.145385 126.918339|35.145319 126.918039
13089335735,13089335737,24.47,3,4,24.474,35.144979 126.924730|35.144781 126.924610
13089335737,13089335735,24.47,3,4,24.474,35.144781 126.924610|35.144979 126.924730
13089335738,13089335739,24.77,0,4,61.928,35.144734 126.924728|35.144932 126.924854
13089335739,13089335738,24.77,0,4,61.928,35.144932 126.924854|35.144734 126.924728
13105994956,13105994959,65.88,0,0,263.528,35.133831 126.921717|35.133626 126.921880|35.133682 126.921987|35.133887 126.921826
13105994959,13105994956,65.88,0,0,263.528,35.133887 126.921826|35.133682 126.921987|35.133626 126.921880|35.133831 126.921717
13105994955,13105994959,8.57,0,0,34.273,35.133928 126.921905|35.133887 126.921826
13105994959,13105994955,8.57,0,0,34.273,35.133887 126.921826|35.133928 126.921905
13622042736,13622042737,13.35,0,0,53.396,35.143394 126.932169|35.143386 126.932260|35.143352 126.932296
13622042737,13622042736,13.35,0,0,53.396,35.143352 126.932296|35.143386 126.932260|35.143394 126.932169
13622042850,13622042853,25.79,0,0,103.171,35.139379 126.929903|35.139439 126.929629
13622042853,13622042850,25.79,0,0,103.171,35.139439 126.929629|35.139379 126.929903
13622042853,13622042854,12.30,0,0,49.199,35.139439 126.929629|35.139467 126.929499
13622042854,13622042853,12.30,0,0,49.199,35.139467 126.929499|35.139439 126.929629
13622042953,13622042961,11.37,0,0,45.481,35.141060 126.930596|35.140957 126.930600
13622042961,13622042953,11.37,0,0,45.481,35.140957 126.930600|35.141060 126.930596
13622042953,13622042954,12.29,0,0,49.157,35.141060 126.930596|35.141072 126.930730
13622042954,13622042953,12.29,0,0,49.157,35.141072 126.930730|35.141060 126.930596
13622042961,13622042960,12.69,0,0,50.762,35.140957 126.930600|35.140974 126.930738
13622042960,13622042961,12.69,0,0,50.762,35.140974 126.930738|35.140957 126.930600
13622042954,13622042960,10.93,0,0,43.727,35.141072 126.930730|35.140974 126.930738
13622042960,13622042954,10.93,0,0,43.727,35.140974 126.930738|35.141072 126.930730
13622042954,13622042955,12.67,0,0,50.695,35.141072 126.930730|35.141085 126.930868
13622042955,13622042954,12.67,0,0,50.695,35.141085 126.930868|35.141072 126.930730
13622042960,13622042959,13.53,0,0,54.109,35.140974 126.930738|35.141024 126.930873
13622042959,13622042960,13.53,0,0,54.109,35.141024 126.930873|35.140974 126.930738
13622042955,13622042959,90.27,0,0,361.067,35.141085 126.930868|35.141129 126.931346|35.141069 126.931257|35.141025 126.931125|35.141010 126.931001|35.141024 126.930873
13622042959,13622042955,90.27,0,0,361.067,35.141024 126.930873|35.141010 126.931001|35.141025 126.931125|35.141069 126.931257|35.141129 126.931346|35.141085 126.930868
13622091996,13622091992,24.10,0,0,96.407,35.142208 126.927165|35.142210 126.927136|35.142212 126.927104|35.142221 126.926972|35.142224 126.926925|35.142226 126.926901
13622091992,13622091996,24.10,0,0,96.407,35.142226 126.926901|35.142224 126.926925|35.142221 126.926972|35.142212 126.927104|35.142210 126.927136|35.142208 126.927165
13622091989,13622091939,59.22,0,0,236.884,35.141963 126.926879|35.141933 126.926916|35.141882 126.926947|35.141773 126.926973|35.141632 126.926967|35.141460 126.926898
13622091939,13622091989,59.22,0,0,236.884,35.141460 126.926898|35.141632 126.926967|35.141773 126.926973|35.141882 126.926947|35.141933 126.926916|35.141963 126.926879
13622091939,13622091952,5.35,0,0,21.411,35.141460 126.926898|35.141414 126.926879
13622091952,13622091939,5.35,0,0,21.411,35.141414 126.926879|35.141460 126.926898
13622108220,13622108237,6.74,0,0,26.970,35.140569 126.928852|35.140544 126.928919
13622108237,13622108220,6.74,0,0,26.970,35.140544 126.928919|35.140569 126.928852
13622108278,13622121519,11.56,0,0,46.241,35.142394 126.929255|35.142497 126.929243
13622121519,13622108278,11.56,0,0,46.241,35.142497 126.929243|35.142394 126.929255
13622108278,13622108282,21.78,0,0,87.119,35.142394 126.929255|35.142388 126.929221|35.142356 126.929175|35.142311 126.929155|35.142240 126.929158
13622108282,13622108278,21.78,0,0,87.119,35.142240 126.929158|35.142311 126.929155|35.142356 126.929175|35.142388 126.929221|35.142394 126.929255
13622127974,13622127976,5.59,0,0,22.348,35.138970 126.932019|35.138965 126.931958
13622127976,13622127974,5.59,0,0,22.348,35.138965 126.931958|35.138970 126.932019
13622127976,13622127975,23.72,0,0,94.888,35.138965 126.931958|35.138942 126.931699
13622127975,13622127976,23.72,0,0,94.888,35.138942 126.931699|35.138965 126.931958
13903377555,13903377566,36.25,0,0,144.991,35.131804 126.923390|35.131840 126.923458|35.131907 126.923577|35.131954 126.923642|35.131992 126.923677|35.132011 126.923693
13903377566,13903377555,36.25,0,0,144.991,35.132011 126.923693|35.131992 126.923677|35.131954 126.923642|35.131907 126.923577|35.131840 126.923458|35.131804 126.923390
13903377555,13903377602,81.00,0,0,324.019,35.131804 126.923390|35.131890 126.923317|35.131931 126.923270|35.131955 126.923244|35.131983 126.923221|35.132032 126.923190|35.132070 126.923176|35.132115 126.923168|35.132171 126.923168|35.132218 126.923170|35.132279 126.923180|35.132322 126.923197|35.132364 126.923222|35.132396 126.923254|35.132429 126.923294|35.132439 126.923310
13903377602,13903377555,81.00,0,0,324.019,35.132439 126.923310|35.132429 126.923294|35.132396 126.923254|35.132364 126.923222|35.132322 126.923197|35.132279 126.923180|35.132218 126.923170|35.132171 126.923168|35.132115 126.923168|35.132070 126.923176|35.132032 126.923190|35.131983 126.923221|35.131955 126.923244|35.131931 126.923270|35.131890 126.923317|35.131804 126.923390
13903377566,13903377572,32.34,0,0,129.374,35.132011 126.923693|35.132024 126.923705|35.132049 126.923718|35.132078 126.923722|35.132128 126.923722|35.132170 126.923718|35.132196 126.923709|35.132235 126.923692|35.132275 126.923670|35.132287 126.923663
13903377572,13903377566,32.34,0,0,129.374,35.132287 126.923663|35.132275 126.923670|35.132235 126.923692|35.132196 126.923709|35.132170 126.923718|35.132128 126.923722|35.132078 126.923722|35.132049 126.923718|35.132024 126.923705|35.132011 126.923693
13903377602,13903377601,21.81,0,0,87.242,35.132439 126.923310|35.132475 126.923366|35.132506 126.923428|35.132542 126.923513
13903377601,13903377602,21.81,0,0,87.242,35.132542 126.923513|35.132506 126.923428|35.132475 126.923366|35.132439 126.923310
13903377572,13903377601,31.44,0,0,125.751,35.132287 126.923663|35.132542 126.923513
13903377601,13903377572,31.44,0,0,125.751,35.132542 126.923513|35.132287 126.923663
13903377572,13903377573,53.97,0,0,215.892,35.132287 126.923663|35.132258 126.924255
13903377573,13903377572,53.97,0,0,215.892,35.132258 126.924255|35.132287 126.923663
13903377571,13903377573,10.97,0,0,43.880,35.132251 126.924376|35.132258 126.924255
13903377573,13903377571,10.97,0,0,43.880,35.132258 126.924255|35.132251 126.924376
13903377573,13903377574,14.86,0,0,59.436,35.132258 126.924255|35.132391 126.924262
13903377574,13903377573,14.86,0,0,59.436,35.132391 126.924262|35.132258 126.924255
13903377601,13903377576,30.18,0,0,120.700,35.132542 126.923513|35.132640 126.923456|35.132723 126.923403|35.132767 126.923371|35.132782 126.923359
13903377576,13903377601,30.18,0,0,120.700,35.132782 126.923359|35.132767 126.923371|35.132723 126.923403|35.132640 126.923456|35.132542 126.923513
13903377575,13903377576,34.99,0,0,139.958,35.132752 126.923742|35.132782 126.923359
13903377576,13903377575,34.99,0,0,139.958,35.132782 126.923359|35.132752 126.923742
13903377584,13903377584,81.42,0,0,325.683,35.135071 126.919166|35.134906 126.919216|35.134859 126.918983|35.135023 126.918933|35.135071 126.919166
13917435203,13917435204,14.94,4,7,14.942,35.132765 126.934220|35.132874 126.934316
13917435204,13917435203,14.94,4,7,14.942,35.132874 126.934316|35.132765 126.934220
13917435224,13917435226,20.67,0,0,82.692,35.131756 126.930528|35.131692 126.930315
13917435226,13917435224,20.67,0,0,82.692,35.131692 126.930315|35.131756 126.930528
13917435224,13917435223,21.64,0,0,86.573,35.131756 126.930528|35.131940 126.930447
13917435223,13917435224,21.64,0,0,86.573,35.131940 126.930447|35.131756 126.930528
13917435226,13917435225,21.56,0,0,86.256,35.131692 126.930315|35.131875 126.930234
13917435225,13917435226,21.56,0,0,86.256,35.131875 126.930234|35.131692 126.930315
13917435248,13917435251,8.17,0,0,32.689,35.134773 126.924953|35.134729 126.924881
13917435251,13917435248,8.17,0,0,32.689,35.134729 126.924881|35.134773 126.924953
13917435251,13917435257,56.68,0,0,226.708,35.134729 126.924881|35.134422 126.924383
13917435257,13917435251,56.68,0,0,226.708,35.134422 126.924383|35.134729 126.924881
13917435251,13917435252,39.51,0,0,158.046,35.134729 126.924881|35.135012 126.924618
13917435252,13917435251,39.51,0,0,158.046,35.135012 126.924618|35.134729 126.924881
13917435257,13917435256,42.20,0,0,168.799,35.134422 126.924383|35.134732 126.924116
13917435256,13917435257,42.20,0,0,168.799,35.134732 126.924116|35.134422 126.924383
13917435260,13917435260,87.28,5,2,100.522,35.135778 126.927182|35.135865 126.927339|35.135667 126.927501|35.135581 126.927344|35.135778 126.927182
